{"texture_size":[32,32],"textures":{"0":"wynn/spell/mask_fanatic","1":"wynn/spell/mask_fanatic_a","particle":"wynn/spell/mask_fanatic"},"elements":[{"from":[1.8,3.8,6.8],"to":[14.2,18.2,9.2],"rotation":{"angle":22.5,"axis":"x","origin":[8,11,8]},"faces":{"north":{"uv":[1,1,7,8],"texture":"#0"},"east":{"uv":[0,1,1,8],"texture":"#0"},"south":{"uv":[8,1,14,8],"texture":"#0"},"west":{"uv":[7,1,8,8],"texture":"#0"},"up":{"uv":[7,1,1,0],"texture":"#0"}}},{"from":[14.2,3.8,6.8],"to":[1.8,18.2,9.2],"rotation":{"angle":22.5,"axis":"x","origin":[8,11,8]},"faces":{"north":{"uv":[7,1,1,8],"texture":"#0"},"east":{"uv":[0,1,1,8],"texture":"#0"},"south":{"uv":[14,1,8,8],"texture":"#0"},"west":{"uv":[7,1,8,8],"texture":"#0"},"up":{"uv":[7,1,1,0],"texture":"#0"}}},{"from":[0,3,10],"to":[16,19,10.01],"rotation":{"angle":22.5,"axis":"x","origin":[8,11,8]},"faces":{"north":{"uv":[0,0,16,16],"texture":"#1"},"south":{"uv":[0,0,16,16],"texture":"#1"}}},{"from":[5.5,13,9],"to":[10.5,24,9.01],"rotation":{"angle":22.5,"axis":"x","origin":[8,13,10]},"faces":{"north":{"uv":[7,10,9.5,15.5],"texture":"#0"},"east":{"uv":[7,10,7,15.5],"texture":"#0"},"south":{"uv":[9.5,10,12,15.5],"texture":"#0"},"west":{"uv":[9.5,10,9.5,15.5],"texture":"#0"},"up":{"uv":[9.5,10,7,10],"texture":"#0"},"down":{"uv":[12,10,9.5,10],"texture":"#0"}}},{"from":[4.5,14,9.5],"to":[7.5,22,9.51],"rotation":{"angle":22.5,"axis":"z","origin":[11,13,10.5]},"faces":{"north":{"uv":[12,10,13.5,14],"texture":"#0"},"east":{"uv":[12,10,12,14],"texture":"#0"},"south":{"uv":[13.5,10,15,14],"texture":"#0"},"west":{"uv":[13.5,10,13.5,14],"texture":"#0"},"up":{"uv":[13.5,10,12,10],"texture":"#0"},"down":{"uv":[15,10,13.5,10],"texture":"#0"}}},{"from":[8.5,14,9.5],"to":[11.5,22,9.51],"rotation":{"angle":-22.5,"axis":"z","origin":[5,13,10.5]},"faces":{"north":{"uv":[12,10,13.5,14],"texture":"#0"},"east":{"uv":[12,10,12,14],"texture":"#0"},"south":{"uv":[13.5,10,15,14],"texture":"#0"},"west":{"uv":[13.5,10,13.5,14],"texture":"#0"},"up":{"uv":[13.5,10,12,10],"texture":"#0"},"down":{"uv":[15,10,13.5,10],"texture":"#0"}}},{"from":[7,-1,6.5],"to":[9,4,8.5],"rotation":{"angle":22.5,"axis":"x","origin":[8,11,8]},"faces":{"north":{"uv":[4,9,5,11.5],"texture":"#0"},"east":{"uv":[3,9,4,11.5],"texture":"#0"},"south":{"uv":[6,9,7,11.5],"texture":"#0"},"west":{"uv":[5,9,6,11.5],"texture":"#0"},"up":{"uv":[5,9,4,8],"texture":"#0"},"down":{"uv":[6,8,5,9],"texture":"#0"}}},{"from":[5,3,7],"to":[7,5,9],"rotation":{"angle":22.5,"axis":"x","origin":[8,11,8]},"faces":{"north":{"uv":[8,9,9,10],"texture":"#0"},"east":{"uv":[7,9,8,10],"texture":"#0"},"south":{"uv":[10,9,11,10],"texture":"#0"},"west":{"uv":[9,9,10,10],"texture":"#0"},"up":{"uv":[9,9,8,8],"texture":"#0"},"down":{"uv":[10,8,9,9],"texture":"#0"}}},{"from":[9,3,7],"to":[11,5,9],"shade":false,"rotation":{"angle":22.5,"axis":"x","origin":[8,11,8]},"faces":{"north":{"uv":[9,9,8,10],"texture":"#0"},"east":{"uv":[10,9,9,10],"texture":"#0"},"south":{"uv":[11,9,10,10],"texture":"#0"},"west":{"uv":[8,9,7,10],"texture":"#0"},"up":{"uv":[8,9,9,8],"texture":"#0"},"down":{"uv":[9,8,10,9],"texture":"#0"}}},{"from":[3,5,7],"to":[6,7,9],"rotation":{"angle":22.5,"axis":"x","origin":[8,11,8]},"faces":{"north":{"uv":[12,9,13.5,10],"texture":"#0"},"east":{"uv":[11,9,12,10],"texture":"#0"},"south":{"uv":[14.5,9,16,10],"texture":"#0"},"west":{"uv":[13.5,9,14.5,10],"texture":"#0"},"up":{"uv":[13.5,9,12,8],"texture":"#0"},"down":{"uv":[15,8,13.5,9],"texture":"#0"}}},{"from":[10,5,7],"to":[13,7,9],"shade":false,"rotation":{"angle":22.5,"axis":"x","origin":[8,11,8]},"faces":{"north":{"uv":[13.5,9,12,10],"texture":"#0"},"east":{"uv":[14.5,9,13.5,10],"texture":"#0"},"south":{"uv":[16,9,14.5,10],"texture":"#0"},"west":{"uv":[12,9,11,10],"texture":"#0"},"up":{"uv":[12,9,13.5,8],"texture":"#0"},"down":{"uv":[13.5,8,15,9],"texture":"#0"}}}],"display":{"gui":{"rotation":[-180,30,-180],"translation":[0,-2,0],"scale":[0.65,0.65,0.65]},"head":{"rotation":[-14,0,0],"translation":[0,-4,-6],"scale":[0.85,0.85,0.85]}}}