{"texture_size":[32,32],"textures":{"0":"wynn/spell/mask_coward","1":"wynn/spell/mask_coward_a","particle":"wynn/spell/mask_coward"},"elements":[{"from":[0.8,3.8,6.8],"to":[15.2,16.2,9.2],"rotation":{"angle":22.5,"axis":"x","origin":[8,10,8]},"faces":{"north":{"uv":[1,1,8,7],"texture":"#0"},"east":{"uv":[0,1,1,7],"texture":"#0"},"south":{"uv":[9,1,16,7],"texture":"#0"},"west":{"uv":[8,1,9,7],"texture":"#0"},"up":{"uv":[8,1,1,0],"texture":"#0"},"down":{"uv":[15,0,8,1],"texture":"#0"}}},{"from":[15.3,3.8,6.8],"to":[0.9,16.2,9.2],"rotation":{"angle":22.5,"axis":"x","origin":[8,10,8]},"faces":{"north":{"uv":[1,1,8,7],"texture":"#0"},"east":{"uv":[0,1,1,7],"texture":"#0"},"south":{"uv":[9,1,16,7],"texture":"#0"},"west":{"uv":[8,1,9,7],"texture":"#0"},"up":{"uv":[8,1,1,0],"texture":"#0"},"down":{"uv":[15,0,8,1],"texture":"#0"}}},{"from":[4,19,9],"to":[5,20,12],"rotation":{"angle":22.5,"axis":"z","origin":[5,14,9]},"faces":{"north":{"uv":[6.5,13,7,13.5],"texture":"#0"},"east":{"uv":[5,13,6.5,13.5],"texture":"#0"},"south":{"uv":[8.5,13,9,13.5],"texture":"#0"},"west":{"uv":[7,13,8.5,13.5],"texture":"#0"},"up":{"uv":[7,13,6.5,11.5],"texture":"#0"},"down":{"uv":[7.5,11.5,7,13],"texture":"#0"}}},{"from":[5,16,9],"to":[7,20,12],"rotation":{"angle":22.5,"axis":"z","origin":[5,14,9]},"faces":{"north":{"uv":[1.5,12.5,2.5,14.5],"texture":"#0"},"east":{"uv":[0,12.5,1.5,14.5],"texture":"#0"},"south":{"uv":[4,12.5,5,14.5],"texture":"#0"},"west":{"uv":[2.5,12.5,4,14.5],"texture":"#0"},"up":{"uv":[2.5,12.5,1.5,11],"texture":"#0"},"down":{"uv":[3.5,11,2.5,12.5],"texture":"#0"}}},{"from":[2,13,9],"to":[5,18,12],"rotation":{"angle":22.5,"axis":"z","origin":[5,14,9]},"faces":{"north":{"uv":[1.5,8.5,3,11],"texture":"#0"},"east":{"uv":[0,8.5,1.5,11],"texture":"#0"},"south":{"uv":[4.5,8.5,6,11],"texture":"#0"},"west":{"uv":[3,8.5,4.5,11],"texture":"#0"},"up":{"uv":[3,8.5,1.5,7],"texture":"#0"},"down":{"uv":[4.5,7,3,8.5],"texture":"#0"}}},{"from":[11,19,9],"to":[12,20,12],"rotation":{"angle":-22.5,"axis":"z","origin":[11,14,9]},"faces":{"north":{"uv":[6.5,13,7,13.5],"texture":"#0"},"east":{"uv":[5,13,6.5,13.5],"texture":"#0"},"south":{"uv":[8.5,13,9,13.5],"texture":"#0"},"west":{"uv":[7,13,8.5,13.5],"texture":"#0"},"up":{"uv":[7,13,6.5,11.5],"texture":"#0"},"down":{"uv":[7.5,11.5,7,13],"texture":"#0"}}},{"from":[9,16,9],"to":[11,20,12],"shade":false,"rotation":{"angle":-22.5,"axis":"z","origin":[11,14,9]},"faces":{"north":{"uv":[2.5,12.5,1.5,14.5],"texture":"#0"},"east":{"uv":[4,12.5,2.5,14.5],"texture":"#0"},"south":{"uv":[5,12.5,4,14.5],"texture":"#0"},"west":{"uv":[1.5,12.5,0,14.5],"texture":"#0"},"up":{"uv":[1.5,12.5,2.5,11],"texture":"#0"},"down":{"uv":[2.5,11,3.5,12.5],"texture":"#0"}}},{"from":[11,13,9],"to":[14,18,12],"shade":false,"rotation":{"angle":-22.5,"axis":"z","origin":[11,14,9]},"faces":{"north":{"uv":[3,8.5,1.5,11],"texture":"#0"},"east":{"uv":[4.5,8.5,3,11],"texture":"#0"},"south":{"uv":[6,8.5,4.5,11],"texture":"#0"},"west":{"uv":[1.5,8.5,0,11],"texture":"#0"},"up":{"uv":[1.5,8.5,3,7],"texture":"#0"},"down":{"uv":[3,7,4.5,8.5],"texture":"#0"}}},{"from":[11.4,2.9,5.9],"to":[15.6,7.1,11.1],"shade":false,"rotation":{"angle":22.5,"axis":"z","origin":[13.5,5,8.5]},"faces":{"north":{"uv":[11.5,9.5,9.5,11.5],"texture":"#0"},"east":{"uv":[14,9.5,11.5,11.5],"texture":"#0"},"south":{"uv":[16,9.5,14,11.5],"texture":"#0"},"west":{"uv":[9.5,9.5,7,11.5],"texture":"#0"},"up":{"uv":[9.5,9.5,11.5,7],"texture":"#0"},"down":{"uv":[11.5,7,13.5,9.5],"texture":"#0"}}},{"from":[11.5,3,6],"to":[15.5,7,11],"shade":false,"rotation":{"angle":22.5,"axis":"z","origin":[13.5,5,8.5]},"faces":{"north":{"uv":[0,1,1,0],"texture":"#1"},"east":{"uv":[0,1,1,0],"texture":"#1"},"south":{"uv":[0,1,1,0],"texture":"#1"},"west":{"uv":[0,1,1,0],"texture":"#1"},"up":{"uv":[0,1,1,0],"texture":"#1"},"down":{"uv":[0,1,1,0],"texture":"#1"}}},{"from":[0.4,2.9,5.9],"to":[4.6,7.1,11.1],"rotation":{"angle":-22.5,"axis":"z","origin":[2.5,5,8.5]},"faces":{"north":{"uv":[9.5,9.5,11.5,11.5],"texture":"#0"},"east":{"uv":[7,9.5,9.5,11.5],"texture":"#0"},"south":{"uv":[14,9.5,16,11.5],"texture":"#0"},"west":{"uv":[11.5,9.5,14,11.5],"texture":"#0"},"up":{"uv":[11.5,9.5,9.5,7],"texture":"#0"},"down":{"uv":[13.5,7,11.5,9.5],"texture":"#0"}}},{"from":[0.5,3,6],"to":[4.5,7,11],"rotation":{"angle":-22.5,"axis":"z","origin":[2.5,5,8.5]},"faces":{"north":{"uv":[1,1,0,0],"texture":"#1"},"east":{"uv":[1,1,0,0],"texture":"#1"},"south":{"uv":[1,1,0,0],"texture":"#1"},"west":{"uv":[1,1,0,0],"texture":"#1"},"up":{"uv":[1,1,0,0],"texture":"#1"},"down":{"uv":[1,1,0,0],"texture":"#1"}}},{"from":[3,0,7],"to":[13,4,7.01],"rotation":{"angle":22.5,"axis":"x","origin":[8,4,7]},"faces":{"north":{"uv":[6,13.5,11,15.5],"texture":"#0"},"east":{"uv":[6,13.5,6,15.5],"texture":"#0"},"south":{"uv":[11,13.5,16,15.5],"texture":"#0"},"west":{"uv":[11,13.5,11,15.5],"texture":"#0"},"up":{"uv":[11,13.5,6,13.5],"texture":"#0"},"down":{"uv":[16,13.5,11,13.5],"texture":"#0"}}}],"display":{"gui":{"rotation":[-180,30,-180],"translation":[0,-1.5,0],"scale":[0.65,0.65,0.65]},"head":{"rotation":[-14,0,0],"translation":[0,-2,-6.5],"scale":[0.85,0.85,0.85]}}}