{"texture_size":[32,32],"textures":{"0":"wynn/spell/mask_lunatic","1":"wynn/spell/mask_lunatic_a","particle":"wynn/spell/mask_lunatic"},"elements":[{"from":[2.8,7.8,6.8],"to":[13.2,22.2,9.2],"rotation":{"angle":22.5,"axis":"x","origin":[8,14,7]},"faces":{"north":{"uv":[1,1,6,8],"texture":"#0"},"east":{"uv":[0,1,1,8],"texture":"#0"},"south":{"uv":[7,1,12,8],"texture":"#0"},"west":{"uv":[6,1,7,8],"texture":"#0"},"up":{"uv":[6,1,1,0],"texture":"#0"}}},{"from":[13.2,7.8,6.8],"to":[2.8,22.2,9.2],"rotation":{"angle":22.5,"axis":"x","origin":[8,14,7]},"faces":{"north":{"uv":[1,1,6,8],"texture":"#0"},"east":{"uv":[0,1,1,8],"texture":"#0"},"south":{"uv":[7,1,12,8],"texture":"#0"},"west":{"uv":[6,1,7,8],"texture":"#0"},"up":{"uv":[6,1,1,0],"texture":"#0"}}},{"from":[3.8,9.55,6.8],"to":[12.2,13.95,8.2],"rotation":{"angle":45,"axis":"x","origin":[8,14,7]},"faces":{"north":{"uv":[0.5,11,4.5,13],"texture":"#0"},"east":{"uv":[0,11,0.5,13],"texture":"#0"},"south":{"uv":[5,11,9,13],"texture":"#0"},"west":{"uv":[4.5,11,5,13],"texture":"#0"},"up":{"uv":[4.5,11,0.5,10.5],"texture":"#0"},"down":{"uv":[8.5,10.5,4.5,11],"texture":"#0"}}},{"from":[3.8,9.8,5.2],"to":[12.2,14.2,6.6],"rotation":{"angle":0,"axis":"y","origin":[8,10,7]},"faces":{"north":{"uv":[0.5,8.5,4.5,10.5],"texture":"#0"},"east":{"uv":[0,8.5,0.5,10.5],"texture":"#0"},"south":{"uv":[5,8.5,9,10.5],"texture":"#0"},"west":{"uv":[4.5,8.5,5,10.5],"texture":"#0"},"up":{"uv":[4.5,8.5,0.5,8],"texture":"#0"},"down":{"uv":[8.5,8,4.5,8.5],"texture":"#0"}}},{"from":[2,12,8],"to":[3,16,11],"rotation":{"angle":-22.5,"axis":"y","origin":[3,14,8]},"faces":{"north":{"uv":[13.5,5,14,7],"texture":"#0"},"east":{"uv":[12,5,13.5,7],"texture":"#0"},"south":{"uv":[15.5,5,16,7],"texture":"#0"},"west":{"uv":[14,5,15.5,7],"texture":"#0"},"up":{"uv":[14,5,13.5,3.5],"texture":"#0"},"down":{"uv":[14.5,3.5,14,5],"texture":"#0"}}},{"from":[13,12,8],"to":[14,16,11],"shade":false,"rotation":{"angle":22.5,"axis":"y","origin":[13,14,8]},"faces":{"north":{"uv":[14,5,13.5,7],"texture":"#0"},"east":{"uv":[15.5,5,14,7],"texture":"#0"},"south":{"uv":[16,5,15.5,7],"texture":"#0"},"west":{"uv":[13.5,5,12,7],"texture":"#0"},"up":{"uv":[13.5,5,14,3.5],"texture":"#0"},"down":{"uv":[14,3.5,14.5,5],"texture":"#0"}}},{"from":[4,19,7],"to":[6,24,9],"shade":false,"rotation":{"angle":22.5,"axis":"x","origin":[8,14,7]},"faces":{"north":{"uv":[14,1,13,3.5],"texture":"#0"},"east":{"uv":[15,1,14,3.5],"texture":"#0"},"south":{"uv":[16,1,15,3.5],"texture":"#0"},"west":{"uv":[13,1,12,3.5],"texture":"#0"},"up":{"uv":[13,1,14,0],"texture":"#0"},"down":{"uv":[14,0,15,1],"texture":"#0"}}},{"from":[10,20,7],"to":[12,25,9],"rotation":{"angle":22.5,"axis":"x","origin":[8,14,7]},"faces":{"north":{"uv":[13,1,14,3.5],"texture":"#0"},"east":{"uv":[12,1,13,3.5],"texture":"#0"},"south":{"uv":[15,1,16,3.5],"texture":"#0"},"west":{"uv":[14,1,15,3.5],"texture":"#0"},"up":{"uv":[14,1,13,0],"texture":"#0"},"down":{"uv":[15,0,14,1],"texture":"#0"}}},{"from":[8,5,7],"to":[10,9,9],"rotation":{"angle":22.5,"axis":"x","origin":[8,14,7]},"faces":{"north":{"uv":[1,14,2,16],"texture":"#0"},"east":{"uv":[0,14,1,16],"texture":"#0"},"south":{"uv":[3,14,4,16],"texture":"#0"},"west":{"uv":[2,14,3,16],"texture":"#0"},"up":{"uv":[2,14,1,13],"texture":"#0"},"down":{"uv":[3,13,2,14],"texture":"#0"}}},{"from":[4,6,7],"to":[6,10,9],"rotation":{"angle":22.5,"axis":"x","origin":[8,14,7]},"faces":{"north":{"uv":[1,14,2,16],"texture":"#0"},"east":{"uv":[0,14,1,16],"texture":"#0"},"south":{"uv":[3,14,4,16],"texture":"#0"},"west":{"uv":[2,14,3,16],"texture":"#0"},"up":{"uv":[2,14,1,13],"texture":"#0"},"down":{"uv":[3,13,2,14],"texture":"#0"}}},{"from":[2,15,10],"to":[4,21,13],"rotation":{"angle":-22.5,"axis":"z","origin":[3,19,9]},"faces":{"north":{"uv":[12.5,8.5,13.5,11.5],"texture":"#0"},"east":{"uv":[11,8.5,12.5,11.5],"texture":"#0"},"south":{"uv":[15,8.5,16,11.5],"texture":"#0"},"west":{"uv":[13.5,8.5,15,11.5],"texture":"#0"},"up":{"uv":[13.5,8.5,12.5,7],"texture":"#0"},"down":{"uv":[14.5,7,13.5,8.5],"texture":"#0"}}},{"from":[2,18,8],"to":[4,21,10],"rotation":{"angle":-22.5,"axis":"z","origin":[3,19,9]},"faces":{"north":{"uv":[13,12.5,14,14],"texture":"#0"},"east":{"uv":[12,12.5,13,14],"texture":"#0"},"south":{"uv":[15,12.5,16,14],"texture":"#0"},"west":{"uv":[14,12.5,15,14],"texture":"#0"},"up":{"uv":[14,12.5,13,11.5],"texture":"#0"},"down":{"uv":[15,11.5,14,12.5],"texture":"#0"}}},{"from":[2,15,7],"to":[4,16,10],"rotation":{"angle":-22.5,"axis":"z","origin":[3,19,9]},"faces":{"north":{"uv":[12.5,15.5,13.5,16],"texture":"#0"},"east":{"uv":[11,15.5,12.5,16],"texture":"#0"},"south":{"uv":[15,15.5,16,16],"texture":"#0"},"west":{"uv":[13.5,15.5,15,16],"texture":"#0"},"up":{"uv":[13.5,15.5,12.5,14],"texture":"#0"},"down":{"uv":[14.5,14,13.5,15.5],"texture":"#0"}}},{"from":[2,16,7],"to":[4,17,8],"rotation":{"angle":-22.5,"axis":"z","origin":[3,19,9]},"faces":{"north":{"uv":[9.5,12,10.5,12.5],"texture":"#0"},"east":{"uv":[9,12,9.5,12.5],"texture":"#0"},"south":{"uv":[11,12,12,12.5],"texture":"#0"},"west":{"uv":[10.5,12,11,12.5],"texture":"#0"},"up":{"uv":[10.5,12,9.5,11.5],"texture":"#0"},"down":{"uv":[11.5,11.5,10.5,12],"texture":"#0"}}},{"from":[12,18,8],"to":[14,21,10],"shade":false,"rotation":{"angle":22.5,"axis":"z","origin":[13,19,9]},"faces":{"north":{"uv":[14,12.5,13,14],"texture":"#0"},"east":{"uv":[15,12.5,14,14],"texture":"#0"},"south":{"uv":[16,12.5,15,14],"texture":"#0"},"west":{"uv":[13,12.5,12,14],"texture":"#0"},"up":{"uv":[13,12.5,14,11.5],"texture":"#0"},"down":{"uv":[14,11.5,15,12.5],"texture":"#0"}}},{"from":[12,15,10],"to":[14,21,13],"shade":false,"rotation":{"angle":22.5,"axis":"z","origin":[13,19,9]},"faces":{"north":{"uv":[13.5,8.5,12.5,11.5],"texture":"#0"},"east":{"uv":[15,8.5,13.5,11.5],"texture":"#0"},"south":{"uv":[16,8.5,15,11.5],"texture":"#0"},"west":{"uv":[12.5,8.5,11,11.5],"texture":"#0"},"up":{"uv":[12.5,8.5,13.5,7],"texture":"#0"},"down":{"uv":[13.5,7,14.5,8.5],"texture":"#0"}}},{"from":[12,15,7],"to":[14,16,10],"rotation":{"angle":22.5,"axis":"z","origin":[13,19,9]},"faces":{"north":{"uv":[12.5,15.5,13.5,16],"texture":"#0"},"east":{"uv":[11,15.5,12.5,16],"texture":"#0"},"south":{"uv":[15,15.5,16,16],"texture":"#0"},"west":{"uv":[13.5,15.5,15,16],"texture":"#0"},"up":{"uv":[13.5,15.5,12.5,14],"texture":"#0"},"down":{"uv":[14.5,14,13.5,15.5],"texture":"#0"}}},{"from":[12,16,7],"to":[14,17,8],"rotation":{"angle":22.5,"axis":"z","origin":[13,19,9]},"faces":{"north":{"uv":[9.5,12,10.5,12.5],"texture":"#0"},"east":{"uv":[9,12,9.5,12.5],"texture":"#0"},"south":{"uv":[11,12,12,12.5],"texture":"#0"},"west":{"uv":[10.5,12,11,12.5],"texture":"#0"},"up":{"uv":[10.5,12,9.5,11.5],"texture":"#0"},"down":{"uv":[11.5,11.5,10.5,12],"texture":"#0"}}},{"from":[3,-5,5.25],"to":[4,11,5.26],"rotation":{"angle":22.5,"axis":"x","origin":[3.5,11,5.25]},"faces":{"north":{"uv":[0,0,1,16],"texture":"#1"},"south":{"uv":[0,0,1,16],"texture":"#1"}}}],"display":{"gui":{"rotation":[-180,30,-180],"translation":[0,-4,0],"scale":[0.65,0.65,0.65]},"head":{"rotation":[-14,0,0],"translation":[0,-6.5,-6],"scale":[0.85,0.85,0.85]}}}