{"texture_size":[32,32],"textures":{"0":"wynn/spell/trap_0","1":"wynn/spell/trap_0_a","particle":"wynn/spell/trap_0"},"elements":[{"from":[1,0,1],"to":[15,2,15],"faces":{"north":{"uv":[7,0,14,1],"texture":"#0"},"east":{"uv":[7,1,14,2],"texture":"#0"},"south":{"uv":[7,2,14,3],"texture":"#0"},"west":{"uv":[7,3,14,4],"texture":"#0"},"up":{"uv":[7,7,0,0],"texture":"#0"},"down":{"uv":[7,7,0,14],"texture":"#0"}}},{"from":[6,0,0],"to":[10,6,2],"rotation":{"angle":22.5,"axis":"x","origin":[8,0,1]},"faces":{"north":{"uv":[7,4,9,7],"texture":"#0"},"east":{"uv":[11,10,12,13],"texture":"#0"},"south":{"uv":[7,7,9,10],"texture":"#0"},"west":{"uv":[12,10,13,13],"texture":"#0"},"up":{"uv":[15,11,13,10],"texture":"#0"},"down":{"uv":[13,13,11,14],"texture":"#0"}}},{"from":[7,3,-0.01],"to":[9,5,0],"rotation":{"angle":22.5,"axis":"x","origin":[8,0,1]},"faces":{"north":{"uv":[14,14,16,16],"texture":"#1"}}},{"from":[6,0,14],"to":[10,6,16],"rotation":{"angle":-22.5,"axis":"x","origin":[8,0,15]},"faces":{"north":{"uv":[9,4,11,7],"texture":"#0"},"east":{"uv":[13,4,14,7],"texture":"#0"},"south":{"uv":[9,7,11,10],"texture":"#0"},"west":{"uv":[7,13,8,16],"texture":"#0"},"up":{"uv":[15,12,13,11],"texture":"#0"},"down":{"uv":[15,12,13,13],"texture":"#0"}}},{"from":[7,3,16.01],"to":[9,5,16.02],"rotation":{"angle":-22.5,"axis":"x","origin":[8,0,15]},"faces":{"north":{"uv":[9,4,11,7],"texture":"#0"},"east":{"uv":[13,4,14,7],"texture":"#0"},"south":{"uv":[14,14,16,16],"texture":"#1"},"west":{"uv":[7,13,8,16],"texture":"#0"},"up":{"uv":[15,12,13,11],"texture":"#0"},"down":{"uv":[15,12,13,13],"texture":"#0"}}},{"from":[-0.01,3,7],"to":[0,5,9],"rotation":{"angle":-22.5,"axis":"z","origin":[1,0,8]},"faces":{"west":{"uv":[14,14,16,16],"texture":"#1"}}},{"from":[0,0,6],"to":[2,6,10],"rotation":{"angle":-22.5,"axis":"z","origin":[1,0,8]},"faces":{"north":{"uv":[13,7,14,10],"texture":"#0"},"east":{"uv":[7,10,9,13],"texture":"#0"},"south":{"uv":[8,13,9,16],"texture":"#0"},"west":{"uv":[9,10,11,13],"texture":"#0"},"up":{"uv":[14,15,13,13],"texture":"#0"},"down":{"uv":[1,14,0,16],"texture":"#0"}}},{"from":[14,0,6],"to":[16,6,10],"rotation":{"angle":22.5,"axis":"z","origin":[15,0,8]},"faces":{"north":{"uv":[9,13,10,16],"texture":"#0"},"east":{"uv":[11,4,13,7],"texture":"#0"},"south":{"uv":[10,13,11,16],"texture":"#0"},"west":{"uv":[11,7,13,10],"texture":"#0"},"up":{"uv":[15,2,14,0],"texture":"#0"},"down":{"uv":[2,14,1,16],"texture":"#0"}}},{"from":[16.01,3,7],"to":[16.02,5,9],"rotation":{"angle":22.5,"axis":"z","origin":[15,0,8]},"faces":{"east":{"uv":[14,14,16,16],"texture":"#1"}}},{"from":[3,2,3],"to":[13,4,13],"faces":{"north":{"uv":[3,1,13,3],"rotation":180,"texture":"#1"},"east":{"uv":[13,3,15,13],"rotation":90,"texture":"#1"},"south":{"uv":[3,13,13,15],"texture":"#1"},"west":{"uv":[1,3,3,13],"rotation":270,"texture":"#1"},"up":{"uv":[3,3,13,13],"texture":"#1"},"down":{"uv":[0,0,5,5],"texture":"#1"}}}],"display":{"head":{"translation":[0,-27,0],"scale":[2,2,2]}}}