{
	"credit": "Made with Blockbench",
	"textures": {
		"0": "skins/anthracite",
		"particle": "skins/anthracite"
	},
	"elements": [
		{
			"from": [7.395, -2.355, 0.645],
			"to": [8.605, 0.855, 5.355],
			"rotation": {"angle": 0, "axis": "y", "origin": [15, 5.25, 8.25]},
			"faces": {
				"north": {"uv": [1, 12, 5, 14], "rotation": 90, "texture": "#0"},
				"east": {"uv": [1, 10.5, 5, 16], "rotation": 90, "texture": "#0"},
				"south": {"uv": [1, 12, 5, 14], "rotation": 90, "texture": "#0"},
				"west": {"uv": [0.5, 12, 6, 16], "rotation": 180, "texture": "#0"},
				"up": {"uv": [1, 12, 6.5, 14], "rotation": 90, "texture": "#0"},
				"down": {"uv": [1, 12, 6.5, 14], "rotation": 90, "texture": "#0"}
			}
		},
		{
			"from": [7.19, 0.34, -1.06],
			"to": [8.81, 0.96, 10.31],
			"rotation": {"angle": 0, "axis": "y", "origin": [15, 8.15, 6.75]},
			"faces": {
				"north": {"uv": [4, 0, 5, 2], "rotation": 270, "texture": "#0"},
				"east": {"uv": [4, 0, 5, 9.5], "rotation": 90, "texture": "#0"},
				"south": {"uv": [4, 0, 5, 9.5], "rotation": 270, "texture": "#0"},
				"west": {"uv": [4, 0, 5, 9.5], "rotation": 270, "texture": "#0"},
				"up": {"uv": [4, 0, 6, 9.5], "texture": "#0"},
				"down": {"uv": [4, 0, 5, 9.5], "rotation": 180, "texture": "#0"}
			}
		},
		{
			"from": [7.5, -1.05391, -0.0817],
			"to": [8.5, -0.05391, 1.4183],
			"rotation": {"angle": 22.5, "axis": "x", "origin": [8.5, -0.05391, 0.1683]},
			"faces": {
				"north": {"uv": [5, 8, 6.5, 9], "texture": "#0"},
				"east": {"uv": [5, 8, 6.5, 9], "texture": "#0"},
				"south": {"uv": [5, 8, 6.5, 9], "texture": "#0"},
				"west": {"uv": [5, 8, 6.5, 9], "texture": "#0"},
				"up": {"uv": [5, 8, 6.5, 9], "texture": "#0"},
				"down": {"uv": [5, 8, 6.5, 9], "texture": "#0"}
			}
		},
		{
			"from": [7.5, -1.05391, 6.5817],
			"to": [8.5, -0.05391, 10.5817],
			"rotation": {"angle": -22.5, "axis": "x", "origin": [8.5, -0.05391, 7.8317]},
			"faces": {
				"north": {"uv": [1.5, 13, 2.5, 14], "texture": "#0"},
				"east": {"uv": [1.5, 13, 5.5, 14], "texture": "#0"},
				"south": {"uv": [1.5, 13, 2.5, 14], "texture": "#0"},
				"west": {"uv": [1.5, 13, 5.5, 14], "texture": "#0"},
				"up": {"uv": [1.5, 12, 2.5, 16], "texture": "#0"},
				"down": {"uv": [1.5, 12, 5.5, 13], "rotation": 90, "texture": "#0"}
			}
		},
		{
			"from": [7.75, -0.62451, 5.43498],
			"to": [8.25, 0.37549, 8.93498],
			"rotation": {"angle": 0, "axis": "x", "origin": [8.25, -0.12451, 7.18498]},
			"faces": {
				"north": {"uv": [3, 8, 7, 9], "texture": "#0"},
				"east": {"uv": [3, 8, 7, 9], "texture": "#0"},
				"south": {"uv": [3, 8, 7, 9], "texture": "#0"},
				"west": {"uv": [3, 8, 7, 9], "texture": "#0"},
				"up": {"uv": [3, 8, 7, 9], "texture": "#0"},
				"down": {"uv": [3, 8, 7, 9], "texture": "#0"}
			}
		},
		{
			"from": [7.51, -1.44615, 3.06954],
			"to": [8.49, -0.46615, 7.04954],
			"rotation": {"angle": 0, "axis": "x", "origin": [8, -0.95615, 5.05954]},
			"faces": {
				"north": {"uv": [1.5, 13, 2.5, 14], "texture": "#0"},
				"east": {"uv": [2, 13, 6, 14], "texture": "#0"},
				"south": {"uv": [1.5, 13, 2.5, 14], "texture": "#0"},
				"west": {"uv": [1.5, 13, 5.5, 14], "texture": "#0"},
				"up": {"uv": [1.5, 12, 2.5, 16], "texture": "#0"},
				"down": {"uv": [1.5, 11, 5.5, 12], "rotation": 90, "texture": "#0"}
			}
		},
		{
			"from": [7.501, -0.74687, -0.76943],
			"to": [8.499, 0.75113, 0.22857],
			"rotation": {"angle": -22.5, "axis": "x", "origin": [8, 0.00213, -0.27043]},
			"faces": {
				"north": {"uv": [5, 8, 6.5, 9], "rotation": 270, "texture": "#0"},
				"east": {"uv": [5, 8, 6.5, 9], "rotation": 270, "texture": "#0"},
				"south": {"uv": [5, 8, 6.5, 9], "rotation": 270, "texture": "#0"},
				"west": {"uv": [5, 8, 6.5, 9], "rotation": 270, "texture": "#0"},
				"up": {"uv": [5, 8, 6.5, 9], "rotation": 270, "texture": "#0"},
				"down": {"uv": [5, 8, 6.5, 9], "rotation": 270, "texture": "#0"}
			}
		},
		{
			"from": [6.501, -0.24687, -1.01943],
			"to": [9.499, 0.75113, -0.02143],
			"rotation": {"angle": 0, "axis": "z", "origin": [7.25, 0.25213, -0.52043]},
			"faces": {
				"north": {"uv": [4, 5, 5.5, 6], "texture": "#0"},
				"east": {"uv": [4, 5, 5.5, 6], "texture": "#0"},
				"south": {"uv": [4, 5, 5.5, 6], "texture": "#0"},
				"west": {"uv": [4, 5, 5.5, 6], "texture": "#0"},
				"up": {"uv": [4, 5, 5.5, 6], "texture": "#0"},
				"down": {"uv": [4, 5, 5.5, 6], "texture": "#0"}
			}
		},
		{
			"from": [7.3, -2.45, 4.8],
			"to": [8.7, 0.95, 5.2],
			"rotation": {"angle": 0, "axis": "y", "origin": [15, 5.25, 12.5]},
			"faces": {
				"north": {"uv": [6.5, 1.5, 7.5, 5.5], "rotation": 90, "texture": "#0"},
				"east": {"uv": [6.5, 1.5, 7.5, 5.5], "rotation": 90, "texture": "#0"},
				"south": {"uv": [6.5, 1.5, 7.5, 5.5], "rotation": 90, "texture": "#0"},
				"west": {"uv": [6.5, 1.5, 7.5, 5.5], "rotation": 90, "texture": "#0"},
				"up": {"uv": [6.5, 1.5, 7.5, 5.5], "rotation": 90, "texture": "#0"},
				"down": {"uv": [6.5, 1.5, 7.5, 5.5], "rotation": 270, "texture": "#0"}
			}
		},
		{
			"from": [7.3, -2.45, 0.8],
			"to": [8.7, 0.95, 1.2],
			"rotation": {"angle": 0, "axis": "y", "origin": [15, 5.25, -6.5]},
			"faces": {
				"north": {"uv": [6.5, 5.5, 7.5, 1.5], "rotation": 90, "texture": "#0"},
				"east": {"uv": [6.5, 5.5, 7.5, 1.5], "rotation": 90, "texture": "#0"},
				"south": {"uv": [6.5, 5.5, 7.5, 1.5], "rotation": 90, "texture": "#0"},
				"west": {"uv": [6.5, 5.5, 7.5, 1.5], "rotation": 90, "texture": "#0"},
				"up": {"uv": [7.5, 1.5, 6.5, 5.5], "rotation": 90, "texture": "#0"},
				"down": {"uv": [7.5, 1.5, 6.5, 5.5], "rotation": 270, "texture": "#0"}
			}
		},
		{
			"from": [6.39, -1.36, 0.64],
			"to": [9.61, -0.14, 5.36],
			"rotation": {"angle": 0, "axis": "z", "origin": [8, -0.75, 2.25]},
			"faces": {
				"north": {"uv": [1, 12, 3, 16], "rotation": 90, "texture": "#0"},
				"east": {"uv": [0.5, 14, 6, 16], "rotation": 180, "texture": "#0"},
				"south": {"uv": [1, 12, 3, 16], "rotation": 90, "texture": "#0"},
				"west": {"uv": [0.5, 14, 6, 16], "rotation": 180, "texture": "#0"},
				"up": {"uv": [1, 12, 6.5, 16], "rotation": 90, "texture": "#0"},
				"down": {"uv": [1, 12, 6.5, 16], "rotation": 90, "texture": "#0"}
			}
		},
		{
			"from": [7.01, -1.74, 0.26],
			"to": [8.99, 0.24, 5.74],
			"rotation": {"angle": 0, "axis": "z", "origin": [8, -0.75, 1.25]},
			"faces": {
				"north": {"uv": [10.5, 13.5, 12.5, 15.5], "rotation": 180, "texture": "#0"},
				"east": {"uv": [10.5, 13.5, 12.5, 15.5], "rotation": 180, "texture": "#0"},
				"south": {"uv": [10.5, 13.5, 12.5, 15.5], "rotation": 180, "texture": "#0"},
				"west": {"uv": [10.5, 13.5, 12.5, 15.5], "rotation": 180, "texture": "#0"},
				"up": {"uv": [10.5, 13.5, 12.5, 15.5], "rotation": 180, "texture": "#0"},
				"down": {"uv": [10.5, 13.5, 12.5, 15.5], "rotation": 180, "texture": "#0"}
			}
		},
		{
			"from": [6.7, -1.55, 0.45],
			"to": [9.3, 0.05, 5.55],
			"rotation": {"angle": 0, "axis": "z", "origin": [7.5, -0.75, 1.25]},
			"faces": {
				"north": {"uv": [10.5, 13.5, 12.5, 15.5], "rotation": 180, "texture": "#0"},
				"east": {"uv": [10.5, 13.5, 12.5, 15.5], "rotation": 180, "texture": "#0"},
				"south": {"uv": [10.5, 13.5, 12.5, 15.5], "rotation": 180, "texture": "#0"},
				"west": {"uv": [10.5, 13.5, 12.5, 15.5], "rotation": 180, "texture": "#0"},
				"up": {"uv": [10.5, 13.5, 12.5, 15.5], "rotation": 180, "texture": "#0"},
				"down": {"uv": [10.5, 13.5, 12.5, 15.5], "rotation": 180, "texture": "#0"}
			}
		},
		{
			"from": [7.2, -2.05, 0.45],
			"to": [8.8, 0.55, 5.55],
			"rotation": {"angle": 0, "axis": "z", "origin": [8, -0.75, 1.25]},
			"faces": {
				"north": {"uv": [10.5, 13.5, 12.5, 15.5], "rotation": 270, "texture": "#0"},
				"east": {"uv": [10.5, 13.5, 12.5, 15.5], "rotation": 270, "texture": "#0"},
				"south": {"uv": [10.5, 13.5, 12.5, 15.5], "rotation": 270, "texture": "#0"},
				"west": {"uv": [10.5, 13.5, 12.5, 15.5], "rotation": 270, "texture": "#0"},
				"up": {"uv": [10.5, 13.5, 12.5, 15.5], "rotation": 270, "texture": "#0"},
				"down": {"uv": [10.5, 13.5, 12.5, 15.5], "rotation": 270, "texture": "#0"}
			}
		},
		{
			"from": [6.3, -1.45, 4.8],
			"to": [9.7, -0.05, 5.2],
			"rotation": {"angle": 0, "axis": "z", "origin": [8, -0.75, 6.5]},
			"faces": {
				"north": {"uv": [6.5, 1.5, 7.5, 3.5], "texture": "#0"},
				"east": {"uv": [6.5, 1.5, 7.5, 3.5], "rotation": 180, "texture": "#0"},
				"south": {"uv": [6.5, 1.5, 7.5, 3.5], "texture": "#0"},
				"west": {"uv": [6.5, 1.5, 7.5, 3.5], "texture": "#0"},
				"up": {"uv": [6.5, 1.5, 7.5, 3.5], "texture": "#0"},
				"down": {"uv": [6.5, 1.5, 7.5, 3.5], "texture": "#0"}
			}
		},
		{
			"from": [6.3, -1.45, 0.8],
			"to": [9.7, -0.05, 1.2],
			"rotation": {"angle": 0, "axis": "z", "origin": [8, -0.75, -0.5]},
			"faces": {
				"north": {"uv": [7.5, 1.5, 6.5, 3.5], "texture": "#0"},
				"east": {"uv": [7.5, 1.5, 6.5, 3.5], "rotation": 180, "texture": "#0"},
				"south": {"uv": [7.5, 1.5, 6.5, 3.5], "texture": "#0"},
				"west": {"uv": [7.5, 1.5, 6.5, 3.5], "texture": "#0"},
				"up": {"uv": [6.5, 3.5, 7.5, 1.5], "texture": "#0"},
				"down": {"uv": [6.5, 3.5, 7.5, 1.5], "texture": "#0"}
			}
		},
		{
			"from": [7.4, -2.35, 0.65],
			"to": [8.6, 0.85, 5.35],
			"rotation": {"angle": 45, "axis": "z", "origin": [8, -0.75, 2.25]},
			"faces": {
				"north": {"uv": [1, 12, 5, 14], "rotation": 90, "texture": "#0"},
				"east": {"uv": [1, 10.5, 5, 16], "rotation": 90, "texture": "#0"},
				"south": {"uv": [1, 12, 5, 14], "rotation": 90, "texture": "#0"},
				"west": {"uv": [1, 10.5, 5, 16], "rotation": 90, "texture": "#0"},
				"up": {"uv": [1, 12, 6.5, 14], "rotation": 90, "texture": "#0"},
				"down": {"uv": [1, 12, 6.5, 14], "rotation": 90, "texture": "#0"}
			}
		},
		{
			"from": [7.3, -2.45, 4.8],
			"to": [8.7, 0.95, 5.2],
			"rotation": {"angle": 45, "axis": "z", "origin": [8, -0.75, 6.5]},
			"faces": {
				"north": {"uv": [6.5, 1.5, 7.5, 5.5], "rotation": 90, "texture": "#0"},
				"east": {"uv": [6.5, 1.5, 7.5, 5.5], "rotation": 90, "texture": "#0"},
				"south": {"uv": [6.5, 1.5, 7.5, 5.5], "rotation": 90, "texture": "#0"},
				"west": {"uv": [6.5, 1.5, 7.5, 5.5], "rotation": 90, "texture": "#0"},
				"up": {"uv": [6.5, 1.5, 7.5, 5.5], "rotation": 90, "texture": "#0"},
				"down": {"uv": [6.5, 1.5, 7.5, 5.5], "rotation": 270, "texture": "#0"}
			}
		},
		{
			"from": [7.3, -2.45, 0.8],
			"to": [8.7, 0.95, 1.2],
			"rotation": {"angle": 45, "axis": "z", "origin": [8, -0.75, -0.5]},
			"faces": {
				"north": {"uv": [6.5, 5.5, 7.5, 1.5], "rotation": 90, "texture": "#0"},
				"east": {"uv": [6.5, 5.5, 7.5, 1.5], "rotation": 90, "texture": "#0"},
				"south": {"uv": [6.5, 5.5, 7.5, 1.5], "rotation": 90, "texture": "#0"},
				"west": {"uv": [6.5, 5.5, 7.5, 1.5], "rotation": 90, "texture": "#0"},
				"up": {"uv": [7.5, 1.5, 6.5, 5.5], "rotation": 90, "texture": "#0"},
				"down": {"uv": [7.5, 1.5, 6.5, 5.5], "rotation": 270, "texture": "#0"}
			}
		},
		{
			"from": [6.4, -1.35, 0.65],
			"to": [9.6, -0.15, 5.35],
			"rotation": {"angle": 45, "axis": "z", "origin": [8, -0.75, 2.25]},
			"faces": {
				"north": {"uv": [1, 12, 3, 16], "rotation": 90, "texture": "#0"},
				"east": {"uv": [1, 14, 6.5, 16], "rotation": 180, "texture": "#0"},
				"south": {"uv": [1, 12, 3, 16], "rotation": 90, "texture": "#0"},
				"west": {"uv": [1, 13.5, 6.5, 15.5], "rotation": 180, "texture": "#0"},
				"up": {"uv": [1, 12, 6.5, 16], "rotation": 90, "texture": "#0"},
				"down": {"uv": [1, 12, 6.5, 16], "rotation": 90, "texture": "#0"}
			}
		},
		{
			"from": [6.3, -1.45, 4.8],
			"to": [9.7, -0.05, 5.2],
			"rotation": {"angle": 45, "axis": "z", "origin": [8, -0.75, 6.5]},
			"faces": {
				"north": {"uv": [6.5, 1.5, 7.5, 3.5], "texture": "#0"},
				"east": {"uv": [6.5, 1.5, 7.5, 3.5], "rotation": 180, "texture": "#0"},
				"south": {"uv": [6.5, 1.5, 7.5, 3.5], "texture": "#0"},
				"west": {"uv": [6.5, 1.5, 7.5, 3.5], "texture": "#0"},
				"up": {"uv": [6.5, 1.5, 7.5, 3.5], "texture": "#0"},
				"down": {"uv": [6.5, 1.5, 7.5, 3.5], "texture": "#0"}
			}
		},
		{
			"from": [6.3, -1.45, 0.8],
			"to": [9.7, -0.05, 1.2],
			"rotation": {"angle": 45, "axis": "z", "origin": [8, -0.75, -0.5]},
			"faces": {
				"north": {"uv": [7.5, 1.5, 6.5, 3.5], "texture": "#0"},
				"east": {"uv": [7.5, 1.5, 6.5, 3.5], "rotation": 180, "texture": "#0"},
				"south": {"uv": [7.5, 1.5, 6.5, 3.5], "texture": "#0"},
				"west": {"uv": [7.5, 1.5, 6.5, 3.5], "texture": "#0"},
				"up": {"uv": [6.5, 3.5, 7.5, 1.5], "texture": "#0"},
				"down": {"uv": [6.5, 3.5, 7.5, 1.5], "texture": "#0"}
			}
		},
		{
			"from": [9.75, -0.85, 0.4],
			"to": [9.95, -0.65, 4.75],
			"rotation": {"angle": -45, "axis": "z", "origin": [8, -0.75, 3]},
			"faces": {
				"north": {"uv": [0, 9.5, 0.5, 10], "rotation": 180, "texture": "#0"},
				"east": {"uv": [0, 9.5, 3, 10], "rotation": 180, "texture": "#0"},
				"south": {"uv": [2.5, 9.5, 3, 10], "rotation": 180, "texture": "#0"},
				"west": {"uv": [0, 9.5, 3, 10], "rotation": 180, "texture": "#0"},
				"up": {"uv": [0, 9.5, 3, 10], "rotation": 90, "texture": "#0"},
				"down": {"uv": [0, 9.5, 3, 10], "rotation": 270, "texture": "#0"}
			}
		},
		{
			"from": [9.75, -0.85, 0.4],
			"to": [9.95, -0.65, 4.75],
			"rotation": {"angle": 0, "axis": "z", "origin": [8, -0.75, 3]},
			"faces": {
				"north": {"uv": [0, 9.5, 0.5, 10], "rotation": 180, "texture": "#0"},
				"east": {"uv": [0, 9.5, 3, 10], "rotation": 180, "texture": "#0"},
				"south": {"uv": [2.5, 9.5, 3, 10], "rotation": 180, "texture": "#0"},
				"west": {"uv": [0, 9.5, 3, 10], "rotation": 180, "texture": "#0"},
				"up": {"uv": [0, 9.5, 3, 10], "rotation": 90, "texture": "#0"},
				"down": {"uv": [0, 9.5, 3, 10], "rotation": 270, "texture": "#0"}
			}
		},
		{
			"from": [9.75, -0.85, 0.4],
			"to": [9.95, -0.65, 4.75],
			"rotation": {"angle": 45, "axis": "z", "origin": [8, -0.75, 3]},
			"faces": {
				"north": {"uv": [0, 9.5, 0.5, 10], "rotation": 180, "texture": "#0"},
				"east": {"uv": [0, 9.5, 3, 10], "rotation": 180, "texture": "#0"},
				"south": {"uv": [2.5, 9.5, 3, 10], "rotation": 180, "texture": "#0"},
				"west": {"uv": [0, 9.5, 3, 10], "rotation": 180, "texture": "#0"},
				"up": {"uv": [0, 9.5, 3, 10], "rotation": 90, "texture": "#0"},
				"down": {"uv": [0, 9.5, 3, 10], "rotation": 270, "texture": "#0"}
			}
		},
		{
			"from": [7.9, -2.7, 0.4],
			"to": [8.1, -2.5, 4.75],
			"rotation": {"angle": 0, "axis": "z", "origin": [8, -0.75, 3]},
			"faces": {
				"north": {"uv": [0, 9.5, 0.5, 10], "rotation": 180, "texture": "#0"},
				"east": {"uv": [0, 9.5, 3, 10], "rotation": 180, "texture": "#0"},
				"south": {"uv": [2.5, 9.5, 3, 10], "rotation": 180, "texture": "#0"},
				"west": {"uv": [0, 9.5, 3, 10], "texture": "#0"},
				"up": {"uv": [0, 9.5, 3, 10], "rotation": 90, "texture": "#0"},
				"down": {"uv": [0, 9.5, 3, 10], "rotation": 270, "texture": "#0"}
			}
		},
		{
			"from": [7.9, 0.9, 1.6],
			"to": [8.1, 1.1, 7.05],
			"rotation": {"angle": 45, "axis": "z", "origin": [8, 1, 5.74167]},
			"faces": {
				"north": {"uv": [0, 9.5, 0.5, 10], "rotation": 180, "texture": "#0"},
				"east": {"uv": [0, 9.5, 3, 10], "rotation": 180, "texture": "#0"},
				"south": {"uv": [2.5, 9.5, 3, 10], "rotation": 180, "texture": "#0"},
				"west": {"uv": [0, 9.5, 3, 10], "texture": "#0"},
				"up": {"uv": [0, 9.5, 3, 10], "rotation": 90, "texture": "#0"},
				"down": {"uv": [0, 9.5, 3, 10], "rotation": 270, "texture": "#0"}
			}
		},
		{
			"from": [6.05, -0.85, 0.4],
			"to": [6.25, -0.65, 4.75],
			"rotation": {"angle": 45, "axis": "z", "origin": [8, -0.75, 3]},
			"faces": {
				"north": {"uv": [0, 9.5, 0.5, 10], "rotation": 180, "texture": "#0"},
				"east": {"uv": [0, 9.5, 3, 10], "rotation": 180, "texture": "#0"},
				"south": {"uv": [2.5, 9.5, 3, 10], "rotation": 180, "texture": "#0"},
				"west": {"uv": [0, 9.5, 3, 10], "texture": "#0"},
				"up": {"uv": [0, 9.5, 3, 10], "rotation": 90, "texture": "#0"},
				"down": {"uv": [0, 9.5, 3, 10], "rotation": 270, "texture": "#0"}
			}
		},
		{
			"from": [6.05, -0.85, 0.4],
			"to": [6.25, -0.65, 4.75],
			"rotation": {"angle": 0, "axis": "z", "origin": [8, -0.75, 3]},
			"faces": {
				"north": {"uv": [0, 9.5, 0.5, 10], "rotation": 180, "texture": "#0"},
				"east": {"uv": [0, 9.5, 3, 10], "rotation": 180, "texture": "#0"},
				"south": {"uv": [2.5, 9.5, 3, 10], "rotation": 180, "texture": "#0"},
				"west": {"uv": [0, 9.5, 3, 10], "texture": "#0"},
				"up": {"uv": [0, 9.5, 3, 10], "rotation": 90, "texture": "#0"},
				"down": {"uv": [0, 9.5, 3, 10], "rotation": 270, "texture": "#0"}
			}
		},
		{
			"from": [7.9, 1, 0.4],
			"to": [8.1, 1.2, 4.75],
			"rotation": {"angle": 45, "axis": "z", "origin": [8, -0.75, 3]},
			"faces": {
				"north": {"uv": [0, 9.5, 0.5, 10], "rotation": 180, "texture": "#0"},
				"east": {"uv": [0, 9.5, 3, 10], "rotation": 180, "texture": "#0"},
				"south": {"uv": [2.5, 9.5, 3, 10], "rotation": 180, "texture": "#0"},
				"west": {"uv": [0, 9.5, 3, 10], "texture": "#0"},
				"up": {"uv": [0, 9.5, 3, 10], "rotation": 90, "texture": "#0"},
				"down": {"uv": [0, 9.5, 3, 10], "rotation": 270, "texture": "#0"}
			}
		},
		{
			"from": [6.39185, 0.50815, 4.7],
			"to": [6.99185, 0.60815, 5.8],
			"rotation": {"angle": 45, "axis": "z", "origin": [6.69185, 0.55815, 5.25]},
			"faces": {
				"north": {"uv": [14, 2, 15, 2.5], "texture": "#0"},
				"east": {"uv": [14, 2, 15.5, 2.5], "texture": "#0"},
				"south": {"uv": [14, 2, 15, 2.5], "texture": "#0"},
				"west": {"uv": [14, 2, 15.5, 2.5], "texture": "#0"},
				"up": {"uv": [14, 2, 15, 3.5], "texture": "#0"},
				"down": {"uv": [14, 2, 15, 3.5], "texture": "#0"}
			}
		},
		{
			"from": [9.8, -1.05, 4.7],
			"to": [9.9, -0.45, 5.8],
			"rotation": {"angle": 0, "axis": "z", "origin": [8, -0.75, 3]},
			"faces": {
				"north": {"uv": [14, 2, 15, 2.5], "rotation": 90, "texture": "#0"},
				"east": {"uv": [14, 2, 15, 3.5], "rotation": 90, "texture": "#0"},
				"south": {"uv": [14, 2, 15, 2.5], "rotation": 90, "texture": "#0"},
				"west": {"uv": [14, 2, 15, 3.5], "rotation": 90, "texture": "#0"},
				"up": {"uv": [14, 2, 15.5, 2.5], "rotation": 90, "texture": "#0"},
				"down": {"uv": [14, 2, 15.5, 2.5], "rotation": 90, "texture": "#0"}
			}
		},
		{
			"from": [9.55, -0.8, 4.7],
			"to": [10.15, -0.7, 5.8],
			"rotation": {"angle": 0, "axis": "z", "origin": [9.85, -0.75, 5]},
			"faces": {
				"north": {"uv": [14, 2, 15, 2.5], "texture": "#0"},
				"east": {"uv": [14, 2, 15.5, 2.5], "texture": "#0"},
				"south": {"uv": [14, 2, 15, 2.5], "texture": "#0"},
				"west": {"uv": [14, 2, 15.5, 2.5], "texture": "#0"},
				"up": {"uv": [14, 2, 15, 3.5], "texture": "#0"},
				"down": {"uv": [14, 2, 15, 3.5], "texture": "#0"}
			}
		},
		{
			"from": [9.8, -1.05, 4.7],
			"to": [9.9, -0.45, 5.8],
			"rotation": {"angle": -45, "axis": "z", "origin": [8, -0.75, 3]},
			"faces": {
				"north": {"uv": [14, 2, 15, 2.5], "rotation": 90, "texture": "#0"},
				"east": {"uv": [14, 2, 15, 3.5], "rotation": 90, "texture": "#0"},
				"south": {"uv": [14, 2, 15, 2.5], "rotation": 90, "texture": "#0"},
				"west": {"uv": [14, 2, 15, 3.5], "rotation": 90, "texture": "#0"},
				"up": {"uv": [14, 2, 15.5, 2.5], "rotation": 90, "texture": "#0"},
				"down": {"uv": [14, 2, 15.5, 2.5], "rotation": 90, "texture": "#0"}
			}
		},
		{
			"from": [9.00815, -2.10815, 4.7],
			"to": [9.60815, -2.00815, 5.8],
			"rotation": {"angle": -45, "axis": "z", "origin": [9.30815, -2.05815, 5]},
			"faces": {
				"north": {"uv": [14, 2, 15, 2.5], "texture": "#0"},
				"east": {"uv": [14, 2, 15.5, 2.5], "texture": "#0"},
				"south": {"uv": [14, 2, 15, 2.5], "texture": "#0"},
				"west": {"uv": [14, 2, 15.5, 2.5], "texture": "#0"},
				"up": {"uv": [14, 2, 15, 3.5], "texture": "#0"},
				"down": {"uv": [14, 2, 15, 3.5], "texture": "#0"}
			}
		},
		{
			"from": [9.00815, 0.50815, 4.7],
			"to": [9.60815, 0.60815, 5.8],
			"rotation": {"angle": 45, "axis": "z", "origin": [9.30815, 0.55815, 5]},
			"faces": {
				"north": {"uv": [14, 2, 15, 2.5], "texture": "#0"},
				"east": {"uv": [14, 2, 15.5, 2.5], "texture": "#0"},
				"south": {"uv": [14, 2, 15, 2.5], "texture": "#0"},
				"west": {"uv": [14, 2, 15.5, 2.5], "texture": "#0"},
				"up": {"uv": [14, 2, 15, 3.5], "texture": "#0"},
				"down": {"uv": [14, 2, 15, 3.5], "texture": "#0"}
			}
		},
		{
			"from": [9.8, -1.05, 4.7],
			"to": [9.9, -0.45, 5.8],
			"rotation": {"angle": 45, "axis": "z", "origin": [8, -0.75, 3]},
			"faces": {
				"north": {"uv": [14, 2, 15, 2.5], "rotation": 90, "texture": "#0"},
				"east": {"uv": [14, 2, 15, 3.5], "rotation": 90, "texture": "#0"},
				"south": {"uv": [14, 2, 15, 2.5], "rotation": 90, "texture": "#0"},
				"west": {"uv": [14, 2, 15, 3.5], "rotation": 90, "texture": "#0"},
				"up": {"uv": [14, 2, 15.5, 2.5], "rotation": 90, "texture": "#0"},
				"down": {"uv": [14, 2, 15.5, 2.5], "rotation": 90, "texture": "#0"}
			}
		},
		{
			"from": [7.95, -2.9, 4.7],
			"to": [8.05, -2.3, 5.8],
			"rotation": {"angle": 0, "axis": "z", "origin": [8, -2.6, 5]},
			"faces": {
				"north": {"uv": [14, 2, 15, 2.5], "rotation": 90, "texture": "#0"},
				"east": {"uv": [14, 2, 15, 3.5], "rotation": 90, "texture": "#0"},
				"south": {"uv": [14, 2, 15, 2.5], "rotation": 90, "texture": "#0"},
				"west": {"uv": [14, 2, 15, 3.5], "rotation": 90, "texture": "#0"},
				"up": {"uv": [14, 2, 15.5, 2.5], "rotation": 90, "texture": "#0"},
				"down": {"uv": [14, 2, 15.5, 2.5], "rotation": 90, "texture": "#0"}
			}
		},
		{
			"from": [7.95, 0.7, 5.9],
			"to": [8.05, 1.3, 7],
			"rotation": {"angle": 45, "axis": "z", "origin": [8, 1, 5.74167]},
			"faces": {
				"north": {"uv": [14, 2, 15, 2.5], "rotation": 90, "texture": "#0"},
				"east": {"uv": [14, 2, 15, 3.5], "rotation": 90, "texture": "#0"},
				"south": {"uv": [14, 2, 15, 2.5], "rotation": 90, "texture": "#0"},
				"west": {"uv": [14, 2, 15, 3.5], "rotation": 90, "texture": "#0"},
				"up": {"uv": [14, 2, 15.5, 2.5], "rotation": 90, "texture": "#0"},
				"down": {"uv": [14, 2, 15.5, 2.5], "rotation": 90, "texture": "#0"}
			}
		},
		{
			"from": [7.7, -2.65, 4.7],
			"to": [8.3, -2.55, 5.8],
			"rotation": {"angle": 0, "axis": "z", "origin": [8, -0.75, 3]},
			"faces": {
				"north": {"uv": [14, 2, 15, 2.5], "rotation": 180, "texture": "#0"},
				"east": {"uv": [14, 2, 15.5, 2.5], "rotation": 180, "texture": "#0"},
				"south": {"uv": [14, 2, 15, 2.5], "rotation": 180, "texture": "#0"},
				"west": {"uv": [14, 2, 15.5, 2.5], "rotation": 180, "texture": "#0"},
				"up": {"uv": [14, 2, 15, 3.5], "rotation": 180, "texture": "#0"},
				"down": {"uv": [14, 2, 15, 3.5], "rotation": 180, "texture": "#0"}
			}
		},
		{
			"from": [7.7, 0.95, 5.9],
			"to": [8.3, 1.05, 7],
			"rotation": {"angle": 45, "axis": "z", "origin": [8, 1, 5.74167]},
			"faces": {
				"north": {"uv": [14, 2, 15, 2.5], "rotation": 180, "texture": "#0"},
				"east": {"uv": [14, 2, 15.5, 2.5], "rotation": 180, "texture": "#0"},
				"south": {"uv": [14, 2, 15, 2.5], "rotation": 180, "texture": "#0"},
				"west": {"uv": [14, 2, 15.5, 2.5], "rotation": 180, "texture": "#0"},
				"up": {"uv": [14, 2, 15, 3.5], "rotation": 180, "texture": "#0"},
				"down": {"uv": [14, 2, 15, 3.5], "rotation": 180, "texture": "#0"}
			}
		},
		{
			"from": [6.39185, -2.10815, 4.7],
			"to": [6.99185, -2.00815, 5.8],
			"rotation": {"angle": 45, "axis": "z", "origin": [6.69185, -2.05815, 5]},
			"faces": {
				"north": {"uv": [14, 2, 15, 2.5], "rotation": 180, "texture": "#0"},
				"east": {"uv": [14, 2, 15.5, 2.5], "rotation": 180, "texture": "#0"},
				"south": {"uv": [14, 2, 15, 2.5], "rotation": 180, "texture": "#0"},
				"west": {"uv": [14, 2, 15.5, 2.5], "rotation": 180, "texture": "#0"},
				"up": {"uv": [14, 2, 15, 3.5], "rotation": 180, "texture": "#0"},
				"down": {"uv": [14, 2, 15, 3.5], "rotation": 180, "texture": "#0"}
			}
		},
		{
			"from": [6.1, -1.05, 4.7],
			"to": [6.2, -0.45, 5.8],
			"rotation": {"angle": 45, "axis": "z", "origin": [8, -0.75, 3]},
			"faces": {
				"north": {"uv": [14, 2, 15, 2.5], "rotation": 270, "texture": "#0"},
				"east": {"uv": [14, 2, 15, 3.5], "rotation": 270, "texture": "#0"},
				"south": {"uv": [14, 2, 15, 2.5], "rotation": 270, "texture": "#0"},
				"west": {"uv": [14, 2, 15, 3.5], "rotation": 270, "texture": "#0"},
				"up": {"uv": [14, 2, 15.5, 2.5], "rotation": 270, "texture": "#0"},
				"down": {"uv": [14, 2, 15.5, 2.5], "rotation": 270, "texture": "#0"}
			}
		},
		{
			"from": [5.85, -0.8, 4.7],
			"to": [6.45, -0.7, 5.8],
			"rotation": {"angle": 0, "axis": "z", "origin": [6.15, -0.75, 5]},
			"faces": {
				"north": {"uv": [14, 2, 15, 2.5], "rotation": 180, "texture": "#0"},
				"east": {"uv": [14, 2, 15.5, 2.5], "rotation": 180, "texture": "#0"},
				"south": {"uv": [14, 2, 15, 2.5], "rotation": 180, "texture": "#0"},
				"west": {"uv": [14, 2, 15.5, 2.5], "rotation": 180, "texture": "#0"},
				"up": {"uv": [14, 2, 15, 3.5], "rotation": 180, "texture": "#0"},
				"down": {"uv": [14, 2, 15, 3.5], "rotation": 180, "texture": "#0"}
			}
		},
		{
			"from": [6.1, -1.05, 4.7],
			"to": [6.2, -0.45, 5.8],
			"rotation": {"angle": 0, "axis": "z", "origin": [8, -0.75, 3]},
			"faces": {
				"north": {"uv": [14, 2, 15, 2.5], "rotation": 270, "texture": "#0"},
				"east": {"uv": [14, 2, 15, 3.5], "rotation": 270, "texture": "#0"},
				"south": {"uv": [14, 2, 15, 2.5], "rotation": 270, "texture": "#0"},
				"west": {"uv": [14, 2, 15, 3.5], "rotation": 270, "texture": "#0"},
				"up": {"uv": [14, 2, 15.5, 2.5], "rotation": 270, "texture": "#0"},
				"down": {"uv": [14, 2, 15.5, 2.5], "rotation": 270, "texture": "#0"}
			}
		},
		{
			"from": [6.64185, 0.25815, 4.7],
			"to": [6.74185, 0.85815, 5.8],
			"rotation": {"angle": 45, "axis": "z", "origin": [6.69185, 0.55815, 5.25]},
			"faces": {
				"north": {"uv": [14, 2, 15, 2.5], "rotation": 270, "texture": "#0"},
				"east": {"uv": [14, 2, 15, 3.5], "rotation": 270, "texture": "#0"},
				"south": {"uv": [14, 2, 15, 2.5], "rotation": 270, "texture": "#0"},
				"west": {"uv": [14, 2, 15, 3.5], "rotation": 270, "texture": "#0"},
				"up": {"uv": [14, 2, 15.5, 2.5], "rotation": 270, "texture": "#0"},
				"down": {"uv": [14, 2, 15.5, 2.5], "rotation": 270, "texture": "#0"}
			}
		},
		{
			"from": [7.24, -0.07, 9.38],
			"to": [8.76, 1.45, 11.9],
			"rotation": {"angle": 0, "axis": "y", "origin": [8, 7.65, 16.45]},
			"faces": {
				"north": {"uv": [4, 8, 5.5, 9.5], "rotation": 270, "texture": "#0"},
				"east": {"uv": [5.5, 8.5, 7, 11], "rotation": 90, "texture": "#0"},
				"south": {"uv": [2, 4, 3.5, 6.5], "rotation": 270, "texture": "#0"},
				"west": {"uv": [5.5, 8.5, 7, 11], "rotation": 270, "texture": "#0"},
				"up": {"uv": [5.5, 8.5, 7, 11], "texture": "#0"},
				"down": {"uv": [5.5, 8.5, 7, 11], "rotation": 180, "texture": "#0"}
			}
		},
		{
			"from": [7.30043, -0.57704, 11.4714],
			"to": [8.70043, 0.82296, 14.8714],
			"rotation": {"angle": 22.5, "axis": "x", "origin": [8.01902, 0.11644, 13.15932]},
			"faces": {
				"north": {"uv": [3, 4, 4.4, 5.4], "texture": "#0"},
				"east": {"uv": [3, 4, 6.4, 5.4], "texture": "#0"},
				"south": {"uv": [3, 4, 4.4, 5.4], "texture": "#0"},
				"west": {"uv": [3, 4, 6.4, 5.4], "texture": "#0"},
				"up": {"uv": [3, 4, 4.4, 7.4], "texture": "#0"},
				"down": {"uv": [3, 4, 4.4, 7.4], "texture": "#0"}
			}
		},
		{
			"from": [7.50187, -2.68305, 13.21614],
			"to": [8.50187, 0.31695, 14.21614],
			"rotation": {"angle": 22.5, "axis": "x", "origin": [8.02501, -1.17491, 13.70179]},
			"faces": {
				"north": {"uv": [1.5, 12.5, 4.5, 13.5], "rotation": 90, "texture": "#0"},
				"east": {"uv": [1.5, 12.5, 4.5, 13.5], "rotation": 90, "texture": "#0"},
				"south": {"uv": [1.5, 12.5, 4.5, 13.5], "rotation": 90, "texture": "#0"},
				"west": {"uv": [1.5, 12.5, 4.5, 13.5], "rotation": 90, "texture": "#0"},
				"up": {"uv": [1.5, 12.5, 2.5, 13.5], "rotation": 90, "texture": "#0"},
				"down": {"uv": [1.5, 12.5, 2.5, 13.5], "rotation": 90, "texture": "#0"}
			}
		},
		{
			"from": [7.6007, -2.74717, 12.17823],
			"to": [8.4007, 2.05283, 12.97823],
			"rotation": {"angle": -45, "axis": "x", "origin": [8.02705, -1.33108, 12.58813]},
			"faces": {
				"north": {"uv": [1.5, 12.5, 6.3, 13.3], "rotation": 270, "texture": "#0"},
				"east": {"uv": [1.5, 12.5, 6.3, 13.3], "rotation": 270, "texture": "#0"},
				"south": {"uv": [1.5, 12.5, 6.3, 13.3], "rotation": 270, "texture": "#0"},
				"west": {"uv": [1.5, 12.5, 6.3, 13.3], "rotation": 270, "texture": "#0"},
				"up": {"uv": [1.5, 12.5, 2.3, 13.3], "rotation": 270, "texture": "#0"},
				"down": {"uv": [1.5, 12.5, 2.3, 13.3], "rotation": 270, "texture": "#0"}
			}
		},
		{
			"from": [7.721, -1.53894, 7.52889],
			"to": [8.281, -0.97894, 8.08889],
			"rotation": {"angle": 0, "axis": "x", "origin": [8.01366, -0.76124, 7.79106]},
			"faces": {
				"north": {"uv": [12, 14.5, 13, 15.5], "rotation": 90, "texture": "#0"},
				"east": {"uv": [12, 14.5, 13, 15.5], "rotation": 90, "texture": "#0"},
				"south": {"uv": [12, 14.5, 13, 15.5], "rotation": 90, "texture": "#0"},
				"west": {"uv": [12, 14.5, 13, 15.5], "rotation": 90, "texture": "#0"},
				"up": {"uv": [12, 14.5, 13, 15.5], "rotation": 90, "texture": "#0"},
				"down": {"uv": [12, 14.5, 13, 15.5], "rotation": 90, "texture": "#0"}
			}
		},
		{
			"from": [7.81633, -2.16747, 11.22684],
			"to": [8.17633, -1.80747, 11.58684],
			"rotation": {"angle": -22.5, "axis": "x", "origin": [8.01112, -1.68627, 11.12716]},
			"faces": {
				"north": {"uv": [12, 14.5, 13, 15.5], "rotation": 270, "texture": "#0"},
				"east": {"uv": [12, 14.5, 13, 15.5], "rotation": 270, "texture": "#0"},
				"south": {"uv": [12, 14.5, 13, 15.5], "rotation": 270, "texture": "#0"},
				"west": {"uv": [12, 14.5, 13, 15.5], "rotation": 270, "texture": "#0"},
				"up": {"uv": [12, 14.5, 13, 15.5], "rotation": 270, "texture": "#0"},
				"down": {"uv": [12, 14.5, 13, 15.5], "rotation": 270, "texture": "#0"}
			}
		},
		{
			"from": [7.69633, -2.46815, 11.30919],
			"to": [8.29633, -1.86815, 11.90919],
			"rotation": {"angle": 22.5, "axis": "x", "origin": [8.01643, -2.16409, 11.59212]},
			"faces": {
				"north": {"uv": [12, 14.5, 13, 15.5], "texture": "#0"},
				"east": {"uv": [12, 14.5, 13, 15.5], "texture": "#0"},
				"south": {"uv": [12, 14.5, 13, 15.5], "texture": "#0"},
				"west": {"uv": [12, 14.5, 13, 15.5], "texture": "#0"},
				"up": {"uv": [12, 14.5, 13, 15.5], "texture": "#0"},
				"down": {"uv": [12, 14.5, 13, 15.5], "texture": "#0"}
			}
		},
		{
			"from": [7.74093, -2.10901, 6.86914],
			"to": [8.26093, -1.58901, 7.38914],
			"rotation": {"angle": -22.5, "axis": "x", "origin": [8.01283, 0.15484, 7.11339]},
			"faces": {
				"north": {"uv": [12, 14.5, 13, 15.5], "rotation": 90, "texture": "#0"},
				"east": {"uv": [12, 14.5, 13, 15.5], "rotation": 90, "texture": "#0"},
				"south": {"uv": [12, 14.5, 13, 15.5], "rotation": 90, "texture": "#0"},
				"west": {"uv": [12, 14.5, 13, 15.5], "rotation": 90, "texture": "#0"},
				"up": {"uv": [12, 14.5, 13, 15.5], "rotation": 90, "texture": "#0"},
				"down": {"uv": [12, 14.5, 13, 15.5], "rotation": 90, "texture": "#0"}
			}
		},
		{
			"from": [7.81763, -1.78924, 10.97557],
			"to": [8.17763, -1.42924, 11.33557],
			"rotation": {"angle": 45, "axis": "x", "origin": [8.0147, -1.8426, 11.23262]},
			"faces": {
				"north": {"uv": [12, 14.5, 13, 15.5], "rotation": 180, "texture": "#0"},
				"east": {"uv": [12, 14.5, 13, 15.5], "rotation": 180, "texture": "#0"},
				"south": {"uv": [12, 14.5, 13, 15.5], "rotation": 180, "texture": "#0"},
				"west": {"uv": [12, 14.5, 13, 15.5], "rotation": 180, "texture": "#0"},
				"up": {"uv": [12, 14.5, 13, 15.5], "rotation": 180, "texture": "#0"},
				"down": {"uv": [12, 14.5, 13, 15.5], "rotation": 180, "texture": "#0"}
			}
		},
		{
			"from": [7.76071, -2.57564, 7.17197],
			"to": [8.24071, -2.09564, 7.65197],
			"rotation": {"angle": -45, "axis": "x", "origin": [8.01358, -1.3259, 7.39809]},
			"faces": {
				"north": {"uv": [12, 14.5, 13, 15.5], "rotation": 90, "texture": "#0"},
				"east": {"uv": [12, 14.5, 13, 15.5], "rotation": 90, "texture": "#0"},
				"south": {"uv": [12, 14.5, 13, 15.5], "rotation": 90, "texture": "#0"},
				"west": {"uv": [12, 14.5, 13, 15.5], "rotation": 90, "texture": "#0"},
				"up": {"uv": [12, 14.5, 13, 15.5], "rotation": 90, "texture": "#0"},
				"down": {"uv": [12, 14.5, 13, 15.5], "rotation": 90, "texture": "#0"}
			}
		},
		{
			"from": [7.81847, -1.79091, 10.76528],
			"to": [8.17847, -1.43091, 11.12528],
			"rotation": {"angle": 22.5, "axis": "x", "origin": [8.01686, -1.94703, 11.38936]},
			"faces": {
				"north": {"uv": [12, 14.5, 13, 15.5], "rotation": 180, "texture": "#0"},
				"east": {"uv": [12, 14.5, 13, 15.5], "rotation": 180, "texture": "#0"},
				"south": {"uv": [12, 14.5, 13, 15.5], "rotation": 180, "texture": "#0"},
				"west": {"uv": [12, 14.5, 13, 15.5], "rotation": 180, "texture": "#0"},
				"up": {"uv": [12, 14.5, 13, 15.5], "rotation": 180, "texture": "#0"},
				"down": {"uv": [12, 14.5, 13, 15.5], "rotation": 180, "texture": "#0"}
			}
		},
		{
			"from": [7.78027, -2.45291, 8.21807],
			"to": [8.22027, -2.01291, 8.65807],
			"rotation": {"angle": 22.5, "axis": "x", "origin": [8.01502, -2.23021, 8.42062]},
			"faces": {
				"north": {"uv": [12, 14.5, 13, 15.5], "texture": "#0"},
				"east": {"uv": [12, 14.5, 13, 15.5], "texture": "#0"},
				"south": {"uv": [12, 14.5, 13, 15.5], "texture": "#0"},
				"west": {"uv": [12, 14.5, 13, 15.5], "texture": "#0"},
				"up": {"uv": [12, 14.5, 13, 15.5], "texture": "#0"},
				"down": {"uv": [12, 14.5, 13, 15.5], "texture": "#0"}
			}
		},
		{
			"from": [7.81886, -1.5917, 10.65023],
			"to": [8.17886, -1.2317, 11.01023],
			"rotation": {"angle": 0, "axis": "x", "origin": [8.01685, -1.98438, 11.57409]},
			"faces": {
				"north": {"uv": [12, 14.5, 13, 15.5], "rotation": 180, "texture": "#0"},
				"east": {"uv": [12, 14.5, 13, 15.5], "rotation": 180, "texture": "#0"},
				"south": {"uv": [12, 14.5, 13, 15.5], "rotation": 180, "texture": "#0"},
				"west": {"uv": [12, 14.5, 13, 15.5], "rotation": 180, "texture": "#0"},
				"up": {"uv": [12, 14.5, 13, 15.5], "rotation": 180, "texture": "#0"},
				"down": {"uv": [12, 14.5, 13, 15.5], "rotation": 180, "texture": "#0"}
			}
		},
		{
			"from": [7.79967, -2.25416, 8.43437],
			"to": [8.19967, -1.85416, 10.83437],
			"rotation": {"angle": -22.5, "axis": "x", "origin": [8.01592, -2.04682, 9.1189]},
			"faces": {
				"north": {"uv": [12, 14.5, 13, 15.5], "texture": "#0"},
				"east": {"uv": [12, 14.5, 13, 15.5], "texture": "#0"},
				"south": {"uv": [12, 14.5, 13, 15.5], "texture": "#0"},
				"west": {"uv": [12, 14.5, 13, 15.5], "texture": "#0"},
				"up": {"uv": [12, 14.5, 13, 15.5], "texture": "#0"},
				"down": {"uv": [12, 14.5, 13, 15.5], "texture": "#0"}
			}
		},
		{
			"from": [7.6, 1.25835, 5.84204],
			"to": [8.4, 1.55835, 6.64204],
			"rotation": {"angle": 45, "axis": "y", "origin": [8.00913, 1.40873, 6.23253]},
			"faces": {
				"north": {"uv": [11.5, 14, 12.3, 14.3], "texture": "#0"},
				"east": {"uv": [11.5, 14, 12.3, 14.3], "texture": "#0"},
				"south": {"uv": [11.5, 14, 12.3, 14.3], "texture": "#0"},
				"west": {"uv": [11.5, 14, 12.3, 14.3], "texture": "#0"},
				"up": {"uv": [11.5, 14, 12.3, 14.3], "texture": "#0"},
				"down": {"uv": [11.5, 14, 12.3, 14.3], "texture": "#0"}
			}
		},
		{
			"from": [7.55, 1.6, 6.25],
			"to": [8.45, 2, 7.65],
			"rotation": {"angle": -22.5, "axis": "x", "origin": [7.99433, 1.81223, 7.19346]},
			"faces": {
				"north": {"uv": [11.5, 14, 12.3, 14.3], "texture": "#0"},
				"east": {"uv": [11.5, 14, 12.3, 14.3], "texture": "#0"},
				"south": {"uv": [11.5, 14, 12.3, 14.3], "texture": "#0"},
				"west": {"uv": [11.5, 14, 12.3, 14.3], "texture": "#0"},
				"up": {"uv": [11.5, 14, 12.3, 14.3], "texture": "#0"},
				"down": {"uv": [11.5, 14, 12.3, 14.3], "texture": "#0"}
			}
		},
		{
			"from": [7.54833, 1.51625, 8.29871],
			"to": [8.44833, 1.91625, 9.69871],
			"rotation": {"angle": 22.5, "axis": "x", "origin": [8.01258, 1.71483, 8.98838]},
			"faces": {
				"north": {"uv": [11.5, 14, 12.3, 14.3], "texture": "#0"},
				"east": {"uv": [11.5, 14, 12.3, 14.3], "texture": "#0"},
				"south": {"uv": [11.5, 14, 12.3, 14.3], "texture": "#0"},
				"west": {"uv": [11.5, 14, 12.3, 14.3], "texture": "#0"},
				"up": {"uv": [11.5, 14, 12.3, 14.3], "texture": "#0"},
				"down": {"uv": [11.5, 14, 12.3, 14.3], "texture": "#0"}
			}
		},
		{
			"from": [7.49825, -0.15372, 8.87042],
			"to": [8.49825, 1.34628, 10.37042],
			"rotation": {"angle": 45, "axis": "x", "origin": [8.01287, 0.8375, 9.86458]},
			"faces": {
				"north": {"uv": [11.5, 14, 12.3, 14.3], "texture": "#0"},
				"east": {"uv": [11.5, 14, 12.3, 14.3], "texture": "#0"},
				"south": {"uv": [11.5, 14, 12.3, 14.3], "texture": "#0"},
				"west": {"uv": [11.5, 14, 12.3, 14.3], "texture": "#0"},
				"up": {"uv": [11.5, 14, 12.3, 14.3], "texture": "#0"},
				"down": {"uv": [11.5, 14, 12.3, 14.3], "texture": "#0"}
			}
		},
		{
			"from": [7.85, 1.65, 6],
			"to": [8.15, 1.95, 9],
			"rotation": {"angle": -22.5, "axis": "x", "origin": [8.34433, 1.71223, 6.99346]},
			"faces": {
				"north": {"uv": [4, 8, 7, 8.3], "texture": "#0"},
				"east": {"uv": [4, 8, 7, 8.3], "texture": "#0"},
				"south": {"uv": [4, 8, 7, 8.3], "texture": "#0"},
				"west": {"uv": [4, 8, 7, 8.3], "texture": "#0"},
				"up": {"uv": [4, 8, 7, 8.3], "texture": "#0"},
				"down": {"uv": [4, 8, 7, 8.3], "texture": "#0"}
			}
		},
		{
			"from": [7.55849, 1.77165, 7.55367],
			"to": [8.43849, 2.15165, 8.43367],
			"rotation": {"angle": 0, "axis": "x", "origin": [7.99281, 1.97388, 8.48714]},
			"faces": {
				"north": {"uv": [11.5, 14, 12.3, 14.3], "texture": "#0"},
				"east": {"uv": [11.5, 14, 12.3, 14.3], "texture": "#0"},
				"south": {"uv": [11.5, 14, 12.3, 14.3], "texture": "#0"},
				"west": {"uv": [11.5, 14, 12.3, 14.3], "texture": "#0"},
				"up": {"uv": [11.5, 14, 12.3, 14.3], "texture": "#0"},
				"down": {"uv": [11.5, 14, 12.3, 14.3], "texture": "#0"}
			}
		},
		{
			"from": [7.86045, 1.45365, 8.39552],
			"to": [8.14045, 2.43365, 8.67552],
			"rotation": {"angle": -22.5, "axis": "x", "origin": [8.01159, 2.74876, 8.2291]},
			"faces": {
				"north": {"uv": [4, 8, 7, 8.3], "rotation": 270, "texture": "#0"},
				"east": {"uv": [4, 8, 7, 8.3], "rotation": 270, "texture": "#0"},
				"south": {"uv": [4, 8, 7, 8.3], "rotation": 270, "texture": "#0"},
				"west": {"uv": [4, 8, 7, 8.3], "rotation": 270, "texture": "#0"},
				"up": {"uv": [4, 8, 7, 8.3], "rotation": 270, "texture": "#0"},
				"down": {"uv": [4, 8, 7, 8.3], "rotation": 270, "texture": "#0"}
			}
		},
		{
			"from": [4.55, 0.20213, -1.62043],
			"to": [6.55, 2.20213, -0.72043],
			"rotation": {"angle": -45, "axis": "z", "origin": [5.05, 0.70213, -0.87043]},
			"faces": {
				"north": {"uv": [13, 8, 15, 10], "rotation": 90, "texture": "#0"},
				"east": {"uv": [13.5, 9, 15.5, 10.2], "rotation": 90, "texture": "#0"},
				"south": {"uv": [13, 8, 15, 10], "texture": "#0"},
				"west": {"uv": [13, 8, 15, 9.2], "rotation": 90, "texture": "#0"},
				"up": {"uv": [13, 8, 14, 10], "rotation": 270, "texture": "#0"},
				"down": {"uv": [15, 8.5, 16, 10.5], "rotation": 90, "texture": "#0"}
			}
		},
		{
			"from": [9.45, 0.20213, -1.62043],
			"to": [11.45, 2.20213, -0.72043],
			"rotation": {"angle": 45, "axis": "z", "origin": [10.95, 0.70213, -0.87043]},
			"faces": {
				"north": {"uv": [13, 10, 15, 8], "rotation": 90, "texture": "#0"},
				"east": {"uv": [13, 9.2, 15, 8], "rotation": 90, "texture": "#0"},
				"south": {"uv": [15, 8, 13, 10], "texture": "#0"},
				"west": {"uv": [13.5, 10.2, 15.5, 9], "rotation": 90, "texture": "#0"},
				"up": {"uv": [13, 10, 14, 8], "rotation": 270, "texture": "#0"},
				"down": {"uv": [15, 10.5, 16, 8.5], "rotation": 90, "texture": "#0"}
			}
		},
		{
			"from": [5.45, 1.65213, -2.07043],
			"to": [6.05, 2.25213, -0.97043],
			"rotation": {"angle": -45, "axis": "z", "origin": [5.75, 1.95213, -1.52043]},
			"faces": {
				"north": {"uv": [12.5, 7.5, 13.5, 8.5], "rotation": 90, "texture": "#0"},
				"east": {"uv": [12.5, 7.5, 13.5, 8.5], "texture": "#0"},
				"south": {"uv": [12.5, 7.5, 13.5, 8.5], "rotation": 90, "texture": "#0"},
				"west": {"uv": [12.5, 7.5, 13.5, 8.5], "texture": "#0"},
				"up": {"uv": [12.5, 7.5, 13.5, 8.5], "rotation": 90, "texture": "#0"},
				"down": {"uv": [12.5, 7.5, 13.5, 8.5], "texture": "#0"}
			}
		},
		{
			"from": [5.25, 1.45213, -1.77043],
			"to": [6.25, 2.45213, -0.57043],
			"rotation": {"angle": -45, "axis": "z", "origin": [5.75, 1.95213, -1.02043]},
			"faces": {
				"north": {"uv": [5, 13, 6, 14], "rotation": 90, "texture": "#0"},
				"east": {"uv": [5, 13, 6, 14], "rotation": 90, "texture": "#0"},
				"south": {"uv": [5, 13, 6, 14], "rotation": 90, "texture": "#0"},
				"west": {"uv": [5, 13, 6, 14], "rotation": 90, "texture": "#0"},
				"up": {"uv": [5, 13, 6, 14], "rotation": 90, "texture": "#0"},
				"down": {"uv": [5, 13, 6, 14], "rotation": 90, "texture": "#0"}
			}
		},
		{
			"from": [4.04, -0.80787, -1.53043],
			"to": [7.06, 2.21213, -0.51043],
			"rotation": {"angle": 0, "axis": "z", "origin": [6.55, 0.20213, -1.02043]},
			"faces": {
				"north": {"uv": [3, 0, 6, 3], "texture": "#0"},
				"east": {"uv": [3, 0, 4, 3], "texture": "#0"},
				"south": {"uv": [3, 0, 6, 3], "texture": "#0"},
				"west": {"uv": [3, 0, 4, 3], "texture": "#0"},
				"up": {"uv": [3, 0, 6, 1], "texture": "#0"},
				"down": {"uv": [3, 0, 6, 1], "texture": "#0"}
			}
		},
		{
			"from": [4.3185, 0.85228, -1.52043],
			"to": [6.1185, 2.85228, -0.52043],
			"rotation": {"angle": 22.5, "axis": "z", "origin": [5.8185, 1.85228, -1.02043]},
			"faces": {
				"north": {"uv": [3, 0, 4.8, 2], "texture": "#0"},
				"east": {"uv": [3, 0, 4, 2], "texture": "#0"},
				"south": {"uv": [3, 0, 4.8, 2], "texture": "#0"},
				"west": {"uv": [3, 0, 4, 2], "texture": "#0"},
				"up": {"uv": [3, 0, 4.8, 1], "texture": "#0"},
				"down": {"uv": [3, 0, 4.8, 1], "texture": "#0"}
			}
		},
		{
			"from": [5.26171, 0.62367, -1.51943],
			"to": [7.05971, 2.62167, -0.52143],
			"rotation": {"angle": -22.5, "axis": "z", "origin": [6.16071, 1.62267, -1.02043]},
			"faces": {
				"north": {"uv": [3, 0, 4.8, 2], "texture": "#0"},
				"east": {"uv": [3, 0, 4, 2], "texture": "#0"},
				"south": {"uv": [3, 0, 4.8, 2], "texture": "#0"},
				"west": {"uv": [3, 0, 4, 2], "texture": "#0"},
				"up": {"uv": [3, 0, 4.8, 1], "texture": "#0"},
				"down": {"uv": [3, 0, 4.8, 1], "texture": "#0"}
			}
		},
		{
			"from": [4.3222, -1.44356, -1.51643],
			"to": [6.1122, 0.54644, -0.52643],
			"rotation": {"angle": -22.5, "axis": "z", "origin": [5.8172, -0.44856, -1.02143]},
			"faces": {
				"north": {"uv": [3, 2, 4.8, 4], "texture": "#0"},
				"east": {"uv": [3, 2, 4, 4], "texture": "#0"},
				"south": {"uv": [3, 2, 4.8, 4], "texture": "#0"},
				"west": {"uv": [3, 2, 4, 4], "texture": "#0"},
				"up": {"uv": [3, 2, 4.8, 3], "texture": "#0"},
				"down": {"uv": [3, 2, 4.8, 3], "texture": "#0"}
			}
		},
		{
			"from": [5.2644, -1.21395, -1.51643],
			"to": [7.0544, 0.77605, -0.52643],
			"rotation": {"angle": 22.5, "axis": "z", "origin": [6.1594, -0.21895, -1.02143]},
			"faces": {
				"north": {"uv": [3, 2, 4.8, 4], "texture": "#0"},
				"east": {"uv": [3, 2, 4, 4], "texture": "#0"},
				"south": {"uv": [3, 2, 4.8, 4], "texture": "#0"},
				"west": {"uv": [3, 2, 4, 4], "texture": "#0"},
				"up": {"uv": [3, 2, 4.8, 3], "texture": "#0"},
				"down": {"uv": [3, 2, 4.8, 3], "texture": "#0"}
			}
		},
		{
			"from": [5.25, -1.04787, -1.77043],
			"to": [6.25, -0.04787, -0.57043],
			"rotation": {"angle": -45, "axis": "z", "origin": [5.75, -0.54787, -1.02043]},
			"faces": {
				"north": {"uv": [5, 13, 6, 14], "rotation": 90, "texture": "#0"},
				"east": {"uv": [5, 13, 6, 14], "rotation": 90, "texture": "#0"},
				"south": {"uv": [5, 13, 6, 14], "rotation": 90, "texture": "#0"},
				"west": {"uv": [5, 13, 6, 14], "rotation": 90, "texture": "#0"},
				"up": {"uv": [5, 13, 6, 14], "rotation": 90, "texture": "#0"},
				"down": {"uv": [5, 13, 6, 14], "rotation": 90, "texture": "#0"}
			}
		},
		{
			"from": [5.45, -0.84787, -2.07043],
			"to": [6.05, -0.24787, -0.97043],
			"rotation": {"angle": -45, "axis": "z", "origin": [5.75, -0.54787, -1.52043]},
			"faces": {
				"north": {"uv": [12.5, 7.5, 13.5, 8.5], "rotation": 90, "texture": "#0"},
				"east": {"uv": [12.5, 7.5, 13.5, 8.5], "texture": "#0"},
				"south": {"uv": [12.5, 7.5, 13.5, 8.5], "rotation": 90, "texture": "#0"},
				"west": {"uv": [12.5, 7.5, 13.5, 8.5], "rotation": 270, "texture": "#0"},
				"up": {"uv": [12.5, 7.5, 13.5, 8.5], "rotation": 90, "texture": "#0"},
				"down": {"uv": [12.5, 7.5, 13.5, 8.5], "texture": "#0"}
			}
		},
		{
			"from": [1.93561, 0.45213, -0.10396],
			"to": [5.53561, 0.95213, 0.99604],
			"rotation": {"angle": 45, "axis": "y", "origin": [2.94593, 0.70213, 0.653]},
			"faces": {
				"north": {"uv": [2, 13, 5.6, 13.5], "texture": "#0"},
				"east": {"uv": [2, 13, 3.1, 13.5], "texture": "#0"},
				"south": {"uv": [2, 13, 5.6, 13.5], "texture": "#0"},
				"west": {"uv": [2, 13, 5.6, 13.5], "texture": "#0"},
				"up": {"uv": [2, 13, 5.6, 13.5], "texture": "#0"},
				"down": {"uv": [2, 13, 5.6, 13.5], "texture": "#0"}
			}
		},
		{
			"from": [1.99186, -0.29787, -0.04494],
			"to": [5.24186, 1.70213, 0.95506],
			"rotation": {"angle": 45, "axis": "y", "origin": [2.94593, 0.70213, 0.653]},
			"faces": {
				"north": {"uv": [3, 0, 6.25, 2], "texture": "#0"},
				"east": {"uv": [0, 1, 2, 2], "rotation": 90, "texture": "#0"},
				"south": {"uv": [3, 0, 6.25, 2], "texture": "#0"},
				"west": {"uv": [1.5, 1, 3.5, 2], "rotation": 270, "texture": "#0"},
				"up": {"uv": [2, 2, 5.25, 3], "rotation": 180, "texture": "#0"},
				"down": {"uv": [3, 0, 6.25, 1], "texture": "#0"}
			}
		},
		{
			"from": [2.5, 0.40213, -0.82043],
			"to": [3.1, 1.00213, -0.22043],
			"rotation": {"angle": -45, "axis": "z", "origin": [2.8, 0.70213, -0.27043]},
			"faces": {
				"north": {"uv": [14, 7.5, 15, 8.5], "rotation": 90, "texture": "#0"},
				"east": {"uv": [14, 7.5, 15, 8.5], "texture": "#0"},
				"south": {"uv": [13.5, 7.5, 14.5, 8.5], "texture": "#0"},
				"west": {"uv": [13.5, 7.5, 14.5, 8.5], "rotation": 270, "texture": "#0"},
				"up": {"uv": [14, 7.5, 15, 8.5], "texture": "#0"},
				"down": {"uv": [14.5, 8, 15.5, 9], "texture": "#0"}
			}
		},
		{
			"from": [2.3, 0.20213, -0.52043],
			"to": [3.3, 1.20213, 0.47957],
			"rotation": {"angle": -45, "axis": "z", "origin": [2.8, 0.70213, 0.22957]},
			"faces": {
				"north": {"uv": [4.5, 12.5, 5.5, 13.5], "rotation": 90, "texture": "#0"},
				"east": {"uv": [4.5, 12.5, 5.5, 13.5], "rotation": 90, "texture": "#0"},
				"south": {"uv": [4.5, 12.5, 5.5, 13.5], "rotation": 90, "texture": "#0"},
				"west": {"uv": [4.5, 12.5, 5.5, 13.5], "rotation": 90, "texture": "#0"},
				"up": {"uv": [4.5, 12.5, 5.5, 13.5], "rotation": 90, "texture": "#0"},
				"down": {"uv": [4.5, 12.5, 5.5, 13.5], "rotation": 90, "texture": "#0"}
			}
		},
		{
			"from": [2.7723, 0.45213, 1.32426],
			"to": [3.8723, 0.95213, 4.92426],
			"rotation": {"angle": -22.5, "axis": "y", "origin": [3.47127, 0.80213, -1.62657]},
			"faces": {
				"north": {"uv": [2, 13.5, 5.6, 14], "texture": "#0"},
				"east": {"uv": [2, 13.5, 5.6, 14], "texture": "#0"},
				"south": {"uv": [2, 13.5, 3.1, 14], "texture": "#0"},
				"west": {"uv": [2, 13.5, 5.6, 14], "texture": "#0"},
				"up": {"uv": [2, 13.5, 5.6, 14], "texture": "#0"},
				"down": {"uv": [2, 13.5, 5.6, 14], "texture": "#0"}
			}
		},
		{
			"from": [0.25678, 0.80213, 5.77377],
			"to": [7.95678, 1.00213, 5.97377],
			"rotation": {"angle": -22.5, "axis": "y", "origin": [4.80678, 0.90213, 6.57377]},
			"faces": {
				"north": {"uv": [12, 11.5, 13.1, 12], "rotation": 180, "texture": "#0"},
				"east": {"uv": [12, 11.5, 13.1, 12], "texture": "#0"},
				"south": {"uv": [12, 11.5, 13.1, 12], "texture": "#0"},
				"west": {"uv": [12, 11.5, 13.1, 12], "texture": "#0"},
				"up": {"uv": [12, 11.5, 13.1, 12], "texture": "#0"},
				"down": {"uv": [12, 11.5, 13.1, 12], "texture": "#0"}
			}
		},
		{
			"from": [8.04322, 0.80213, 5.77377],
			"to": [15.74322, 1.00213, 5.97377],
			"rotation": {"angle": 22.5, "axis": "y", "origin": [11.19322, 0.90213, 6.57377]},
			"faces": {
				"north": {"uv": [13.1, 11.5, 12, 12], "rotation": 180, "texture": "#0"},
				"east": {"uv": [13.1, 11.5, 12, 12], "texture": "#0"},
				"south": {"uv": [13.1, 11.5, 12, 12], "texture": "#0"},
				"west": {"uv": [13.1, 11.5, 12, 12], "texture": "#0"},
				"up": {"uv": [13.1, 11.5, 12, 12], "texture": "#0"},
				"down": {"uv": [13.1, 11.5, 12, 12], "texture": "#0"}
			}
		},
		{
			"from": [2.94835, -0.19787, 1.29487],
			"to": [3.74835, 1.60213, 4.84487],
			"rotation": {"angle": -22.5, "axis": "y", "origin": [3.47127, 0.80213, -1.62657]},
			"faces": {
				"north": {"uv": [0, 1, 2, 2], "rotation": 90, "texture": "#0"},
				"east": {"uv": [3, 0, 6.75, 2], "texture": "#0"},
				"south": {"uv": [0, 1, 2, 2], "rotation": 270, "texture": "#0"},
				"west": {"uv": [2, 0, 5.75, 2], "texture": "#0"},
				"up": {"uv": [2, 1.5, 5.75, 2.5], "rotation": 90, "texture": "#0"},
				"down": {"uv": [3, 0, 6.75, 1], "rotation": 90, "texture": "#0"}
			}
		},
		{
			"from": [2.84835, -0.29787, 4.09487],
			"to": [3.84835, 1.70213, 5.09487],
			"rotation": {"angle": -22.5, "axis": "y", "origin": [3.47127, 0.80213, -1.62657]},
			"faces": {
				"north": {"uv": [6, 8.5, 7, 10.5], "texture": "#0"},
				"east": {"uv": [6, 8.5, 7, 10.5], "texture": "#0"},
				"south": {"uv": [6, 8.5, 7, 10.5], "texture": "#0"},
				"west": {"uv": [6, 8.5, 7, 10.5], "texture": "#0"},
				"up": {"uv": [6, 8.5, 7, 9.5], "texture": "#0"},
				"down": {"uv": [10, 4.5, 11, 5.5], "texture": "#0"}
			}
		},
		{
			"from": [9.95, 1.65213, -2.07043],
			"to": [10.55, 2.25213, -0.97043],
			"rotation": {"angle": 45, "axis": "z", "origin": [10.25, 1.95213, -1.52043]},
			"faces": {
				"north": {"uv": [12.5, 8.5, 13.5, 7.5], "rotation": 90, "texture": "#0"},
				"east": {"uv": [13.5, 7.5, 12.5, 8.5], "texture": "#0"},
				"south": {"uv": [12.5, 8.5, 13.5, 7.5], "rotation": 90, "texture": "#0"},
				"west": {"uv": [13.5, 7.5, 12.5, 8.5], "texture": "#0"},
				"up": {"uv": [12.5, 8.5, 13.5, 7.5], "rotation": 90, "texture": "#0"},
				"down": {"uv": [13.5, 7.5, 12.5, 8.5], "texture": "#0"}
			}
		},
		{
			"from": [9.75, 1.45213, -1.77043],
			"to": [10.75, 2.45213, -0.57043],
			"rotation": {"angle": 45, "axis": "z", "origin": [10.25, 1.95213, -1.02043]},
			"faces": {
				"north": {"uv": [5, 14, 6, 13], "rotation": 90, "texture": "#0"},
				"east": {"uv": [5, 14, 6, 13], "rotation": 90, "texture": "#0"},
				"south": {"uv": [5, 14, 6, 13], "rotation": 90, "texture": "#0"},
				"west": {"uv": [5, 14, 6, 13], "rotation": 90, "texture": "#0"},
				"up": {"uv": [5, 14, 6, 13], "rotation": 90, "texture": "#0"},
				"down": {"uv": [5, 14, 6, 13], "rotation": 90, "texture": "#0"}
			}
		},
		{
			"from": [8.94, -0.80787, -1.53043],
			"to": [11.96, 2.21213, -0.51043],
			"rotation": {"angle": 0, "axis": "z", "origin": [9.45, 0.20213, -1.02043]},
			"faces": {
				"north": {"uv": [6, 0, 3, 3], "texture": "#0"},
				"east": {"uv": [4, 0, 3, 3], "texture": "#0"},
				"south": {"uv": [6, 0, 3, 3], "texture": "#0"},
				"west": {"uv": [4, 0, 3, 3], "texture": "#0"},
				"up": {"uv": [6, 0, 3, 1], "texture": "#0"},
				"down": {"uv": [6, 0, 3, 1], "texture": "#0"}
			}
		},
		{
			"from": [9.8815, 0.85228, -1.52043],
			"to": [11.6815, 2.85228, -0.52043],
			"rotation": {"angle": -22.5, "axis": "z", "origin": [10.1815, 1.85228, -1.02043]},
			"faces": {
				"north": {"uv": [4.8, 0, 3, 2], "texture": "#0"},
				"east": {"uv": [4, 0, 3, 2], "texture": "#0"},
				"south": {"uv": [4.8, 0, 3, 2], "texture": "#0"},
				"west": {"uv": [4, 0, 3, 2], "texture": "#0"},
				"up": {"uv": [4.8, 0, 3, 1], "texture": "#0"},
				"down": {"uv": [4.8, 0, 3, 1], "texture": "#0"}
			}
		},
		{
			"from": [8.94029, 0.62367, -1.51943],
			"to": [10.73829, 2.62167, -0.52143],
			"rotation": {"angle": 22.5, "axis": "z", "origin": [9.83929, 1.62267, -1.02043]},
			"faces": {
				"north": {"uv": [4.8, 0, 3, 2], "texture": "#0"},
				"east": {"uv": [4, 0, 3, 2], "texture": "#0"},
				"south": {"uv": [4.8, 0, 3, 2], "texture": "#0"},
				"west": {"uv": [4, 0, 3, 2], "texture": "#0"},
				"up": {"uv": [4.8, 0, 3, 1], "texture": "#0"},
				"down": {"uv": [4.8, 0, 3, 1], "texture": "#0"}
			}
		},
		{
			"from": [9.8878, -1.44356, -1.51643],
			"to": [11.6778, 0.54644, -0.52643],
			"rotation": {"angle": 22.5, "axis": "z", "origin": [10.1828, -0.44856, -1.02143]},
			"faces": {
				"north": {"uv": [4.8, 2, 3, 4], "texture": "#0"},
				"east": {"uv": [4, 2, 3, 4], "texture": "#0"},
				"south": {"uv": [4.8, 2, 3, 4], "texture": "#0"},
				"west": {"uv": [4, 2, 3, 4], "texture": "#0"},
				"up": {"uv": [4.8, 2, 3, 3], "texture": "#0"},
				"down": {"uv": [4.8, 2, 3, 3], "texture": "#0"}
			}
		},
		{
			"from": [8.9456, -1.21395, -1.51643],
			"to": [10.7356, 0.77605, -0.52643],
			"rotation": {"angle": -22.5, "axis": "z", "origin": [9.8406, -0.21895, -1.02143]},
			"faces": {
				"north": {"uv": [4.8, 2, 3, 4], "texture": "#0"},
				"east": {"uv": [4, 2, 3, 4], "texture": "#0"},
				"south": {"uv": [4.8, 2, 3, 4], "texture": "#0"},
				"west": {"uv": [4, 2, 3, 4], "texture": "#0"},
				"up": {"uv": [4.8, 2, 3, 3], "texture": "#0"},
				"down": {"uv": [4.8, 2, 3, 3], "texture": "#0"}
			}
		},
		{
			"from": [9.75, -1.04787, -1.77043],
			"to": [10.75, -0.04787, -0.57043],
			"rotation": {"angle": 45, "axis": "z", "origin": [10.25, -0.54787, -1.02043]},
			"faces": {
				"north": {"uv": [5, 14, 6, 13], "rotation": 90, "texture": "#0"},
				"east": {"uv": [5, 14, 6, 13], "rotation": 90, "texture": "#0"},
				"south": {"uv": [5, 14, 6, 13], "rotation": 90, "texture": "#0"},
				"west": {"uv": [5, 14, 6, 13], "rotation": 90, "texture": "#0"},
				"up": {"uv": [5, 14, 6, 13], "rotation": 90, "texture": "#0"},
				"down": {"uv": [5, 14, 6, 13], "rotation": 90, "texture": "#0"}
			}
		},
		{
			"from": [9.95, -0.84787, -2.07043],
			"to": [10.55, -0.24787, -0.97043],
			"rotation": {"angle": 45, "axis": "z", "origin": [10.25, -0.54787, -1.52043]},
			"faces": {
				"north": {"uv": [12.5, 8.5, 13.5, 7.5], "rotation": 90, "texture": "#0"},
				"east": {"uv": [12.5, 8.5, 13.5, 7.5], "rotation": 270, "texture": "#0"},
				"south": {"uv": [12.5, 8.5, 13.5, 7.5], "rotation": 90, "texture": "#0"},
				"west": {"uv": [13.5, 7.5, 12.5, 8.5], "texture": "#0"},
				"up": {"uv": [12.5, 8.5, 13.5, 7.5], "rotation": 90, "texture": "#0"},
				"down": {"uv": [13.5, 7.5, 12.5, 8.5], "texture": "#0"}
			}
		},
		{
			"from": [10.46439, 0.45213, -0.10396],
			"to": [14.06439, 0.95213, 0.99604],
			"rotation": {"angle": -45, "axis": "y", "origin": [13.05407, 0.70213, 0.653]},
			"faces": {
				"north": {"uv": [5.6, 13, 2, 13.5], "texture": "#0"},
				"east": {"uv": [5.6, 13, 2, 13.5], "texture": "#0"},
				"south": {"uv": [5.6, 13, 2, 13.5], "texture": "#0"},
				"west": {"uv": [3.1, 13, 2, 13.5], "texture": "#0"},
				"up": {"uv": [5.6, 13, 2, 13.5], "texture": "#0"},
				"down": {"uv": [5.6, 13, 2, 13.5], "texture": "#0"}
			}
		},
		{
			"from": [3.94202, 0.45213, -0.90173],
			"to": [11.54202, 0.95213, -0.40173],
			"rotation": {"angle": 0, "axis": "y", "origin": [5.74202, 0.70213, -0.35173]},
			"faces": {
				"north": {"uv": [5.6, 13, 2, 13.5], "texture": "#0"},
				"east": {"uv": [5.6, 13, 2, 13.5], "texture": "#0"},
				"south": {"uv": [5.6, 13, 2, 13.5], "texture": "#0"},
				"west": {"uv": [3.1, 13, 2, 13.5], "texture": "#0"},
				"up": {"uv": [5.6, 13, 2, 13.5], "texture": "#0"},
				"down": {"uv": [5.6, 13, 2, 13.5], "texture": "#0"}
			}
		},
		{
			"from": [10.75814, -0.29787, -0.04494],
			"to": [14.00814, 1.70213, 0.95506],
			"rotation": {"angle": -45, "axis": "y", "origin": [13.05407, 0.70213, 0.653]},
			"faces": {
				"north": {"uv": [6.25, 0, 3, 2], "texture": "#0"},
				"east": {"uv": [1.5, 2, 3.5, 1], "rotation": 270, "texture": "#0"},
				"south": {"uv": [6.25, 0, 3, 2], "texture": "#0"},
				"west": {"uv": [0, 2, 2, 1], "rotation": 90, "texture": "#0"},
				"up": {"uv": [5.25, 2, 2, 3], "rotation": 180, "texture": "#0"},
				"down": {"uv": [6.25, 0, 3, 1], "texture": "#0"}
			}
		},
		{
			"from": [12.9, 0.40213, -0.82043],
			"to": [13.5, 1.00213, -0.22043],
			"rotation": {"angle": 45, "axis": "z", "origin": [13.2, 0.70213, -0.27043]},
			"faces": {
				"north": {"uv": [14, 8.5, 15, 7.5], "rotation": 90, "texture": "#0"},
				"east": {"uv": [13.5, 8.5, 14.5, 7.5], "rotation": 270, "texture": "#0"},
				"south": {"uv": [14.5, 7.5, 13.5, 8.5], "texture": "#0"},
				"west": {"uv": [15, 7.5, 14, 8.5], "texture": "#0"},
				"up": {"uv": [15, 7.5, 14, 8.5], "texture": "#0"},
				"down": {"uv": [15.5, 8, 14.5, 9], "texture": "#0"}
			}
		},
		{
			"from": [12.7, 0.20213, -0.52043],
			"to": [13.7, 1.20213, 0.47957],
			"rotation": {"angle": 45, "axis": "z", "origin": [13.2, 0.70213, 0.22957]},
			"faces": {
				"north": {"uv": [4.5, 13.5, 5.5, 12.5], "rotation": 90, "texture": "#0"},
				"east": {"uv": [4.5, 13.5, 5.5, 12.5], "rotation": 90, "texture": "#0"},
				"south": {"uv": [4.5, 13.5, 5.5, 12.5], "rotation": 90, "texture": "#0"},
				"west": {"uv": [4.5, 13.5, 5.5, 12.5], "rotation": 90, "texture": "#0"},
				"up": {"uv": [4.5, 13.5, 5.5, 12.5], "rotation": 90, "texture": "#0"},
				"down": {"uv": [4.5, 13.5, 5.5, 12.5], "rotation": 90, "texture": "#0"}
			}
		},
		{
			"from": [12.1277, 0.45213, 1.32426],
			"to": [13.2277, 0.95213, 4.92426],
			"rotation": {"angle": 22.5, "axis": "y", "origin": [12.52873, 0.80213, -1.62657]},
			"faces": {
				"north": {"uv": [5.6, 13.5, 2, 14], "texture": "#0"},
				"east": {"uv": [5.6, 13.5, 2, 14], "texture": "#0"},
				"south": {"uv": [3.1, 13.5, 2, 14], "texture": "#0"},
				"west": {"uv": [5.6, 13.5, 2, 14], "texture": "#0"},
				"up": {"uv": [5.6, 13.5, 2, 14], "texture": "#0"},
				"down": {"uv": [5.6, 13.5, 2, 14], "texture": "#0"}
			}
		},
		{
			"from": [12.25165, -0.19787, 1.29487],
			"to": [13.05165, 1.60213, 4.84487],
			"rotation": {"angle": 22.5, "axis": "y", "origin": [12.52873, 0.80213, -1.62657]},
			"faces": {
				"north": {"uv": [0, 2, 2, 1], "rotation": 90, "texture": "#0"},
				"east": {"uv": [5.75, 0, 2, 2], "texture": "#0"},
				"south": {"uv": [0, 2, 2, 1], "rotation": 270, "texture": "#0"},
				"west": {"uv": [6.75, 0, 3, 2], "texture": "#0"},
				"up": {"uv": [2, 2.5, 5.75, 1.5], "rotation": 90, "texture": "#0"},
				"down": {"uv": [3, 1, 6.75, 0], "rotation": 90, "texture": "#0"}
			}
		},
		{
			"from": [12.15165, -0.29787, 4.09487],
			"to": [13.15165, 1.70213, 5.09487],
			"rotation": {"angle": 22.5, "axis": "y", "origin": [12.52873, 0.80213, -1.62657]},
			"faces": {
				"north": {"uv": [7, 8.5, 6, 10.5], "texture": "#0"},
				"east": {"uv": [7, 8.5, 6, 10.5], "texture": "#0"},
				"south": {"uv": [7, 8.5, 6, 10.5], "texture": "#0"},
				"west": {"uv": [7, 8.5, 6, 10.5], "texture": "#0"},
				"up": {"uv": [7, 8.5, 6, 9.5], "texture": "#0"},
				"down": {"uv": [11, 4.5, 10, 5.5], "texture": "#0"}
			}
		},
		{
			"from": [8.95, 1.93513, -1.17611],
			"to": [11.448, 3.93313, -0.67811],
			"rotation": {"angle": 22.5, "axis": "x", "origin": [10.449, 2.93413, -0.67711]},
			"faces": {
				"north": {"uv": [8.5, 9, 6, 11], "texture": "#0"},
				"east": {"uv": [6.5, 9, 6, 11], "texture": "#0"},
				"south": {"uv": [8.5, 9, 6, 11], "texture": "#0"},
				"west": {"uv": [6.5, 9, 6, 11], "texture": "#0"},
				"up": {"uv": [8.5, 9, 6, 9.5], "texture": "#0"},
				"down": {"uv": [8.5, 9, 6, 11], "texture": "#0"}
			}
		},
		{
			"from": [8.95131, -2.57941, -1.17711],
			"to": [11.44931, -0.58141, -0.67911],
			"rotation": {"angle": -22.5, "axis": "x", "origin": [10.45031, -1.53041, -0.67811]},
			"faces": {
				"north": {"uv": [7.5, 9, 5, 11], "rotation": 180, "texture": "#0"},
				"east": {"uv": [5.5, 9, 5, 11], "rotation": 180, "texture": "#0"},
				"south": {"uv": [7.5, 9, 5, 11], "rotation": 180, "texture": "#0"},
				"west": {"uv": [5.5, 9, 5, 11], "rotation": 180, "texture": "#0"},
				"up": {"uv": [7.5, 9, 5, 11], "rotation": 180, "texture": "#0"},
				"down": {"uv": [7.5, 9, 5, 9.5], "rotation": 180, "texture": "#0"}
			}
		},
		{
			"from": [4.552, 1.93513, -1.17611],
			"to": [7.05, 3.93313, -0.67811],
			"rotation": {"angle": 22.5, "axis": "x", "origin": [5.551, 2.93413, -0.67711]},
			"faces": {
				"north": {"uv": [6, 9, 8.5, 11], "texture": "#0"},
				"east": {"uv": [6, 9, 6.5, 11], "texture": "#0"},
				"south": {"uv": [6, 9, 8.5, 11], "texture": "#0"},
				"west": {"uv": [6, 9, 6.5, 11], "texture": "#0"},
				"up": {"uv": [6, 9, 8.5, 9.5], "texture": "#0"},
				"down": {"uv": [6, 9, 8.5, 11], "texture": "#0"}
			}
		},
		{
			"from": [4.55069, -2.57941, -1.17711],
			"to": [7.04869, -0.58141, -0.67911],
			"rotation": {"angle": -22.5, "axis": "x", "origin": [5.54969, -1.53041, -0.67811]},
			"faces": {
				"north": {"uv": [5, 9, 7.5, 11], "rotation": 180, "texture": "#0"},
				"east": {"uv": [5, 9, 5.5, 11], "rotation": 180, "texture": "#0"},
				"south": {"uv": [5, 9, 7.5, 11], "rotation": 180, "texture": "#0"},
				"west": {"uv": [5, 9, 5.5, 11], "rotation": 180, "texture": "#0"},
				"up": {"uv": [5, 9, 7.5, 11], "rotation": 180, "texture": "#0"},
				"down": {"uv": [5, 9, 7.5, 9.5], "rotation": 180, "texture": "#0"}
			}
		}
	],
	"display": {
		"thirdperson_righthand": {
			"translation": [0, 10.25, -0.25],
			"scale": [1.3, 1.3, 1.3]
		},
		"thirdperson_lefthand": {
			"translation": [0, 9.5, -1.5]
		},
		"firstperson_righthand": {
			"translation": [4.5, 10.75, -0.5],
			"scale": [1.3, 1.3, 1.3]
		},
		"firstperson_lefthand": {
			"rotation": [-9, 0, 0],
			"translation": [-9, 11.75, -5.75],
			"scale": [2, 2, 2]
		},
		"ground": {
			"translation": [0, 7.5, 0]
		},
		"gui": {
			"rotation": [63, -42, 9],
			"translation": [-3.75, 3.75, 0],
			"scale": [1.3, 1.3, 1.3]
		},
		"head": {
			"translation": [0, 9, 4.5],
			"scale": [1.3, 1.3, 1.3]
		}
	},
	"groups": [0, 1, 2, 3, 4, 5, 6, 7, 8, 9, 10, 11, 12, 13, 14, 15, 16, 17, 18, 19, 20, 21, 22, 23, 24, 25, 26, 27, 28, 29, 30, 31, 32, 33, 34, 35, 36, 37, 38, 39, 40, 41, 42, 43, 44, 45, 46, 47, 48, 49, 50, 51, 52, 53, 54, 55, 56, 57, 58, 59, 60, 61, 62, 63, 64, 65, 66,
		{
			"name": "group",
			"origin": [3.47127, 0.80213, -1.62657],
			"children": [67, 68, 69, 70, 71, 72, 73, 74, 75, 76, 77, 78, 79, 80, 81, 82, 83, 84, 85, 86]
		},
		{
			"name": "group",
			"origin": [3.47127, 0.80213, -1.62657],
			"children": [87, 88, 89, 90, 91, 92, 93, 94, 95, 96, 97, 98, 99, 100, 101, 102, 103]
		}, 104, 105, 106, 107]
}