{
	"credit": "Made with Blockbench",
	"textures": {
		"0": "skins/apoc",
		"2": "skins/fire_blade_flamelicks",
		"particle": "skins/apoc"
	},
	"elements": [
		{
			"from": [7.76, 24.01, 6.01],
			"to": [8.24, 28.99, 6.99],
			"rotation": {"angle": 22.5, "axis": "x", "origin": [8, 26, 6.5]},
			"faces": {
				"north": {"uv": [6, 5, 6.5, 0], "rotation": 180, "texture": "#0"},
				"east": {"uv": [2, 1, 1, 6], "texture": "#0"},
				"south": {"uv": [5.5, 5, 6, 0], "rotation": 180, "texture": "#0"},
				"west": {"uv": [5.5, 5, 6.5, 0], "rotation": 180, "texture": "#0"},
				"up": {"uv": [5.5, 1, 6, 0], "rotation": 180, "texture": "#0"},
				"down": {"uv": [6, 6, 6.5, 5], "rotation": 180, "texture": "#0"}
			}
		},
		{
			"from": [7.76, 17.45166, 8.74825],
			"to": [8.24, 19.43166, 9.32825],
			"rotation": {"angle": 45, "axis": "x", "origin": [8.00333, 18.98836, 8.66975]},
			"faces": {
				"north": {"uv": [7.5, 6, 8.1, 8], "texture": "#0"},
				"east": {"uv": [7.5, 6, 8.1, 8], "texture": "#0"},
				"south": {"uv": [7.5, 6, 8.1, 8], "texture": "#0"},
				"west": {"uv": [7.5, 6, 8.1, 8], "texture": "#0"},
				"up": {"uv": [7.5, 6, 8, 6.6], "texture": "#0"},
				"down": {"uv": [7.5, 6, 8.1, 8], "texture": "#0"}
			}
		},
		{
			"from": [7.76, 14.58512, 5.93226],
			"to": [8.24, 15.16512, 7.91226],
			"rotation": {"angle": 0, "axis": "x", "origin": [8.0025, 16.4281, 8.59066]},
			"faces": {
				"north": {"uv": [7.5, 6, 8.1, 8], "rotation": 180, "texture": "#0"},
				"east": {"uv": [7.5, 6, 8.1, 8], "rotation": 270, "texture": "#0"},
				"south": {"uv": [7.5, 6, 8, 6.6], "texture": "#0"},
				"west": {"uv": [7.5, 6, 8.1, 8], "rotation": 90, "texture": "#0"},
				"up": {"uv": [7.5, 6, 8.1, 8], "rotation": 180, "texture": "#0"},
				"down": {"uv": [7.5, 6, 8.1, 8], "texture": "#0"}
			}
		},
		{
			"from": [7.76, 14.88512, 5.48774],
			"to": [8.24, 15.46512, 7.46774],
			"rotation": {"angle": 0, "axis": "x", "origin": [8.0025, 16.7281, 4.80934]},
			"faces": {
				"north": {"uv": [8, 6, 7.5, 6.6], "texture": "#0"},
				"east": {"uv": [7.5, 8, 8.1, 6], "rotation": 270, "texture": "#0"},
				"south": {"uv": [8.1, 6, 7.5, 8], "rotation": 180, "texture": "#0"},
				"west": {"uv": [7.5, 8, 8.1, 6], "rotation": 90, "texture": "#0"},
				"up": {"uv": [7.5, 8, 8.1, 6], "rotation": 180, "texture": "#0"},
				"down": {"uv": [7.5, 8, 8.1, 6], "texture": "#0"}
			}
		},
		{
			"from": [7.76, -7.36512, 6.28774],
			"to": [8.24, -6.78512, 7.26774],
			"rotation": {"angle": -22.5, "axis": "x", "origin": [8.0025, -8.49352, 5.54774]},
			"faces": {
				"north": {"uv": [8, 6.6, 7.5, 6], "texture": "#0"},
				"east": {"uv": [8.1, 8, 7.5, 6], "rotation": 270, "texture": "#0"},
				"south": {"uv": [8.1, 8, 7.5, 6], "rotation": 180, "texture": "#0"},
				"west": {"uv": [8.1, 8, 7.5, 6], "rotation": 90, "texture": "#0"},
				"up": {"uv": [7.5, 6, 8.1, 8], "texture": "#0"},
				"down": {"uv": [7.5, 6, 8.1, 8], "rotation": 180, "texture": "#0"}
			}
		},
		{
			"from": [7.76, -7.36512, 6.23226],
			"to": [8.24, -6.78512, 7.21226],
			"rotation": {"angle": 22.5, "axis": "x", "origin": [8.0025, -8.49352, 7.95226]},
			"faces": {
				"north": {"uv": [7.5, 8, 8.1, 6], "rotation": 180, "texture": "#0"},
				"east": {"uv": [8.1, 6, 7.5, 8], "rotation": 270, "texture": "#0"},
				"south": {"uv": [7.5, 6.6, 8, 6], "texture": "#0"},
				"west": {"uv": [8.1, 6, 7.5, 8], "rotation": 90, "texture": "#0"},
				"up": {"uv": [7.5, 8, 8.1, 6], "texture": "#0"},
				"down": {"uv": [7.5, 8, 8.1, 6], "rotation": 180, "texture": "#0"}
			}
		},
		{
			"from": [7.76, 18.82138, 4.06481],
			"to": [8.24, 20.80138, 5.04481],
			"rotation": {"angle": -22.5, "axis": "x", "origin": [8.00333, 20.85808, 4.7233]},
			"faces": {
				"north": {"uv": [6, 5.5, 6.5, 7.5], "rotation": 180, "texture": "#0"},
				"east": {"uv": [6, 5.5, 7, 7.5], "texture": "#0"},
				"south": {"uv": [6, 5.5, 7, 7.5], "rotation": 180, "texture": "#0"},
				"west": {"uv": [6, 5.5, 7, 7.5], "rotation": 180, "texture": "#0"},
				"up": {"uv": [6, 5.5, 7, 7.5], "rotation": 180, "texture": "#0"},
				"down": {"uv": [6, 5.5, 7, 7.5], "rotation": 180, "texture": "#0"}
			}
		},
		{
			"from": [7.76, 16.10473, 7.00152],
			"to": [8.24, 17.08473, 8.98152],
			"rotation": {"angle": -22.5, "axis": "x", "origin": [8.0025, 16.4281, 8.89066]},
			"faces": {
				"north": {"uv": [6, 7.5, 7, 5.5], "texture": "#0"},
				"east": {"uv": [7, 5.5, 6, 7.5], "rotation": 270, "texture": "#0"},
				"south": {"uv": [6, 7.5, 7, 5.5], "rotation": 180, "texture": "#0"},
				"west": {"uv": [7, 5.5, 6, 7.5], "rotation": 270, "texture": "#0"},
				"up": {"uv": [7, 5.5, 6, 7.5], "texture": "#0"},
				"down": {"uv": [6.5, 5.5, 6, 7.5], "rotation": 180, "texture": "#0"}
			}
		},
		{
			"from": [7.76, 16.36768, 5.04296],
			"to": [8.24, 17.34768, 7.02296],
			"rotation": {"angle": 22.5, "axis": "x", "origin": [8.002, 17.31339, 4.50417]},
			"faces": {
				"north": {"uv": [7, 7.5, 6, 5.5], "rotation": 180, "texture": "#0"},
				"east": {"uv": [7, 7.5, 6, 5.5], "rotation": 270, "texture": "#0"},
				"south": {"uv": [7, 7.5, 6, 5.5], "texture": "#0"},
				"west": {"uv": [7, 7.5, 6, 5.5], "rotation": 270, "texture": "#0"},
				"up": {"uv": [7, 7.5, 6, 5.5], "texture": "#0"},
				"down": {"uv": [6.5, 7.5, 6, 5.5], "rotation": 180, "texture": "#0"}
			}
		},
		{
			"from": [7.76, -9.09967, 5.58602],
			"to": [8.24, -8.11967, 7.16602],
			"rotation": {"angle": -45, "axis": "x", "origin": [8.0025, -8.49352, 5.54774]},
			"faces": {
				"north": {"uv": [7, 5.5, 6, 7.5], "rotation": 180, "texture": "#0"},
				"east": {"uv": [6, 7.5, 7, 5.5], "rotation": 270, "texture": "#0"},
				"south": {"uv": [7, 5.5, 6, 7.5], "texture": "#0"},
				"west": {"uv": [6, 7.5, 7, 5.5], "rotation": 270, "texture": "#0"},
				"up": {"uv": [6.5, 5.5, 6, 7.5], "rotation": 180, "texture": "#0"},
				"down": {"uv": [7, 5.5, 6, 7.5], "texture": "#0"}
			}
		},
		{
			"from": [7.76, -9.09967, 6.33398],
			"to": [8.24, -8.11967, 7.91398],
			"rotation": {"angle": 45, "axis": "x", "origin": [8.0025, -8.49352, 7.95226]},
			"faces": {
				"north": {"uv": [6, 5.5, 7, 7.5], "texture": "#0"},
				"east": {"uv": [6, 5.5, 7, 7.5], "rotation": 270, "texture": "#0"},
				"south": {"uv": [6, 5.5, 7, 7.5], "rotation": 180, "texture": "#0"},
				"west": {"uv": [6, 5.5, 7, 7.5], "rotation": 270, "texture": "#0"},
				"up": {"uv": [6.5, 7.5, 6, 5.5], "rotation": 180, "texture": "#0"},
				"down": {"uv": [7, 7.5, 6, 5.5], "texture": "#0"}
			}
		},
		{
			"from": [7.765, 23.87399, 5.29076],
			"to": [8.235, 24.34399, 5.76076],
			"rotation": {"angle": 0, "axis": "x", "origin": [8, 23.85899, 5.52576]},
			"faces": {
				"north": {"uv": [1.5, 2, 2.5, 3], "texture": "#0"},
				"east": {"uv": [1.5, 2, 2.5, 3], "texture": "#0"},
				"south": {"uv": [1.5, 2, 2.5, 3], "texture": "#0"},
				"west": {"uv": [1.5, 2, 2.5, 3], "texture": "#0"},
				"up": {"uv": [1.5, 2, 2.5, 3], "texture": "#0"},
				"down": {"uv": [1.5, 2, 2.5, 3], "texture": "#0"}
			}
		},
		{
			"from": [7.78, 21.87101, 4.65576],
			"to": [8.22, 22.31101, 5.09576],
			"rotation": {"angle": 22.5, "axis": "x", "origin": [8, 22.24636, 4.92546]},
			"faces": {
				"north": {"uv": [8.5, 2, 9, 2.5], "texture": "#0"},
				"east": {"uv": [8.5, 2, 9, 2.5], "texture": "#0"},
				"south": {"uv": [8.5, 2, 9, 2.5], "texture": "#0"},
				"west": {"uv": [8.5, 2, 9, 2.5], "texture": "#0"},
				"up": {"uv": [8.5, 2, 9, 2.5], "texture": "#0"},
				"down": {"uv": [8.5, 2, 9, 2.5], "texture": "#0"}
			}
		},
		{
			"from": [7.78, 17.75402, 8.93224],
			"to": [8.22, 18.19402, 9.37224],
			"rotation": {"angle": 22.5, "axis": "x", "origin": [8.0025, 16.4281, 8.89066]},
			"faces": {
				"north": {"uv": [9, 2, 8.5, 2.5], "texture": "#0"},
				"east": {"uv": [9, 2, 8.5, 2.5], "texture": "#0"},
				"south": {"uv": [9, 2, 8.5, 2.5], "texture": "#0"},
				"west": {"uv": [9, 2, 8.5, 2.5], "texture": "#0"},
				"up": {"uv": [8.5, 2.5, 9, 2], "texture": "#0"},
				"down": {"uv": [8.5, 2.5, 9, 2], "texture": "#0"}
			}
		},
		{
			"from": [7.78, 17.75402, 4.02776],
			"to": [8.22, 18.19402, 4.46776],
			"rotation": {"angle": -22.5, "axis": "x", "origin": [8.002, 17.31339, 4.50417]},
			"faces": {
				"north": {"uv": [8.5, 2, 9, 2.5], "texture": "#0"},
				"east": {"uv": [8.5, 2, 9, 2.5], "texture": "#0"},
				"south": {"uv": [8.5, 2, 9, 2.5], "texture": "#0"},
				"west": {"uv": [8.5, 2, 9, 2.5], "texture": "#0"},
				"up": {"uv": [8.5, 2, 9, 2.5], "texture": "#0"},
				"down": {"uv": [8.5, 2, 9, 2.5], "texture": "#0"}
			}
		},
		{
			"from": [7.78, -10.13243, 5.12179],
			"to": [8.22, -9.69243, 5.56179],
			"rotation": {"angle": 0, "axis": "x", "origin": [8.0025, -8.49352, 5.54774]},
			"faces": {
				"north": {"uv": [8.5, 2.5, 9, 2], "texture": "#0"},
				"east": {"uv": [8.5, 2.5, 9, 2], "texture": "#0"},
				"south": {"uv": [8.5, 2.5, 9, 2], "texture": "#0"},
				"west": {"uv": [8.5, 2.5, 9, 2], "texture": "#0"},
				"up": {"uv": [8.5, 2.5, 9, 2], "texture": "#0"},
				"down": {"uv": [8.5, 2.5, 9, 2], "texture": "#0"}
			}
		},
		{
			"from": [7.78, -10.13243, 7.93821],
			"to": [8.22, -9.69243, 8.37821],
			"rotation": {"angle": 0, "axis": "x", "origin": [8.0025, -8.49352, 7.95226]},
			"faces": {
				"north": {"uv": [9, 2.5, 8.5, 2], "texture": "#0"},
				"east": {"uv": [9, 2.5, 8.5, 2], "texture": "#0"},
				"south": {"uv": [9, 2.5, 8.5, 2], "texture": "#0"},
				"west": {"uv": [9, 2.5, 8.5, 2], "texture": "#0"},
				"up": {"uv": [8.5, 2, 9, 2.5], "texture": "#0"},
				"down": {"uv": [8.5, 2, 9, 2.5], "texture": "#0"}
			}
		},
		{
			"from": [7.773, 28.63726, 7.38716],
			"to": [8.237, 29.60126, 8.25116],
			"rotation": {"angle": 45, "axis": "x", "origin": [8.005, 29.02462, 7.66886]},
			"faces": {
				"north": {"uv": [2.5, 0, 3.4, 1], "rotation": 90, "texture": "#0"},
				"east": {"uv": [2.5, 0, 3.4, 1], "rotation": 90, "texture": "#0"},
				"south": {"uv": [2.5, 0, 3.4, 1], "rotation": 90, "texture": "#0"},
				"west": {"uv": [2.5, 0, 3.4, 1], "rotation": 90, "texture": "#0"},
				"up": {"uv": [2.5, 0, 3.4, 1], "rotation": 90, "texture": "#0"},
				"down": {"uv": [2.5, 0, 3.4, 1], "rotation": 90, "texture": "#0"}
			}
		},
		{
			"from": [7.775, 19.15092, 8.98276],
			"to": [8.235, 20.11092, 9.44276],
			"rotation": {"angle": 22.5, "axis": "x", "origin": [8.00333, 18.98836, 8.66975]},
			"faces": {
				"north": {"uv": [8, 5, 8.5, 6], "rotation": 180, "texture": "#0"},
				"east": {"uv": [8, 5, 8.5, 6], "rotation": 180, "texture": "#0"},
				"south": {"uv": [8, 5, 8.5, 6], "rotation": 180, "texture": "#0"},
				"west": {"uv": [8, 5, 8.5, 6], "rotation": 180, "texture": "#0"},
				"up": {"uv": [8, 5, 8.5, 6], "rotation": 180, "texture": "#0"},
				"down": {"uv": [8, 5, 8.5, 6], "rotation": 180, "texture": "#0"}
			}
		},
		{
			"from": [7.775, 14.99002, 7.26362],
			"to": [8.235, 15.45002, 8.22362],
			"rotation": {"angle": -22.5, "axis": "x", "origin": [8.0025, 16.4281, 8.59066]},
			"faces": {
				"north": {"uv": [8, 5, 8.5, 6], "texture": "#0"},
				"east": {"uv": [8, 5, 8.5, 6], "rotation": 90, "texture": "#0"},
				"south": {"uv": [8, 5, 8.5, 6], "rotation": 180, "texture": "#0"},
				"west": {"uv": [8, 5, 8.5, 6], "rotation": 270, "texture": "#0"},
				"up": {"uv": [8, 5, 8.5, 6], "texture": "#0"},
				"down": {"uv": [8, 5, 8.5, 6], "rotation": 180, "texture": "#0"}
			}
		},
		{
			"from": [7.775, 15.29002, 5.17638],
			"to": [8.235, 15.75002, 6.13638],
			"rotation": {"angle": 22.5, "axis": "x", "origin": [8.0025, 16.7281, 4.80934]},
			"faces": {
				"north": {"uv": [8.5, 5, 8, 6], "rotation": 180, "texture": "#0"},
				"east": {"uv": [8, 6, 8.5, 5], "rotation": 90, "texture": "#0"},
				"south": {"uv": [8.5, 5, 8, 6], "texture": "#0"},
				"west": {"uv": [8, 6, 8.5, 5], "rotation": 270, "texture": "#0"},
				"up": {"uv": [8, 6, 8.5, 5], "texture": "#0"},
				"down": {"uv": [8, 6, 8.5, 5], "rotation": 180, "texture": "#0"}
			}
		},
		{
			"from": [7.775, -7.66335, 5.92019],
			"to": [8.235, -7.20335, 6.88019],
			"rotation": {"angle": -45, "axis": "x", "origin": [8.0025, -8.49352, 5.54774]},
			"faces": {
				"north": {"uv": [8.5, 6, 8, 5], "rotation": 180, "texture": "#0"},
				"east": {"uv": [8.5, 6, 8, 5], "rotation": 90, "texture": "#0"},
				"south": {"uv": [8.5, 6, 8, 5], "texture": "#0"},
				"west": {"uv": [8.5, 6, 8, 5], "rotation": 270, "texture": "#0"},
				"up": {"uv": [8, 5, 8.5, 6], "rotation": 180, "texture": "#0"},
				"down": {"uv": [8, 5, 8.5, 6], "texture": "#0"}
			}
		},
		{
			"from": [7.775, -7.66335, 6.61981],
			"to": [8.235, -7.20335, 7.57981],
			"rotation": {"angle": 45, "axis": "x", "origin": [8.0025, -8.49352, 7.95226]},
			"faces": {
				"north": {"uv": [8, 6, 8.5, 5], "texture": "#0"},
				"east": {"uv": [8.5, 5, 8, 6], "rotation": 90, "texture": "#0"},
				"south": {"uv": [8, 6, 8.5, 5], "rotation": 180, "texture": "#0"},
				"west": {"uv": [8.5, 5, 8, 6], "rotation": 270, "texture": "#0"},
				"up": {"uv": [8, 6, 8.5, 5], "rotation": 180, "texture": "#0"},
				"down": {"uv": [8, 6, 8.5, 5], "texture": "#0"}
			}
		},
		{
			"from": [7.775, -6.09728, 6.98373],
			"to": [8.235, -5.63728, 7.94373],
			"rotation": {"angle": 22.5, "axis": "x", "origin": [8.005, -5.91765, 7.80446]},
			"faces": {
				"north": {"uv": [8, 6, 8.5, 5], "texture": "#0"},
				"east": {"uv": [8.5, 5, 8, 6], "rotation": 90, "texture": "#0"},
				"south": {"uv": [8, 6, 8.5, 5], "rotation": 180, "texture": "#0"},
				"west": {"uv": [8.5, 5, 8, 6], "rotation": 270, "texture": "#0"},
				"up": {"uv": [8, 6, 8.5, 5], "rotation": 180, "texture": "#0"},
				"down": {"uv": [8, 6, 8.5, 5], "texture": "#0"}
			}
		},
		{
			"from": [7.775, 13.63728, 6.98373],
			"to": [8.235, 14.09728, 7.94373],
			"rotation": {"angle": -22.5, "axis": "x", "origin": [8.005, 13.91765, 7.80446]},
			"faces": {
				"north": {"uv": [8, 5, 8.5, 6], "texture": "#0"},
				"east": {"uv": [8, 5, 8.5, 6], "rotation": 90, "texture": "#0"},
				"south": {"uv": [8, 5, 8.5, 6], "rotation": 180, "texture": "#0"},
				"west": {"uv": [8, 5, 8.5, 6], "rotation": 270, "texture": "#0"},
				"up": {"uv": [8, 5, 8.5, 6], "texture": "#0"},
				"down": {"uv": [8, 5, 8.5, 6], "rotation": 180, "texture": "#0"}
			}
		},
		{
			"from": [7.775, -6.09728, 5.45627],
			"to": [8.235, -5.63728, 6.41627],
			"rotation": {"angle": -22.5, "axis": "x", "origin": [8.005, -5.91765, 5.59554]},
			"faces": {
				"north": {"uv": [8.5, 6, 8, 5], "rotation": 180, "texture": "#0"},
				"east": {"uv": [8.5, 6, 8, 5], "rotation": 90, "texture": "#0"},
				"south": {"uv": [8.5, 6, 8, 5], "texture": "#0"},
				"west": {"uv": [8.5, 6, 8, 5], "rotation": 270, "texture": "#0"},
				"up": {"uv": [8, 5, 8.5, 6], "rotation": 180, "texture": "#0"},
				"down": {"uv": [8, 5, 8.5, 6], "texture": "#0"}
			}
		},
		{
			"from": [7.775, 13.63728, 5.45627],
			"to": [8.235, 14.09728, 6.41627],
			"rotation": {"angle": 22.5, "axis": "x", "origin": [8.005, 13.91765, 5.59554]},
			"faces": {
				"north": {"uv": [8.5, 5, 8, 6], "rotation": 180, "texture": "#0"},
				"east": {"uv": [8, 6, 8.5, 5], "rotation": 90, "texture": "#0"},
				"south": {"uv": [8.5, 5, 8, 6], "texture": "#0"},
				"west": {"uv": [8, 6, 8.5, 5], "rotation": 270, "texture": "#0"},
				"up": {"uv": [8, 6, 8.5, 5], "texture": "#0"},
				"down": {"uv": [8, 6, 8.5, 5], "rotation": 180, "texture": "#0"}
			}
		},
		{
			"from": [7.775, 20.5587, 4.14163],
			"to": [8.235, 21.5187, 5.00163],
			"rotation": {"angle": 0, "axis": "x", "origin": [8.00333, 20.85808, 4.7233]},
			"faces": {
				"north": {"uv": [6, 4.5, 6.5, 5.5], "texture": "#0"},
				"east": {"uv": [6.9, 4.5, 6, 5.5], "texture": "#0"},
				"south": {"uv": [6.5, 4.5, 7, 5.5], "texture": "#0"},
				"west": {"uv": [6, 4.5, 6.9, 5.5], "texture": "#0"},
				"up": {"uv": [6, 4.5, 6.9, 5.5], "texture": "#0"},
				"down": {"uv": [6, 4.5, 6.9, 5.5], "texture": "#0"}
			}
		},
		{
			"from": [7.775, 16.39329, 8.35919],
			"to": [8.235, 17.35329, 9.21919],
			"rotation": {"angle": 45, "axis": "x", "origin": [8.0025, 16.4281, 8.89066]},
			"faces": {
				"north": {"uv": [7, 4.5, 6.5, 5.5], "texture": "#0"},
				"east": {"uv": [6, 4.5, 6.9, 5.5], "texture": "#0"},
				"south": {"uv": [6.5, 4.5, 6, 5.5], "texture": "#0"},
				"west": {"uv": [6.9, 4.5, 6, 5.5], "texture": "#0"},
				"up": {"uv": [6, 5.5, 6.9, 4.5], "texture": "#0"},
				"down": {"uv": [6, 5.5, 6.9, 4.5], "texture": "#0"}
			}
		},
		{
			"from": [7.775, 16.4587, 3.84163],
			"to": [8.235, 17.4187, 4.70163],
			"rotation": {"angle": -45, "axis": "x", "origin": [8.002, 17.31339, 4.50417]},
			"faces": {
				"north": {"uv": [6, 4.5, 6.5, 5.5], "texture": "#0"},
				"east": {"uv": [6.9, 4.5, 6, 5.5], "texture": "#0"},
				"south": {"uv": [6.5, 4.5, 7, 5.5], "texture": "#0"},
				"west": {"uv": [6, 4.5, 6.9, 5.5], "texture": "#0"},
				"up": {"uv": [6, 4.5, 6.9, 5.5], "texture": "#0"},
				"down": {"uv": [6, 4.5, 6.9, 5.5], "texture": "#0"}
			}
		},
		{
			"from": [7.775, -9.28009, 5.222],
			"to": [8.235, -8.32009, 6.082],
			"rotation": {"angle": 22.5, "axis": "x", "origin": [8.0025, -8.49352, 5.54774]},
			"faces": {
				"north": {"uv": [6, 5.5, 6.5, 4.5], "texture": "#0"},
				"east": {"uv": [6.9, 5.5, 6, 4.5], "texture": "#0"},
				"south": {"uv": [6.5, 5.5, 7, 4.5], "texture": "#0"},
				"west": {"uv": [6, 5.5, 6.9, 4.5], "texture": "#0"},
				"up": {"uv": [6, 5.5, 6.9, 4.5], "texture": "#0"},
				"down": {"uv": [6, 5.5, 6.9, 4.5], "texture": "#0"}
			}
		},
		{
			"from": [7.775, -9.28009, 7.418],
			"to": [8.235, -8.32009, 8.278],
			"rotation": {"angle": -22.5, "axis": "x", "origin": [8.0025, -8.49352, 7.95226]},
			"faces": {
				"north": {"uv": [7, 5.5, 6.5, 4.5], "texture": "#0"},
				"east": {"uv": [6, 5.5, 6.9, 4.5], "texture": "#0"},
				"south": {"uv": [6.5, 5.5, 6, 4.5], "texture": "#0"},
				"west": {"uv": [6.9, 5.5, 6, 4.5], "texture": "#0"},
				"up": {"uv": [6, 4.5, 6.9, 5.5], "texture": "#0"},
				"down": {"uv": [6, 4.5, 6.9, 5.5], "texture": "#0"}
			}
		},
		{
			"from": [7.78, 29.59452, 8.01696],
			"to": [8.23, 29.84452, 8.71696],
			"rotation": {"angle": -22.5, "axis": "x", "origin": [8.005, 29.41952, 8.49196]},
			"faces": {
				"north": {"uv": [4, 0, 4.8, 0.75], "rotation": 270, "texture": "#0"},
				"east": {"uv": [4, 0, 4.8, 0.75], "rotation": 270, "texture": "#0"},
				"south": {"uv": [4, 0, 4.8, 0.75], "rotation": 270, "texture": "#0"},
				"west": {"uv": [4, 0, 4.8, 0.75], "rotation": 270, "texture": "#0"},
				"up": {"uv": [4, 0, 4.8, 0.75], "rotation": 270, "texture": "#0"},
				"down": {"uv": [4, 0, 4.8, 0.75], "rotation": 270, "texture": "#0"}
			}
		},
		{
			"from": [7.775, 28.9623, 8.07787],
			"to": [8.235, 29.5723, 8.43787],
			"rotation": {"angle": 22.5, "axis": "x", "origin": [8.005, 29.3173, 8.50787]},
			"faces": {
				"north": {"uv": [4, 0, 4.8, 0.75], "rotation": 90, "texture": "#0"},
				"east": {"uv": [4, 0, 4.8, 0.75], "rotation": 180, "texture": "#0"},
				"south": {"uv": [4, 0, 4.8, 0.75], "rotation": 270, "texture": "#0"},
				"west": {"uv": [4, 0, 4.8, 0.75], "texture": "#0"},
				"up": {"uv": [4, 0, 4.8, 0.75], "rotation": 90, "texture": "#0"},
				"down": {"uv": [4, 0, 4.8, 0.75], "rotation": 270, "texture": "#0"}
			}
		},
		{
			"from": [7.78, 19.69236, 9.41004],
			"to": [8.23, 20.39236, 9.76004],
			"rotation": {"angle": 0, "axis": "x", "origin": [8.00333, 18.98836, 8.66975]},
			"faces": {
				"north": {"uv": [7.5, 3, 7.9, 3.75], "texture": "#0"},
				"east": {"uv": [7.5, 3, 7.9, 3.75], "texture": "#0"},
				"south": {"uv": [7.5, 3, 7.9, 3.75], "texture": "#0"},
				"west": {"uv": [7.5, 3, 7.9, 3.75], "texture": "#0"},
				"up": {"uv": [7.5, 3, 7.9, 3.75], "texture": "#0"},
				"down": {"uv": [7.5, 3, 7.9, 3.75], "texture": "#0"}
			}
		},
		{
			"from": [7.78, 15.50138, 9.37535],
			"to": [8.23, 16.20138, 9.72535],
			"rotation": {"angle": 45, "axis": "x", "origin": [8.0025, 16.4281, 8.59066]},
			"faces": {
				"north": {"uv": [7.5, 3, 7.9, 3.75], "texture": "#0"},
				"east": {"uv": [7.5, 3, 7.9, 3.75], "texture": "#0"},
				"south": {"uv": [7.5, 3, 7.9, 3.75], "texture": "#0"},
				"west": {"uv": [7.5, 3, 7.9, 3.75], "texture": "#0"},
				"up": {"uv": [7.5, 3, 7.9, 3.75], "texture": "#0"},
				"down": {"uv": [7.5, 3, 7.9, 3.75], "texture": "#0"}
			}
		},
		{
			"from": [7.78, 15.80138, 3.67465],
			"to": [8.23, 16.50138, 4.02465],
			"rotation": {"angle": -45, "axis": "x", "origin": [8.0025, 16.7281, 4.80934]},
			"faces": {
				"north": {"uv": [7.9, 3, 7.5, 3.75], "texture": "#0"},
				"east": {"uv": [7.9, 3, 7.5, 3.75], "texture": "#0"},
				"south": {"uv": [7.9, 3, 7.5, 3.75], "texture": "#0"},
				"west": {"uv": [7.9, 3, 7.5, 3.75], "texture": "#0"},
				"up": {"uv": [7.5, 3.75, 7.9, 3], "texture": "#0"},
				"down": {"uv": [7.5, 3.75, 7.9, 3], "texture": "#0"}
			}
		},
		{
			"from": [7.78, -8.3184, 4.55177],
			"to": [8.23, -7.6184, 4.90177],
			"rotation": {"angle": 22.5, "axis": "x", "origin": [8.0025, -8.49352, 5.54774]},
			"faces": {
				"north": {"uv": [7.9, 3.75, 7.5, 3], "texture": "#0"},
				"east": {"uv": [7.9, 3.75, 7.5, 3], "texture": "#0"},
				"south": {"uv": [7.9, 3.75, 7.5, 3], "texture": "#0"},
				"west": {"uv": [7.9, 3.75, 7.5, 3], "texture": "#0"},
				"up": {"uv": [7.5, 3, 7.9, 3.75], "texture": "#0"},
				"down": {"uv": [7.5, 3, 7.9, 3.75], "texture": "#0"}
			}
		},
		{
			"from": [7.78, -8.3184, 8.59823],
			"to": [8.23, -7.6184, 8.94823],
			"rotation": {"angle": -22.5, "axis": "x", "origin": [8.0025, -8.49352, 7.95226]},
			"faces": {
				"north": {"uv": [7.5, 3.75, 7.9, 3], "texture": "#0"},
				"east": {"uv": [7.5, 3.75, 7.9, 3], "texture": "#0"},
				"south": {"uv": [7.5, 3.75, 7.9, 3], "texture": "#0"},
				"west": {"uv": [7.5, 3.75, 7.9, 3], "texture": "#0"},
				"up": {"uv": [7.5, 3.75, 7.9, 3], "texture": "#0"},
				"down": {"uv": [7.5, 3.75, 7.9, 3], "texture": "#0"}
			}
		},
		{
			"from": [7.78, -6.60172, 7.71332],
			"to": [8.23, -5.90172, 8.06332],
			"rotation": {"angle": -45, "axis": "x", "origin": [8.005, -5.91765, 7.80446]},
			"faces": {
				"north": {"uv": [7.5, 3.75, 7.9, 3], "texture": "#0"},
				"east": {"uv": [7.5, 3.75, 7.9, 3], "texture": "#0"},
				"south": {"uv": [7.5, 3.75, 7.9, 3], "texture": "#0"},
				"west": {"uv": [7.5, 3.75, 7.9, 3], "texture": "#0"},
				"up": {"uv": [7.5, 3.75, 7.9, 3], "texture": "#0"},
				"down": {"uv": [7.5, 3.75, 7.9, 3], "texture": "#0"}
			}
		},
		{
			"from": [7.78, 13.90172, 7.71332],
			"to": [8.23, 14.60172, 8.06332],
			"rotation": {"angle": 45, "axis": "x", "origin": [8.005, 13.91765, 7.80446]},
			"faces": {
				"north": {"uv": [7.5, 3, 7.9, 3.75], "texture": "#0"},
				"east": {"uv": [7.5, 3, 7.9, 3.75], "texture": "#0"},
				"south": {"uv": [7.5, 3, 7.9, 3.75], "texture": "#0"},
				"west": {"uv": [7.5, 3, 7.9, 3.75], "texture": "#0"},
				"up": {"uv": [7.5, 3, 7.9, 3.75], "texture": "#0"},
				"down": {"uv": [7.5, 3, 7.9, 3.75], "texture": "#0"}
			}
		},
		{
			"from": [7.78, -6.60172, 5.33668],
			"to": [8.23, -5.90172, 5.68668],
			"rotation": {"angle": 45, "axis": "x", "origin": [8.005, -5.91765, 5.59554]},
			"faces": {
				"north": {"uv": [7.9, 3.75, 7.5, 3], "texture": "#0"},
				"east": {"uv": [7.9, 3.75, 7.5, 3], "texture": "#0"},
				"south": {"uv": [7.9, 3.75, 7.5, 3], "texture": "#0"},
				"west": {"uv": [7.9, 3.75, 7.5, 3], "texture": "#0"},
				"up": {"uv": [7.5, 3, 7.9, 3.75], "texture": "#0"},
				"down": {"uv": [7.5, 3, 7.9, 3.75], "texture": "#0"}
			}
		},
		{
			"from": [7.78, 13.90172, 5.33668],
			"to": [8.23, 14.60172, 5.68668],
			"rotation": {"angle": -45, "axis": "x", "origin": [8.005, 13.91765, 5.59554]},
			"faces": {
				"north": {"uv": [7.9, 3, 7.5, 3.75], "texture": "#0"},
				"east": {"uv": [7.9, 3, 7.5, 3.75], "texture": "#0"},
				"south": {"uv": [7.9, 3, 7.5, 3.75], "texture": "#0"},
				"west": {"uv": [7.9, 3, 7.5, 3.75], "texture": "#0"},
				"up": {"uv": [7.5, 3.75, 7.9, 3], "texture": "#0"},
				"down": {"uv": [7.5, 3.75, 7.9, 3], "texture": "#0"}
			}
		},
		{
			"from": [7.78, 21.25853, 3.93657],
			"to": [8.23, 21.95853, 4.68657],
			"rotation": {"angle": 22.5, "axis": "x", "origin": [8.00333, 20.85808, 4.7233]},
			"faces": {
				"north": {"uv": [6, 4.5, 6.5, 4.75], "rotation": 180, "texture": "#0"},
				"east": {"uv": [6, 4.5, 6.5, 4.75], "rotation": 180, "texture": "#0"},
				"south": {"uv": [6, 4.5, 6.5, 4.75], "rotation": 180, "texture": "#0"},
				"west": {"uv": [6, 4.5, 6.5, 4.75], "rotation": 180, "texture": "#0"},
				"up": {"uv": [6, 4.5, 6.5, 4.75], "rotation": 180, "texture": "#0"},
				"down": {"uv": [6, 4.5, 6.5, 4.75], "rotation": 180, "texture": "#0"}
			}
		},
		{
			"from": [7.78, 17.16985, 8.79477],
			"to": [8.23, 17.86985, 9.54477],
			"rotation": {"angle": 22.5, "axis": "x", "origin": [8.0025, 16.4281, 8.89066]},
			"faces": {
				"north": {"uv": [6.5, 4.5, 6, 4.75], "rotation": 180, "texture": "#0"},
				"east": {"uv": [6.5, 4.5, 6, 4.75], "rotation": 180, "texture": "#0"},
				"south": {"uv": [6.5, 4.5, 6, 4.75], "rotation": 180, "texture": "#0"},
				"west": {"uv": [6.5, 4.5, 6, 4.75], "rotation": 180, "texture": "#0"},
				"up": {"uv": [6, 4.75, 6.5, 4.5], "rotation": 180, "texture": "#0"},
				"down": {"uv": [6, 4.75, 6.5, 4.5], "rotation": 180, "texture": "#0"}
			}
		},
		{
			"from": [7.78, 17.16985, 3.85523],
			"to": [8.23, 17.86985, 4.60523],
			"rotation": {"angle": -22.5, "axis": "x", "origin": [8.002, 17.31339, 4.50417]},
			"faces": {
				"north": {"uv": [6, 4.5, 6.5, 4.75], "rotation": 180, "texture": "#0"},
				"east": {"uv": [6, 4.5, 6.5, 4.75], "rotation": 180, "texture": "#0"},
				"south": {"uv": [6, 4.5, 6.5, 4.75], "rotation": 180, "texture": "#0"},
				"west": {"uv": [6, 4.5, 6.5, 4.75], "rotation": 180, "texture": "#0"},
				"up": {"uv": [6, 4.5, 6.5, 4.75], "rotation": 180, "texture": "#0"},
				"down": {"uv": [6, 4.5, 6.5, 4.75], "rotation": 180, "texture": "#0"}
			}
		},
		{
			"from": [7.78, -9.80827, 4.94926],
			"to": [8.23, -9.10827, 5.69926],
			"rotation": {"angle": 0, "axis": "x", "origin": [8.0025, -8.49352, 5.54774]},
			"faces": {
				"north": {"uv": [6, 4.75, 6.5, 4.5], "rotation": 180, "texture": "#0"},
				"east": {"uv": [6, 4.75, 6.5, 4.5], "rotation": 180, "texture": "#0"},
				"south": {"uv": [6, 4.75, 6.5, 4.5], "rotation": 180, "texture": "#0"},
				"west": {"uv": [6, 4.75, 6.5, 4.5], "rotation": 180, "texture": "#0"},
				"up": {"uv": [6, 4.75, 6.5, 4.5], "rotation": 180, "texture": "#0"},
				"down": {"uv": [6, 4.75, 6.5, 4.5], "rotation": 180, "texture": "#0"}
			}
		},
		{
			"from": [7.78, -9.80827, 7.80074],
			"to": [8.23, -9.10827, 8.55074],
			"rotation": {"angle": 0, "axis": "x", "origin": [8.0025, -8.49352, 7.95226]},
			"faces": {
				"north": {"uv": [6.5, 4.75, 6, 4.5], "rotation": 180, "texture": "#0"},
				"east": {"uv": [6.5, 4.75, 6, 4.5], "rotation": 180, "texture": "#0"},
				"south": {"uv": [6.5, 4.75, 6, 4.5], "rotation": 180, "texture": "#0"},
				"west": {"uv": [6.5, 4.75, 6, 4.5], "rotation": 180, "texture": "#0"},
				"up": {"uv": [6, 4.5, 6.5, 4.75], "rotation": 180, "texture": "#0"},
				"down": {"uv": [6, 4.5, 6.5, 4.75], "rotation": 180, "texture": "#0"}
			}
		},
		{
			"from": [7.77, 23.61222, 5.57195],
			"to": [8.23, 24.17222, 5.93195],
			"rotation": {"angle": -45, "axis": "x", "origin": [8, 23.69222, 5.80195]},
			"faces": {
				"north": {"uv": [1.5, 2, 2.5, 3], "texture": "#0"},
				"east": {"uv": [1.5, 2, 2.5, 3], "texture": "#0"},
				"south": {"uv": [1.5, 2, 2.5, 3], "texture": "#0"},
				"west": {"uv": [1.5, 2, 2.5, 3], "texture": "#0"},
				"up": {"uv": [1.5, 2, 2.5, 3], "texture": "#0"},
				"down": {"uv": [1.5, 2, 2.5, 3], "texture": "#0"}
			}
		},
		{
			"from": [7.785, 22.15607, 4.80546],
			"to": [8.215, 22.48607, 5.33546],
			"rotation": {"angle": -22.5, "axis": "x", "origin": [8, 22.24636, 4.92546]},
			"faces": {
				"north": {"uv": [9, 0.5, 9.4, 1.1], "rotation": 270, "texture": "#0"},
				"east": {"uv": [9, 0.5, 9.4, 1.1], "rotation": 270, "texture": "#0"},
				"south": {"uv": [9, 0.5, 9.4, 1.1], "rotation": 270, "texture": "#0"},
				"west": {"uv": [9, 0.5, 9.4, 1.1], "rotation": 270, "texture": "#0"},
				"up": {"uv": [9, 0.5, 9.4, 1.1], "rotation": 270, "texture": "#0"},
				"down": {"uv": [9, 0.5, 9.4, 1.1], "rotation": 270, "texture": "#0"}
			}
		},
		{
			"from": [7.785, 17.36126, 10.15317],
			"to": [8.215, 17.89126, 10.48317],
			"rotation": {"angle": -22.5, "axis": "x", "origin": [8.0025, 16.4281, 8.89066]},
			"faces": {
				"north": {"uv": [9.4, 0.5, 9, 1.1], "rotation": 90, "texture": "#0"},
				"east": {"uv": [9, 1.1, 9.4, 0.5], "rotation": 180, "texture": "#0"},
				"south": {"uv": [9.4, 0.5, 9, 1.1], "rotation": 270, "texture": "#0"},
				"west": {"uv": [9, 1.1, 9.4, 0.5], "texture": "#0"},
				"up": {"uv": [9, 1.1, 9.4, 0.5], "rotation": 90, "texture": "#0"},
				"down": {"uv": [9, 1.1, 9.4, 0.5], "rotation": 270, "texture": "#0"}
			}
		},
		{
			"from": [7.785, 17.62422, 3.54132],
			"to": [8.215, 18.15422, 3.87132],
			"rotation": {"angle": 22.5, "axis": "x", "origin": [8.002, 17.31339, 4.50417]},
			"faces": {
				"north": {"uv": [9.4, 1.1, 9, 0.5], "rotation": 270, "texture": "#0"},
				"east": {"uv": [9.4, 1.1, 9, 0.5], "rotation": 180, "texture": "#0"},
				"south": {"uv": [9.4, 1.1, 9, 0.5], "rotation": 90, "texture": "#0"},
				"west": {"uv": [9.4, 1.1, 9, 0.5], "texture": "#0"},
				"up": {"uv": [9.4, 1.1, 9, 0.5], "rotation": 90, "texture": "#0"},
				"down": {"uv": [9.4, 1.1, 9, 0.5], "rotation": 270, "texture": "#0"}
			}
		},
		{
			"from": [7.785, -9.90621, 4.08438],
			"to": [8.215, -9.37621, 4.41438],
			"rotation": {"angle": -45, "axis": "x", "origin": [8.0025, -8.49352, 5.54774]},
			"faces": {
				"north": {"uv": [9, 1.1, 9.4, 0.5], "rotation": 270, "texture": "#0"},
				"east": {"uv": [9.4, 0.5, 9, 1.1], "rotation": 180, "texture": "#0"},
				"south": {"uv": [9, 1.1, 9.4, 0.5], "rotation": 90, "texture": "#0"},
				"west": {"uv": [9.4, 0.5, 9, 1.1], "texture": "#0"},
				"up": {"uv": [9, 1.1, 9.4, 0.5], "rotation": 270, "texture": "#0"},
				"down": {"uv": [9, 1.1, 9.4, 0.5], "rotation": 90, "texture": "#0"}
			}
		},
		{
			"from": [7.785, -9.90621, 9.08562],
			"to": [8.215, -9.37621, 9.41562],
			"rotation": {"angle": 45, "axis": "x", "origin": [8.0025, -8.49352, 7.95226]},
			"faces": {
				"north": {"uv": [9, 0.5, 9.4, 1.1], "rotation": 90, "texture": "#0"},
				"east": {"uv": [9, 0.5, 9.4, 1.1], "rotation": 180, "texture": "#0"},
				"south": {"uv": [9, 0.5, 9.4, 1.1], "rotation": 270, "texture": "#0"},
				"west": {"uv": [9, 0.5, 9.4, 1.1], "texture": "#0"},
				"up": {"uv": [9.4, 1.1, 9, 0.5], "rotation": 270, "texture": "#0"},
				"down": {"uv": [9.4, 1.1, 9, 0.5], "rotation": 90, "texture": "#0"}
			}
		},
		{
			"from": [7.749, 18.24605, 5.90349],
			"to": [8.251, 25.24805, 7.15549],
			"rotation": {"angle": 22.5, "axis": "x", "origin": [8, 22.24705, 6.65449]},
			"faces": {
				"north": {"uv": [2.5, 4.5, 9.5, 5], "rotation": 90, "texture": "#0"},
				"east": {"uv": [2, 4.5, 9, 6], "rotation": 90, "texture": "#0"},
				"south": {"uv": [2.5, 4, 9.5, 4.5], "rotation": 90, "texture": "#0"},
				"west": {"uv": [9, 4.5, 2, 6], "rotation": 270, "texture": "#0"},
				"up": {"uv": [3, 4, 4.25, 4.5], "rotation": 90, "texture": "#0"},
				"down": {"uv": [2, 4, 9, 5.5], "rotation": 90, "texture": "#0"}
			}
		},
		{
			"from": [7.755, 24.88455, 5.80911],
			"to": [8.245, 26.12455, 8.04911],
			"rotation": {"angle": -22.5, "axis": "x", "origin": [8, 25.37955, 8.30411]},
			"faces": {
				"north": {"uv": [0, 0, 1, 2.5], "rotation": 180, "texture": "#0"},
				"east": {"uv": [5, 6.5, 3.5, 4], "rotation": 90, "texture": "#0"},
				"south": {"uv": [3.5, 4, 5, 4.5], "rotation": 270, "texture": "#0"},
				"west": {"uv": [5, 4, 3.5, 6.5], "rotation": 90, "texture": "#0"},
				"up": {"uv": [0, 0, 1, 4.5], "rotation": 180, "texture": "#0"},
				"down": {"uv": [0, 0, 1, 4.5], "texture": "#0"}
			}
		},
		{
			"from": [7.755, 23.13455, 7.15911],
			"to": [8.245, 24.12455, 8.14911],
			"rotation": {"angle": -22.5, "axis": "x", "origin": [8, 23.62955, 9.65411]},
			"faces": {
				"north": {"uv": [4.5, 2.5, 5.5, 3.5], "texture": "#0"},
				"east": {"uv": [4.5, 2.5, 5.5, 3.5], "rotation": 90, "texture": "#0"},
				"south": {"uv": [5, 2.5, 5.5, 3.5], "texture": "#0"},
				"west": {"uv": [4.5, 2.5, 5.5, 3.5], "texture": "#0"},
				"up": {"uv": [4.5, 2.5, 5.5, 3.5], "texture": "#0"},
				"down": {"uv": [5, 2.5, 5.5, 3.5], "rotation": 180, "texture": "#0"}
			}
		},
		{
			"from": [7.755, 21.83455, 7.15911],
			"to": [8.245, 22.82455, 8.39911],
			"rotation": {"angle": -22.5, "axis": "x", "origin": [8, 22.32955, 9.65411]},
			"faces": {
				"north": {"uv": [8.5, 5.75, 9.1, 4.5], "rotation": 90, "texture": "#0"},
				"east": {"uv": [8.5, 5.75, 9.1, 4.5], "rotation": 90, "texture": "#0"},
				"south": {"uv": [8.5, 5.75, 9.1, 4.5], "rotation": 90, "texture": "#0"},
				"west": {"uv": [8.5, 5.75, 9.1, 4.5], "rotation": 90, "texture": "#0"},
				"up": {"uv": [8.5, 5.75, 9.1, 4.5], "rotation": 90, "texture": "#0"},
				"down": {"uv": [8.5, 5.75, 9.1, 4.5], "rotation": 90, "texture": "#0"}
			}
		},
		{
			"from": [7.655, 22.03455, 6.95911],
			"to": [8.345, 22.62455, 8.19911],
			"rotation": {"angle": -22.5, "axis": "x", "origin": [8, 22.32955, 9.65411]},
			"faces": {
				"north": {"uv": [8.5, 5.75, 9.1, 4.5], "rotation": 90, "texture": "#0"},
				"east": {"uv": [8.5, 5.75, 9.1, 4.5], "rotation": 90, "texture": "#0"},
				"south": {"uv": [8.5, 5.75, 9.1, 4.5], "rotation": 90, "texture": "#0"},
				"west": {"uv": [8.5, 5.75, 9.1, 4.5], "rotation": 90, "texture": "#0"},
				"up": {"uv": [8.5, 5.75, 9.1, 4.5], "rotation": 90, "texture": "#0"},
				"down": {"uv": [8.5, 5.75, 9.1, 4.5], "rotation": 90, "texture": "#0"}
			}
		},
		{
			"from": [7.655, 23.33455, 6.70911],
			"to": [8.345, 23.92455, 7.94911],
			"rotation": {"angle": -22.5, "axis": "x", "origin": [8, 23.62955, 9.65411]},
			"faces": {
				"north": {"uv": [4.5, 4.5, 5.1, 5.2], "rotation": 90, "texture": "#0"},
				"east": {"uv": [4.5, 4.5, 5.1, 5.75], "rotation": 90, "texture": "#0"},
				"south": {"uv": [4.5, 4.5, 5.1, 5.2], "rotation": 90, "texture": "#0"},
				"west": {"uv": [4.5, 4.5, 5.1, 5.75], "rotation": 90, "texture": "#0"},
				"up": {"uv": [4.5, 4.5, 5.75, 5.2], "rotation": 90, "texture": "#0"},
				"down": {"uv": [4.5, 4.5, 5.75, 5.2], "rotation": 90, "texture": "#0"}
			}
		},
		{
			"from": [7.655, 20.73455, 6.95911],
			"to": [8.345, 21.32455, 8.44911],
			"rotation": {"angle": -22.5, "axis": "x", "origin": [8, 21.02955, 9.65411]},
			"faces": {
				"north": {"uv": [5.5, 7.5, 6.1, 8.2], "rotation": 90, "texture": "#0"},
				"east": {"uv": [5.5, 7.5, 6.1, 9], "rotation": 90, "texture": "#0"},
				"south": {"uv": [5.5, 7.5, 6.1, 8.2], "rotation": 90, "texture": "#0"},
				"west": {"uv": [5.5, 7.5, 6.1, 9], "rotation": 90, "texture": "#0"},
				"up": {"uv": [5.5, 7.5, 7, 8.2], "rotation": 90, "texture": "#0"},
				"down": {"uv": [5.5, 7.5, 7, 8.2], "rotation": 90, "texture": "#0"}
			}
		},
		{
			"from": [7.655, 18.77442, 7.09041],
			"to": [8.345, 19.36442, 8.83041],
			"rotation": {"angle": 0, "axis": "x", "origin": [8, 19.06942, 8.06041]},
			"faces": {
				"north": {"uv": [8.5, 7, 9, 9], "rotation": 90, "texture": "#0"},
				"east": {"uv": [8.5, 7, 9, 9], "rotation": 90, "texture": "#0"},
				"south": {"uv": [8.5, 7, 9, 9], "rotation": 90, "texture": "#0"},
				"west": {"uv": [8.5, 7, 9, 9], "rotation": 90, "texture": "#0"},
				"up": {"uv": [8.5, 7, 9, 9], "rotation": 90, "texture": "#0"},
				"down": {"uv": [8.5, 7, 9, 9], "rotation": 90, "texture": "#0"}
			}
		},
		{
			"from": [7.405, 20.03455, 4.25911],
			"to": [8.595, 20.52455, 8.24911],
			"rotation": {"angle": -22.5, "axis": "x", "origin": [8, 20.32955, 9.65411]},
			"faces": {
				"north": {"uv": [15, 2, 15.5, 3], "rotation": 270, "texture": "#0"},
				"east": {"uv": [15, 2, 15.5, 6], "rotation": 270, "texture": "#0"},
				"south": {"uv": [15, 2, 15.5, 3], "rotation": 270, "texture": "#0"},
				"west": {"uv": [15, 2, 15.5, 6], "rotation": 270, "texture": "#0"},
				"up": {"uv": [14.5, 2.5, 15.5, 6.5], "texture": "#0"},
				"down": {"uv": [14.5, 2.5, 15.5, 6.5], "texture": "#0"}
			}
		},
		{
			"from": [7.404, 18.72233, 4.01892],
			"to": [8.596, 19.21433, 9.06092],
			"rotation": {"angle": 22.5, "axis": "x", "origin": [8, 18.96833, 6.23992]},
			"faces": {
				"north": {"uv": [14.5, 1.5, 15.5, 2], "texture": "#0"},
				"east": {"uv": [14.5, 1.5, 15, 6.5], "rotation": 90, "texture": "#0"},
				"south": {"uv": [14.5, 1.5, 15.5, 2], "texture": "#0"},
				"west": {"uv": [14.5, 1.5, 15, 6.5], "rotation": 90, "texture": "#0"},
				"up": {"uv": [14.5, 1.5, 15.5, 6.5], "texture": "#0"},
				"down": {"uv": [14.5, 1.5, 15.5, 6.5], "texture": "#0"}
			}
		},
		{
			"from": [7.154, 18.72233, 5.76892],
			"to": [8.846, 19.21433, 7.81092],
			"rotation": {"angle": 22.5, "axis": "x", "origin": [8, 18.96833, 6.23992]},
			"faces": {
				"north": {"uv": [14.5, 1.5, 15.5, 2], "texture": "#0"},
				"east": {"uv": [14.5, 1.5, 15, 6.5], "rotation": 90, "texture": "#0"},
				"south": {"uv": [14.5, 1.5, 15.5, 2], "texture": "#0"},
				"west": {"uv": [14.5, 1.5, 15, 6.5], "rotation": 90, "texture": "#0"},
				"up": {"uv": [14.5, 1.5, 15.5, 6.5], "texture": "#0"},
				"down": {"uv": [14.5, 1.5, 15.5, 6.5], "texture": "#0"}
			}
		},
		{
			"from": [7.154, 18.86186, 5.72706],
			"to": [8.846, 19.35386, 7.76906],
			"rotation": {"angle": -22.5, "axis": "x", "origin": [8, 19.10786, 6.74806]},
			"faces": {
				"north": {"uv": [14.5, 1.5, 15.5, 2], "texture": "#0"},
				"east": {"uv": [14.5, 1.5, 15, 6.5], "rotation": 90, "texture": "#0"},
				"south": {"uv": [14.5, 1.5, 15.5, 2], "texture": "#0"},
				"west": {"uv": [14.5, 1.5, 15, 6.5], "rotation": 90, "texture": "#0"},
				"up": {"uv": [14.5, 1.5, 15.5, 6.5], "texture": "#0"},
				"down": {"uv": [14.5, 1.5, 15.5, 6.5], "texture": "#0"}
			}
		},
		{
			"from": [7.755, 20.53455, 7.15911],
			"to": [8.245, 21.52455, 8.64911],
			"rotation": {"angle": -22.5, "axis": "x", "origin": [8, 21.02955, 9.65411]},
			"faces": {
				"north": {"uv": [5.5, 7.5, 6.5, 8], "rotation": 90, "texture": "#0"},
				"east": {"uv": [5.5, 7.5, 6.5, 9], "rotation": 90, "texture": "#0"},
				"south": {"uv": [5.5, 7.5, 6.5, 8], "rotation": 90, "texture": "#0"},
				"west": {"uv": [5.5, 7.5, 6.5, 9], "rotation": 90, "texture": "#0"},
				"up": {"uv": [5.5, 7.5, 7, 8], "rotation": 90, "texture": "#0"},
				"down": {"uv": [5.5, 7.5, 7, 8], "rotation": 90, "texture": "#0"}
			}
		},
		{
			"from": [7.755, 18.57442, 7.29041],
			"to": [8.245, 19.56442, 9.03041],
			"rotation": {"angle": 0, "axis": "x", "origin": [8, 19.06942, 8.06041]},
			"faces": {
				"north": {"uv": [8.5, 7, 9, 9], "rotation": 90, "texture": "#0"},
				"east": {"uv": [8.5, 7, 9, 9], "rotation": 90, "texture": "#0"},
				"south": {"uv": [8.5, 7, 9, 9], "rotation": 90, "texture": "#0"},
				"west": {"uv": [8.5, 7, 9, 9], "rotation": 90, "texture": "#0"},
				"up": {"uv": [8.5, 7, 9, 9], "rotation": 90, "texture": "#0"},
				"down": {"uv": [8.5, 7, 9, 9], "rotation": 90, "texture": "#0"}
			}
		},
		{
			"from": [7.7, 18.30769, 4.8778],
			"to": [8.3, 19.30769, 8.4778],
			"rotation": {"angle": 22.5, "axis": "x", "origin": [7.95, 18.80769, 4.7528]},
			"faces": {
				"north": {"uv": [1.5, 8, 2.1, 9], "rotation": 180, "texture": "#0"},
				"east": {"uv": [1.5, 8, 5.1, 9], "texture": "#0"},
				"south": {"uv": [1.5, 8, 2.1, 9], "rotation": 180, "texture": "#0"},
				"west": {"uv": [1.5, 8, 5.1, 9], "rotation": 180, "texture": "#0"},
				"up": {"uv": [1.5, 8, 5.1, 9], "rotation": 180, "texture": "#0"},
				"down": {"uv": [1.5, 8, 5.1, 8.6], "rotation": 270, "texture": "#0"}
			}
		},
		{
			"from": [7.71, 14.58102, 5.74127],
			"to": [8.29, 18.66102, 6.72127],
			"rotation": {"angle": -22.5, "axis": "x", "origin": [8, 16.37102, 6.23127]},
			"faces": {
				"north": {"uv": [1.5, 8, 5.1, 8.6], "rotation": 90, "texture": "#0"},
				"east": {"uv": [1.5, 8, 5, 9], "rotation": 270, "texture": "#0"},
				"south": {"uv": [1.5, 8, 5.1, 9], "rotation": 180, "texture": "#0"},
				"west": {"uv": [1.5, 8, 5, 9], "rotation": 270, "texture": "#0"},
				"up": {"uv": [1.5, 8, 2.1, 9], "texture": "#0"},
				"down": {"uv": [1.5, 8, 2.1, 9], "rotation": 180, "texture": "#0"}
			}
		},
		{
			"from": [7.71, 14.58102, 6.97873],
			"to": [8.29, 18.66102, 7.95873],
			"rotation": {"angle": 22.5, "axis": "x", "origin": [8, 16.37102, 7.46873]},
			"faces": {
				"north": {"uv": [5.1, 8, 1.5, 9], "rotation": 180, "texture": "#0"},
				"east": {"uv": [1.5, 9, 5, 8], "rotation": 270, "texture": "#0"},
				"south": {"uv": [1.5, 8.6, 5.1, 8], "rotation": 90, "texture": "#0"},
				"west": {"uv": [1.5, 9, 5, 8], "rotation": 270, "texture": "#0"},
				"up": {"uv": [1.5, 9, 2.1, 8], "texture": "#0"},
				"down": {"uv": [1.5, 9, 2.1, 8], "rotation": 180, "texture": "#0"}
			}
		},
		{
			"from": [7.77, 18.0591, 6.82343],
			"to": [8.23, 27.9191, 7.78343],
			"rotation": {"angle": 0, "axis": "x", "origin": [8, 26.0391, 7.30343]},
			"faces": {
				"north": {"uv": [3.5, 0, 4.5, 9.9], "texture": "#0"},
				"east": {"uv": [3, 10.9, 4, 1], "rotation": 180, "texture": "#0"},
				"south": {"uv": [4, 1, 4.5, 10.9], "texture": "#0"},
				"west": {"uv": [3, 1, 4, 10.9], "texture": "#0"},
				"up": {"uv": [3.5, 0, 4.5, 9.9], "texture": "#0"},
				"down": {"uv": [3.5, 0, 4.5, 9.9], "texture": "#0"}
			}
		},
		{
			"from": [7.51, 18.0491, 6.31343],
			"to": [8.49, 22.0291, 7.29343],
			"rotation": {"angle": 0, "axis": "x", "origin": [7.75, 26.0391, 6.80343]},
			"faces": {
				"north": {"uv": [4, 4.5, 5, 8.5], "texture": "#0"},
				"east": {"uv": [4, 4.5, 5, 8.5], "texture": "#0"},
				"south": {"uv": [4, 4.5, 5, 8.5], "texture": "#0"},
				"west": {"uv": [0, 5, 1, 9], "texture": "#0"},
				"up": {"uv": [4, 4.5, 5, 8.5], "texture": "#0"},
				"down": {"uv": [4, 4.5, 5, 8.5], "texture": "#0"}
			}
		},
		{
			"from": [7.501, 18.501, 5.701],
			"to": [8.499, 22.499, 6.699],
			"rotation": {"angle": 22.5, "axis": "x", "origin": [8, 20.5, 6.2]},
			"faces": {
				"north": {"uv": [4.5, 4.5, 5.5, 8.5], "texture": "#0"},
				"east": {"uv": [4, 4.5, 5, 8.5], "texture": "#0"},
				"south": {"uv": [4, 4.5, 5, 8.5], "texture": "#0"},
				"west": {"uv": [4.5, 5, 3.5, 9], "texture": "#0"},
				"up": {"uv": [4, 4.5, 5, 5.5], "texture": "#0"},
				"down": {"uv": [4.5, 4.5, 5.5, 8.5], "texture": "#0"}
			}
		},
		{
			"from": [7.5, -10.2, 6.25],
			"to": [8.5, 5.8, 7.25],
			"rotation": {"angle": 0, "axis": "y", "origin": [15.5, 10.8, 14.25]},
			"faces": {
				"north": {"uv": [11.5, 0, 12.5, 16], "texture": "#0"},
				"east": {"uv": [11.5, 0, 12.5, 16], "texture": "#0"},
				"south": {"uv": [12.5, 0, 13.5, 16], "texture": "#0"},
				"west": {"uv": [12, 0, 13, 16], "texture": "#0"},
				"up": {"uv": [12, 0, 13, 16], "texture": "#0"},
				"down": {"uv": [12, 0, 13, 1], "texture": "#0"}
			}
		},
		{
			"from": [7.5, 4.8, 6.25],
			"to": [8.5, 8.8, 7.25],
			"rotation": {"angle": 0, "axis": "y", "origin": [15.5, 25.8, 14.25]},
			"faces": {
				"north": {"uv": [12, 0, 13, 4], "texture": "#0"},
				"east": {"uv": [12, 0, 13, 4], "texture": "#0"},
				"south": {"uv": [12, 0, 13, 4], "texture": "#0"},
				"west": {"uv": [12, 0, 13, 4], "texture": "#0"},
				"up": {"uv": [12, 0, 13, 4], "texture": "#0"},
				"down": {"uv": [12, 0, 13, 4], "texture": "#0"}
			}
		},
		{
			"from": [7.25, 12.4, 6],
			"to": [8.75, 20.15, 7.5],
			"rotation": {"angle": 0, "axis": "y", "origin": [15.5, 19.9, 14.25]},
			"faces": {
				"north": {"uv": [11.5, 3, 13, 10.75], "texture": "#0"},
				"east": {"uv": [11.5, 3, 13, 10.75], "texture": "#0"},
				"south": {"uv": [11.5, 3, 13, 10.75], "texture": "#0"},
				"west": {"uv": [11.5, 3, 13, 10.75], "texture": "#0"},
				"up": {"uv": [11.5, 3, 13, 10.75], "texture": "#0"},
				"down": {"uv": [11.5, 3, 13, 4.5], "texture": "#0"}
			}
		},
		{
			"from": [7.251, 19.601, 6.251],
			"to": [8.749, 20.749, 7.399],
			"rotation": {"angle": 45, "axis": "x", "origin": [8, 20.25, 6.75]},
			"faces": {
				"north": {"uv": [11.5, 3, 13, 4.5], "texture": "#0"},
				"east": {"uv": [11.5, 3, 13, 4.5], "texture": "#0"},
				"south": {"uv": [11.5, 3, 13, 4.5], "texture": "#0"},
				"west": {"uv": [11.5, 3, 13, 4.5], "texture": "#0"},
				"up": {"uv": [11.5, 3, 13, 4.5], "texture": "#0"},
				"down": {"uv": [11.5, 3, 13, 4.5], "texture": "#0"}
			}
		},
		{
			"from": [7.35, 8, 6.1],
			"to": [8.65, 15.55, 7.4],
			"rotation": {"angle": 0, "axis": "y", "origin": [15.5, 15.4, 14.25]},
			"faces": {
				"north": {"uv": [12, 0, 13.5, 7.5], "texture": "#0"},
				"east": {"uv": [13.5, 0, 12, 7.5], "texture": "#0"},
				"south": {"uv": [12, 0, 13.5, 7.5], "texture": "#0"},
				"west": {"uv": [13.5, 0, 12, 7.5], "texture": "#0"},
				"up": {"uv": [12, 0, 13.5, 7.5], "texture": "#0"},
				"down": {"uv": [12, 0, 13.5, 1.5], "texture": "#0"}
			}
		},
		{
			"from": [7.35, -10.5, 6.1],
			"to": [8.65, -9.2, 7.4],
			"rotation": {"angle": 45, "axis": "x", "origin": [8, -9.85, 6.75]},
			"faces": {
				"north": {"uv": [13.5, 0, 12, 1.5], "rotation": 90, "texture": "#0"},
				"east": {"uv": [13.5, 0, 12, 1.5], "rotation": 90, "texture": "#0"},
				"south": {"uv": [13.5, 0, 12, 1.5], "rotation": 90, "texture": "#0"},
				"west": {"uv": [13.5, 0, 12, 1.5], "rotation": 90, "texture": "#0"},
				"up": {"uv": [13.5, 0, 12, 1.5], "texture": "#0"},
				"down": {"uv": [13.5, 0, 12, 1.5], "rotation": 180, "texture": "#0"}
			}
		},
		{
			"from": [7.05, 17, 5.8],
			"to": [8.95, 17.6, 7.7],
			"rotation": {"angle": 0, "axis": "y", "origin": [15.5, 25.2, 14.25]},
			"faces": {
				"north": {"uv": [14.5, 4.5, 16, 4.799], "texture": "#0"},
				"east": {"uv": [14.5, 4.5, 16, 4.799], "texture": "#0"},
				"south": {"uv": [14.5, 4.5, 16, 4.799], "texture": "#0"},
				"west": {"uv": [14.5, 4.5, 16, 4.799], "texture": "#0"},
				"up": {"uv": [14.5, 4.5, 16, 4.799], "texture": "#0"},
				"down": {"uv": [14.5, 4.5, 16, 4.799], "texture": "#0"}
			}
		},
		{
			"from": [7.25, 6.3, 6],
			"to": [8.75, 6.8, 7.5],
			"rotation": {"angle": 0, "axis": "y", "origin": [15.5, 14.3, 14.25]},
			"faces": {
				"north": {"uv": [14.5, 4.5, 16, 4.799], "texture": "#0"},
				"east": {"uv": [14.5, 4.5, 16, 4.799], "texture": "#0"},
				"south": {"uv": [14.5, 4.5, 16, 4.799], "texture": "#0"},
				"west": {"uv": [14.5, 4.5, 16, 4.799], "texture": "#0"},
				"up": {"uv": [14.5, 4.5, 16, 4.799], "texture": "#0"},
				"down": {"uv": [14.5, 4.5, 16, 4.799], "texture": "#0"}
			}
		},
		{
			"from": [7.25, 0.9, 6],
			"to": [8.75, 1.4, 7.5],
			"rotation": {"angle": 0, "axis": "y", "origin": [15.5, 8.9, 14.25]},
			"faces": {
				"north": {"uv": [14.5, 4.5, 16, 4.799], "texture": "#0"},
				"east": {"uv": [14.5, 4.5, 16, 4.799], "texture": "#0"},
				"south": {"uv": [14.5, 4.5, 16, 4.799], "texture": "#0"},
				"west": {"uv": [14.5, 4.5, 16, 4.799], "texture": "#0"},
				"up": {"uv": [14.5, 4.5, 16, 4.799], "texture": "#0"},
				"down": {"uv": [14.5, 4.5, 16, 4.799], "texture": "#0"}
			}
		},
		{
			"from": [7.25, 7, 6],
			"to": [8.75, 7.5, 7.5],
			"rotation": {"angle": 0, "axis": "y", "origin": [15.5, 15, 14.25]},
			"faces": {
				"north": {"uv": [14.5, 4.5, 16, 4.799], "texture": "#0"},
				"east": {"uv": [14.5, 4.5, 16, 4.799], "texture": "#0"},
				"south": {"uv": [14.5, 4.5, 16, 4.799], "texture": "#0"},
				"west": {"uv": [14.5, 4.5, 16, 4.799], "texture": "#0"},
				"up": {"uv": [14.5, 4.5, 16, 4.799], "texture": "#0"},
				"down": {"uv": [14.5, 4.5, 16, 4.799], "texture": "#0"}
			}
		},
		{
			"from": [7.25, 1.6, 6],
			"to": [8.75, 2.1, 7.5],
			"rotation": {"angle": 0, "axis": "y", "origin": [15.5, 9.6, 14.25]},
			"faces": {
				"north": {"uv": [14.5, 4.5, 16, 4.799], "texture": "#0"},
				"east": {"uv": [14.5, 4.5, 16, 4.799], "texture": "#0"},
				"south": {"uv": [14.5, 4.5, 16, 4.799], "texture": "#0"},
				"west": {"uv": [14.5, 4.5, 16, 4.799], "texture": "#0"},
				"up": {"uv": [14.5, 4.5, 16, 4.799], "texture": "#0"},
				"down": {"uv": [14.5, 4.5, 16, 4.799], "texture": "#0"}
			}
		},
		{
			"from": [7.35, 2.5, 6.1],
			"to": [8.65, 5.8, 7.4],
			"rotation": {"angle": 0, "axis": "y", "origin": [15.5, 10.4, 14.25]},
			"faces": {
				"north": {"uv": [14.5, 4.5, 16, 8], "texture": "#0"},
				"east": {"uv": [14.5, 4.5, 16, 8], "texture": "#0"},
				"south": {"uv": [14.5, 4.5, 16, 8], "texture": "#0"},
				"west": {"uv": [14.5, 4.5, 16, 8], "texture": "#0"},
				"up": {"uv": [14.5, 4.5, 16, 6], "texture": "#0"},
				"down": {"uv": [14.5, 4.5, 16, 6], "texture": "#0"}
			}
		},
		{
			"from": [7.05, 17.6, 5.65],
			"to": [8.95, 18.2, 7.85],
			"rotation": {"angle": -22.5, "axis": "x", "origin": [8, 17.95, 6.75]},
			"faces": {
				"north": {"uv": [15.5, 3.5, 16, 5.5], "rotation": 270, "texture": "#0"},
				"east": {"uv": [15.5, 3.5, 16, 5.5], "rotation": 270, "texture": "#0"},
				"south": {"uv": [15.5, 3.5, 16, 5.5], "rotation": 270, "texture": "#0"},
				"west": {"uv": [15.5, 3.5, 16, 5.5], "rotation": 270, "texture": "#0"},
				"up": {"uv": [15.5, 3.5, 16, 5.5], "rotation": 270, "texture": "#0"},
				"down": {"uv": [15.5, 3.5, 16, 5.5], "rotation": 270, "texture": "#0"}
			}
		},
		{
			"from": [7.05, 16, 5.65],
			"to": [8.95, 16.6, 7.85],
			"rotation": {"angle": -22.5, "axis": "x", "origin": [8, 16.35, 6.75]},
			"faces": {
				"north": {"uv": [15.5, 3.5, 16, 5.5], "rotation": 270, "texture": "#0"},
				"east": {"uv": [15.5, 3.5, 16, 5.5], "rotation": 270, "texture": "#0"},
				"south": {"uv": [15.5, 3.5, 16, 5.5], "rotation": 270, "texture": "#0"},
				"west": {"uv": [15.5, 3.5, 16, 5.5], "rotation": 270, "texture": "#0"},
				"up": {"uv": [15.5, 3.5, 16, 5.5], "rotation": 270, "texture": "#0"},
				"down": {"uv": [15.5, 3.5, 16, 5.5], "rotation": 270, "texture": "#0"}
			}
		},
		{
			"from": [8, 13.5, -6.85],
			"to": [8.01, 29.5, 7.15],
			"rotation": {"angle": 0, "axis": "x", "origin": [8.005, 24.5, 9.15]},
			"faces": {
				"north": {"uv": [0, 0, 0.01, 6], "texture": "#2"},
				"east": {"uv": [15, 0, 1, 16], "texture": "#2"},
				"south": {"uv": [0, 0, 0.01, 6], "texture": "#2"},
				"west": {"uv": [1, 0, 15, 16], "texture": "#2"},
				"up": {"uv": [0, 0, 0, 0], "texture": "#2"},
				"down": {"uv": [0, 0, 0.01, 6], "texture": "#2"}
			}
		},
		{
			"from": [8, 15, 7.15],
			"to": [8.01, 31, 21.15],
			"rotation": {"angle": 0, "axis": "x", "origin": [8.005, 26, 7.15]},
			"faces": {
				"north": {"uv": [0.01, 0, 0, 6], "texture": "#2"},
				"east": {"uv": [0.5, 0, 14.5, 16], "texture": "#2"},
				"south": {"uv": [0.01, 0, 0, 6], "texture": "#2"},
				"west": {"uv": [14.5, 0, 0.5, 16], "texture": "#2"},
				"up": {"uv": [0, 0, 0, 0], "texture": "#2"},
				"down": {"uv": [0, 6, 0.01, 0], "texture": "#2"}
			}
		}
	],
	"display": {
		"thirdperson_righthand": {
			"translation": [-0.5, 4.25, 3.25],
			"scale": [1.6, 1.6, 1.6]
		},
		"thirdperson_lefthand": {
			"translation": [-0.5, 10.5, 3.75],
			"scale": [1.6, 1.6, 1.6]
		},
		"firstperson_righthand": {
			"rotation": [-15, 0, 0],
			"translation": [2.75, 0.25, 1.75],
			"scale": [0.8, 0.8, 0.8]
		},
		"firstperson_lefthand": {
			"rotation": [-15, 0, 0],
			"translation": [2.75, 0.25, 1.75],
			"scale": [0.8, 0.8, 0.8]
		},
		"ground": {
			"rotation": [45, -45, 0],
			"translation": [0, 7, 0],
			"scale": [0.8, 0.8, 0.8]
		},
		"gui": {
			"rotation": [63, 38, -61],
			"translation": [1.5, 1.25, 0],
			"scale": [0.7, 0.7, 0.7]
		},
		"head": {
			"rotation": [-51, -22, -22],
			"translation": [0, 60.5, 0],
			"scale": [3, 3, 3]
		},
		"fixed": {
			"rotation": [0, 0, -90],
			"translation": [0.75, -4.25, -0.75],
			"scale": [1.1, 1.1, 1.1]
		}
	}
}