{
	"credit": "Made with Blockbench",
	"textures": {
		"0": "skins/ice_scythe",
		"1": "skins/valkyrie1",
		"3": "skins/earth_eye_glint",
		"particle": "skins/earth_eye_glint",
		"3_1": "skins/rune_flame"
	},
	"elements": [
		{
			"from": [7.67547, 21.70668, 4.7158],
			"to": [8.37547, 24.30668, 7.8158],
			"rotation": {"angle": -22.5, "axis": "x", "origin": [8.02408, 15.1843, 2.96029]},
			"faces": {
				"north": {"uv": [3.5, 8, 6.5, 12], "rotation": 90, "texture": "#0"},
				"east": {"uv": [3.5, 8, 5.5, 11], "rotation": 90, "texture": "#0"},
				"south": {"uv": [3.5, 10.5, 5.5, 11], "rotation": 270, "texture": "#0"},
				"west": {"uv": [3.5, 8, 5.5, 11], "rotation": 270, "texture": "#0"},
				"up": {"uv": [4, 8, 4.5, 11], "texture": "#0"},
				"down": {"uv": [3.5, 8, 6.5, 12], "rotation": 180, "texture": "#0"}
			}
		},
		{
			"from": [7.68547, 21.86329, 1.47879],
			"to": [8.36547, 23.44329, 5.05879],
			"rotation": {"angle": -45, "axis": "x", "origin": [8.02547, 23.15329, 2.06879]},
			"faces": {
				"north": {"uv": [5, 8.5, 6, 11.5], "rotation": 270, "texture": "#0"},
				"east": {"uv": [5, 8.5, 6, 11.5], "rotation": 90, "texture": "#0"},
				"south": {"uv": [5, 11, 6.6, 11.7], "rotation": 270, "texture": "#0"},
				"west": {"uv": [5, 8.5, 6, 11.5], "rotation": 270, "texture": "#0"},
				"up": {"uv": [5, 8.5, 5.5, 11.5], "texture": "#0"},
				"down": {"uv": [5, 8.5, 5.5, 11.5], "rotation": 180, "texture": "#0"}
			}
		},
		{
			"from": [7.68647, 23.07637, 2.01621],
			"to": [8.36447, 24.35437, 5.09421],
			"rotation": {"angle": 0, "axis": "x", "origin": [8.02547, 24.86537, 2.70521]},
			"faces": {
				"north": {"uv": [5, 8.5, 6, 11.5], "rotation": 270, "texture": "#0"},
				"east": {"uv": [5, 8.5, 6, 11.5], "rotation": 90, "texture": "#0"},
				"south": {"uv": [5, 11, 6.6, 11.7], "rotation": 270, "texture": "#0"},
				"west": {"uv": [5, 8.5, 6, 11.5], "rotation": 270, "texture": "#0"},
				"up": {"uv": [5, 8.5, 5.5, 11.5], "texture": "#0"},
				"down": {"uv": [5, 8.5, 5.5, 11.5], "rotation": 180, "texture": "#0"}
			}
		},
		{
			"from": [7.67734, 19.86023, 7.62689],
			"to": [8.37734, 22.46023, 9.22689],
			"rotation": {"angle": -45, "axis": "x", "origin": [8.02408, 15.1843, 2.96029]},
			"faces": {
				"north": {"uv": [5, 8, 7, 11], "texture": "#0"},
				"east": {"uv": [5, 8, 7, 11], "texture": "#0"},
				"south": {"uv": [5, 8, 7, 11], "texture": "#0"},
				"west": {"uv": [5, 8, 7, 11], "texture": "#0"},
				"up": {"uv": [5, 8, 7, 11], "rotation": 270, "texture": "#0"},
				"down": {"uv": [5, 8, 7, 11], "rotation": 90, "texture": "#0"}
			}
		},
		{
			"from": [7.67972, 20.68042, -1.97427],
			"to": [8.37972, 22.28042, 0.62573],
			"rotation": {"angle": 22.5, "axis": "x", "origin": [8.02408, 15.1843, 2.96029]},
			"faces": {
				"north": {"uv": [6, 8, 8, 11], "rotation": 90, "texture": "#0"},
				"east": {"uv": [6, 8, 8, 11], "rotation": 90, "texture": "#0"},
				"south": {"uv": [6, 8, 8, 11], "rotation": 90, "texture": "#0"},
				"west": {"uv": [6, 8, 8, 11], "rotation": 270, "texture": "#0"},
				"up": {"uv": [6, 8, 8, 11], "texture": "#0"},
				"down": {"uv": [6, 8, 8, 11], "rotation": 180, "texture": "#0"}
			}
		},
		{
			"from": [7.65717, 19.46406, -1.27618],
			"to": [8.39717, 22.10406, 5.36382],
			"rotation": {"angle": -22.5, "axis": "x", "origin": [8.02408, 15.1843, 2.96029]},
			"faces": {
				"north": {"uv": [9, 9, 16, 12], "texture": "#0"},
				"east": {"uv": [9, 9, 16, 12], "texture": "#0"},
				"south": {"uv": [9, 9, 16, 12], "texture": "#0"},
				"west": {"uv": [9, 9, 16, 12], "texture": "#0"},
				"up": {"uv": [9, 9, 16, 12], "rotation": 270, "texture": "#0"},
				"down": {"uv": [5, 11.5, 12, 12], "rotation": 90, "texture": "#0"}
			}
		},
		{
			"from": [7.65717, 19.46406, -1.27618],
			"to": [8.39717, 22.10406, 5.36382],
			"rotation": {"angle": -22.5, "axis": "x", "origin": [8.02408, 15.1843, 2.96029]},
			"faces": {
				"north": {"uv": [9, 9, 16, 12], "texture": "#0"},
				"east": {"uv": [9, 9, 16, 12], "texture": "#0"},
				"south": {"uv": [9, 9, 16, 12], "texture": "#0"},
				"west": {"uv": [9, 9, 16, 12], "texture": "#0"},
				"up": {"uv": [9, 9, 16, 12], "rotation": 270, "texture": "#0"},
				"down": {"uv": [5, 11.5, 12, 12], "rotation": 90, "texture": "#0"}
			}
		},
		{
			"from": [7.66023, 20.62693, -3.29571],
			"to": [8.40023, 23.26693, 1.34429],
			"rotation": {"angle": -45, "axis": "x", "origin": [8.02408, 15.1843, 2.96029]},
			"faces": {
				"north": {"uv": [1, 9, 6, 12], "texture": "#0"},
				"east": {"uv": [1, 9, 6, 12], "texture": "#0"},
				"south": {"uv": [1, 9, 6, 12], "texture": "#0"},
				"west": {"uv": [1, 9, 6, 12], "texture": "#0"},
				"up": {"uv": [1, 9, 6, 12], "rotation": 270, "texture": "#0"},
				"down": {"uv": [5, 11.5, 12, 12], "rotation": 90, "texture": "#0"}
			}
		},
		{
			"from": [7.6496, 7.12458, -5.05479],
			"to": [8.3896, 11.76458, -4.41479],
			"rotation": {"angle": 22.5, "axis": "x", "origin": [8.02408, 15.1843, 2.96029]},
			"faces": {
				"north": {"uv": [1, 11, 6, 12], "rotation": 90, "texture": "#0"},
				"east": {"uv": [1, 11, 6, 12], "rotation": 90, "texture": "#0"},
				"south": {"uv": [5, 11.5, 12, 12], "rotation": 90, "texture": "#0"},
				"west": {"uv": [1, 11, 6, 12], "rotation": 270, "texture": "#0"},
				"up": {"uv": [1, 11, 6, 12], "texture": "#0"},
				"down": {"uv": [0, 11, 1, 12], "rotation": 180, "texture": "#0"}
			}
		},
		{
			"from": [7.6696, 8.64458, -5.58479],
			"to": [8.3696, 10.24458, -4.98479],
			"rotation": {"angle": 22.5, "axis": "x", "origin": [8.02408, 15.1843, 2.96029]},
			"faces": {
				"north": {"uv": [0, 10, 2, 11], "rotation": 90, "texture": "#0"},
				"east": {"uv": [0, 10, 2, 11], "rotation": 90, "texture": "#0"},
				"south": {"uv": [0, 10, 2, 11], "rotation": 90, "texture": "#0"},
				"west": {"uv": [0, 10, 2, 11], "rotation": 270, "texture": "#0"},
				"up": {"uv": [0, 10, 2, 11], "texture": "#0"},
				"down": {"uv": [0, 10, 2, 11], "rotation": 180, "texture": "#0"}
			}
		},
		{
			"from": [7.66612, 10.81617, -7.50553],
			"to": [8.36612, 16.41617, -6.90553],
			"rotation": {"angle": 0, "axis": "x", "origin": [8.02408, 15.1843, 2.96029]},
			"faces": {
				"north": {"uv": [2, 8, 8, 9], "rotation": 90, "texture": "#0"},
				"east": {"uv": [2, 8, 8, 9], "rotation": 90, "texture": "#0"},
				"south": {"uv": [2, 8, 8, 9], "rotation": 90, "texture": "#0"},
				"west": {"uv": [2, 8, 8, 9], "rotation": 90, "texture": "#0"},
				"up": {"uv": [5, 8, 8, 9], "texture": "#0"},
				"down": {"uv": [2, 8, 8, 9], "rotation": 180, "texture": "#0"}
			}
		},
		{
			"from": [7.65571, 12.31646, -7.18765],
			"to": [8.35571, 14.91646, -5.58765],
			"rotation": {"angle": 22.5, "axis": "x", "origin": [8.02408, 15.1843, 2.96029]},
			"faces": {
				"north": {"uv": [5, 8, 8, 9], "rotation": 90, "texture": "#0"},
				"east": {"uv": [2.5, 8, 5.5, 10], "rotation": 90, "texture": "#0"},
				"south": {"uv": [2.5, 8, 5.5, 10], "rotation": 90, "texture": "#0"},
				"west": {"uv": [2.5, 8, 5.5, 10], "rotation": 270, "texture": "#0"},
				"up": {"uv": [2.5, 8, 5.5, 10], "texture": "#0"},
				"down": {"uv": [2.5, 8, 5.5, 10], "rotation": 180, "texture": "#0"}
			}
		},
		{
			"from": [7.66571, 13.6817, -7.29065],
			"to": [8.34571, 16.3617, -5.71065],
			"rotation": {"angle": 0, "axis": "x", "origin": [8.02408, 15.1843, 2.96029]},
			"faces": {
				"north": {"uv": [8.5, 9, 11.5, 11], "rotation": 90, "texture": "#0"},
				"east": {"uv": [8.5, 9, 11.5, 11], "rotation": 90, "texture": "#0"},
				"south": {"uv": [8.5, 9, 11.5, 11], "rotation": 90, "texture": "#0"},
				"west": {"uv": [8.5, 9, 11.5, 11], "rotation": 270, "texture": "#0"},
				"up": {"uv": [8.5, 9, 11.5, 11], "texture": "#0"},
				"down": {"uv": [8.5, 9, 11.5, 11], "rotation": 180, "texture": "#0"}
			}
		},
		{
			"from": [7.66571, 21.88728, -1.16061],
			"to": [8.34571, 24.44728, 4.39939],
			"rotation": {"angle": -45, "axis": "x", "origin": [8.02408, 15.1843, 2.96029]},
			"faces": {
				"north": {"uv": [7.5, 8.5, 13.5, 11.5], "texture": "#0"},
				"east": {"uv": [1, 8, 7, 11], "texture": "#0"},
				"south": {"uv": [7.5, 8.5, 13.5, 11.5], "texture": "#0"},
				"west": {"uv": [7.5, 8, 13.5, 11], "texture": "#0"},
				"up": {"uv": [5, 8, 8, 9], "rotation": 270, "texture": "#0"},
				"down": {"uv": [7.5, 8.5, 13.5, 11.5], "rotation": 90, "texture": "#0"}
			}
		},
		{
			"from": [7.51071, 21.33228, -0.46561],
			"to": [8.50071, 23.82228, 4.52439],
			"rotation": {"angle": -45, "axis": "x", "origin": [8.02408, 15.1843, 2.96029]},
			"faces": {
				"north": {"uv": [9, 13.5, 9.5, 15.5], "texture": "#0"},
				"east": {"uv": [4.5, 13.5, 9.5, 15.5], "texture": "#0"},
				"south": {"uv": [4.5, 13, 5.5, 15.5], "texture": "#0"},
				"west": {"uv": [4.5, 15.5, 9.5, 13.5], "rotation": 180, "texture": "#0"},
				"up": {"uv": [4, 13.5, 9.5, 14.5], "rotation": 270, "texture": "#0"},
				"down": {"uv": [4, 15, 9.5, 15.5], "rotation": 90, "texture": "#0"}
			}
		},
		{
			"from": [7.51671, 20.40822, 0.85109],
			"to": [8.49471, 23.38622, 4.32909],
			"rotation": {"angle": -22.5, "axis": "x", "origin": [8.02408, 15.1843, 2.96029]},
			"faces": {
				"north": {"uv": [9, 13.5, 9.5, 15.5], "texture": "#0"},
				"east": {"uv": [5.5, 12.5, 2, 15.5], "rotation": 180, "texture": "#0"},
				"south": {"uv": [1.5, 13.5, 7, 15.5], "texture": "#0"},
				"west": {"uv": [2, 12.5, 5.5, 15.5], "rotation": 180, "texture": "#0"},
				"up": {"uv": [2.5, 15, 6, 15.5], "rotation": 270, "texture": "#0"},
				"down": {"uv": [1, 12.5, 4.5, 13], "rotation": 180, "texture": "#0"}
			}
		},
		{
			"from": [7.51771, 20.40922, -1.14791],
			"to": [8.49371, 21.38522, 2.32809],
			"rotation": {"angle": -22.5, "axis": "x", "origin": [8.02408, 15.1843, 2.96029]},
			"faces": {
				"north": {"uv": [8, 12.5, 4.5, 13.5], "rotation": 180, "texture": "#0"},
				"east": {"uv": [8, 12.5, 4.5, 13.5], "rotation": 180, "texture": "#0"},
				"south": {"uv": [8, 12.5, 4.5, 13.5], "rotation": 180, "texture": "#0"},
				"west": {"uv": [4.5, 12.5, 8, 13.5], "rotation": 180, "texture": "#0"},
				"up": {"uv": [8, 12.5, 4.5, 13.5], "rotation": 180, "texture": "#0"},
				"down": {"uv": [8, 12.5, 4.5, 13.5], "rotation": 180, "texture": "#0"}
			}
		},
		{
			"from": [7.51671, 12.8485, -6.32366],
			"to": [8.49471, 15.3265, -4.84566],
			"rotation": {"angle": 22.5, "axis": "x", "origin": [8.02408, 15.1843, 2.96029]},
			"faces": {
				"north": {"uv": [9, 14, 11.5, 14.5], "rotation": 90, "texture": "#0"},
				"east": {"uv": [11, 14.5, 8.5, 13], "rotation": 270, "texture": "#0"},
				"south": {"uv": [4, 15, 9.5, 15.5], "rotation": 90, "texture": "#0"},
				"west": {"uv": [8.5, 14.5, 11, 13], "rotation": 90, "texture": "#0"},
				"up": {"uv": [1.5, 13.5, 7, 15.5], "texture": "#0"},
				"down": {"uv": [9, 13.5, 9.5, 15.5], "rotation": 180, "texture": "#0"}
			}
		},
		{
			"from": [7.51771, 14.85212, -6.50984],
			"to": [8.49371, 16.57812, -5.63384],
			"rotation": {"angle": 0, "axis": "x", "origin": [8.02408, 15.1843, 2.96029]},
			"faces": {
				"north": {"uv": [11, 14, 13, 13], "rotation": 90, "texture": "#0"},
				"east": {"uv": [11, 14, 13, 13], "rotation": 270, "texture": "#0"},
				"south": {"uv": [11, 14, 13, 13], "rotation": 180, "texture": "#0"},
				"west": {"uv": [9.5, 14, 11.5, 13.5], "rotation": 90, "texture": "#0"},
				"up": {"uv": [11, 14, 13, 13], "rotation": 180, "texture": "#0"},
				"down": {"uv": [12, 13.5, 13, 12.5], "texture": "#0"}
			}
		},
		{
			"from": [7.51871, 11.28957, -5.62753],
			"to": [8.49271, 13.31357, -4.80353],
			"rotation": {"angle": 22.5, "axis": "x", "origin": [8.02408, 15.1843, 2.96029]},
			"faces": {
				"north": {"uv": [11, 14, 13, 13], "rotation": 90, "texture": "#0"},
				"east": {"uv": [11, 14, 13, 13], "rotation": 270, "texture": "#0"},
				"south": {"uv": [11, 14, 13, 13], "rotation": 180, "texture": "#0"},
				"west": {"uv": [10, 14, 11.5, 13.5], "rotation": 90, "texture": "#0"},
				"up": {"uv": [11, 14, 13, 13], "rotation": 180, "texture": "#0"},
				"down": {"uv": [12, 13.5, 13, 12.5], "texture": "#0"}
			}
		},
		{
			"from": [7.51771, 21.33928, -2.38861],
			"to": [8.49371, 22.56528, -0.41261],
			"rotation": {"angle": -45, "axis": "x", "origin": [8.02408, 15.1843, 2.96029]},
			"faces": {
				"north": {"uv": [9, 13.5, 9.5, 15.5], "texture": "#0"},
				"east": {"uv": [6.5, 14.5, 8.5, 13.5], "rotation": 180, "texture": "#0"},
				"south": {"uv": [1.5, 13.5, 7, 15.5], "texture": "#0"},
				"west": {"uv": [8.5, 14.5, 6.5, 13.5], "rotation": 180, "texture": "#0"},
				"up": {"uv": [8.5, 12.5, 10.5, 13], "rotation": 270, "texture": "#0"},
				"down": {"uv": [6.5, 14, 8.5, 14.5], "rotation": 270, "texture": "#0"}
			}
		},
		{
			"from": [7.67386, 21.16569, -0.19969],
			"to": [8.35386, 23.74569, 2.38031],
			"rotation": {"angle": 0, "axis": "x", "origin": [8.02408, 15.1843, 2.96029]},
			"faces": {
				"north": {"uv": [6, 8.5, 9, 11.5], "texture": "#0"},
				"east": {"uv": [10, 8, 13, 11], "texture": "#0"},
				"south": {"uv": [6, 8.5, 9, 11.5], "texture": "#0"},
				"west": {"uv": [6, 8, 9, 11], "texture": "#0"},
				"up": {"uv": [5, 8, 8, 9], "rotation": 270, "texture": "#0"},
				"down": {"uv": [6, 8.5, 9, 11.5], "rotation": 90, "texture": "#0"}
			}
		},
		{
			"from": [7.66671, 21.6139, 0.74606],
			"to": [8.34471, 24.2919, 3.32406],
			"rotation": {"angle": -22.5, "axis": "x", "origin": [8.02408, 15.1843, 2.96029]},
			"faces": {
				"north": {"uv": [6, 8.5, 9, 11.5], "texture": "#0"},
				"east": {"uv": [9, 8, 6, 11], "texture": "#0"},
				"south": {"uv": [6, 8.5, 9, 11.5], "texture": "#0"},
				"west": {"uv": [6, 8, 9, 11], "texture": "#0"},
				"up": {"uv": [5, 8, 8, 9], "rotation": 270, "texture": "#0"},
				"down": {"uv": [6, 8.5, 9, 11.5], "rotation": 90, "texture": "#0"}
			}
		},
		{
			"from": [7.25477, -4.44899, 2.57404],
			"to": [8.75477, 4.95101, 4.27404],
			"rotation": {"angle": -45, "axis": "x", "origin": [8.02408, 15.1843, 2.96029]},
			"faces": {
				"north": {"uv": [5.5, 5, 14.9, 6.5], "rotation": 90, "texture": "#0"},
				"east": {"uv": [2, 3, 11.4, 4.5], "rotation": 90, "texture": "#0"},
				"south": {"uv": [1, 2, 10.4, 3.5], "rotation": 90, "texture": "#0"},
				"west": {"uv": [1, 2, 10.4, 3.5], "rotation": 90, "texture": "#0"},
				"up": {"uv": [8.5, 2, 9.9, 3.4], "texture": "#0"},
				"down": {"uv": [5, 4.5, 6.4, 5.9], "rotation": 180, "texture": "#0"}
			}
		},
		{
			"from": [7.15477, -1.54899, 2.47404],
			"to": [8.85477, 2.65101, 4.37404],
			"rotation": {"angle": -45, "axis": "x", "origin": [8.02408, 15.1843, 2.96029]},
			"faces": {
				"north": {"uv": [11, 2, 9.5, 6], "rotation": 180, "texture": "#1"},
				"east": {"uv": [9.5, 2, 11, 6], "rotation": 180, "texture": "#1"},
				"south": {"uv": [11, 2, 9.5, 6], "rotation": 180, "texture": "#1"},
				"west": {"uv": [9.5, 2, 11, 6], "rotation": 180, "texture": "#1"},
				"up": {"uv": [9.5, 1.5, 11, 3], "rotation": 180, "texture": "#1"},
				"down": {"uv": [9.5, 1.5, 11, 3], "rotation": 180, "texture": "#1"}
			}
		},
		{
			"from": [7.15477, 2.95101, 2.47404],
			"to": [8.85477, 3.65101, 4.37404],
			"rotation": {"angle": -45, "axis": "x", "origin": [8.02408, 15.1843, 2.96029]},
			"faces": {
				"north": {"uv": [11, 2, 12.5, 2.5], "rotation": 180, "texture": "#1"},
				"east": {"uv": [11, 2, 12.5, 2.5], "rotation": 180, "texture": "#1"},
				"south": {"uv": [11, 2, 12.5, 2.5], "rotation": 180, "texture": "#1"},
				"west": {"uv": [11, 2, 12.5, 2.5], "rotation": 180, "texture": "#1"},
				"up": {"uv": [11, 2, 12.5, 2.5], "rotation": 180, "texture": "#1"},
				"down": {"uv": [11, 2, 12.5, 2.5], "rotation": 180, "texture": "#1"}
			}
		},
		{
			"from": [7.15477, 7.60468, 6.38823],
			"to": [8.85477, 8.30468, 8.28823],
			"rotation": {"angle": -22.5, "axis": "x", "origin": [8.02408, 15.1843, 2.96029]},
			"faces": {
				"north": {"uv": [11, 2, 12.5, 2.5], "rotation": 180, "texture": "#1"},
				"east": {"uv": [11, 2, 12.5, 2.5], "rotation": 180, "texture": "#1"},
				"south": {"uv": [11, 2, 12.5, 2.5], "rotation": 180, "texture": "#1"},
				"west": {"uv": [11, 2, 12.5, 2.5], "rotation": 180, "texture": "#1"},
				"up": {"uv": [11, 2, 12.5, 2.5], "rotation": 180, "texture": "#1"},
				"down": {"uv": [11, 2, 12.5, 2.5], "rotation": 180, "texture": "#1"}
			}
		},
		{
			"from": [7.15477, 9.60468, 6.38823],
			"to": [8.85477, 10.30468, 8.28823],
			"rotation": {"angle": -22.5, "axis": "x", "origin": [8.02408, 15.1843, 2.96029]},
			"faces": {
				"north": {"uv": [11, 2, 12.5, 2.5], "rotation": 180, "texture": "#1"},
				"east": {"uv": [11, 2, 12.5, 2.5], "rotation": 180, "texture": "#1"},
				"south": {"uv": [11, 2, 12.5, 2.5], "rotation": 180, "texture": "#1"},
				"west": {"uv": [11, 2, 12.5, 2.5], "rotation": 180, "texture": "#1"},
				"up": {"uv": [11, 2, 12.5, 2.5], "rotation": 180, "texture": "#1"},
				"down": {"uv": [11, 2, 12.5, 2.5], "rotation": 180, "texture": "#1"}
			}
		},
		{
			"from": [7.15477, 20.51692, 3.82944],
			"to": [8.85477, 22.41692, 4.52944],
			"rotation": {"angle": 22.5, "axis": "x", "origin": [8.00477, 21.06692, 5.77944]},
			"faces": {
				"north": {"uv": [11, 2, 12.5, 2.5], "texture": "#1"},
				"east": {"uv": [11, 2, 12.5, 2.5], "rotation": 270, "texture": "#1"},
				"south": {"uv": [11, 2, 12.5, 2.5], "rotation": 180, "texture": "#1"},
				"west": {"uv": [11, 2, 12.5, 2.5], "rotation": 90, "texture": "#1"},
				"up": {"uv": [11, 2, 12.5, 2.5], "rotation": 180, "texture": "#1"},
				"down": {"uv": [11, 2, 12.5, 2.5], "texture": "#1"}
			}
		},
		{
			"from": [6.55477, 4.77909, 8.2284],
			"to": [10.05477, 11.47909, 8.2384],
			"rotation": {"angle": 0, "axis": "x", "origin": [8.02408, 15.1843, 2.96029]},
			"faces": {
				"north": {"uv": [13, 0, 16, 6.5], "texture": "#1"},
				"south": {"uv": [16, 0, 13, 6.5], "texture": "#1"}
			}
		},
		{
			"from": [7.15477, 8.60468, 6.38823],
			"to": [8.85477, 9.30468, 8.28823],
			"rotation": {"angle": -22.5, "axis": "x", "origin": [8.02408, 15.1843, 2.96029]},
			"faces": {
				"north": {"uv": [10, 2, 11.5, 2.5], "rotation": 180, "texture": "#1"},
				"east": {"uv": [10, 2, 11.5, 2.5], "rotation": 180, "texture": "#1"},
				"south": {"uv": [10, 2, 11.5, 2.5], "rotation": 180, "texture": "#1"},
				"west": {"uv": [10, 2, 11.5, 2.5], "rotation": 180, "texture": "#1"},
				"up": {"uv": [10, 2, 11.5, 2.5], "rotation": 180, "texture": "#1"},
				"down": {"uv": [10, 2, 11.5, 2.5], "rotation": 180, "texture": "#1"}
			}
		},
		{
			"from": [7.15477, -2.54899, 2.47404],
			"to": [8.85477, -1.84899, 4.37404],
			"rotation": {"angle": -45, "axis": "x", "origin": [8.02408, 15.1843, 2.96029]},
			"faces": {
				"north": {"uv": [11, 2, 12.5, 2.5], "rotation": 180, "texture": "#1"},
				"east": {"uv": [11, 2, 12.5, 2.5], "rotation": 180, "texture": "#1"},
				"south": {"uv": [11, 2, 12.5, 2.5], "rotation": 180, "texture": "#1"},
				"west": {"uv": [11, 2, 12.5, 2.5], "rotation": 180, "texture": "#1"},
				"up": {"uv": [11, 2, 12.5, 2.5], "rotation": 180, "texture": "#1"},
				"down": {"uv": [11, 2, 12.5, 2.5], "rotation": 180, "texture": "#1"}
			}
		},
		{
			"from": [7.24413, 5.56819, 6.50761],
			"to": [8.76613, 10.99019, 8.12961],
			"rotation": {"angle": -22.5, "axis": "x", "origin": [8.02408, 15.1843, 2.96029]},
			"faces": {
				"north": {"uv": [5, 0, 10.42, 1.42], "rotation": 270, "texture": "#0"},
				"east": {"uv": [2.5, 2, 7.92, 3.42], "rotation": 270, "texture": "#0"},
				"south": {"uv": [2.5, 2, 7.92, 3.42], "rotation": 270, "texture": "#0"},
				"west": {"uv": [9, 3, 14.42, 4.42], "rotation": 270, "texture": "#0"},
				"up": {"uv": [2.5, 2, 7.92, 3.42], "rotation": 270, "texture": "#0"},
				"down": {"uv": [2.5, 2, 7.92, 3.42], "rotation": 270, "texture": "#0"}
			}
		},
		{
			"from": [7.26513, 12.66641, 7.84391],
			"to": [8.77513, 18.06641, 9.44391],
			"rotation": {"angle": 0, "axis": "x", "origin": [8.02408, 15.1843, 2.96029]},
			"faces": {
				"north": {"uv": [0.5, 2, 5.9, 3.5], "rotation": 90, "texture": "#0"},
				"east": {"uv": [6.5, 5, 11.9, 6.5], "rotation": 90, "texture": "#0"},
				"south": {"uv": [10.5, 2, 15.9, 3.5], "rotation": 90, "texture": "#0"},
				"west": {"uv": [4.5, 6, 9.9, 7.5], "rotation": 90, "texture": "#0"},
				"up": {"uv": [7, 2, 12.4, 3.5], "rotation": 90, "texture": "#0"},
				"down": {"uv": [7, 2, 12.4, 3.5], "rotation": 90, "texture": "#0"}
			}
		},
		{
			"from": [7.28513, 15.36585, 8.37331],
			"to": [8.76513, 17.74585, 10.05331],
			"rotation": {"angle": -22.5, "axis": "x", "origin": [8.02408, 15.1843, 2.96029]},
			"faces": {
				"north": {"uv": [7, 2, 9.38, 3.5], "rotation": 270, "texture": "#0"},
				"east": {"uv": [7, 2, 9.38, 3.5], "rotation": 270, "texture": "#0"},
				"south": {"uv": [7, 2, 9.38, 3.5], "rotation": 270, "texture": "#0"},
				"west": {"uv": [11, 3, 13.38, 4.5], "rotation": 270, "texture": "#0"},
				"up": {"uv": [7, 2, 9.38, 3.5], "rotation": 270, "texture": "#0"},
				"down": {"uv": [7, 2, 9.38, 3.5], "rotation": 270, "texture": "#0"}
			}
		},
		{
			"from": [7.27941, 14.84117, 8.81028],
			"to": [8.77941, 17.24117, 10.51028],
			"rotation": {"angle": -45, "axis": "x", "origin": [8.02408, 15.1843, 2.96029]},
			"faces": {
				"north": {"uv": [7, 2, 9.4, 3.5], "rotation": 270, "texture": "#0"},
				"east": {"uv": [7, 2, 9.4, 3.5], "rotation": 270, "texture": "#0"},
				"south": {"uv": [7, 2, 9.4, 3.5], "rotation": 270, "texture": "#0"},
				"west": {"uv": [7, 2, 9.4, 3.5], "rotation": 270, "texture": "#0"},
				"up": {"uv": [7, 2, 9.4, 3.5], "rotation": 270, "texture": "#0"},
				"down": {"uv": [7, 2, 9.4, 3.5], "rotation": 270, "texture": "#0"}
			}
		},
		{
			"from": [7.28229, 21.25027, 0.54997],
			"to": [8.78229, 22.95027, 3.94997],
			"rotation": {"angle": 22.5, "axis": "x", "origin": [8.02408, 15.1843, 2.96029]},
			"faces": {
				"north": {"uv": [6.5, 2, 9.9, 3.5], "rotation": 270, "texture": "#0"},
				"east": {"uv": [6.5, 2, 9.9, 3.5], "rotation": 180, "texture": "#0"},
				"south": {"uv": [6.5, 2, 9.9, 3.5], "rotation": 90, "texture": "#0"},
				"west": {"uv": [6.5, 2, 9.9, 3.5], "texture": "#0"},
				"up": {"uv": [6.5, 2, 9.9, 3.5], "rotation": 90, "texture": "#0"},
				"down": {"uv": [6.5, 2, 9.9, 3.5], "rotation": 270, "texture": "#0"}
			}
		},
		{
			"from": [7.2723, 19.73712, 7.60912],
			"to": [8.7923, 23.25712, 9.32912],
			"rotation": {"angle": -45, "axis": "x", "origin": [8.02408, 15.1843, 2.96029]},
			"faces": {
				"north": {"uv": [5, 2, 8.42, 3.5], "rotation": 270, "texture": "#0"},
				"east": {"uv": [5, 2, 8.42, 3.5], "rotation": 270, "texture": "#0"},
				"south": {"uv": [5, 2, 8.42, 3.5], "rotation": 270, "texture": "#0"},
				"west": {"uv": [5, 2, 8.42, 3.5], "rotation": 270, "texture": "#0"},
				"up": {"uv": [12, 4, 13.5, 5.5], "rotation": 270, "texture": "#0"},
				"down": {"uv": [5, 2, 8.42, 3.5], "rotation": 270, "texture": "#0"}
			}
		},
		{
			"from": [7.50477, -6.99899, 2.77404],
			"to": [8.60477, -3.99899, 3.97404],
			"rotation": {"angle": -45, "axis": "x", "origin": [8.02408, 15.1843, 2.96029]},
			"faces": {
				"north": {"uv": [13, 5.5, 16, 4.5], "rotation": 90, "texture": "#0"},
				"east": {"uv": [13, 4.5, 16, 5.5], "rotation": 90, "texture": "#0"},
				"south": {"uv": [13, 5.5, 16, 4.5], "rotation": 90, "texture": "#0"},
				"west": {"uv": [13, 4.5, 16, 5.5], "rotation": 90, "texture": "#0"},
				"up": {"uv": [13, 4.5, 16, 5.5], "rotation": 90, "texture": "#0"},
				"down": {"uv": [15, 4.5, 16, 5.6], "rotation": 90, "texture": "#0"}
			}
		},
		{
			"from": [7.70477, -8.79899, 2.97404],
			"to": [8.40477, -6.19899, 3.77404],
			"rotation": {"angle": -45, "axis": "x", "origin": [8.02408, 15.1843, 2.96029]},
			"faces": {
				"north": {"uv": [13.5, 4.5, 16, 5], "rotation": 90, "texture": "#0"},
				"east": {"uv": [13.5, 4.5, 16, 5], "rotation": 90, "texture": "#0"},
				"south": {"uv": [13.5, 4.5, 16, 5], "rotation": 90, "texture": "#0"},
				"west": {"uv": [13.5, 4.5, 16, 5], "rotation": 90, "texture": "#0"},
				"up": {"uv": [13.5, 4.5, 16, 5], "rotation": 90, "texture": "#0"},
				"down": {"uv": [15.5, 4.5, 16, 4.7], "rotation": 90, "texture": "#0"}
			}
		},
		{
			"from": [7.9128, 12.18693, -0.23114],
			"to": [8.1128, 12.78693, -0.03114],
			"rotation": {"angle": 45, "axis": "x", "origin": [8.00232, 12.95804, 13.64789]},
			"faces": {
				"north": {"uv": [0, 0, 1, 1.4], "rotation": 180, "texture": "#0"},
				"east": {"uv": [0, 0, 1.4, 1], "rotation": 90, "texture": "#0"},
				"south": {"uv": [0, 0, 1, 1.4], "texture": "#0"},
				"west": {"uv": [0, 0, 1.4, 1], "rotation": 270, "texture": "#0"},
				"up": {"uv": [0, 0, 1, 1], "texture": "#0"},
				"down": {"uv": [0, 0, 1, 1], "rotation": 180, "texture": "#0"}
			}
		},
		{
			"from": [7.25, 16.1, 3.4],
			"to": [8.75, 16.5, 4.9],
			"rotation": {"angle": 0, "axis": "y", "origin": [7.76326, 16.30002, 3.88671]},
			"faces": {
				"north": {"uv": [0, 12.5, 1.5, 12.9], "texture": "#0"},
				"east": {"uv": [0, 12.5, 1.5, 12.9], "texture": "#0"},
				"south": {"uv": [0, 12.5, 1.5, 12.9], "texture": "#0"},
				"west": {"uv": [0, 12.5, 1.5, 12.9], "texture": "#0"},
				"up": {"uv": [0, 12.5, 1.5, 14], "texture": "#0"},
				"down": {"uv": [0, 12.5, 1.5, 14], "texture": "#0"}
			}
		},
		{
			"from": [7.25, 11.3, 3.4],
			"to": [8.75, 11.7, 4.9],
			"rotation": {"angle": 0, "axis": "y", "origin": [7.76326, 11.50002, 3.88671]},
			"faces": {
				"north": {"uv": [0, 12.5, 1.5, 12.9], "texture": "#0"},
				"east": {"uv": [0, 12.5, 1.5, 12.9], "texture": "#0"},
				"south": {"uv": [0, 12.5, 1.5, 12.9], "texture": "#0"},
				"west": {"uv": [0, 12.5, 1.5, 12.9], "texture": "#0"},
				"up": {"uv": [0, 12.5, 1.5, 14], "texture": "#0"},
				"down": {"uv": [0, 12.5, 1.5, 14], "texture": "#0"}
			}
		},
		{
			"from": [7.24, 16.09, 3.39],
			"to": [8.76, 16.51, 4.91],
			"rotation": {"angle": 45, "axis": "y", "origin": [8.01344, 16.20002, 4.13654]},
			"faces": {
				"north": {"uv": [0, 12.5, 1.52, 12.92], "texture": "#0"},
				"east": {"uv": [0, 12.5, 1.52, 12.92], "texture": "#0"},
				"south": {"uv": [0, 12.5, 1.52, 12.92], "texture": "#0"},
				"west": {"uv": [0, 12.5, 1.52, 12.92], "texture": "#0"},
				"up": {"uv": [0, 12.5, 1.52, 14.02], "texture": "#0"},
				"down": {"uv": [0, 12.5, 1.52, 14.02], "texture": "#0"}
			}
		},
		{
			"from": [7.24, 11.29, 3.39],
			"to": [8.76, 11.71, 4.91],
			"rotation": {"angle": 45, "axis": "y", "origin": [8.01344, 11.40002, 4.13654]},
			"faces": {
				"north": {"uv": [0, 12.5, 1.52, 12.92], "texture": "#0"},
				"east": {"uv": [0, 12.5, 1.52, 12.92], "texture": "#0"},
				"south": {"uv": [0, 12.5, 1.52, 12.92], "texture": "#0"},
				"west": {"uv": [0, 12.5, 1.52, 12.92], "texture": "#0"},
				"up": {"uv": [0, 12.5, 1.52, 14.02], "texture": "#0"},
				"down": {"uv": [0, 12.5, 1.52, 14.02], "texture": "#0"}
			}
		},
		{
			"from": [7.05, 15.7, 3.2],
			"to": [8.95, 16.1, 5.1],
			"rotation": {"angle": 0, "axis": "y", "origin": [7.76326, 15.70002, 3.88671]},
			"faces": {
				"north": {"uv": [0, 12.5, 1.9, 12.9], "texture": "#0"},
				"east": {"uv": [0, 12.5, 1.9, 12.9], "texture": "#0"},
				"south": {"uv": [0, 12.5, 1.9, 12.9], "texture": "#0"},
				"west": {"uv": [0, 12.5, 1.9, 12.9], "texture": "#0"},
				"up": {"uv": [0, 12.5, 1.9, 14.4], "texture": "#0"},
				"down": {"uv": [0, 12.5, 1.9, 14.4], "texture": "#0"}
			}
		},
		{
			"from": [7.05, 11.7, 3.2],
			"to": [8.95, 12.1, 5.1],
			"rotation": {"angle": 0, "axis": "y", "origin": [7.76326, 11.70002, 3.88671]},
			"faces": {
				"north": {"uv": [0, 12.5, 1.9, 12.9], "texture": "#0"},
				"east": {"uv": [0, 12.5, 1.9, 12.9], "texture": "#0"},
				"south": {"uv": [0, 12.5, 1.9, 12.9], "texture": "#0"},
				"west": {"uv": [0, 12.5, 1.9, 12.9], "texture": "#0"},
				"up": {"uv": [0, 12.5, 1.9, 14.4], "texture": "#0"},
				"down": {"uv": [0, 12.5, 1.9, 14.4], "texture": "#0"}
			}
		},
		{
			"from": [6.64, 12.79, 3.29],
			"to": [8.96, 13.01, 3.61],
			"rotation": {"angle": 45, "axis": "y", "origin": [7.41265, 12.40002, 4.13733]},
			"faces": {
				"north": {"uv": [0, 2, 0.3, 2.2], "texture": "#0"},
				"east": {"uv": [0, 2, 2.3, 2.2], "texture": "#0"},
				"south": {"uv": [0, 2, 0.3, 2.2], "texture": "#0"},
				"west": {"uv": [0, 2, 2.3, 2.2], "texture": "#0"},
				"up": {"uv": [0, 1, 2.3, 1.3], "texture": "#0"},
				"down": {"uv": [0, 3, 2.3, 3.3], "texture": "#0"}
			}
		},
		{
			"from": [6.64, 15.19, 3.29],
			"to": [8.96, 15.41, 3.61],
			"rotation": {"angle": 45, "axis": "y", "origin": [7.41265, 12.40002, 4.13733]},
			"faces": {
				"north": {"uv": [0, 1, 2.3, 1.2], "texture": "#0"},
				"east": {"uv": [0, 1, 0.3, 1.2], "texture": "#0"},
				"south": {"uv": [0, 2, 2.3, 2.2], "texture": "#0"},
				"west": {"uv": [0, 2, 0.3, 2.2], "texture": "#0"},
				"up": {"uv": [0, 2, 2.3, 2.3], "texture": "#0"},
				"down": {"uv": [0, 1, 2.3, 1.3], "texture": "#0"}
			}
		},
		{
			"from": [7.03047, 12.79246, 4.60325],
			"to": [9.35047, 13.01246, 4.92325],
			"rotation": {"angle": 45, "axis": "y", "origin": [8.67473, 12.85117, 4.16234]},
			"faces": {
				"north": {"uv": [0, 2, 0.3, 2.2], "texture": "#0"},
				"east": {"uv": [0, 2, 2.3, 2.2], "texture": "#0"},
				"south": {"uv": [0, 2, 0.3, 2.2], "texture": "#0"},
				"west": {"uv": [0, 2, 2.3, 2.2], "texture": "#0"},
				"up": {"uv": [0, 1, 2.3, 1.3], "rotation": 180, "texture": "#0"},
				"down": {"uv": [0, 3, 2.3, 3.3], "rotation": 180, "texture": "#0"}
			}
		},
		{
			"from": [7.03047, 15.19246, 4.60325],
			"to": [9.35047, 15.41246, 4.92325],
			"rotation": {"angle": 45, "axis": "y", "origin": [8.67473, 12.85117, 4.16234]},
			"faces": {
				"north": {"uv": [0, 1, 2.3, 1.2], "texture": "#0"},
				"east": {"uv": [0, 1, 0.3, 1.2], "texture": "#0"},
				"south": {"uv": [0, 2, 2.3, 2.2], "texture": "#0"},
				"west": {"uv": [0, 2, 0.3, 2.2], "texture": "#0"},
				"up": {"uv": [0, 2, 2.3, 2.3], "rotation": 180, "texture": "#0"},
				"down": {"uv": [0, 1, 2.3, 1.3], "rotation": 180, "texture": "#0"}
			}
		},
		{
			"from": [7.12414, 12.79994, 3.18263],
			"to": [7.42414, 12.99994, 5.48263],
			"rotation": {"angle": 45, "axis": "y", "origin": [7.96146, 12.39996, 4.71998]},
			"faces": {
				"north": {"uv": [0, 2, 0.3, 2.2], "texture": "#0"},
				"east": {"uv": [0, 2, 2.3, 2.2], "texture": "#0"},
				"south": {"uv": [0, 2, 0.3, 2.2], "texture": "#0"},
				"west": {"uv": [0, 2, 2.3, 2.2], "texture": "#0"},
				"up": {"uv": [0, 1, 2.3, 1.3], "rotation": 270, "texture": "#0"},
				"down": {"uv": [0, 3, 2.3, 3.3], "rotation": 90, "texture": "#0"}
			}
		},
		{
			"from": [7.12414, 15.19994, 3.18263],
			"to": [7.42414, 15.39994, 5.48263],
			"rotation": {"angle": 45, "axis": "y", "origin": [7.96146, 12.39996, 4.71998]},
			"faces": {
				"north": {"uv": [0, 1, 2.3, 1.2], "texture": "#0"},
				"east": {"uv": [0, 1, 0.3, 1.2], "texture": "#0"},
				"south": {"uv": [0, 2, 2.3, 2.2], "texture": "#0"},
				"west": {"uv": [0, 2, 0.3, 2.2], "texture": "#0"},
				"up": {"uv": [0, 2, 2.3, 2.3], "rotation": 270, "texture": "#0"},
				"down": {"uv": [0, 1, 2.3, 1.3], "rotation": 90, "texture": "#0"}
			}
		},
		{
			"from": [9.13908, 12.8024, 2.51321],
			"to": [9.43908, 13.0024, 4.81321],
			"rotation": {"angle": 45, "axis": "y", "origin": [8.67473, 12.85117, 4.16234]},
			"faces": {
				"north": {"uv": [0, 2, 0.3, 2.2], "texture": "#0"},
				"east": {"uv": [0, 2, 2.3, 2.2], "texture": "#0"},
				"south": {"uv": [0, 2, 0.3, 2.2], "texture": "#0"},
				"west": {"uv": [0, 2, 2.3, 2.2], "texture": "#0"},
				"up": {"uv": [0, 1, 2.3, 1.3], "rotation": 90, "texture": "#0"},
				"down": {"uv": [0, 3, 2.3, 3.3], "rotation": 270, "texture": "#0"}
			}
		},
		{
			"from": [9.13908, 15.2024, 2.51321],
			"to": [9.43908, 15.4024, 4.81321],
			"rotation": {"angle": 45, "axis": "y", "origin": [8.67473, 12.85117, 4.16234]},
			"faces": {
				"north": {"uv": [0, 1, 2.3, 1.2], "texture": "#0"},
				"east": {"uv": [0, 1, 0.3, 1.2], "texture": "#0"},
				"south": {"uv": [0, 2, 2.3, 2.2], "texture": "#0"},
				"west": {"uv": [0, 2, 0.3, 2.2], "texture": "#0"},
				"up": {"uv": [0, 2, 2.3, 2.3], "rotation": 90, "texture": "#0"},
				"down": {"uv": [0, 1, 2.3, 1.3], "rotation": 270, "texture": "#0"}
			}
		},
		{
			"from": [6.64, 15.69, 3.39],
			"to": [8.96, 16.11, 5.71],
			"rotation": {"angle": 45, "axis": "y", "origin": [7.41265, 15.40002, 4.13733]},
			"faces": {
				"north": {"uv": [0, 12.5, 2.32, 12.92], "texture": "#0"},
				"east": {"uv": [0, 12.5, 2.32, 12.92], "texture": "#0"},
				"south": {"uv": [0, 12.5, 2.32, 12.92], "texture": "#0"},
				"west": {"uv": [0, 12.5, 2.32, 12.92], "texture": "#0"},
				"up": {"uv": [0, 12.5, 2.32, 14.82], "texture": "#0"},
				"down": {"uv": [0, 12.5, 2.32, 14.82], "texture": "#0"}
			}
		},
		{
			"from": [6.64, 11.69, 3.39],
			"to": [8.96, 12.11, 5.71],
			"rotation": {"angle": 45, "axis": "y", "origin": [7.41265, 11.40002, 4.13733]},
			"faces": {
				"north": {"uv": [0, 12.5, 2.32, 12.92], "texture": "#0"},
				"east": {"uv": [0, 12.5, 2.32, 12.92], "texture": "#0"},
				"south": {"uv": [0, 12.5, 2.32, 12.92], "texture": "#0"},
				"west": {"uv": [0, 12.5, 2.32, 12.92], "texture": "#0"},
				"up": {"uv": [0, 12.5, 2.32, 14.82], "texture": "#0"},
				"down": {"uv": [0, 12.5, 2.32, 14.82], "texture": "#0"}
			}
		},
		{
			"from": [7.55, 10.95, 3.7],
			"to": [8.45, 11.35, 4.6],
			"rotation": {"angle": 0, "axis": "y", "origin": [7.76222, 11.95002, 3.88776]},
			"faces": {
				"north": {"uv": [0, 12.5, 0.9, 12.9], "texture": "#0"},
				"east": {"uv": [0, 12.5, 0.9, 12.9], "texture": "#0"},
				"south": {"uv": [0, 12.5, 0.9, 12.9], "texture": "#0"},
				"west": {"uv": [0, 12.5, 0.9, 12.9], "texture": "#0"},
				"up": {"uv": [0, 12.5, 0.9, 13.4], "texture": "#0"},
				"down": {"uv": [0, 12.5, 0.9, 13.4], "texture": "#0"}
			}
		},
		{
			"from": [7.55, 16.45, 3.7],
			"to": [8.45, 16.85, 4.6],
			"rotation": {"angle": 0, "axis": "y", "origin": [7.76222, 17.45002, 3.88776]},
			"faces": {
				"north": {"uv": [0, 12.5, 0.9, 12.9], "texture": "#0"},
				"east": {"uv": [0, 12.5, 0.9, 12.9], "texture": "#0"},
				"south": {"uv": [0, 12.5, 0.9, 12.9], "texture": "#0"},
				"west": {"uv": [0, 12.5, 0.9, 12.9], "texture": "#0"},
				"up": {"uv": [0, 12.5, 0.9, 13.4], "texture": "#0"},
				"down": {"uv": [0, 12.5, 0.9, 13.4], "texture": "#0"}
			}
		},
		{
			"from": [7.75, 16.45, 3.95],
			"to": [8.25, 21.95, 4.45],
			"rotation": {"angle": 0, "axis": "y", "origin": [7.76222, 17.45002, 3.88776]},
			"faces": {
				"north": {"uv": [15.5, 0, 14.5, 6.5], "rotation": 180, "texture": "#1"},
				"east": {"uv": [14.5, 0, 15.5, 6.5], "rotation": 180, "texture": "#1"},
				"south": {"uv": [15.5, 0, 14.5, 6.5], "rotation": 180, "texture": "#1"},
				"west": {"uv": [14.5, 0, 15.5, 6.5], "rotation": 180, "texture": "#1"},
				"up": {"uv": [14.5, 0, 15.5, 6.5], "rotation": 180, "texture": "#1"},
				"down": {"uv": [14.5, 0, 15.5, 6.5], "rotation": 180, "texture": "#1"}
			}
		},
		{
			"from": [7.56, 10.96, 3.71],
			"to": [8.44, 11.34, 4.59],
			"rotation": {"angle": 45, "axis": "y", "origin": [8.01422, 11.15002, 4.13575]},
			"faces": {
				"north": {"uv": [0, 12.5, 0.88, 12.88], "texture": "#0"},
				"east": {"uv": [0, 12.5, 0.88, 12.88], "texture": "#0"},
				"south": {"uv": [0, 12.5, 0.88, 12.88], "texture": "#0"},
				"west": {"uv": [0, 12.5, 0.88, 12.88], "texture": "#0"},
				"up": {"uv": [0, 12.5, 0.88, 13.38], "texture": "#0"},
				"down": {"uv": [0, 12.5, 0.88, 13.38], "texture": "#0"}
			}
		},
		{
			"from": [7.56, 16.46, 3.71],
			"to": [8.44, 16.84, 4.59],
			"rotation": {"angle": 45, "axis": "y", "origin": [8.01422, 16.65002, 4.13575]},
			"faces": {
				"north": {"uv": [0, 12.5, 0.88, 12.88], "texture": "#0"},
				"east": {"uv": [0, 12.5, 0.88, 12.88], "texture": "#0"},
				"south": {"uv": [0, 12.5, 0.88, 12.88], "texture": "#0"},
				"west": {"uv": [0, 12.5, 0.88, 12.88], "texture": "#0"},
				"up": {"uv": [0, 12.5, 0.88, 13.38], "texture": "#0"},
				"down": {"uv": [0, 12.5, 0.88, 13.38], "texture": "#0"}
			}
		},
		{
			"from": [7.5, 10.6, 3.65],
			"to": [8.5, 10.9, 4.65],
			"rotation": {"angle": 0, "axis": "y", "origin": [7.76222, 12.05002, 3.88776]},
			"faces": {
				"north": {"uv": [0, 12.5, 1, 12.8], "texture": "#0"},
				"east": {"uv": [0, 12.5, 1, 12.8], "texture": "#0"},
				"south": {"uv": [0, 12.5, 1, 12.8], "texture": "#0"},
				"west": {"uv": [0, 12.5, 1, 12.8], "texture": "#0"},
				"up": {"uv": [0, 12.5, 1, 13.5], "texture": "#0"},
				"down": {"uv": [0, 12.5, 1, 13.5], "texture": "#0"}
			}
		},
		{
			"from": [7.75, 9.75, 3.9],
			"to": [8.25, 10.55, 4.4],
			"rotation": {"angle": 0, "axis": "y", "origin": [7.76222, 12.15002, 3.88776]},
			"faces": {
				"north": {"uv": [5, 5, 5.5, 5.5], "texture": "#0"},
				"east": {"uv": [5, 5, 5.5, 5.8], "texture": "#0"},
				"south": {"uv": [5, 5, 5.5, 5.5], "texture": "#0"},
				"west": {"uv": [6, 5, 6.5, 5.8], "texture": "#0"},
				"up": {"uv": [6, 5, 6.5, 5.8], "texture": "#0"},
				"down": {"uv": [6, 5, 6.5, 5.8], "texture": "#0"}
			}
		},
		{
			"from": [7.61617, 9.88388, 3.9],
			"to": [8.41617, 10.38388, 4.4],
			"rotation": {"angle": 0, "axis": "z", "origin": [8.01614, 10.15003, 4.13383]},
			"faces": {
				"north": {"uv": [5, 5, 5.5, 5.5], "rotation": 90, "texture": "#0"},
				"east": {"uv": [5, 5, 5.5, 5.8], "rotation": 270, "texture": "#0"},
				"south": {"uv": [5, 5, 5.5, 5.5], "rotation": 270, "texture": "#0"},
				"west": {"uv": [6, 5, 6.5, 5.8], "rotation": 270, "texture": "#0"},
				"up": {"uv": [6, 5, 6.5, 5.8], "rotation": 270, "texture": "#0"},
				"down": {"uv": [6, 5, 6.5, 5.8], "rotation": 270, "texture": "#0"}
			}
		},
		{
			"from": [7.75, 9.88386, 3.7338],
			"to": [8.25, 10.38386, 4.5338],
			"rotation": {"angle": 0, "axis": "x", "origin": [8.01614, 10.15003, 4.13383]},
			"faces": {
				"north": {"uv": [5, 5, 5.5, 5.5], "rotation": 180, "texture": "#0"},
				"east": {"uv": [5, 5, 5.5, 5.8], "rotation": 270, "texture": "#0"},
				"south": {"uv": [5, 5, 5.5, 5.5], "texture": "#0"},
				"west": {"uv": [6, 5, 6.5, 5.8], "rotation": 90, "texture": "#0"},
				"up": {"uv": [6, 5, 6.5, 5.8], "rotation": 180, "texture": "#0"},
				"down": {"uv": [6, 5, 6.5, 5.8], "texture": "#0"}
			}
		},
		{
			"from": [7.85, 9.85, 4],
			"to": [8.15, 12.45, 4.3],
			"rotation": {"angle": 0, "axis": "y", "origin": [7.75, 19.3, 3.9]},
			"faces": {
				"north": {"uv": [6, 4, 6.5, 6.799], "texture": "#0"},
				"east": {"uv": [6, 4, 6.5, 6.799], "texture": "#0"},
				"south": {"uv": [6, 4, 6.5, 6.799], "texture": "#0"},
				"west": {"uv": [6, 4, 6.5, 6.799], "texture": "#0"},
				"up": {"uv": [6, 4, 6.5, 6.799], "texture": "#0"},
				"down": {"uv": [6, 4, 6.5, 6.799], "texture": "#0"}
			}
		},
		{
			"from": [7.75, 11.7, 2.05],
			"to": [8.2, 14.9, 2.5],
			"rotation": {"angle": -22.5, "axis": "x", "origin": [7.98264, 13.30237, 2.26499]},
			"faces": {
				"north": {"uv": [4, 3.5, 4.25, 5.5], "texture": "#0"},
				"east": {"uv": [4, 3.5, 4.25, 5.5], "texture": "#0"},
				"south": {"uv": [4, 3.5, 4.25, 5.5], "texture": "#0"},
				"west": {"uv": [4, 3.5, 4.25, 5.5], "texture": "#0"},
				"up": {"uv": [4, 3.5, 4.25, 5.5], "texture": "#0"},
				"down": {"uv": [4, 3.5, 4.25, 5.5], "texture": "#0"}
			}
		},
		{
			"from": [9.8466, 12.49398, 3.925],
			"to": [10.2966, 15.69398, 4.375],
			"rotation": {"angle": -22.5, "axis": "z", "origin": [7.975, 14.25639, 4.15]},
			"faces": {
				"north": {"uv": [4, 3.5, 4.25, 5.5], "texture": "#0"},
				"east": {"uv": [4, 3.5, 4.25, 5.5], "texture": "#0"},
				"south": {"uv": [4, 3.5, 4.25, 5.5], "texture": "#0"},
				"west": {"uv": [4, 3.5, 4.25, 5.5], "texture": "#0"},
				"up": {"uv": [4, 3.5, 4.25, 5.5], "rotation": 90, "texture": "#0"},
				"down": {"uv": [4, 3.5, 4.25, 5.5], "rotation": 270, "texture": "#0"}
			}
		},
		{
			"from": [7.75, 11.7, 5.8],
			"to": [8.2, 14.9, 6.25],
			"rotation": {"angle": 22.5, "axis": "x", "origin": [7.98264, 13.30237, 6.03501]},
			"faces": {
				"north": {"uv": [4.25, 3.5, 4, 5.5], "texture": "#0"},
				"east": {"uv": [4.25, 3.5, 4, 5.5], "texture": "#0"},
				"south": {"uv": [4.25, 3.5, 4, 5.5], "texture": "#0"},
				"west": {"uv": [4.25, 3.5, 4, 5.5], "texture": "#0"},
				"up": {"uv": [4, 5.5, 4.25, 3.5], "texture": "#0"},
				"down": {"uv": [4, 5.5, 4.25, 3.5], "texture": "#0"}
			}
		},
		{
			"from": [5.6534, 12.49398, 3.925],
			"to": [6.1034, 15.69398, 4.375],
			"rotation": {"angle": 22.5, "axis": "z", "origin": [7.975, 14.25639, 4.15]},
			"faces": {
				"north": {"uv": [4.25, 3.5, 4, 5.5], "texture": "#0"},
				"east": {"uv": [4.25, 3.5, 4, 5.5], "texture": "#0"},
				"south": {"uv": [4.25, 3.5, 4, 5.5], "texture": "#0"},
				"west": {"uv": [4.25, 3.5, 4, 5.5], "texture": "#0"},
				"up": {"uv": [4, 5.5, 4.25, 3.5], "rotation": 90, "texture": "#0"},
				"down": {"uv": [4, 5.5, 4.25, 3.5], "rotation": 270, "texture": "#0"}
			}
		},
		{
			"from": [7.75, 14.21986, 2.16962],
			"to": [8.2, 16.11986, 2.61962],
			"rotation": {"angle": 45, "axis": "x", "origin": [7.97799, 15.32064, 2.38719]},
			"faces": {
				"north": {"uv": [4, 3.5, 4.25, 5.5], "rotation": 180, "texture": "#0"},
				"east": {"uv": [4, 3.5, 4.25, 5.5], "rotation": 180, "texture": "#0"},
				"south": {"uv": [4, 3.5, 4.25, 5.5], "rotation": 180, "texture": "#0"},
				"west": {"uv": [4, 3.5, 4.25, 5.5], "rotation": 180, "texture": "#0"},
				"up": {"uv": [4, 3.5, 4.25, 5.5], "rotation": 180, "texture": "#0"},
				"down": {"uv": [4, 3.5, 4.25, 5.5], "rotation": 180, "texture": "#0"}
			}
		},
		{
			"from": [9.7416, 12.66165, 3.925],
			"to": [10.1916, 14.56165, 4.375],
			"rotation": {"angle": 45, "axis": "z", "origin": [7.975, 14.25639, 4.15]},
			"faces": {
				"north": {"uv": [4, 3.5, 4.25, 5.5], "rotation": 180, "texture": "#0"},
				"east": {"uv": [4, 3.5, 4.25, 5.5], "rotation": 180, "texture": "#0"},
				"south": {"uv": [4, 3.5, 4.25, 5.5], "rotation": 180, "texture": "#0"},
				"west": {"uv": [4, 3.5, 4.25, 5.5], "rotation": 180, "texture": "#0"},
				"up": {"uv": [4, 3.5, 4.25, 5.5], "rotation": 270, "texture": "#0"},
				"down": {"uv": [4, 3.5, 4.25, 5.5], "rotation": 90, "texture": "#0"}
			}
		},
		{
			"from": [7.75, 14.21986, 5.68038],
			"to": [8.2, 16.11986, 6.13038],
			"rotation": {"angle": -45, "axis": "x", "origin": [7.97799, 15.32064, 5.91281]},
			"faces": {
				"north": {"uv": [4.25, 3.5, 4, 5.5], "rotation": 180, "texture": "#0"},
				"east": {"uv": [4.25, 3.5, 4, 5.5], "rotation": 180, "texture": "#0"},
				"south": {"uv": [4.25, 3.5, 4, 5.5], "rotation": 180, "texture": "#0"},
				"west": {"uv": [4.25, 3.5, 4, 5.5], "rotation": 180, "texture": "#0"},
				"up": {"uv": [4, 5.5, 4.25, 3.5], "rotation": 180, "texture": "#0"},
				"down": {"uv": [4, 5.5, 4.25, 3.5], "rotation": 180, "texture": "#0"}
			}
		},
		{
			"from": [5.7584, 12.66165, 3.925],
			"to": [6.2084, 14.56165, 4.375],
			"rotation": {"angle": -45, "axis": "z", "origin": [7.975, 14.25639, 4.15]},
			"faces": {
				"north": {"uv": [4.25, 3.5, 4, 5.5], "rotation": 180, "texture": "#0"},
				"east": {"uv": [4.25, 3.5, 4, 5.5], "rotation": 180, "texture": "#0"},
				"south": {"uv": [4.25, 3.5, 4, 5.5], "rotation": 180, "texture": "#0"},
				"west": {"uv": [4.25, 3.5, 4, 5.5], "rotation": 180, "texture": "#0"},
				"up": {"uv": [4, 5.5, 4.25, 3.5], "rotation": 270, "texture": "#0"},
				"down": {"uv": [4, 5.5, 4.25, 3.5], "rotation": 90, "texture": "#0"}
			}
		},
		{
			"from": [9.59163, 14.26525, 4.02507],
			"to": [9.84163, 16.26525, 4.27507],
			"rotation": {"angle": 45, "axis": "z", "origin": [9.72407, 15.26599, 4.13995]},
			"faces": {
				"north": {"uv": [4, 3.5, 4.25, 5.5], "rotation": 180, "texture": "#0"},
				"east": {"uv": [4, 3.5, 4.25, 5.5], "rotation": 180, "texture": "#0"},
				"south": {"uv": [4, 3.5, 4.25, 5.5], "rotation": 180, "texture": "#0"},
				"west": {"uv": [4, 3.5, 4.25, 5.5], "rotation": 180, "texture": "#0"},
				"up": {"uv": [4, 3.5, 4.25, 5.5], "rotation": 180, "texture": "#0"},
				"down": {"uv": [4, 3.5, 4.25, 5.5], "rotation": 180, "texture": "#0"}
			}
		},
		{
			"from": [9.7, 11.8, 4.025],
			"to": [9.95, 14.8, 4.275],
			"rotation": {"angle": -22.5, "axis": "z", "origin": [9.83503, 13.30233, 4.13764]},
			"faces": {
				"north": {"uv": [4, 3.5, 4.25, 5.5], "texture": "#0"},
				"east": {"uv": [4, 3.5, 4.25, 5.5], "texture": "#0"},
				"south": {"uv": [4, 3.5, 4.25, 5.5], "texture": "#0"},
				"west": {"uv": [4, 3.5, 4.25, 5.5], "texture": "#0"},
				"up": {"uv": [4, 3.5, 4.25, 5.5], "texture": "#0"},
				"down": {"uv": [4, 3.5, 4.25, 5.5], "texture": "#0"}
			}
		},
		{
			"from": [6.44037, 12.3, 4.09003],
			"to": [9.44037, 15.3, 4.09003],
			"rotation": {"angle": 45, "axis": "y", "origin": [7.92036, 13.82835, 4.09419]},
			"faces": {
				"north": {"uv": [16, 0, 0, 16], "texture": "#3_1"},
				"south": {"uv": [0, 0, 16, 16], "texture": "#3_1"}
			}
		},
		{
			"from": [4.7, 12.3, 3.3],
			"to": [7.7, 15.3, 3.3],
			"rotation": {"angle": -45, "axis": "y", "origin": [6.09653, 14.30349, 5.79999]},
			"faces": {
				"north": {"uv": [16, 0, 0, 16], "texture": "#3_1"},
				"south": {"uv": [0, 0, 16, 16], "texture": "#3_1"}
			}
		},
		{
			"from": [8.21868, 21.9, 3.48616],
			"to": [8.31868, 22.8, 3.58616],
			"rotation": {"angle": 0, "axis": "y", "origin": [8.01551, 22.35005, 3.53304]},
			"faces": {
				"north": {"uv": [4, 8, 4.2, 9], "texture": "#0"},
				"east": {"uv": [0, 1, 0.2, 2], "texture": "#0"},
				"south": {"uv": [2, 2, 2.2, 3], "texture": "#0"},
				"west": {"uv": [0, 2, 0.2, 3], "texture": "#0"},
				"up": {"uv": [0, 3, 0.2, 3.2], "rotation": 180, "texture": "#0"},
				"down": {"uv": [0, 3, 0.2, 3.2], "rotation": 180, "texture": "#0"}
			}
		},
		{
			"from": [7.71868, 21.9, 3.48616],
			"to": [8.31868, 22, 3.58616],
			"rotation": {"angle": 0, "axis": "y", "origin": [8.01551, 22.35005, 3.53304]},
			"faces": {
				"north": {"uv": [4, 8, 4.2, 9], "rotation": 270, "texture": "#0"},
				"east": {"uv": [0, 1, 0.2, 2], "rotation": 270, "texture": "#0"},
				"south": {"uv": [2, 2, 2.2, 3], "rotation": 90, "texture": "#0"},
				"west": {"uv": [0, 2, 0.2, 3], "rotation": 270, "texture": "#0"},
				"up": {"uv": [0, 3, 0.2, 3.2], "rotation": 90, "texture": "#0"},
				"down": {"uv": [0, 3, 0.2, 3.2], "rotation": 90, "texture": "#0"}
			}
		},
		{
			"from": [7.7, 16.5, 4.15],
			"to": [8.3, 16.6, 4.25],
			"rotation": {"angle": 0, "axis": "z", "origin": [8.15, 16.54932, 4.20068]},
			"faces": {
				"north": {"uv": [4, 8, 4.2, 9], "rotation": 90, "texture": "#0"},
				"east": {"uv": [0, 1, 0.2, 2], "rotation": 270, "texture": "#0"},
				"south": {"uv": [2, 2, 2.2, 3], "rotation": 270, "texture": "#0"},
				"west": {"uv": [0, 2, 0.2, 3], "rotation": 270, "texture": "#0"},
				"up": {"uv": [0, 3, 0.2, 3.2], "rotation": 270, "texture": "#0"},
				"down": {"uv": [0, 3, 0.2, 3.2], "rotation": 270, "texture": "#0"}
			}
		},
		{
			"from": [7.96239, 22.05, 3.23621],
			"to": [8.06239, 22.15, 3.83621],
			"rotation": {"angle": 0, "axis": "y", "origin": [7.9993, 21.71381, 3.53691]},
			"faces": {
				"north": {"uv": [4, 8, 4.2, 9], "rotation": 270, "texture": "#0"},
				"east": {"uv": [0, 1, 0.2, 2], "rotation": 270, "texture": "#0"},
				"south": {"uv": [2, 2, 2.2, 3], "rotation": 270, "texture": "#0"},
				"west": {"uv": [0, 2, 0.2, 3], "rotation": 90, "texture": "#0"},
				"up": {"uv": [0, 3, 0.2, 3.2], "rotation": 180, "texture": "#0"},
				"down": {"uv": [0, 3, 0.2, 3.2], "texture": "#0"}
			}
		},
		{
			"from": [7.71868, 22.7, 3.48616],
			"to": [8.31868, 22.8, 3.58616],
			"rotation": {"angle": 0, "axis": "y", "origin": [8.01551, 22.35005, 3.53304]},
			"faces": {
				"north": {"uv": [4, 8, 4.2, 9], "rotation": 270, "texture": "#0"},
				"east": {"uv": [0, 1, 0.2, 2], "rotation": 270, "texture": "#0"},
				"south": {"uv": [2, 2, 2.2, 3], "rotation": 90, "texture": "#0"},
				"west": {"uv": [0, 2, 0.2, 3], "rotation": 270, "texture": "#0"},
				"up": {"uv": [0, 3, 0.2, 3.2], "rotation": 90, "texture": "#0"},
				"down": {"uv": [0, 3, 0.2, 3.2], "rotation": 90, "texture": "#0"}
			}
		},
		{
			"from": [7.71868, 21.9, 3.48616],
			"to": [7.81868, 22.8, 3.58616],
			"rotation": {"angle": 0, "axis": "y", "origin": [8.01551, 22.35005, 3.53304]},
			"faces": {
				"north": {"uv": [4, 8, 4.2, 9], "texture": "#0"},
				"east": {"uv": [0, 1, 0.2, 2], "texture": "#0"},
				"south": {"uv": [2, 2, 2.2, 3], "texture": "#0"},
				"west": {"uv": [0, 2, 0.2, 3], "texture": "#0"},
				"up": {"uv": [0, 3, 0.2, 3.2], "rotation": 180, "texture": "#0"},
				"down": {"uv": [0, 3, 0.2, 3.2], "rotation": 180, "texture": "#0"}
			}
		},
		{
			"from": [7, 13.7, -0.9],
			"to": [9, 25.7, 11.1],
			"faces": {
				"north": {"uv": [0, 0, 0.01, 6], "texture": "#3"},
				"east": {"uv": [16, 0, 0, 16], "texture": "#3"},
				"south": {"uv": [0, 0, 0.01, 6], "texture": "#3"},
				"west": {"uv": [0, 0, 16, 16], "texture": "#3"},
				"up": {"uv": [0, 0, 0.01, 6], "texture": "#3"},
				"down": {"uv": [0, 0, 0.01, 6], "texture": "#3"}
			}
		}
	],
	"display": {
		"thirdperson_righthand": {
			"rotation": [60, 0, 0],
			"translation": [-0.25, 6, 0.5],
			"scale": [1.3, 1.3, 1.3]
		},
		"thirdperson_lefthand": {
			"rotation": [64, 0, 0],
			"translation": [0, -1.5, 18.75],
			"scale": [1.5, 1.5, 1.5]
		},
		"firstperson_righthand": {
			"rotation": [9, 6, 0],
			"translation": [22.75, -6.5, -22],
			"scale": [2, 2, 1.5]
		},
		"firstperson_lefthand": {
			"translation": [19, 16, -4.5],
			"scale": [2, 2, 1.5]
		},
		"ground": {
			"translation": [0, 5, 0],
			"scale": [2, 2, 2]
		},
		"gui": {
			"rotation": [0, -113, -14],
			"translation": [-1.5, -3.25, 0],
			"scale": [0.72, 0.72, 0.72]
		},
		"head": {
			"translation": [0, 13, 0],
			"scale": [4, 4, 4]
		},
		"fixed": {
			"rotation": [0, 90, 0],
			"translation": [3.5, 10, -1.75]
		}
	},
	"groups": [
		{
			"name": "frozen_scythe",
			"origin": [8, 8, 8],
			"children": [0, 1, 2, 3, 4, 5, 6, 7, 8, 9, 10, 11, 12, 13, 14, 15, 16, 17, 18, 19, 20, 21, 22, 23, 24, 25, 26, 27, 28, 29, 30, 31, 32, 33, 34, 35, 36, 37, 38, 39]
		},
		{
			"name": "rune_staff",
			"origin": [8, 8, 8],
			"children": [40,
				{
					"name": "group",
					"origin": [6.28609, 2.94742, -10.50408],
					"children": [41, 42, 43, 44, 45, 46, 47, 48, 49, 50, 51, 52, 53, 54, 55, 56, 57, 58, 59, 60, 61, 62, 63, 64, 65, 66, 67, 68, 69, 70, 71, 72, 73, 74, 75, 76, 77, 78]
				},
				{
					"name": "group",
					"origin": [16.15, 12.15, 15.9],
					"children": [79, 80, 81, 82, 83, 84]
				}
			]
		}, 85]
}