{
	"credit": "Made with Blockbench",
	"textures": {
		"0": "blocks/quartz_block_bottom",
		"1": "skins/swoleted2",
		"particle": "blocks/quartz_block_bottom"
	},
	"elements": [
		{
			"from": [7.25, 0, 5.5],
			"to": [8.75, 16, 10.5],
			"rotation": {"angle": 0, "axis": "y", "origin": [8.25, 8.5, 8]},
			"faces": {
				"north": {"uv": [0, 0, 3.313, 16], "texture": "#1"},
				"east": {"uv": [3.688, 0, 11.438, 16], "texture": "#1"},
				"south": {"uv": [0, 0, 1.75, 16], "texture": "#1"},
				"west": {"uv": [3.688, 0, 11.438, 16], "texture": "#1"},
				"up": {"uv": [0, 0, 1.5, 5], "texture": "#1"},
				"down": {"uv": [0, 0, 1.5, 5], "texture": "#1"}
			}
		},
		{
			"from": [7.5, -1, 5.5],
			"to": [8.5, 17, 10.5],
			"rotation": {"angle": 0, "axis": "x", "origin": [8, 8, 8.5]},
			"faces": {
				"north": {"uv": [0, 0, 1, 16], "texture": "#0"},
				"east": {"uv": [0, 0, 5, 16], "texture": "#0"},
				"south": {"uv": [0, 0, 1, 16], "texture": "#0"},
				"west": {"uv": [0, 0, 5, 16], "texture": "#0"},
				"up": {"uv": [0, 0, 1, 5], "texture": "#0"},
				"down": {"uv": [0, 0, 1, 5], "texture": "#0"}
			}
		},
		{
			"from": [7.75, 16, 5],
			"to": [8.25, 17, 8],
			"rotation": {"angle": 22.5, "axis": "x", "origin": [7.9808, 17.50259, 6.51661]},
			"faces": {
				"north": {"uv": [0, 0, 0.5, 1], "texture": "#0"},
				"east": {"uv": [0, 0, 3, 1], "texture": "#0"},
				"south": {"uv": [0, 0, 0.5, 1], "texture": "#0"},
				"west": {"uv": [0, 0, 3, 1], "texture": "#0"},
				"up": {"uv": [0, 0, 0.5, 3], "texture": "#0"},
				"down": {"uv": [0, 0, 0.5, 3], "texture": "#0"}
			}
		},
		{
			"from": [7.75, -0.41425, 8.91248],
			"to": [8.25, 0.58575, 11.91248],
			"rotation": {"angle": 22.5, "axis": "x", "origin": [7.98898, 1.02211, 7.94184]},
			"faces": {
				"north": {"uv": [0, 0, 0.5, 1], "rotation": 180, "texture": "#0"},
				"east": {"uv": [0, 0, 3, 1], "rotation": 180, "texture": "#0"},
				"south": {"uv": [0, 0, 0.5, 1], "rotation": 180, "texture": "#0"},
				"west": {"uv": [0, 0, 3, 1], "rotation": 180, "texture": "#0"},
				"up": {"uv": [0, 0, 0.5, 3], "texture": "#0"},
				"down": {"uv": [0, 0, 0.5, 3], "texture": "#0"}
			}
		},
		{
			"from": [7.75, 16.03878, 8.06126],
			"to": [8.25, 17.03878, 11.06126],
			"rotation": {"angle": -22.5, "axis": "x", "origin": [7.98608, 17.53603, 9.57793]},
			"faces": {
				"north": {"uv": [0, 0, 0.5, 1], "texture": "#0"},
				"east": {"uv": [0, 0, 3, 1], "texture": "#0"},
				"south": {"uv": [0, 0, 0.5, 1], "texture": "#0"},
				"west": {"uv": [0, 0, 3, 1], "texture": "#0"},
				"up": {"uv": [0, 0, 0.5, 3], "texture": "#0"},
				"down": {"uv": [0, 0, 0.5, 3], "texture": "#0"}
			}
		},
		{
			"from": [7.75, -0.44633, 4.08164],
			"to": [8.25, 0.55367, 7.08164],
			"rotation": {"angle": -22.5, "axis": "x", "origin": [7.98898, 1.02211, 8.04184]},
			"faces": {
				"north": {"uv": [0, 0, 0.5, 1], "rotation": 180, "texture": "#0"},
				"east": {"uv": [0, 0, 3, 1], "rotation": 180, "texture": "#0"},
				"south": {"uv": [0, 0, 0.5, 1], "rotation": 180, "texture": "#0"},
				"west": {"uv": [0, 0, 3, 1], "rotation": 180, "texture": "#0"},
				"up": {"uv": [0, 0, 0.5, 3], "texture": "#0"},
				"down": {"uv": [0, 0, 0.5, 3], "texture": "#0"}
			}
		},
		{
			"from": [7.75018, 13.72042, 10.42111],
			"to": [8.25018, 16.72042, 11.42111],
			"rotation": {"angle": 0, "axis": "x", "origin": [7.99135, 15.97092, 10.93621]},
			"faces": {
				"north": {"uv": [0, 0, 0.5, 3], "rotation": 180, "texture": "#0"},
				"east": {"uv": [0, 0, 3, 1], "rotation": 90, "texture": "#0"},
				"south": {"uv": [0, 0, 0.5, 3], "texture": "#0"},
				"west": {"uv": [0, 0, 3, 1], "rotation": 270, "texture": "#0"},
				"up": {"uv": [0, 0, 0.5, 1], "texture": "#0"},
				"down": {"uv": [0, 0, 0.5, 1], "rotation": 180, "texture": "#0"}
			}
		},
		{
			"from": [7.75018, -0.9262, 4.56256],
			"to": [8.25018, 2.0738, 5.56256],
			"rotation": {"angle": 0, "axis": "x", "origin": [7.98898, 1.02211, 8.04184]},
			"faces": {
				"north": {"uv": [0, 0, 0.5, 3], "rotation": 180, "texture": "#0"},
				"east": {"uv": [0, 0, 3, 1], "rotation": 270, "texture": "#0"},
				"south": {"uv": [0, 0, 0.5, 3], "texture": "#0"},
				"west": {"uv": [0, 0, 3, 1], "rotation": 90, "texture": "#0"},
				"up": {"uv": [0, 0, 0.5, 1], "rotation": 180, "texture": "#0"},
				"down": {"uv": [0, 0, 0.5, 1], "texture": "#0"}
			}
		},
		{
			"from": [7.75008, 13.69473, 4.54038],
			"to": [8.25008, 16.69473, 5.54038],
			"rotation": {"angle": 0, "axis": "x", "origin": [7.99125, 15.94522, 11.05548]},
			"faces": {
				"north": {"uv": [0, 0, 0.5, 3], "rotation": 180, "texture": "#0"},
				"east": {"uv": [0, 0, 3, 1], "rotation": 90, "texture": "#0"},
				"south": {"uv": [0, 0, 0.5, 3], "texture": "#0"},
				"west": {"uv": [0, 0, 3, 1], "rotation": 270, "texture": "#0"},
				"up": {"uv": [0, 0, 0.5, 1], "texture": "#0"},
				"down": {"uv": [0, 0, 0.5, 1], "rotation": 180, "texture": "#0"}
			}
		},
		{
			"from": [7.75008, -0.9005, 10.44329],
			"to": [8.25008, 2.0995, 11.44329],
			"rotation": {"angle": 0, "axis": "x", "origin": [7.98898, 1.02211, 7.94184]},
			"faces": {
				"north": {"uv": [0, 0, 0.5, 3], "rotation": 180, "texture": "#0"},
				"east": {"uv": [0, 0, 3, 1], "rotation": 270, "texture": "#0"},
				"south": {"uv": [0, 0, 0.5, 3], "texture": "#0"},
				"west": {"uv": [0, 0, 3, 1], "rotation": 90, "texture": "#0"},
				"up": {"uv": [0, 0, 0.5, 1], "rotation": 180, "texture": "#0"},
				"down": {"uv": [0, 0, 0.5, 1], "texture": "#0"}
			}
		},
		{
			"from": [7.75018, 13.72042, 10.52111],
			"to": [8.25018, 16.72042, 11.52111],
			"rotation": {"angle": 0, "axis": "x", "origin": [7.99135, 15.97092, 11.03621]},
			"faces": {
				"north": {"uv": [0, 0, 0.5, 3], "rotation": 180, "texture": "#0"},
				"east": {"uv": [0, 0, 3, 1], "rotation": 90, "texture": "#0"},
				"south": {"uv": [0, 0, 0.5, 3], "texture": "#0"},
				"west": {"uv": [0, 0, 3, 1], "rotation": 270, "texture": "#0"},
				"up": {"uv": [0, 0, 0.5, 1], "texture": "#0"},
				"down": {"uv": [0, 0, 0.5, 1], "rotation": 180, "texture": "#0"}
			}
		},
		{
			"from": [7.75395, 11.02247, 9.87745],
			"to": [8.25395, 14.02247, 10.87745],
			"rotation": {"angle": 22.5, "axis": "x", "origin": [7.99662, 12.51717, 10.39006]},
			"faces": {
				"north": {"uv": [0, 0, 0.5, 3], "rotation": 180, "texture": "#0"},
				"east": {"uv": [0, 0, 3, 1], "rotation": 90, "texture": "#0"},
				"south": {"uv": [0, 0, 0.5, 3], "texture": "#0"},
				"west": {"uv": [0, 0, 3, 1], "rotation": 270, "texture": "#0"},
				"up": {"uv": [0, 0, 0.5, 1], "texture": "#0"},
				"down": {"uv": [0, 0, 0.5, 1], "rotation": 180, "texture": "#0"}
			}
		},
		{
			"from": [7.75395, 0.66322, 4.42966],
			"to": [8.25395, 3.66322, 5.42966],
			"rotation": {"angle": 22.5, "axis": "x", "origin": [7.98898, 1.02211, 8.04184]},
			"faces": {
				"north": {"uv": [0, 0, 0.5, 3], "rotation": 180, "texture": "#0"},
				"east": {"uv": [0, 0, 3, 1], "rotation": 270, "texture": "#0"},
				"south": {"uv": [0, 0, 0.5, 3], "texture": "#0"},
				"west": {"uv": [0, 0, 3, 1], "rotation": 90, "texture": "#0"},
				"up": {"uv": [0, 0, 0.5, 1], "rotation": 180, "texture": "#0"},
				"down": {"uv": [0, 0, 0.5, 1], "texture": "#0"}
			}
		},
		{
			"from": [7.74288, 4.84186, 4.946],
			"to": [8.24288, 7.84186, 5.946],
			"rotation": {"angle": 22.5, "axis": "x", "origin": [7.97791, 5.20076, 8.55818]},
			"faces": {
				"north": {"uv": [0, 0, 0.5, 3], "rotation": 180, "texture": "#0"},
				"east": {"uv": [0, 0, 3, 1], "rotation": 270, "texture": "#0"},
				"south": {"uv": [0, 0, 0.5, 3], "texture": "#0"},
				"west": {"uv": [0, 0, 3, 1], "rotation": 90, "texture": "#0"},
				"up": {"uv": [0, 0, 0.5, 1], "rotation": 180, "texture": "#0"},
				"down": {"uv": [0, 0, 0.5, 1], "texture": "#0"}
			}
		},
		{
			"from": [7.74978, 7.53993, 9.19401],
			"to": [8.24978, 10.53993, 10.19401],
			"rotation": {"angle": 22.5, "axis": "x", "origin": [8.0034, 8.30839, 7.93196]},
			"faces": {
				"north": {"uv": [0, 0, 0.5, 3], "rotation": 180, "texture": "#0"},
				"east": {"uv": [0, 0, 3, 1], "rotation": 90, "texture": "#0"},
				"south": {"uv": [0, 0, 0.5, 3], "texture": "#0"},
				"west": {"uv": [0, 0, 3, 1], "rotation": 270, "texture": "#0"},
				"up": {"uv": [0, 0, 0.5, 1], "texture": "#0"},
				"down": {"uv": [0, 0, 0.5, 1], "rotation": 180, "texture": "#0"}
			}
		},
		{
			"from": [7.74808, 7.22702, 9.53704],
			"to": [8.24808, 10.22702, 10.53704],
			"rotation": {"angle": -22.5, "axis": "x", "origin": [7.98311, 7.58592, 13.14921]},
			"faces": {
				"north": {"uv": [0, 0, 0.5, 3], "rotation": 180, "texture": "#0"},
				"east": {"uv": [0, 0, 3, 1], "rotation": 270, "texture": "#0"},
				"south": {"uv": [0, 0, 0.5, 3], "texture": "#0"},
				"west": {"uv": [0, 0, 3, 1], "rotation": 90, "texture": "#0"},
				"up": {"uv": [0, 0, 0.5, 1], "rotation": 180, "texture": "#0"},
				"down": {"uv": [0, 0, 0.5, 1], "texture": "#0"}
			}
		},
		{
			"from": [7.75499, 7.5377, 5.7669],
			"to": [8.25499, 10.5377, 6.7669],
			"rotation": {"angle": -22.5, "axis": "x", "origin": [8.0034, 8.30839, 8.03196]},
			"faces": {
				"north": {"uv": [0, 0, 0.5, 3], "rotation": 180, "texture": "#0"},
				"east": {"uv": [0, 0, 3, 1], "rotation": 90, "texture": "#0"},
				"south": {"uv": [0, 0, 0.5, 3], "texture": "#0"},
				"west": {"uv": [0, 0, 3, 1], "rotation": 270, "texture": "#0"},
				"up": {"uv": [0, 0, 0.5, 1], "texture": "#0"},
				"down": {"uv": [0, 0, 0.5, 1], "rotation": 180, "texture": "#0"}
			}
		},
		{
			"from": [7.75028, 11.00358, 5.07602],
			"to": [8.25028, 14.00358, 6.07602],
			"rotation": {"angle": -22.5, "axis": "x", "origin": [7.99671, 12.50259, 5.58497]},
			"faces": {
				"north": {"uv": [0, 0, 0.5, 3], "rotation": 180, "texture": "#0"},
				"east": {"uv": [0, 0, 3, 1], "rotation": 90, "texture": "#0"},
				"south": {"uv": [0, 0, 0.5, 3], "texture": "#0"},
				"west": {"uv": [0, 0, 3, 1], "rotation": 270, "texture": "#0"},
				"up": {"uv": [0, 0, 0.5, 1], "texture": "#0"},
				"down": {"uv": [0, 0, 0.5, 1], "rotation": 180, "texture": "#0"}
			}
		},
		{
			"from": [7.75128, 9.50441, 5.07631],
			"to": [8.24928, 12.50241, 6.07431],
			"rotation": {"angle": 0, "axis": "x", "origin": [7.9882, 11.00429, 5.5842]},
			"faces": {
				"north": {"uv": [0, 0, 0.5, 3], "rotation": 180, "texture": "#0"},
				"east": {"uv": [0, 0, 3, 1], "rotation": 90, "texture": "#0"},
				"south": {"uv": [0, 0, 0.5, 3], "texture": "#0"},
				"west": {"uv": [0, 0, 3, 1], "rotation": 270, "texture": "#0"},
				"up": {"uv": [0, 0, 0.5, 1], "texture": "#0"},
				"down": {"uv": [0, 0, 0.5, 1], "rotation": 180, "texture": "#0"}
			}
		},
		{
			"from": [7.75128, 3.25441, 5.07631],
			"to": [8.24928, 6.25241, 6.07431],
			"rotation": {"angle": 0, "axis": "x", "origin": [7.9882, 4.75429, 5.5842]},
			"faces": {
				"north": {"uv": [0, 0, 0.5, 3], "rotation": 180, "texture": "#0"},
				"east": {"uv": [0, 0, 3, 1], "rotation": 90, "texture": "#0"},
				"south": {"uv": [0, 0, 0.5, 3], "texture": "#0"},
				"west": {"uv": [0, 0, 3, 1], "rotation": 270, "texture": "#0"},
				"up": {"uv": [0, 0, 0.5, 1], "texture": "#0"},
				"down": {"uv": [0, 0, 0.5, 1], "rotation": 180, "texture": "#0"}
			}
		},
		{
			"from": [7.75128, 9.50441, 9.87631],
			"to": [8.24928, 12.50241, 10.87431],
			"rotation": {"angle": 0, "axis": "x", "origin": [7.9882, 11.00429, 10.3842]},
			"faces": {
				"north": {"uv": [0, 0, 0.5, 3], "rotation": 180, "texture": "#0"},
				"east": {"uv": [0, 0, 3, 1], "rotation": 90, "texture": "#0"},
				"south": {"uv": [0, 0, 0.5, 3], "texture": "#0"},
				"west": {"uv": [0, 0, 3, 1], "rotation": 270, "texture": "#0"},
				"up": {"uv": [0, 0, 0.5, 1], "texture": "#0"},
				"down": {"uv": [0, 0, 0.5, 1], "rotation": 180, "texture": "#0"}
			}
		},
		{
			"from": [7.75128, 3.25441, 9.87631],
			"to": [8.24928, 6.25241, 10.87431],
			"rotation": {"angle": 0, "axis": "x", "origin": [7.9882, 4.75429, 10.3842]},
			"faces": {
				"north": {"uv": [0, 0, 0.5, 3], "rotation": 180, "texture": "#0"},
				"east": {"uv": [0, 0, 3, 1], "rotation": 90, "texture": "#0"},
				"south": {"uv": [0, 0, 0.5, 3], "texture": "#0"},
				"west": {"uv": [0, 0, 3, 1], "rotation": 270, "texture": "#0"},
				"up": {"uv": [0, 0, 0.5, 1], "texture": "#0"},
				"down": {"uv": [0, 0, 0.5, 1], "rotation": 180, "texture": "#0"}
			}
		},
		{
			"from": [7.75028, 0.67769, 10.58915],
			"to": [8.25028, 3.67769, 11.58915],
			"rotation": {"angle": -22.5, "axis": "x", "origin": [7.98898, 1.02211, 7.94184]},
			"faces": {
				"north": {"uv": [0, 0, 0.5, 3], "rotation": 180, "texture": "#0"},
				"east": {"uv": [0, 0, 3, 1], "rotation": 270, "texture": "#0"},
				"south": {"uv": [0, 0, 0.5, 3], "texture": "#0"},
				"west": {"uv": [0, 0, 3, 1], "rotation": 90, "texture": "#0"},
				"up": {"uv": [0, 0, 0.5, 1], "rotation": 180, "texture": "#0"},
				"down": {"uv": [0, 0, 0.5, 1], "texture": "#0"}
			}
		},
		{
			"from": [7.75395, 11.02247, 9.97745],
			"to": [8.25395, 14.02247, 10.97745],
			"rotation": {"angle": 22.5, "axis": "x", "origin": [7.99662, 12.51717, 10.49006]},
			"faces": {
				"north": {"uv": [0, 0, 0.5, 3], "rotation": 180, "texture": "#0"},
				"east": {"uv": [0, 0, 3, 1], "rotation": 90, "texture": "#0"},
				"south": {"uv": [0, 0, 0.5, 3], "texture": "#0"},
				"west": {"uv": [0, 0, 3, 1], "rotation": 270, "texture": "#0"},
				"up": {"uv": [0, 0, 0.5, 1], "texture": "#0"},
				"down": {"uv": [0, 0, 0.5, 1], "rotation": 180, "texture": "#0"}
			}
		}
	],
	"display": {
		"thirdperson_righthand": {
			"rotation": [0, 11, 9],
			"translation": [-1, -2, -0.25],
			"scale": [2.41, 2.49, 2.49]
		},
		"thirdperson_lefthand": {
			"rotation": [0, 11, 9],
			"translation": [-1, -2, -1.75],
			"scale": [2.41, 2.49, 2.49]
		},
		"firstperson_righthand": {
			"rotation": [-20, 14, 0],
			"translation": [0.5, 2.75, 2]
		},
		"firstperson_lefthand": {
			"rotation": [-20, 14, 0],
			"translation": [0.5, 2.75, 2]
		},
		"ground": {
			"rotation": [0, 0, 90],
			"scale": [3, 3, 3]
		},
		"gui": {
			"rotation": [59, -147, 70],
			"translation": [-0.5, 0.5, 0]
		}
	}
}