{
	"credit": "Made with Blockbench",
	"textures": {
		"1": "skins/broccoli",
		"2": "skins/fooditem",
		"particle": "skins/fooditem"
	},
	"elements": [
		{
			"from": [6.501, -0.999, 7.251],
			"to": [9.499, 5.999, 8.749],
			"rotation": {"angle": 0, "axis": "y", "origin": [8.5, 3, 8]},
			"faces": {
				"north": {"uv": [7, 2, 13, 16], "texture": "#1"},
				"east": {"uv": [7, 2, 10, 16], "texture": "#1"},
				"south": {"uv": [1, 2, 7, 16], "texture": "#1"},
				"west": {"uv": [7, 2, 10, 16], "texture": "#1"},
				"up": {"uv": [7, 2, 10, 16], "texture": "#1"},
				"down": {"uv": [7, 5, 13, 8], "texture": "#1"}
			}
		},
		{
			"from": [7.45, 3.4, 5],
			"to": [8.55, 9, 6.1],
			"rotation": {"angle": -45, "axis": "x", "origin": [8, 6.2, 5.3]},
			"faces": {
				"north": {"uv": [0, 0, 3, 12], "texture": "#1"},
				"east": {"uv": [0, 0, 3, 12], "texture": "#1"},
				"south": {"uv": [0, 2, 1.5, 9], "texture": "#1"},
				"west": {"uv": [0, 0, 3, 12], "texture": "#1"},
				"up": {"uv": [0, 0, 3, 3], "texture": "#1"},
				"down": {"uv": [0, 0, 3, 3], "texture": "#1"}
			}
		},
		{
			"from": [7.45, 4.82607, 7.62282],
			"to": [8.55, 5.92607, 13.22282],
			"rotation": {"angle": -45, "axis": "x", "origin": [8, 4.83622, 9.89613]},
			"faces": {
				"north": {"uv": [0, 0, 3, 3], "texture": "#1"},
				"east": {"uv": [0, 0, 12, 3], "texture": "#1"},
				"south": {"uv": [0, 2, 1.5, 9], "texture": "#1"},
				"west": {"uv": [0, 0, 12, 3], "texture": "#1"},
				"up": {"uv": [0, 0, 3, 12], "texture": "#1"},
				"down": {"uv": [0, 0, 3, 12], "texture": "#1"}
			}
		},
		{
			"from": [5.2, 3.15, 7.45],
			"to": [6.3, 8.75, 8.55],
			"rotation": {"angle": 45, "axis": "z", "origin": [5.5, 5.95, 8]},
			"faces": {
				"north": {"uv": [0, 0, 3, 12], "texture": "#1"},
				"east": {"uv": [0, 0, 3, 12], "texture": "#1"},
				"south": {"uv": [0, 2, 1.5, 9], "texture": "#1"},
				"west": {"uv": [0, 0, 3, 12], "texture": "#1"},
				"up": {"uv": [0, 0, 3, 3], "texture": "#1"},
				"down": {"uv": [0, 0, 3, 3], "texture": "#1"}
			}
		},
		{
			"from": [9.5, 3.55, 7.45],
			"to": [10.6, 9.15, 8.55],
			"rotation": {"angle": -45, "axis": "z", "origin": [10.3, 6.35, 8]},
			"faces": {
				"north": {"uv": [0, 0, 3, 12], "texture": "#1"},
				"east": {"uv": [0, 0, 3, 12], "texture": "#1"},
				"south": {"uv": [0, 2, 1.5, 9], "texture": "#1"},
				"west": {"uv": [0, 0, 3, 12], "texture": "#1"},
				"up": {"uv": [0, 0, 3, 3], "texture": "#1"},
				"down": {"uv": [0, 0, 3, 3], "texture": "#1"}
			}
		},
		{
			"from": [7.5, 2.85, 6.25],
			"to": [8.5, 6.25, 7.25],
			"rotation": {"angle": -22.5, "axis": "x", "origin": [8, 3.5, 6.5]},
			"faces": {
				"north": {"uv": [7, 2, 10, 9.8], "texture": "#1"},
				"east": {"uv": [7, 2, 10, 9.8], "texture": "#1"},
				"south": {"uv": [7, 2, 10, 9.8], "texture": "#1"},
				"west": {"uv": [7, 2, 10, 9.8], "texture": "#1"},
				"up": {"uv": [7, 2, 10, 9.8], "texture": "#1"},
				"down": {"uv": [7, 2, 10, 9.8], "texture": "#1"}
			}
		},
		{
			"from": [7.5, 2.66154, 9.34891],
			"to": [8.5, 6.06154, 10.34891],
			"rotation": {"angle": 22.5, "axis": "x", "origin": [8, 4.83622, 9.89613]},
			"faces": {
				"north": {"uv": [7, 2, 10, 9.8], "texture": "#1"},
				"east": {"uv": [7, 2, 10, 9.8], "texture": "#1"},
				"south": {"uv": [7, 2, 10, 9.8], "texture": "#1"},
				"west": {"uv": [7, 2, 10, 9.8], "texture": "#1"},
				"up": {"uv": [7, 2, 10, 9.8], "texture": "#1"},
				"down": {"uv": [7, 2, 10, 9.8], "texture": "#1"}
			}
		},
		{
			"from": [6.45, 2.6, 7.5],
			"to": [7.45, 6, 8.5],
			"rotation": {"angle": 22.5, "axis": "z", "origin": [6.7, 3.25, 8]},
			"faces": {
				"north": {"uv": [7, 3, 10, 10.8], "texture": "#1"},
				"east": {"uv": [7, 3, 10, 10.8], "texture": "#1"},
				"south": {"uv": [7, 3, 10, 10.8], "texture": "#1"},
				"west": {"uv": [7, 3, 10, 10.8], "texture": "#1"},
				"up": {"uv": [7, 3, 10, 10.8], "texture": "#1"},
				"down": {"uv": [7, 3, 10, 10.8], "texture": "#1"}
			}
		},
		{
			"from": [6.00593, 0.74252, 7.85],
			"to": [6.80593, 4.44252, 8.15],
			"rotation": {"angle": 45, "axis": "z", "origin": [6.40593, 2.59252, 8]},
			"faces": {
				"north": {"uv": [9, 8, 11, 15.8], "rotation": 180, "texture": "#1"},
				"east": {"uv": [9, 8, 10, 15.8], "rotation": 180, "texture": "#1"},
				"south": {"uv": [9, 8, 11, 15.8], "rotation": 180, "texture": "#1"},
				"west": {"uv": [9, 8, 10, 15.8], "rotation": 180, "texture": "#1"},
				"up": {"uv": [11, 15, 13, 16], "rotation": 180, "texture": "#1"},
				"down": {"uv": [9, 8, 11, 15.8], "rotation": 180, "texture": "#1"}
			}
		},
		{
			"from": [5.20593, 4.74252, 7.75],
			"to": [6.70593, 5.49252, 8.25],
			"rotation": {"angle": 45, "axis": "z", "origin": [6.70593, 2.89252, 8]},
			"faces": {
				"north": {"uv": [9.5, 6.5, 11.5, 7.5], "rotation": 180, "texture": "#2"},
				"east": {"uv": [11, 6.5, 11.5, 7.5], "rotation": 180, "texture": "#2"},
				"south": {"uv": [11.5, 6.5, 9.5, 7.5], "rotation": 180, "texture": "#2"},
				"west": {"uv": [9.5, 6.5, 10, 7.5], "rotation": 180, "texture": "#2"},
				"up": {"uv": [9.5, 7, 11.5, 7.5], "texture": "#2"},
				"down": {"uv": [9.5, 6.5, 11.5, 7], "texture": "#2"}
			}
		},
		{
			"from": [7.80877, 2.34252, 6.44716],
			"to": [8.30877, 3.09252, 7.94716],
			"rotation": {"angle": -45, "axis": "x", "origin": [8.05877, 0.49252, 7.44716]},
			"faces": {
				"north": {"uv": [9.5, 6.5, 10, 7.5], "rotation": 180, "texture": "#2"},
				"east": {"uv": [9.5, 6.5, 11.5, 7.5], "rotation": 180, "texture": "#2"},
				"south": {"uv": [11, 6.5, 11.5, 7.5], "rotation": 180, "texture": "#2"},
				"west": {"uv": [11.5, 6.5, 9.5, 7.5], "rotation": 180, "texture": "#2"},
				"up": {"uv": [9.5, 7, 11.5, 7.5], "rotation": 90, "texture": "#2"},
				"down": {"uv": [9.5, 6.5, 11.5, 7], "rotation": 270, "texture": "#2"}
			}
		},
		{
			"from": [3.89377, 4.07552, 7.76],
			"to": [4.87377, 5.05552, 8.24],
			"rotation": {"angle": -22.5, "axis": "z", "origin": [4.25877, 4.56552, 7.8]},
			"faces": {
				"north": {"uv": [12, 7, 13, 8], "rotation": 270, "texture": "#2"},
				"east": {"uv": [12, 7, 13, 7.5], "rotation": 270, "texture": "#2"},
				"south": {"uv": [12, 7, 13, 8], "rotation": 270, "texture": "#2"},
				"west": {"uv": [12, 7, 13, 7.5], "rotation": 270, "texture": "#2"},
				"up": {"uv": [12, 7, 12.5, 8], "rotation": 270, "texture": "#2"},
				"down": {"uv": [12, 7, 12.5, 8], "rotation": 270, "texture": "#2"}
			}
		},
		{
			"from": [7.81877, 1.67552, 4.635],
			"to": [8.29877, 2.65552, 5.615],
			"rotation": {"angle": 22.5, "axis": "x", "origin": [8.25877, 2.16552, 5]},
			"faces": {
				"north": {"uv": [12, 7, 13, 7.5], "rotation": 270, "texture": "#2"},
				"east": {"uv": [12, 7, 13, 8], "rotation": 270, "texture": "#2"},
				"south": {"uv": [12, 7, 13, 7.5], "rotation": 270, "texture": "#2"},
				"west": {"uv": [12, 7, 13, 8], "rotation": 270, "texture": "#2"},
				"up": {"uv": [12, 7, 12.5, 8], "texture": "#2"},
				"down": {"uv": [12, 7, 12.5, 8], "rotation": 180, "texture": "#2"}
			}
		},
		{
			"from": [7.955, 0.74252, 7.00093],
			"to": [8.255, 2.44252, 7.80093],
			"rotation": {"angle": -45, "axis": "x", "origin": [8.105, 0.59252, 7.40093]},
			"faces": {
				"north": {"uv": [9, 8, 10, 15.8], "rotation": 180, "texture": "#1"},
				"east": {"uv": [9, 8, 11, 15.8], "rotation": 180, "texture": "#1"},
				"south": {"uv": [9, 8, 10, 15.8], "rotation": 180, "texture": "#1"},
				"west": {"uv": [9, 8, 11, 15.8], "rotation": 180, "texture": "#1"},
				"up": {"uv": [11, 15, 13, 16], "rotation": 270, "texture": "#1"},
				"down": {"uv": [9, 8, 11, 15.8], "rotation": 90, "texture": "#1"}
			}
		},
		{
			"from": [7.5, -1.33247, 8.74082],
			"to": [8.5, 1.16753, 9.74082],
			"rotation": {"angle": -22.5, "axis": "x", "origin": [8, 0.43149, 8]},
			"faces": {
				"north": {"uv": [0, 9, 1.5, 16], "texture": "#1"},
				"east": {"uv": [0, 10, 3, 16], "texture": "#1"},
				"south": {"uv": [0, 10, 3, 16], "texture": "#1"},
				"west": {"uv": [4, 10, 7, 16], "texture": "#1"},
				"up": {"uv": [0, 9, 1.5, 16], "texture": "#1"},
				"down": {"uv": [0, 13, 3, 16], "texture": "#1"}
			}
		},
		{
			"from": [6.25918, -1.33247, 7.5],
			"to": [7.25918, 1.16753, 8.5],
			"rotation": {"angle": -22.5, "axis": "z", "origin": [8, 0.43149, 8]},
			"faces": {
				"north": {"uv": [4, 10, 7, 16], "texture": "#1"},
				"east": {"uv": [0, 9, 1.5, 16], "texture": "#1"},
				"south": {"uv": [0, 10, 3, 16], "texture": "#1"},
				"west": {"uv": [0, 10, 3, 16], "texture": "#1"},
				"up": {"uv": [0, 9, 1.5, 16], "rotation": 90, "texture": "#1"},
				"down": {"uv": [0, 13, 3, 16], "rotation": 270, "texture": "#1"}
			}
		},
		{
			"from": [7.5, -1.33247, 6.25918],
			"to": [8.5, 1.16753, 7.25918],
			"rotation": {"angle": 22.5, "axis": "x", "origin": [8, 0.43149, 8]},
			"faces": {
				"north": {"uv": [3, 10, 0, 16], "texture": "#1"},
				"east": {"uv": [3, 10, 0, 16], "texture": "#1"},
				"south": {"uv": [1.5, 9, 0, 16], "texture": "#1"},
				"west": {"uv": [7, 10, 4, 16], "texture": "#1"},
				"up": {"uv": [0, 16, 1.5, 9], "texture": "#1"},
				"down": {"uv": [0, 16, 3, 13], "texture": "#1"}
			}
		},
		{
			"from": [8.74082, -1.33247, 7.5],
			"to": [9.74082, 1.16753, 8.5],
			"rotation": {"angle": 22.5, "axis": "z", "origin": [8, 0.43149, 8]},
			"faces": {
				"north": {"uv": [7, 10, 4, 16], "texture": "#1"},
				"east": {"uv": [3, 10, 0, 16], "texture": "#1"},
				"south": {"uv": [3, 10, 0, 16], "texture": "#1"},
				"west": {"uv": [1.5, 9, 0, 16], "texture": "#1"},
				"up": {"uv": [0, 16, 1.5, 9], "rotation": 90, "texture": "#1"},
				"down": {"uv": [0, 16, 3, 13], "rotation": 270, "texture": "#1"}
			}
		},
		{
			"from": [8.35, 3, 7.5],
			"to": [9.35, 6.4, 8.5],
			"rotation": {"angle": -22.5, "axis": "z", "origin": [9.1, 3.65, 8]},
			"faces": {
				"north": {"uv": [7, 3, 10, 10.8], "texture": "#1"},
				"east": {"uv": [7, 3, 10, 10.8], "texture": "#1"},
				"south": {"uv": [7, 3, 10, 10.8], "texture": "#1"},
				"west": {"uv": [7, 3, 10, 10.8], "texture": "#1"},
				"up": {"uv": [7, 3, 10, 10.8], "texture": "#1"},
				"down": {"uv": [7, 3, 10, 10.8], "texture": "#1"}
			}
		},
		{
			"from": [7.95, 3.3, 8.75],
			"to": [8.95, 8.85, 9.75],
			"rotation": {"angle": 22.5, "axis": "x", "origin": [8.7, 6.85, 9.5]},
			"faces": {
				"north": {"uv": [0, 0, 3, 13.6], "texture": "#1"},
				"east": {"uv": [0, 0, 3, 13.6], "texture": "#1"},
				"south": {"uv": [0, 2, 1.5, 9], "texture": "#1"},
				"west": {"uv": [0, 0, 3, 13.6], "texture": "#1"},
				"up": {"uv": [0, 0, 3, 3], "texture": "#1"},
				"down": {"uv": [0, 0, 3, 3], "texture": "#1"}
			}
		},
		{
			"from": [6.5, 3.3, 6.05],
			"to": [7.5, 9.6, 7.05],
			"rotation": {"angle": -22.5, "axis": "x", "origin": [7, 6.85, 6.3]},
			"faces": {
				"north": {"uv": [0, 2, 3, 15.6], "rotation": 180, "texture": "#1"},
				"east": {"uv": [0, 0, 3, 13.6], "texture": "#1"},
				"south": {"uv": [0, 2, 1.5, 9], "texture": "#1"},
				"west": {"uv": [0, 0, 3, 13.6], "rotation": 180, "texture": "#1"},
				"up": {"uv": [0, 0, 3, 3], "texture": "#1"},
				"down": {"uv": [0, 0, 3, 3], "texture": "#1"}
			}
		},
		{
			"from": [8.65, 3.33045, 6.79693],
			"to": [9.65, 9.63045, 7.79693],
			"rotation": {"angle": -22.5, "axis": "z", "origin": [9.4, 6.48045, 7.04693]},
			"faces": {
				"north": {"uv": [0, 0, 3, 13.6], "texture": "#1"},
				"east": {"uv": [0, 0, 3, 13.6], "texture": "#1"},
				"south": {"uv": [0, 2, 1.5, 9], "texture": "#1"},
				"west": {"uv": [0, 0, 3, 13.6], "texture": "#1"},
				"up": {"uv": [0, 0, 3, 3], "texture": "#1"},
				"down": {"uv": [0, 0, 3, 3], "texture": "#1"}
			}
		},
		{
			"from": [6.05, 3.33045, 8.50307],
			"to": [7.05, 9.13045, 9.50307],
			"rotation": {"angle": 22.5, "axis": "z", "origin": [6.3, 6.48045, 8.75307]},
			"faces": {
				"north": {"uv": [8, 2, 11, 15.6], "rotation": 180, "texture": "#1"},
				"east": {"uv": [8, 2, 11, 15.6], "rotation": 180, "texture": "#1"},
				"south": {"uv": [8, 2, 11, 15.6], "rotation": 180, "texture": "#1"},
				"west": {"uv": [9, 2, 12, 15.6], "rotation": 180, "texture": "#1"},
				"up": {"uv": [8, 2, 9, 3], "rotation": 180, "texture": "#1"},
				"down": {"uv": [8, 2, 11, 15.6], "rotation": 180, "texture": "#1"}
			}
		},
		{
			"from": [7.25, -1, 6.5],
			"to": [8.75, 6, 9.5],
			"rotation": {"angle": 0, "axis": "y", "origin": [15, 8, 14.5]},
			"faces": {
				"north": {"uv": [5, 2, 8, 16], "texture": "#1"},
				"east": {"uv": [1, 2, 7, 16], "texture": "#1"},
				"south": {"uv": [5, 2, 8, 16], "texture": "#1"},
				"west": {"uv": [5, 2, 11, 16], "texture": "#1"},
				"up": {"uv": [5, 2, 8, 16], "texture": "#1"},
				"down": {"uv": [9, 3, 12, 9], "texture": "#1"}
			}
		},
		{
			"from": [6.8, -0.9, 6.8],
			"to": [9.2, 1.5, 9.2],
			"rotation": {"angle": 0, "axis": "y", "origin": [14.75, 8.3, 15]},
			"faces": {
				"north": {"uv": [5, 12, 9, 16], "texture": "#1"},
				"east": {"uv": [5, 12, 9, 16], "texture": "#1"},
				"south": {"uv": [5, 12, 9, 16], "texture": "#1"},
				"west": {"uv": [5, 12, 9, 16], "texture": "#1"},
				"up": {"uv": [5, 12, 9, 16], "texture": "#1"},
				"down": {"uv": [5, 12, 9, 16], "texture": "#1"}
			}
		},
		{
			"from": [7.9, 9, 2.8],
			"to": [9.1, 10.2, 5],
			"rotation": {"angle": 0, "axis": "y", "origin": [10.1, 13.4, 13.3]},
			"faces": {
				"north": {"uv": [3, 6, 4.5, 7.5], "texture": "#2"},
				"east": {"uv": [3, 6, 4.5, 7.5], "texture": "#2"},
				"south": {"uv": [3, 6, 4.5, 7.5], "texture": "#2"},
				"west": {"uv": [3, 6, 4.5, 7.5], "texture": "#2"},
				"up": {"uv": [3, 6, 4.5, 7.5], "texture": "#2"},
				"down": {"uv": [3, 6, 4.5, 7.5], "texture": "#2"}
			}
		},
		{
			"from": [5.9, 9.9, 6.1],
			"to": [7.1, 11.1, 8.3],
			"rotation": {"angle": 45, "axis": "y", "origin": [4.8, 11.3, 6.8]},
			"faces": {
				"north": {"uv": [3, 6, 4.5, 7.5], "texture": "#2"},
				"east": {"uv": [3, 6, 4.5, 7.5], "texture": "#2"},
				"south": {"uv": [3, 6, 4.5, 7.5], "texture": "#2"},
				"west": {"uv": [3, 6, 4.5, 7.5], "texture": "#2"},
				"up": {"uv": [3, 6, 4.5, 7.5], "texture": "#2"},
				"down": {"uv": [3, 6, 4.5, 7.5], "texture": "#2"}
			}
		},
		{
			"from": [5.2, 6.9, 3.8],
			"to": [6.4, 8.1, 6],
			"rotation": {"angle": 45, "axis": "y", "origin": [4.8, 8.3, 4.9]},
			"faces": {
				"north": {"uv": [3, 6, 4.5, 7.5], "texture": "#2"},
				"east": {"uv": [3, 6, 4.5, 7.5], "texture": "#2"},
				"south": {"uv": [3, 6, 4.5, 7.5], "texture": "#2"},
				"west": {"uv": [3, 6, 4.5, 7.5], "texture": "#2"},
				"up": {"uv": [3, 6, 4.5, 7.5], "texture": "#2"},
				"down": {"uv": [3, 6, 4.5, 7.5], "texture": "#2"}
			}
		},
		{
			"from": [6.35, 8.7, 10.15],
			"to": [8.55, 9.9, 11.35],
			"rotation": {"angle": 0, "axis": "y", "origin": [8.55, 9.9, 10.2]},
			"faces": {
				"north": {"uv": [3, 6, 4.5, 7.5], "texture": "#2"},
				"east": {"uv": [3, 6, 4.5, 7.5], "texture": "#2"},
				"south": {"uv": [3, 6, 4.5, 7.5], "texture": "#2"},
				"west": {"uv": [3, 6, 4.5, 7.5], "texture": "#2"},
				"up": {"uv": [3, 6, 4.5, 7.5], "texture": "#2"},
				"down": {"uv": [3, 6, 4.5, 7.5], "texture": "#2"}
			}
		},
		{
			"from": [10.4, 7.2, 5],
			"to": [11.6, 8.4, 7.2],
			"rotation": {"angle": 22.5, "axis": "z", "origin": [11, 7.8, 6.1]},
			"faces": {
				"north": {"uv": [3, 6, 4.5, 7.5], "texture": "#2"},
				"east": {"uv": [3, 6, 4.5, 7.5], "texture": "#2"},
				"south": {"uv": [3, 6, 4.5, 7.5], "texture": "#2"},
				"west": {"uv": [3, 6, 4.5, 7.5], "texture": "#2"},
				"up": {"uv": [3, 6, 4.5, 7.5], "texture": "#2"},
				"down": {"uv": [3, 6, 4.5, 7.5], "texture": "#2"}
			}
		},
		{
			"from": [10.4, 8.4, 6.3],
			"to": [11.6, 9.6, 8.5],
			"rotation": {"angle": 45, "axis": "x", "origin": [11, 9, 7.4]},
			"faces": {
				"north": {"uv": [3, 6, 4.5, 7.5], "texture": "#2"},
				"east": {"uv": [3, 6, 4.5, 7.5], "texture": "#2"},
				"south": {"uv": [3, 6, 4.5, 7.5], "texture": "#2"},
				"west": {"uv": [3, 6, 4.5, 7.5], "texture": "#2"},
				"up": {"uv": [3, 6, 4.5, 7.5], "texture": "#2"},
				"down": {"uv": [3, 6, 4.5, 7.5], "texture": "#2"}
			}
		},
		{
			"from": [3.7, 8.1, 9.4],
			"to": [4.9, 9.3, 11.6],
			"rotation": {"angle": 45, "axis": "y", "origin": [4.3, 8.7, 10.5]},
			"faces": {
				"north": {"uv": [3, 6, 4.5, 7.5], "texture": "#2"},
				"east": {"uv": [3, 6, 4.5, 7.5], "texture": "#2"},
				"south": {"uv": [3, 6, 4.5, 7.5], "texture": "#2"},
				"west": {"uv": [3, 6, 4.5, 7.5], "texture": "#2"},
				"up": {"uv": [3, 6, 4.5, 7.5], "texture": "#2"},
				"down": {"uv": [3, 6, 4.5, 7.5], "texture": "#2"}
			}
		},
		{
			"from": [3, 8.9, 5.9],
			"to": [4.2, 10.1, 8.1],
			"rotation": {"angle": 45, "axis": "y", "origin": [3.6, 9.5, 7]},
			"faces": {
				"north": {"uv": [3, 6, 4.5, 7.5], "texture": "#2"},
				"east": {"uv": [3, 6, 4.5, 7.5], "texture": "#2"},
				"south": {"uv": [3, 6, 4.5, 7.5], "texture": "#2"},
				"west": {"uv": [3, 6, 4.5, 7.5], "texture": "#2"},
				"up": {"uv": [3, 6, 4.5, 7.5], "texture": "#2"},
				"down": {"uv": [3, 6, 4.5, 7.5], "texture": "#2"}
			}
		},
		{
			"from": [4.9, 9.1, 8.2],
			"to": [7.5, 10.7, 9.8],
			"rotation": {"angle": 22.5, "axis": "z", "origin": [6.2, 9.9, 9]},
			"faces": {
				"north": {"uv": [3, 6, 5, 8], "texture": "#2"},
				"east": {"uv": [3, 6, 5, 8], "texture": "#2"},
				"south": {"uv": [3, 6, 5, 8], "texture": "#2"},
				"west": {"uv": [3, 6, 5, 8], "texture": "#2"},
				"up": {"uv": [3, 6, 5, 8], "texture": "#2"},
				"down": {"uv": [3, 6, 5, 8], "texture": "#2"}
			}
		},
		{
			"from": [3.9, 7.2, 5.4],
			"to": [6.5, 8.8, 7],
			"rotation": {"angle": 22.5, "axis": "z", "origin": [5.2, 8, 6.2]},
			"faces": {
				"north": {"uv": [3, 6, 5, 8], "texture": "#2"},
				"east": {"uv": [3, 6, 5, 8], "texture": "#2"},
				"south": {"uv": [3, 6, 5, 8], "texture": "#2"},
				"west": {"uv": [3, 6, 5, 8], "texture": "#2"},
				"up": {"uv": [3, 6, 5, 8], "texture": "#2"},
				"down": {"uv": [3, 6, 5, 8], "texture": "#2"}
			}
		},
		{
			"from": [8.6, 9.3, 7],
			"to": [11.2, 10.9, 8.6],
			"rotation": {"angle": -22.5, "axis": "z", "origin": [9.9, 10.1, 7.8]},
			"faces": {
				"north": {"uv": [3, 6, 5, 8], "texture": "#2"},
				"east": {"uv": [3, 6, 5, 8], "texture": "#2"},
				"south": {"uv": [3, 6, 5, 8], "texture": "#2"},
				"west": {"uv": [3, 6, 5, 8], "texture": "#2"},
				"up": {"uv": [3, 6, 5, 8], "texture": "#2"},
				"down": {"uv": [3, 6, 5, 8], "texture": "#2"}
			}
		},
		{
			"from": [8.6, 6.8, 3.6],
			"to": [11.2, 8.4, 5.2],
			"rotation": {"angle": -22.5, "axis": "z", "origin": [9.9, 8.1, 7.8]},
			"faces": {
				"north": {"uv": [3, 6, 5, 8], "texture": "#2"},
				"east": {"uv": [3, 6, 5, 8], "texture": "#2"},
				"south": {"uv": [3, 6, 5, 8], "texture": "#2"},
				"west": {"uv": [3, 6, 5, 8], "texture": "#2"},
				"up": {"uv": [3, 6, 5, 8], "texture": "#2"},
				"down": {"uv": [3, 6, 5, 8], "texture": "#2"}
			}
		},
		{
			"from": [10.96842, 6.51118, 7.5],
			"to": [13.56842, 8.11118, 9.1],
			"rotation": {"angle": 45, "axis": "y", "origin": [12.26842, 7.31118, 8.3]},
			"faces": {
				"north": {"uv": [3, 6, 5, 8], "texture": "#2"},
				"east": {"uv": [3, 6, 5, 8], "texture": "#2"},
				"south": {"uv": [3, 6, 5, 8], "texture": "#2"},
				"west": {"uv": [3, 6, 5, 8], "texture": "#2"},
				"up": {"uv": [3, 6, 5, 8], "texture": "#2"},
				"down": {"uv": [3, 6, 5, 8], "texture": "#2"}
			}
		},
		{
			"from": [8.61673, 9.9, 9.98891],
			"to": [10.81673, 11.1, 11.18891],
			"rotation": {"angle": 45, "axis": "y", "origin": [8.55, 9.9, 10.2]},
			"faces": {
				"north": {"uv": [3, 6, 4.5, 7.5], "texture": "#2"},
				"east": {"uv": [3, 6, 4.5, 7.5], "texture": "#2"},
				"south": {"uv": [3, 6, 4.5, 7.5], "texture": "#2"},
				"west": {"uv": [3, 6, 4.5, 7.5], "texture": "#2"},
				"up": {"uv": [3, 6, 4.5, 7.5], "texture": "#2"},
				"down": {"uv": [3, 6, 4.5, 7.5], "texture": "#2"}
			}
		},
		{
			"from": [6.43891, 10, 6.63327],
			"to": [8.43891, 12, 9.63327],
			"rotation": {"angle": -22.5, "axis": "y", "origin": [8.55, 9.5, 9.3]},
			"faces": {
				"north": {"uv": [3, 6, 5, 8], "texture": "#2"},
				"east": {"uv": [3, 6, 5, 8], "texture": "#2"},
				"south": {"uv": [3, 6, 5, 8], "texture": "#2"},
				"west": {"uv": [3, 6, 5, 8], "texture": "#2"},
				"up": {"uv": [3, 6, 5, 8], "texture": "#2"},
				"down": {"uv": [3, 6, 5, 8], "texture": "#2"}
			}
		},
		{
			"from": [4.63891, 6.7, 9.83327],
			"to": [6.63891, 8.7, 12.83327],
			"rotation": {"angle": -22.5, "axis": "y", "origin": [6.75, 6.2, 12.5]},
			"faces": {
				"north": {"uv": [3, 6, 5, 8], "texture": "#2"},
				"east": {"uv": [3, 6, 5, 8], "texture": "#2"},
				"south": {"uv": [3, 6, 5, 8], "texture": "#2"},
				"west": {"uv": [3, 6, 5, 8], "texture": "#2"},
				"up": {"uv": [3, 6, 5, 8], "texture": "#2"},
				"down": {"uv": [3, 6, 5, 8], "texture": "#2"}
			}
		},
		{
			"from": [7.88071, 5.9, 10.05109],
			"to": [9.88071, 7.9, 13.05109],
			"rotation": {"angle": 0, "axis": "y", "origin": [9.68071, 7.7, 12.45109]},
			"faces": {
				"north": {"uv": [3, 6, 5, 8], "texture": "#2"},
				"east": {"uv": [3, 6, 5, 8], "texture": "#2"},
				"south": {"uv": [3, 6, 5, 8], "texture": "#2"},
				"west": {"uv": [3, 6, 5, 8], "texture": "#2"},
				"up": {"uv": [3, 6, 5, 8], "texture": "#2"},
				"down": {"uv": [3, 6, 5, 8], "texture": "#2"}
			}
		},
		{
			"from": [6.43891, 7.5, 1.53327],
			"to": [8.43891, 9.5, 4.53327],
			"rotation": {"angle": -22.5, "axis": "z", "origin": [7.43891, 8.5, 3.03327]},
			"faces": {
				"north": {"uv": [3, 6, 5, 8], "texture": "#2"},
				"east": {"uv": [3, 6, 5, 8], "texture": "#2"},
				"south": {"uv": [3, 6, 5, 8], "texture": "#2"},
				"west": {"uv": [3, 6, 5, 8], "texture": "#2"},
				"up": {"uv": [3, 6, 5, 8], "texture": "#2"},
				"down": {"uv": [3, 6, 5, 8], "texture": "#2"}
			}
		},
		{
			"from": [8.43891, 8.6, 4.23327],
			"to": [10.43891, 10.6, 7.23327],
			"rotation": {"angle": 45, "axis": "x", "origin": [9.43891, 9.6, 5.73327]},
			"faces": {
				"north": {"uv": [3, 6, 5, 8], "texture": "#2"},
				"east": {"uv": [3, 6, 5, 8], "texture": "#2"},
				"south": {"uv": [3, 6, 5, 8], "texture": "#2"},
				"west": {"uv": [3, 6, 5, 8], "texture": "#2"},
				"up": {"uv": [3, 6, 5, 8], "texture": "#2"},
				"down": {"uv": [3, 6, 5, 8], "texture": "#2"}
			}
		},
		{
			"from": [10.23891, 7.5, 8.73327],
			"to": [12.23891, 9.5, 11.73327],
			"rotation": {"angle": 22.5, "axis": "x", "origin": [11.23891, 8.5, 10.23327]},
			"faces": {
				"north": {"uv": [3, 6, 5, 8], "texture": "#2"},
				"east": {"uv": [3, 6, 5, 8], "texture": "#2"},
				"south": {"uv": [3, 6, 5, 8], "texture": "#2"},
				"west": {"uv": [3, 6, 5, 8], "texture": "#2"},
				"up": {"uv": [3, 6, 5, 8], "texture": "#2"},
				"down": {"uv": [3, 6, 5, 8], "texture": "#2"}
			}
		},
		{
			"from": [3.23891, 6.75, 6.98327],
			"to": [5.23891, 8.75, 9.98327],
			"rotation": {"angle": 22.5, "axis": "x", "origin": [4.23891, 7.75, 8.48327]},
			"faces": {
				"north": {"uv": [3, 6, 5, 8], "texture": "#2"},
				"east": {"uv": [3, 6, 5, 8], "texture": "#2"},
				"south": {"uv": [3, 6, 5, 8], "texture": "#2"},
				"west": {"uv": [3, 6, 5, 8], "texture": "#2"},
				"up": {"uv": [3, 6, 5, 8], "texture": "#2"},
				"down": {"uv": [3, 6, 5, 8], "texture": "#2"}
			}
		},
		{
			"from": [7.4, 9, 3.3],
			"to": [9.6, 10.2, 4.5],
			"rotation": {"angle": 0, "axis": "y", "origin": [3.1, 6.4, 6.8]},
			"faces": {
				"north": {"uv": [3, 6, 4.5, 7.5], "texture": "#2"},
				"east": {"uv": [3, 6, 4.5, 7.5], "texture": "#2"},
				"south": {"uv": [3, 6, 4.5, 7.5], "texture": "#2"},
				"west": {"uv": [3, 6, 4.5, 7.5], "texture": "#2"},
				"up": {"uv": [3, 6, 4.5, 7.5], "texture": "#2"},
				"down": {"uv": [3, 6, 4.5, 7.5], "texture": "#2"}
			}
		},
		{
			"from": [5.4, 9.9, 6.6],
			"to": [7.6, 11.1, 7.8],
			"rotation": {"angle": 45, "axis": "y", "origin": [4.8, 11.3, 6.8]},
			"faces": {
				"north": {"uv": [3, 6, 4.5, 7.5], "texture": "#2"},
				"east": {"uv": [3, 6, 4.5, 7.5], "texture": "#2"},
				"south": {"uv": [3, 6, 4.5, 7.5], "texture": "#2"},
				"west": {"uv": [3, 6, 4.5, 7.5], "texture": "#2"},
				"up": {"uv": [3, 6, 4.5, 7.5], "texture": "#2"},
				"down": {"uv": [3, 6, 4.5, 7.5], "texture": "#2"}
			}
		},
		{
			"from": [4.7, 6.9, 4.3],
			"to": [6.9, 8.1, 5.5],
			"rotation": {"angle": 45, "axis": "y", "origin": [4.8, 8.3, 4.9]},
			"faces": {
				"north": {"uv": [3, 6, 4.5, 7.5], "texture": "#2"},
				"east": {"uv": [3, 6, 4.5, 7.5], "texture": "#2"},
				"south": {"uv": [3, 6, 4.5, 7.5], "texture": "#2"},
				"west": {"uv": [3, 6, 4.5, 7.5], "texture": "#2"},
				"up": {"uv": [3, 6, 4.5, 7.5], "texture": "#2"},
				"down": {"uv": [3, 6, 4.5, 7.5], "texture": "#2"}
			}
		},
		{
			"from": [6.85, 8.7, 9.65],
			"to": [8.05, 9.9, 11.85],
			"rotation": {"angle": 0, "axis": "y", "origin": [8.55, 9.9, 10.2]},
			"faces": {
				"north": {"uv": [3, 6, 4.5, 7.5], "texture": "#2"},
				"east": {"uv": [3, 6, 4.5, 7.5], "texture": "#2"},
				"south": {"uv": [3, 6, 4.5, 7.5], "texture": "#2"},
				"west": {"uv": [3, 6, 4.5, 7.5], "texture": "#2"},
				"up": {"uv": [3, 6, 4.5, 7.5], "texture": "#2"},
				"down": {"uv": [3, 6, 4.5, 7.5], "texture": "#2"}
			}
		},
		{
			"from": [9.9, 7.2, 5.5],
			"to": [12.1, 8.4, 6.7],
			"rotation": {"angle": 22.5, "axis": "z", "origin": [11, 7.8, 6.1]},
			"faces": {
				"north": {"uv": [3, 6, 4.5, 7.5], "texture": "#2"},
				"east": {"uv": [3, 6, 4.5, 7.5], "texture": "#2"},
				"south": {"uv": [3, 6, 4.5, 7.5], "texture": "#2"},
				"west": {"uv": [3, 6, 4.5, 7.5], "texture": "#2"},
				"up": {"uv": [3, 6, 4.5, 7.5], "texture": "#2"},
				"down": {"uv": [3, 6, 4.5, 7.5], "texture": "#2"}
			}
		},
		{
			"from": [9.9, 8.4, 6.8],
			"to": [12.1, 9.6, 8],
			"rotation": {"angle": 45, "axis": "x", "origin": [11, 9, 7.4]},
			"faces": {
				"north": {"uv": [3, 6, 4.5, 7.5], "texture": "#2"},
				"east": {"uv": [3, 6, 4.5, 7.5], "texture": "#2"},
				"south": {"uv": [3, 6, 4.5, 7.5], "texture": "#2"},
				"west": {"uv": [3, 6, 4.5, 7.5], "texture": "#2"},
				"up": {"uv": [3, 6, 4.5, 7.5], "texture": "#2"},
				"down": {"uv": [3, 6, 4.5, 7.5], "texture": "#2"}
			}
		},
		{
			"from": [3.2, 8.1, 9.9],
			"to": [5.4, 9.3, 11.1],
			"rotation": {"angle": 45, "axis": "y", "origin": [4.3, 8.7, 10.5]},
			"faces": {
				"north": {"uv": [3, 6, 4.5, 7.5], "texture": "#2"},
				"east": {"uv": [3, 6, 4.5, 7.5], "texture": "#2"},
				"south": {"uv": [3, 6, 4.5, 7.5], "texture": "#2"},
				"west": {"uv": [3, 6, 4.5, 7.5], "texture": "#2"},
				"up": {"uv": [3, 6, 4.5, 7.5], "texture": "#2"},
				"down": {"uv": [3, 6, 4.5, 7.5], "texture": "#2"}
			}
		},
		{
			"from": [2.5, 8.9, 6.4],
			"to": [4.7, 10.1, 7.6],
			"rotation": {"angle": 45, "axis": "y", "origin": [3.6, 9.5, 7]},
			"faces": {
				"north": {"uv": [3, 6, 4.5, 7.5], "texture": "#2"},
				"east": {"uv": [3, 6, 4.5, 7.5], "texture": "#2"},
				"south": {"uv": [3, 6, 4.5, 7.5], "texture": "#2"},
				"west": {"uv": [3, 6, 4.5, 7.5], "texture": "#2"},
				"up": {"uv": [3, 6, 4.5, 7.5], "texture": "#2"},
				"down": {"uv": [3, 6, 4.5, 7.5], "texture": "#2"}
			}
		},
		{
			"from": [5.4, 9.1, 7.7],
			"to": [7, 10.7, 10.3],
			"rotation": {"angle": 22.5, "axis": "z", "origin": [6.2, 9.9, 9]},
			"faces": {
				"north": {"uv": [3, 6, 5, 8], "texture": "#2"},
				"east": {"uv": [3, 6, 5, 8], "texture": "#2"},
				"south": {"uv": [3, 6, 5, 8], "texture": "#2"},
				"west": {"uv": [3, 6, 5, 8], "texture": "#2"},
				"up": {"uv": [3, 6, 5, 8], "texture": "#2"},
				"down": {"uv": [3, 6, 5, 8], "texture": "#2"}
			}
		},
		{
			"from": [4.4, 7.2, 4.9],
			"to": [6, 8.8, 7.5],
			"rotation": {"angle": 22.5, "axis": "z", "origin": [5.2, 8, 6.2]},
			"faces": {
				"north": {"uv": [3, 6, 5, 8], "texture": "#2"},
				"east": {"uv": [3, 6, 5, 8], "texture": "#2"},
				"south": {"uv": [3, 6, 5, 8], "texture": "#2"},
				"west": {"uv": [3, 6, 5, 8], "texture": "#2"},
				"up": {"uv": [3, 6, 5, 8], "texture": "#2"},
				"down": {"uv": [3, 6, 5, 8], "texture": "#2"}
			}
		},
		{
			"from": [9.1, 9.3, 6.5],
			"to": [10.7, 10.9, 9.1],
			"rotation": {"angle": -22.5, "axis": "z", "origin": [9.9, 10.1, 7.8]},
			"faces": {
				"north": {"uv": [3, 6, 5, 8], "texture": "#2"},
				"east": {"uv": [3, 6, 5, 8], "texture": "#2"},
				"south": {"uv": [3, 6, 5, 8], "texture": "#2"},
				"west": {"uv": [3, 6, 5, 8], "texture": "#2"},
				"up": {"uv": [3, 6, 5, 8], "texture": "#2"},
				"down": {"uv": [3, 6, 5, 8], "texture": "#2"}
			}
		},
		{
			"from": [9.1, 6.8, 3.1],
			"to": [10.7, 8.4, 5.7],
			"rotation": {"angle": -22.5, "axis": "z", "origin": [9.9, 8.1, 7.8]},
			"faces": {
				"north": {"uv": [3, 6, 5, 8], "texture": "#2"},
				"east": {"uv": [3, 6, 5, 8], "texture": "#2"},
				"south": {"uv": [3, 6, 5, 8], "texture": "#2"},
				"west": {"uv": [3, 6, 5, 8], "texture": "#2"},
				"up": {"uv": [3, 6, 5, 8], "texture": "#2"},
				"down": {"uv": [3, 6, 5, 8], "texture": "#2"}
			}
		},
		{
			"from": [11.46842, 6.51118, 7],
			"to": [13.06842, 8.11118, 9.6],
			"rotation": {"angle": 45, "axis": "y", "origin": [12.26842, 7.31118, 8.3]},
			"faces": {
				"north": {"uv": [3, 6, 5, 8], "texture": "#2"},
				"east": {"uv": [3, 6, 5, 8], "texture": "#2"},
				"south": {"uv": [3, 6, 5, 8], "texture": "#2"},
				"west": {"uv": [3, 6, 5, 8], "texture": "#2"},
				"up": {"uv": [3, 6, 5, 8], "texture": "#2"},
				"down": {"uv": [3, 6, 5, 8], "texture": "#2"}
			}
		},
		{
			"from": [9.11673, 9.9, 9.48891],
			"to": [10.31673, 11.1, 11.68891],
			"rotation": {"angle": 45, "axis": "y", "origin": [8.55, 9.9, 10.2]},
			"faces": {
				"north": {"uv": [3, 6, 4.5, 7.5], "texture": "#2"},
				"east": {"uv": [3, 6, 4.5, 7.5], "texture": "#2"},
				"south": {"uv": [3, 6, 4.5, 7.5], "texture": "#2"},
				"west": {"uv": [3, 6, 4.5, 7.5], "texture": "#2"},
				"up": {"uv": [3, 6, 4.5, 7.5], "texture": "#2"},
				"down": {"uv": [3, 6, 4.5, 7.5], "texture": "#2"}
			}
		},
		{
			"from": [5.93891, 10, 7.13327],
			"to": [8.93891, 12, 9.13327],
			"rotation": {"angle": -22.5, "axis": "y", "origin": [8.55, 9.5, 9.3]},
			"faces": {
				"north": {"uv": [3, 6, 5, 8], "texture": "#2"},
				"east": {"uv": [3, 6, 5, 8], "texture": "#2"},
				"south": {"uv": [3, 6, 5, 8], "texture": "#2"},
				"west": {"uv": [3, 6, 5, 8], "texture": "#2"},
				"up": {"uv": [3, 6, 5, 8], "texture": "#2"},
				"down": {"uv": [3, 6, 5, 8], "texture": "#2"}
			}
		},
		{
			"from": [5.51997, 7, 4.84689],
			"to": [10.46997, 9.75, 10.54689],
			"rotation": {"angle": 0, "axis": "y", "origin": [7.96997, 11, 7.79689]},
			"faces": {
				"north": {"uv": [3, 6, 5, 8], "texture": "#2"},
				"east": {"uv": [3, 6, 5, 8], "texture": "#2"},
				"south": {"uv": [3, 6, 5, 8], "texture": "#2"},
				"west": {"uv": [3, 6, 5, 8], "texture": "#2"},
				"up": {"uv": [3, 6, 5, 8], "texture": "#2"},
				"down": {"uv": [3, 6, 5, 8], "texture": "#2"}
			}
		},
		{
			"from": [4.13891, 6.7, 10.33327],
			"to": [7.13891, 8.7, 12.33327],
			"rotation": {"angle": -22.5, "axis": "y", "origin": [6.75, 6.2, 12.5]},
			"faces": {
				"north": {"uv": [3, 6, 5, 8], "texture": "#2"},
				"east": {"uv": [3, 6, 5, 8], "texture": "#2"},
				"south": {"uv": [3, 6, 5, 8], "texture": "#2"},
				"west": {"uv": [3, 6, 5, 8], "texture": "#2"},
				"up": {"uv": [3, 6, 5, 8], "texture": "#2"},
				"down": {"uv": [3, 6, 5, 8], "texture": "#2"}
			}
		},
		{
			"from": [7.38071, 5.9, 10.55109],
			"to": [10.38071, 7.9, 12.55109],
			"rotation": {"angle": 0, "axis": "y", "origin": [9.68071, 7.7, 12.45109]},
			"faces": {
				"north": {"uv": [3, 6, 5, 8], "texture": "#2"},
				"east": {"uv": [3, 6, 5, 8], "texture": "#2"},
				"south": {"uv": [3, 6, 5, 8], "texture": "#2"},
				"west": {"uv": [3, 6, 5, 8], "texture": "#2"},
				"up": {"uv": [3, 6, 5, 8], "texture": "#2"},
				"down": {"uv": [3, 6, 5, 8], "texture": "#2"}
			}
		},
		{
			"from": [5.93891, 7.5, 2.03327],
			"to": [8.93891, 9.5, 4.03327],
			"rotation": {"angle": -22.5, "axis": "z", "origin": [7.43891, 8.5, 3.03327]},
			"faces": {
				"north": {"uv": [3, 6, 5, 8], "texture": "#2"},
				"east": {"uv": [3, 6, 5, 8], "texture": "#2"},
				"south": {"uv": [3, 6, 5, 8], "texture": "#2"},
				"west": {"uv": [3, 6, 5, 8], "texture": "#2"},
				"up": {"uv": [3, 6, 5, 8], "texture": "#2"},
				"down": {"uv": [3, 6, 5, 8], "texture": "#2"}
			}
		},
		{
			"from": [7.93891, 8.6, 4.73327],
			"to": [10.93891, 10.6, 6.73327],
			"rotation": {"angle": 45, "axis": "x", "origin": [9.43891, 9.6, 5.73327]},
			"faces": {
				"north": {"uv": [3, 6, 5, 8], "texture": "#2"},
				"east": {"uv": [3, 6, 5, 8], "texture": "#2"},
				"south": {"uv": [3, 6, 5, 8], "texture": "#2"},
				"west": {"uv": [3, 6, 5, 8], "texture": "#2"},
				"up": {"uv": [3, 6, 5, 8], "texture": "#2"},
				"down": {"uv": [3, 6, 5, 8], "texture": "#2"}
			}
		},
		{
			"from": [9.73891, 7.5, 9.23327],
			"to": [12.73891, 9.5, 11.23327],
			"rotation": {"angle": 22.5, "axis": "x", "origin": [11.23891, 8.5, 10.23327]},
			"faces": {
				"north": {"uv": [3, 6, 5, 8], "texture": "#2"},
				"east": {"uv": [3, 6, 5, 8], "texture": "#2"},
				"south": {"uv": [3, 6, 5, 8], "texture": "#2"},
				"west": {"uv": [3, 6, 5, 8], "texture": "#2"},
				"up": {"uv": [3, 6, 5, 8], "texture": "#2"},
				"down": {"uv": [3, 6, 5, 8], "texture": "#2"}
			}
		},
		{
			"from": [2.73891, 6.75, 7.48327],
			"to": [5.73891, 8.75, 9.48327],
			"rotation": {"angle": 22.5, "axis": "x", "origin": [4.23891, 7.75, 8.48327]},
			"faces": {
				"north": {"uv": [3, 6, 5, 8], "texture": "#2"},
				"east": {"uv": [3, 6, 5, 8], "texture": "#2"},
				"south": {"uv": [3, 6, 5, 8], "texture": "#2"},
				"west": {"uv": [3, 6, 5, 8], "texture": "#2"},
				"up": {"uv": [3, 6, 5, 8], "texture": "#2"},
				"down": {"uv": [3, 6, 5, 8], "texture": "#2"}
			}
		},
		{
			"from": [7.9, 8.5, 3.3],
			"to": [9.1, 10.7, 4.5],
			"rotation": {"angle": 0, "axis": "z", "origin": [3.1, 6.4, 6.8]},
			"faces": {
				"north": {"uv": [3, 6, 4.5, 7.5], "rotation": 270, "texture": "#2"},
				"east": {"uv": [3, 6, 4.5, 7.5], "rotation": 270, "texture": "#2"},
				"south": {"uv": [3, 6, 4.5, 7.5], "rotation": 270, "texture": "#2"},
				"west": {"uv": [3, 6, 4.5, 7.5], "rotation": 270, "texture": "#2"},
				"up": {"uv": [3, 6, 4.5, 7.5], "rotation": 270, "texture": "#2"},
				"down": {"uv": [3, 6, 4.5, 7.5], "rotation": 270, "texture": "#2"}
			}
		},
		{
			"from": [5.9, 9.4, 6.6],
			"to": [7.1, 11.6, 7.8],
			"rotation": {"angle": 45, "axis": "y", "origin": [4.8, 11.3, 6.8]},
			"faces": {
				"north": {"uv": [3, 6, 4.5, 7.5], "rotation": 270, "texture": "#2"},
				"east": {"uv": [3, 6, 4.5, 7.5], "rotation": 270, "texture": "#2"},
				"south": {"uv": [3, 6, 4.5, 7.5], "rotation": 270, "texture": "#2"},
				"west": {"uv": [3, 6, 4.5, 7.5], "rotation": 270, "texture": "#2"},
				"up": {"uv": [3, 6, 4.5, 7.5], "rotation": 270, "texture": "#2"},
				"down": {"uv": [3, 6, 4.5, 7.5], "rotation": 270, "texture": "#2"}
			}
		},
		{
			"from": [5.2, 6.4, 4.3],
			"to": [6.4, 8.6, 5.5],
			"rotation": {"angle": 45, "axis": "y", "origin": [4.8, 8.3, 4.9]},
			"faces": {
				"north": {"uv": [3, 6, 4.5, 7.5], "rotation": 270, "texture": "#2"},
				"east": {"uv": [3, 6, 4.5, 7.5], "rotation": 270, "texture": "#2"},
				"south": {"uv": [3, 6, 4.5, 7.5], "rotation": 270, "texture": "#2"},
				"west": {"uv": [3, 6, 4.5, 7.5], "rotation": 270, "texture": "#2"},
				"up": {"uv": [3, 6, 4.5, 7.5], "rotation": 270, "texture": "#2"},
				"down": {"uv": [3, 6, 4.5, 7.5], "rotation": 270, "texture": "#2"}
			}
		},
		{
			"from": [6.85, 8.2, 10.15],
			"to": [8.05, 10.4, 11.35],
			"rotation": {"angle": 0, "axis": "y", "origin": [8.55, 9.9, 10.2]},
			"faces": {
				"north": {"uv": [3, 6, 4.5, 7.5], "texture": "#2"},
				"east": {"uv": [3, 6, 4.5, 7.5], "texture": "#2"},
				"south": {"uv": [3, 6, 4.5, 7.5], "texture": "#2"},
				"west": {"uv": [3, 6, 4.5, 7.5], "texture": "#2"},
				"up": {"uv": [3, 6, 4.5, 7.5], "texture": "#2"},
				"down": {"uv": [3, 6, 4.5, 7.5], "texture": "#2"}
			}
		},
		{
			"from": [10.4, 6.7, 5.5],
			"to": [11.6, 8.9, 6.7],
			"rotation": {"angle": 22.5, "axis": "z", "origin": [11, 7.8, 6.1]},
			"faces": {
				"north": {"uv": [3, 6, 4.5, 7.5], "rotation": 270, "texture": "#2"},
				"east": {"uv": [3, 6, 4.5, 7.5], "rotation": 270, "texture": "#2"},
				"south": {"uv": [3, 6, 4.5, 7.5], "rotation": 270, "texture": "#2"},
				"west": {"uv": [3, 6, 4.5, 7.5], "rotation": 270, "texture": "#2"},
				"up": {"uv": [3, 6, 4.5, 7.5], "rotation": 270, "texture": "#2"},
				"down": {"uv": [3, 6, 4.5, 7.5], "rotation": 270, "texture": "#2"}
			}
		},
		{
			"from": [10.4, 7.9, 6.8],
			"to": [11.6, 10.1, 8],
			"rotation": {"angle": 45, "axis": "x", "origin": [11, 9, 7.4]},
			"faces": {
				"north": {"uv": [3, 6, 4.5, 7.5], "rotation": 270, "texture": "#2"},
				"east": {"uv": [3, 6, 4.5, 7.5], "rotation": 270, "texture": "#2"},
				"south": {"uv": [3, 6, 4.5, 7.5], "rotation": 270, "texture": "#2"},
				"west": {"uv": [3, 6, 4.5, 7.5], "rotation": 270, "texture": "#2"},
				"up": {"uv": [3, 6, 4.5, 7.5], "rotation": 270, "texture": "#2"},
				"down": {"uv": [3, 6, 4.5, 7.5], "rotation": 270, "texture": "#2"}
			}
		},
		{
			"from": [3.7, 7.6, 9.9],
			"to": [4.9, 9.8, 11.1],
			"rotation": {"angle": 45, "axis": "y", "origin": [4.3, 8.7, 10.5]},
			"faces": {
				"north": {"uv": [3, 6, 4.5, 7.5], "rotation": 270, "texture": "#2"},
				"east": {"uv": [3, 6, 4.5, 7.5], "rotation": 270, "texture": "#2"},
				"south": {"uv": [3, 6, 4.5, 7.5], "rotation": 270, "texture": "#2"},
				"west": {"uv": [3, 6, 4.5, 7.5], "rotation": 270, "texture": "#2"},
				"up": {"uv": [3, 6, 4.5, 7.5], "rotation": 270, "texture": "#2"},
				"down": {"uv": [3, 6, 4.5, 7.5], "rotation": 270, "texture": "#2"}
			}
		},
		{
			"from": [3, 8.4, 6.4],
			"to": [4.2, 10.6, 7.6],
			"rotation": {"angle": 45, "axis": "y", "origin": [3.6, 9.5, 7]},
			"faces": {
				"north": {"uv": [3, 6, 4.5, 7.5], "rotation": 270, "texture": "#2"},
				"east": {"uv": [3, 6, 4.5, 7.5], "rotation": 270, "texture": "#2"},
				"south": {"uv": [3, 6, 4.5, 7.5], "rotation": 270, "texture": "#2"},
				"west": {"uv": [3, 6, 4.5, 7.5], "rotation": 270, "texture": "#2"},
				"up": {"uv": [3, 6, 4.5, 7.5], "rotation": 270, "texture": "#2"},
				"down": {"uv": [3, 6, 4.5, 7.5], "rotation": 270, "texture": "#2"}
			}
		},
		{
			"from": [5.4, 8.6, 8.2],
			"to": [7, 11.2, 9.8],
			"rotation": {"angle": 22.5, "axis": "z", "origin": [6.2, 9.9, 9]},
			"faces": {
				"north": {"uv": [3, 6, 5, 8], "texture": "#2"},
				"east": {"uv": [3, 6, 5, 8], "texture": "#2"},
				"south": {"uv": [3, 6, 5, 8], "texture": "#2"},
				"west": {"uv": [3, 6, 5, 8], "texture": "#2"},
				"up": {"uv": [3, 6, 5, 8], "texture": "#2"},
				"down": {"uv": [3, 6, 5, 8], "texture": "#2"}
			}
		},
		{
			"from": [4.4, 6.7, 5.4],
			"to": [6, 9.3, 7],
			"rotation": {"angle": 22.5, "axis": "z", "origin": [5.2, 8, 6.2]},
			"faces": {
				"north": {"uv": [3, 6, 5, 8], "texture": "#2"},
				"east": {"uv": [3, 6, 5, 8], "texture": "#2"},
				"south": {"uv": [3, 6, 5, 8], "texture": "#2"},
				"west": {"uv": [3, 6, 5, 8], "texture": "#2"},
				"up": {"uv": [3, 6, 5, 8], "texture": "#2"},
				"down": {"uv": [3, 6, 5, 8], "texture": "#2"}
			}
		},
		{
			"from": [9.1, 8.8, 7],
			"to": [10.7, 11.4, 8.6],
			"rotation": {"angle": -22.5, "axis": "z", "origin": [9.9, 10.1, 7.8]},
			"faces": {
				"north": {"uv": [3, 6, 5, 8], "texture": "#2"},
				"east": {"uv": [3, 6, 5, 8], "texture": "#2"},
				"south": {"uv": [3, 6, 5, 8], "texture": "#2"},
				"west": {"uv": [3, 6, 5, 8], "texture": "#2"},
				"up": {"uv": [3, 6, 5, 8], "texture": "#2"},
				"down": {"uv": [3, 6, 5, 8], "texture": "#2"}
			}
		},
		{
			"from": [9.1, 6.3, 3.6],
			"to": [10.7, 8.9, 5.2],
			"rotation": {"angle": -22.5, "axis": "z", "origin": [9.9, 8.1, 7.8]},
			"faces": {
				"north": {"uv": [3, 6, 5, 8], "texture": "#2"},
				"east": {"uv": [3, 6, 5, 8], "texture": "#2"},
				"south": {"uv": [3, 6, 5, 8], "texture": "#2"},
				"west": {"uv": [3, 6, 5, 8], "texture": "#2"},
				"up": {"uv": [3, 6, 5, 8], "texture": "#2"},
				"down": {"uv": [3, 6, 5, 8], "texture": "#2"}
			}
		},
		{
			"from": [11.46842, 6.01118, 7.5],
			"to": [13.06842, 8.61118, 9.1],
			"rotation": {"angle": 45, "axis": "y", "origin": [12.26842, 7.31118, 8.3]},
			"faces": {
				"north": {"uv": [3, 6, 5, 8], "texture": "#2"},
				"east": {"uv": [3, 6, 5, 8], "texture": "#2"},
				"south": {"uv": [3, 6, 5, 8], "texture": "#2"},
				"west": {"uv": [3, 6, 5, 8], "texture": "#2"},
				"up": {"uv": [3, 6, 5, 8], "texture": "#2"},
				"down": {"uv": [3, 6, 5, 8], "texture": "#2"}
			}
		},
		{
			"from": [9.11673, 9.4, 9.98891],
			"to": [10.31673, 11.6, 11.18891],
			"rotation": {"angle": 45, "axis": "y", "origin": [8.55, 9.9, 10.2]},
			"faces": {
				"north": {"uv": [3, 6, 4.5, 7.5], "texture": "#2"},
				"east": {"uv": [3, 6, 4.5, 7.5], "texture": "#2"},
				"south": {"uv": [3, 6, 4.5, 7.5], "texture": "#2"},
				"west": {"uv": [3, 6, 4.5, 7.5], "texture": "#2"},
				"up": {"uv": [3, 6, 4.5, 7.5], "texture": "#2"},
				"down": {"uv": [3, 6, 4.5, 7.5], "texture": "#2"}
			}
		},
		{
			"from": [6.43891, 9.5, 7.13327],
			"to": [8.43891, 12.5, 9.13327],
			"rotation": {"angle": -22.5, "axis": "y", "origin": [8.55, 9.5, 9.3]},
			"faces": {
				"north": {"uv": [3, 6, 5, 8], "rotation": 90, "texture": "#2"},
				"east": {"uv": [3, 6, 5, 8], "rotation": 90, "texture": "#2"},
				"south": {"uv": [3, 6, 5, 8], "rotation": 90, "texture": "#2"},
				"west": {"uv": [3, 6, 5, 8], "rotation": 90, "texture": "#2"},
				"up": {"uv": [3, 6, 5, 8], "rotation": 90, "texture": "#2"},
				"down": {"uv": [3, 6, 5, 8], "rotation": 90, "texture": "#2"}
			}
		},
		{
			"from": [4.63891, 6.2, 10.33327],
			"to": [6.63891, 9.2, 12.33327],
			"rotation": {"angle": -22.5, "axis": "y", "origin": [6.75, 6.2, 12.5]},
			"faces": {
				"north": {"uv": [3, 6, 5, 8], "rotation": 90, "texture": "#2"},
				"east": {"uv": [3, 6, 5, 8], "rotation": 90, "texture": "#2"},
				"south": {"uv": [3, 6, 5, 8], "rotation": 90, "texture": "#2"},
				"west": {"uv": [3, 6, 5, 8], "rotation": 90, "texture": "#2"},
				"up": {"uv": [3, 6, 5, 8], "rotation": 90, "texture": "#2"},
				"down": {"uv": [3, 6, 5, 8], "rotation": 90, "texture": "#2"}
			}
		},
		{
			"from": [7.88071, 5.4, 10.55109],
			"to": [9.88071, 8.4, 12.55109],
			"rotation": {"angle": 0, "axis": "y", "origin": [9.68071, 7.7, 12.45109]},
			"faces": {
				"north": {"uv": [3, 6, 5, 8], "rotation": 90, "texture": "#2"},
				"east": {"uv": [3, 6, 5, 8], "rotation": 90, "texture": "#2"},
				"south": {"uv": [3, 6, 5, 8], "rotation": 90, "texture": "#2"},
				"west": {"uv": [3, 6, 5, 8], "rotation": 90, "texture": "#2"},
				"up": {"uv": [3, 6, 5, 8], "rotation": 90, "texture": "#2"},
				"down": {"uv": [3, 6, 5, 8], "rotation": 90, "texture": "#2"}
			}
		},
		{
			"from": [6.43891, 7, 2.03327],
			"to": [8.43891, 10, 4.03327],
			"rotation": {"angle": -22.5, "axis": "z", "origin": [7.43891, 8.5, 3.03327]},
			"faces": {
				"north": {"uv": [3, 6, 5, 8], "rotation": 90, "texture": "#2"},
				"east": {"uv": [3, 6, 5, 8], "rotation": 90, "texture": "#2"},
				"south": {"uv": [3, 6, 5, 8], "rotation": 90, "texture": "#2"},
				"west": {"uv": [3, 6, 5, 8], "rotation": 90, "texture": "#2"},
				"up": {"uv": [3, 6, 5, 8], "rotation": 90, "texture": "#2"},
				"down": {"uv": [3, 6, 5, 8], "rotation": 90, "texture": "#2"}
			}
		},
		{
			"from": [8.43891, 8.1, 4.73327],
			"to": [10.43891, 11.1, 6.73327],
			"rotation": {"angle": 45, "axis": "x", "origin": [9.43891, 9.6, 5.73327]},
			"faces": {
				"north": {"uv": [3, 6, 5, 8], "rotation": 90, "texture": "#2"},
				"east": {"uv": [3, 6, 5, 8], "rotation": 90, "texture": "#2"},
				"south": {"uv": [3, 6, 5, 8], "rotation": 90, "texture": "#2"},
				"west": {"uv": [3, 6, 5, 8], "rotation": 90, "texture": "#2"},
				"up": {"uv": [3, 6, 5, 8], "rotation": 90, "texture": "#2"},
				"down": {"uv": [3, 6, 5, 8], "rotation": 90, "texture": "#2"}
			}
		},
		{
			"from": [10.23891, 7, 9.23327],
			"to": [12.23891, 10, 11.23327],
			"rotation": {"angle": 22.5, "axis": "x", "origin": [11.23891, 8.5, 10.23327]},
			"faces": {
				"north": {"uv": [3, 6, 5, 8], "rotation": 90, "texture": "#2"},
				"east": {"uv": [3, 6, 5, 8], "rotation": 90, "texture": "#2"},
				"south": {"uv": [3, 6, 5, 8], "rotation": 90, "texture": "#2"},
				"west": {"uv": [3, 6, 5, 8], "rotation": 90, "texture": "#2"},
				"up": {"uv": [3, 6, 5, 8], "rotation": 90, "texture": "#2"},
				"down": {"uv": [3, 6, 5, 8], "rotation": 90, "texture": "#2"}
			}
		},
		{
			"from": [3.23891, 6.25, 7.48327],
			"to": [5.23891, 9.25, 9.48327],
			"rotation": {"angle": 22.5, "axis": "x", "origin": [4.23891, 7.75, 8.48327]},
			"faces": {
				"north": {"uv": [3, 6, 5, 8], "rotation": 90, "texture": "#2"},
				"east": {"uv": [3, 6, 5, 8], "rotation": 90, "texture": "#2"},
				"south": {"uv": [3, 6, 5, 8], "rotation": 90, "texture": "#2"},
				"west": {"uv": [3, 6, 5, 8], "rotation": 90, "texture": "#2"},
				"up": {"uv": [3, 6, 5, 8], "rotation": 90, "texture": "#2"},
				"down": {"uv": [3, 6, 5, 8], "rotation": 90, "texture": "#2"}
			}
		}
	],
	"display": {
		"thirdperson_righthand": {
			"rotation": [0, -9, 0],
			"translation": [0, 5, 1],
			"scale": [1, 1.2, 1]
		},
		"thirdperson_lefthand": {
			"rotation": [0, -9, 0],
			"translation": [0, 5, 1],
			"scale": [1, 1.2, 1]
		},
		"firstperson_righthand": {
			"rotation": [-22, 103, 0],
			"translation": [0, 5.6195, -1.25],
			"scale": [0.9, 0.9, 0.9]
		},
		"firstperson_lefthand": {
			"rotation": [-22, 103, 0],
			"translation": [0, 5.6195, -1.25],
			"scale": [0.9, 0.9, 0.9]
		},
		"ground": {
			"translation": [0, 5.5, 0]
		},
		"gui": {
			"rotation": [-65, 148, 61],
			"translation": [2.5, 1.5, 0],
			"scale": [1.5, 1.5, 1.5]
		},
		"head": {
			"rotation": [0, 45, 0],
			"translation": [0, 6.5, 0],
			"scale": [1.8, 1.8, 1.8]
		}
	},
	"groups": [
		{
			"name": "group",
			"origin": [14.5, 8, 14.5],
			"children": [0, 1, 2, 3, 4, 5, 6, 7, 8, 9, 10, 11, 12, 13, 14, 15, 16, 17, 18, 19, 20, 21, 22, 23, 24]
		}, 25, 26, 27, 28, 29, 30, 31, 32, 33, 34, 35, 36, 37, 38, 39, 40, 41, 42, 43, 44, 45, 46, 47, 48, 49, 50, 51, 52, 53, 54, 55, 56, 57, 58, 59, 60, 61, 62, 63, 64, 65, 66, 67, 68, 69, 70, 71, 72, 73, 74, 75, 76, 77, 78, 79, 80, 81, 82, 83, 84, 85, 86, 87, 88]
}