{
	"credit": "Made with Blockbench",
	"texture_size": [32, 32],
	"textures": {
		"1": "skins/catasparks1",
		"2": "skins/pzealot_leather",
		"3": "skins/air_swirl2",
		"particle": "skins/pzealot_leather2"
	},
	"elements": [
		{
			"from": [10.001, 7.751, 6.401],
			"to": [10.499, 8.349, 7.399],
			"rotation": {"angle": 0, "axis": "y", "origin": [18, 15.35, 14.4]},
			"faces": {
				"north": {"uv": [8, 10.25, 8.25, 10.55], "texture": "#2"},
				"east": {"uv": [8, 10.25, 8.5, 10.55], "texture": "#2"},
				"south": {"uv": [8, 10.25, 8.25, 10.55], "texture": "#2"},
				"west": {"uv": [8, 10.25, 8.5, 10.55], "texture": "#2"},
				"up": {"uv": [8, 10.25, 8.25, 10.75], "texture": "#2"},
				"down": {"uv": [8, 10.25, 8.25, 10.75], "texture": "#2"}
			}
		},
		{
			"from": [5.47366, 7.751, 6.401],
			"to": [5.97166, 8.349, 7.399],
			"rotation": {"angle": 0, "axis": "z", "origin": [7.70337, 6.42747, 6.9]},
			"faces": {
				"north": {"uv": [8, 10.25, 8.25, 10.55], "rotation": 180, "texture": "#2"},
				"east": {"uv": [8, 10.25, 8.5, 10.55], "rotation": 180, "texture": "#2"},
				"south": {"uv": [8, 10.25, 8.25, 10.55], "rotation": 180, "texture": "#2"},
				"west": {"uv": [8, 10.25, 8.5, 10.55], "rotation": 180, "texture": "#2"},
				"up": {"uv": [8, 10.25, 8.25, 10.75], "rotation": 180, "texture": "#2"},
				"down": {"uv": [8, 10.25, 8.25, 10.75], "rotation": 180, "texture": "#2"}
			}
		},
		{
			"from": [7.48533, 9.86267, 6.399],
			"to": [8.48733, 10.36467, 7.401],
			"rotation": {"angle": 0, "axis": "z", "origin": [6.84676, 9.55549, 6.9]},
			"faces": {
				"north": {"uv": [10.25, 9.75, 10.75, 10], "rotation": 180, "texture": "#2"},
				"east": {"uv": [10.25, 9.75, 10.75, 10], "rotation": 180, "texture": "#2"},
				"south": {"uv": [10.25, 9.75, 10.75, 10], "rotation": 180, "texture": "#2"},
				"west": {"uv": [10.25, 9.75, 10.75, 10], "rotation": 180, "texture": "#2"},
				"up": {"uv": [10.25, 9.75, 10.75, 10.25], "rotation": 180, "texture": "#2"},
				"down": {"uv": [10, 10.25, 10.5, 10.75], "rotation": 90, "texture": "#2"}
			}
		},
		{
			"from": [9.05695, 8.76387, 6.401],
			"to": [9.55495, 9.76187, 7.399],
			"rotation": {"angle": 45, "axis": "z", "origin": [9.21979, 9.69601, 6.9]},
			"faces": {
				"north": {"uv": [15, 10.5, 15.5, 10.75], "rotation": 90, "texture": "#2"},
				"east": {"uv": [15, 10.5, 15.5, 11], "texture": "#2"},
				"south": {"uv": [15, 10.5, 15.5, 10.75], "rotation": 90, "texture": "#2"},
				"west": {"uv": [15, 10.5, 15.5, 11], "rotation": 270, "texture": "#2"},
				"up": {"uv": [15, 10.5, 15.5, 10.75], "rotation": 90, "texture": "#2"},
				"down": {"uv": [15, 10.5, 15.5, 10.75], "rotation": 90, "texture": "#2"}
			}
		},
		{
			"from": [5.9476, 9.5584, 6.401],
			"to": [6.9456, 10.0564, 7.399],
			"rotation": {"angle": 45, "axis": "z", "origin": [6.84676, 9.55549, 6.9]},
			"faces": {
				"north": {"uv": [15, 10.5, 15.25, 11], "rotation": 270, "texture": "#2"},
				"east": {"uv": [15, 10.5, 15.25, 11], "rotation": 90, "texture": "#2"},
				"south": {"uv": [15, 10.5, 15.25, 11], "rotation": 90, "texture": "#2"},
				"west": {"uv": [15, 10.5, 15.25, 11], "rotation": 90, "texture": "#2"},
				"up": {"uv": [15.25, 10.5, 15.75, 11], "rotation": 90, "texture": "#2"},
				"down": {"uv": [15, 10.5, 15.5, 11], "rotation": 90, "texture": "#2"}
			}
		},
		{
			"from": [9.82769, 8.21627, 6.4],
			"to": [10.32769, 9.21627, 7.4],
			"rotation": {"angle": 22.5, "axis": "z", "origin": [10.07769, 8.71627, 6.9]},
			"faces": {
				"north": {"uv": [8.25, 10, 8.5, 10.5], "texture": "#2"},
				"east": {"uv": [8.25, 10, 8.75, 10.5], "texture": "#2"},
				"south": {"uv": [8.25, 10, 8.5, 10.5], "texture": "#2"},
				"west": {"uv": [8.25, 10, 8.75, 10.5], "texture": "#2"},
				"up": {"uv": [8.25, 10, 8.5, 10.5], "texture": "#2"},
				"down": {"uv": [8.25, 10, 8.5, 10.5], "texture": "#2"}
			}
		},
		{
			"from": [6.74692, 9.5574, 6.4],
			"to": [7.74692, 10.0574, 7.4],
			"rotation": {"angle": 22.5, "axis": "z", "origin": [6.84676, 9.55549, 6.9]},
			"faces": {
				"north": {"uv": [10, 10.25, 10.25, 10.75], "rotation": 270, "texture": "#2"},
				"east": {"uv": [10, 10.25, 10.25, 10.75], "rotation": 270, "texture": "#2"},
				"south": {"uv": [10, 10.25, 10.25, 10.75], "rotation": 270, "texture": "#2"},
				"west": {"uv": [10, 10.25, 10.25, 10.75], "rotation": 270, "texture": "#2"},
				"up": {"uv": [9.5, 10.25, 10, 10.75], "texture": "#2"},
				"down": {"uv": [9.75, 10.5, 10, 10.75], "rotation": 90, "texture": "#2"}
			}
		},
		{
			"from": [8.28666, 9.53216, 6.4],
			"to": [9.28666, 10.03216, 7.4],
			"rotation": {"angle": -22.5, "axis": "z", "origin": [9.21979, 9.69601, 6.9]},
			"faces": {
				"north": {"uv": [10, 10.25, 10.25, 10.75], "rotation": 270, "texture": "#2"},
				"east": {"uv": [10, 10.25, 10.25, 10.75], "rotation": 270, "texture": "#2"},
				"south": {"uv": [10, 10.25, 10.25, 10.75], "rotation": 270, "texture": "#2"},
				"west": {"uv": [10, 10.25, 10.25, 10.75], "rotation": 270, "texture": "#2"},
				"up": {"uv": [10, 10.25, 10.5, 10.75], "rotation": 270, "texture": "#2"},
				"down": {"uv": [9.75, 10.25, 10.25, 10.75], "rotation": 270, "texture": "#2"}
			}
		},
		{
			"from": [6.03858, 7.91592, 6.4],
			"to": [6.53858, 8.91592, 7.4],
			"rotation": {"angle": -22.5, "axis": "z", "origin": [6.84676, 9.55549, 6.9]},
			"faces": {
				"north": {"uv": [8.5, 10, 8.75, 10.5], "texture": "#2"},
				"east": {"uv": [8.25, 10, 8.75, 10.5], "texture": "#2"},
				"south": {"uv": [8.25, 10, 8.5, 10.5], "texture": "#2"},
				"west": {"uv": [8.25, 10, 8.75, 10.5], "rotation": 270, "texture": "#2"},
				"up": {"uv": [8.25, 10, 8.5, 10.5], "rotation": 180, "texture": "#2"},
				"down": {"uv": [8.25, 10, 8.5, 10.5], "rotation": 180, "texture": "#2"}
			}
		},
		{
			"from": [6.30552, 9.51404, 8.6],
			"to": [8.30552, 10.01404, 9.6],
			"rotation": {"angle": 22.5, "axis": "z", "origin": [6.80552, 9.51404, 9.1]},
			"faces": {
				"north": {"uv": [14, 12.75, 15, 13], "texture": "#2"},
				"east": {"uv": [14, 12.75, 14.5, 13], "texture": "#2"},
				"south": {"uv": [14, 12.75, 15, 13], "texture": "#2"},
				"west": {"uv": [14, 12.75, 14.5, 13], "texture": "#2"},
				"up": {"uv": [14, 12.75, 15, 13.25], "texture": "#2"},
				"down": {"uv": [14, 12.75, 15, 13.25], "texture": "#2"}
			}
		},
		{
			"from": [6.30552, 9.76404, 9.55],
			"to": [8.30552, 10.26404, 10.55],
			"rotation": {"angle": 22.5, "axis": "z", "origin": [6.80552, 9.76404, 10.05]},
			"faces": {
				"north": {"uv": [14, 12.75, 15, 13], "texture": "#2"},
				"east": {"uv": [14, 12.75, 14.5, 13], "texture": "#2"},
				"south": {"uv": [14, 12.75, 15, 13], "texture": "#2"},
				"west": {"uv": [14, 12.75, 14.5, 13], "texture": "#2"},
				"up": {"uv": [14, 12.75, 15, 13.25], "texture": "#2"},
				"down": {"uv": [14, 12.75, 15, 13.25], "texture": "#2"}
			}
		},
		{
			"from": [6.30552, 10.01404, 10.5],
			"to": [8.30552, 10.51404, 11.5],
			"rotation": {"angle": 22.5, "axis": "z", "origin": [6.80552, 10.01404, 11]},
			"faces": {
				"north": {"uv": [14, 12.75, 15, 13], "texture": "#2"},
				"east": {"uv": [14, 12.75, 14.5, 13], "texture": "#2"},
				"south": {"uv": [14, 12.75, 15, 13], "texture": "#2"},
				"west": {"uv": [14, 12.75, 14.5, 13], "texture": "#2"},
				"up": {"uv": [14, 12.75, 15, 13.25], "texture": "#2"},
				"down": {"uv": [14, 12.75, 15, 13.25], "texture": "#2"}
			}
		},
		{
			"from": [6.30552, 10.26404, 11.45],
			"to": [8.30552, 10.76404, 12.45],
			"rotation": {"angle": 22.5, "axis": "z", "origin": [6.80552, 10.26404, 11.95]},
			"faces": {
				"north": {"uv": [14, 12.75, 15, 13], "texture": "#2"},
				"east": {"uv": [14, 12.75, 14.5, 13], "texture": "#2"},
				"south": {"uv": [14, 12.75, 15, 13], "texture": "#2"},
				"west": {"uv": [14, 12.75, 14.5, 13], "texture": "#2"},
				"up": {"uv": [14, 12.75, 15, 13.25], "texture": "#2"},
				"down": {"uv": [14, 12.75, 15, 13.25], "texture": "#2"}
			}
		},
		{
			"from": [7.78915, 9.494, 8.599],
			"to": [9.79115, 9.996, 9.601],
			"rotation": {"angle": -22.5, "axis": "z", "origin": [9.29015, 9.745, 9.1]},
			"faces": {
				"north": {"uv": [14, 12.75, 15, 13], "texture": "#2"},
				"east": {"uv": [14, 12.75, 14.5, 13], "texture": "#2"},
				"south": {"uv": [14, 12.75, 15, 13], "texture": "#2"},
				"west": {"uv": [14, 12.75, 14.5, 13], "texture": "#2"},
				"up": {"uv": [14, 12.75, 15, 13.25], "texture": "#2"},
				"down": {"uv": [14, 12.75, 15, 13.25], "texture": "#2"}
			}
		},
		{
			"from": [7.78915, 9.744, 9.549],
			"to": [9.79115, 10.246, 10.551],
			"rotation": {"angle": -22.5, "axis": "z", "origin": [9.29015, 9.995, 10.05]},
			"faces": {
				"north": {"uv": [14, 12.75, 15, 13], "texture": "#2"},
				"east": {"uv": [14, 12.75, 14.5, 13], "texture": "#2"},
				"south": {"uv": [14, 12.75, 15, 13], "texture": "#2"},
				"west": {"uv": [14, 12.75, 14.5, 13], "texture": "#2"},
				"up": {"uv": [14, 12.75, 15, 13.25], "texture": "#2"},
				"down": {"uv": [14, 12.75, 15, 13.25], "texture": "#2"}
			}
		},
		{
			"from": [7.78915, 9.994, 10.499],
			"to": [9.79115, 10.496, 11.501],
			"rotation": {"angle": -22.5, "axis": "z", "origin": [9.29015, 10.245, 11]},
			"faces": {
				"north": {"uv": [14, 12.75, 15, 13], "rotation": 180, "texture": "#2"},
				"east": {"uv": [14, 12.75, 14.5, 13], "rotation": 180, "texture": "#2"},
				"south": {"uv": [14, 12.75, 15, 13], "rotation": 180, "texture": "#2"},
				"west": {"uv": [14, 12.75, 14.5, 13], "rotation": 180, "texture": "#2"},
				"up": {"uv": [14, 12.75, 15, 13.25], "texture": "#2"},
				"down": {"uv": [14, 12.75, 15, 13.25], "rotation": 180, "texture": "#2"}
			}
		},
		{
			"from": [7.78915, 10.244, 11.449],
			"to": [9.79115, 10.746, 12.451],
			"rotation": {"angle": -22.5, "axis": "z", "origin": [9.29015, 10.495, 11.95]},
			"faces": {
				"north": {"uv": [14, 12.75, 15, 13], "texture": "#2"},
				"east": {"uv": [14, 12.75, 14.5, 13], "texture": "#2"},
				"south": {"uv": [14, 12.75, 15, 13], "texture": "#2"},
				"west": {"uv": [14, 12.75, 14.5, 13], "texture": "#2"},
				"up": {"uv": [14, 12.75, 15, 13.25], "texture": "#2"},
				"down": {"uv": [14, 12.75, 15, 13.25], "texture": "#2"}
			}
		},
		{
			"from": [5.76053, 7.77508, 8.61],
			"to": [6.24053, 9.75508, 9.59],
			"rotation": {"angle": -22.5, "axis": "z", "origin": [6.00053, 8.76508, 9.1]},
			"faces": {
				"north": {"uv": [14, 12.75, 15, 13], "rotation": 270, "texture": "#2"},
				"east": {"uv": [14, 12.75, 15, 13.25], "rotation": 270, "texture": "#2"},
				"south": {"uv": [14, 12.75, 15, 13], "rotation": 270, "texture": "#2"},
				"west": {"uv": [14, 12.75, 15, 13.25], "rotation": 270, "texture": "#2"},
				"up": {"uv": [14, 12.75, 14.5, 13], "rotation": 270, "texture": "#2"},
				"down": {"uv": [14, 12.75, 14.5, 13], "rotation": 270, "texture": "#2"}
			}
		},
		{
			"from": [5.76053, 7.77508, 9.56],
			"to": [6.24053, 10.00508, 10.54],
			"rotation": {"angle": -22.5, "axis": "z", "origin": [6.00053, 9.01508, 10.05]},
			"faces": {
				"north": {"uv": [14, 12.75, 15.125, 13], "rotation": 270, "texture": "#2"},
				"east": {"uv": [14, 12.75, 15.125, 13.25], "rotation": 270, "texture": "#2"},
				"south": {"uv": [14, 12.75, 15.125, 13], "rotation": 270, "texture": "#2"},
				"west": {"uv": [14, 12.75, 15.125, 13.25], "rotation": 270, "texture": "#2"},
				"up": {"uv": [14, 12.75, 14.5, 13], "rotation": 270, "texture": "#2"},
				"down": {"uv": [14, 12.75, 14.5, 13], "rotation": 270, "texture": "#2"}
			}
		},
		{
			"from": [5.76053, 7.77508, 10.51],
			"to": [6.24053, 10.25508, 11.49],
			"rotation": {"angle": -22.5, "axis": "z", "origin": [6.00053, 9.26508, 11]},
			"faces": {
				"north": {"uv": [14, 12.75, 15.25, 13], "rotation": 270, "texture": "#2"},
				"east": {"uv": [14, 12.75, 15.25, 13.25], "rotation": 270, "texture": "#2"},
				"south": {"uv": [14, 12.75, 15.25, 13], "rotation": 270, "texture": "#2"},
				"west": {"uv": [14, 12.75, 15.25, 13.25], "rotation": 270, "texture": "#2"},
				"up": {"uv": [14, 12.75, 14.5, 13], "rotation": 270, "texture": "#2"},
				"down": {"uv": [14, 12.75, 14.5, 13], "rotation": 270, "texture": "#2"}
			}
		},
		{
			"from": [5.76053, 7.77508, 11.46],
			"to": [6.24053, 10.50508, 12.44],
			"rotation": {"angle": -22.5, "axis": "z", "origin": [6.00053, 9.51508, 11.95]},
			"faces": {
				"north": {"uv": [14, 12.75, 15.375, 13], "rotation": 270, "texture": "#2"},
				"east": {"uv": [14, 12.75, 15.375, 13.25], "rotation": 270, "texture": "#2"},
				"south": {"uv": [14, 12.75, 15.375, 13], "rotation": 270, "texture": "#2"},
				"west": {"uv": [14, 12.75, 15.375, 13.25], "rotation": 270, "texture": "#2"},
				"up": {"uv": [14, 12.75, 14.5, 13], "rotation": 270, "texture": "#2"},
				"down": {"uv": [14, 12.75, 14.5, 13], "rotation": 270, "texture": "#2"}
			}
		},
		{
			"from": [9.75947, 7.77508, 8.61],
			"to": [10.23947, 9.75508, 9.59],
			"rotation": {"angle": 22.5, "axis": "z", "origin": [9.99947, 8.76508, 9.1]},
			"faces": {
				"north": {"uv": [14, 12.75, 15, 13], "rotation": 90, "texture": "#2"},
				"east": {"uv": [14, 12.75, 15, 13.25], "rotation": 90, "texture": "#2"},
				"south": {"uv": [14, 12.75, 15, 13], "rotation": 90, "texture": "#2"},
				"west": {"uv": [14, 12.75, 15, 13.25], "rotation": 90, "texture": "#2"},
				"up": {"uv": [14, 12.75, 14.5, 13], "rotation": 90, "texture": "#2"},
				"down": {"uv": [14, 12.75, 14.5, 13], "rotation": 90, "texture": "#2"}
			}
		},
		{
			"from": [9.75947, 7.77508, 9.56],
			"to": [10.23947, 10.00508, 10.54],
			"rotation": {"angle": 22.5, "axis": "z", "origin": [9.99947, 9.01508, 10.05]},
			"faces": {
				"north": {"uv": [14, 12.75, 15.125, 13], "rotation": 90, "texture": "#2"},
				"east": {"uv": [14, 12.75, 15.125, 13.25], "rotation": 90, "texture": "#2"},
				"south": {"uv": [14, 12.75, 15.125, 13], "rotation": 90, "texture": "#2"},
				"west": {"uv": [14, 12.75, 15.125, 13.25], "rotation": 90, "texture": "#2"},
				"up": {"uv": [14, 12.75, 14.5, 13], "rotation": 90, "texture": "#2"},
				"down": {"uv": [14, 12.75, 14.5, 13], "rotation": 90, "texture": "#2"}
			}
		},
		{
			"from": [9.75947, 7.77508, 10.51],
			"to": [10.23947, 10.25508, 11.49],
			"rotation": {"angle": 22.5, "axis": "z", "origin": [9.99947, 9.26508, 11]},
			"faces": {
				"north": {"uv": [14, 12.75, 15.25, 13], "rotation": 90, "texture": "#2"},
				"east": {"uv": [14, 12.75, 15.25, 13.25], "rotation": 90, "texture": "#2"},
				"south": {"uv": [14, 12.75, 15.25, 13], "rotation": 90, "texture": "#2"},
				"west": {"uv": [14, 12.75, 15.25, 13.25], "rotation": 90, "texture": "#2"},
				"up": {"uv": [14, 12.75, 14.5, 13], "rotation": 90, "texture": "#2"},
				"down": {"uv": [14, 12.75, 14.5, 13], "rotation": 90, "texture": "#2"}
			}
		},
		{
			"from": [9.75947, 7.77508, 11.46],
			"to": [10.23947, 10.50508, 12.44],
			"rotation": {"angle": 22.5, "axis": "z", "origin": [9.99947, 9.51508, 11.95]},
			"faces": {
				"north": {"uv": [14, 12.75, 15.375, 13], "rotation": 90, "texture": "#2"},
				"east": {"uv": [14, 12.75, 15.375, 13.25], "rotation": 90, "texture": "#2"},
				"south": {"uv": [14, 12.75, 15.375, 13], "rotation": 90, "texture": "#2"},
				"west": {"uv": [14, 12.75, 15.375, 13.25], "rotation": 90, "texture": "#2"},
				"up": {"uv": [14, 12.75, 14.5, 13], "rotation": 90, "texture": "#2"},
				"down": {"uv": [14, 12.75, 14.5, 13], "rotation": 90, "texture": "#2"}
			}
		},
		{
			"from": [4.95, 7.5, 8.25],
			"to": [5.95, 8.25, 12.45],
			"rotation": {"angle": 0, "axis": "y", "origin": [8.2, 16, 8]},
			"faces": {
				"north": {"uv": [10.25, 10.25, 10.75, 10.75], "rotation": 270, "texture": "#2"},
				"east": {"uv": [8.25, 10.25, 10.75, 10.75], "texture": "#2"},
				"south": {"uv": [8.25, 10.25, 8.75, 10.75], "rotation": 270, "texture": "#2"},
				"west": {"uv": [8.25, 10.25, 10.75, 10.75], "rotation": 180, "texture": "#2"},
				"up": {"uv": [8.25, 10.25, 10.75, 10.75], "rotation": 270, "texture": "#2"},
				"down": {"uv": [8.25, 10.25, 10.75, 10.75], "rotation": 90, "texture": "#2"}
			}
		},
		{
			"from": [7.45, 10.7, 8.35],
			"to": [8.45, 11.45, 12.55],
			"rotation": {"angle": -22.5, "axis": "x", "origin": [7.95, 10.775, 10.85]},
			"faces": {
				"north": {"uv": [10.25, 10.25, 10.75, 10.75], "rotation": 270, "texture": "#2"},
				"east": {"uv": [8.25, 10.25, 10.75, 10.75], "texture": "#2"},
				"south": {"uv": [8.25, 10.25, 8.75, 10.75], "rotation": 270, "texture": "#2"},
				"west": {"uv": [8.25, 10.25, 10.75, 10.75], "rotation": 180, "texture": "#2"},
				"up": {"uv": [8.25, 10.25, 10.75, 10.75], "rotation": 270, "texture": "#2"},
				"down": {"uv": [8.25, 10.25, 10.75, 10.75], "rotation": 90, "texture": "#2"}
			}
		},
		{
			"from": [10.05, 7.5, 8.25],
			"to": [11.05, 8.25, 12.45],
			"rotation": {"angle": 0, "axis": "y", "origin": [7.8, 16, 8]},
			"faces": {
				"north": {"uv": [10.25, 10.25, 10.75, 10.75], "rotation": 180, "texture": "#2"},
				"east": {"uv": [8.25, 10.25, 10.75, 10.75], "texture": "#2"},
				"south": {"uv": [8.25, 10.25, 8.75, 10.75], "rotation": 270, "texture": "#2"},
				"west": {"uv": [8.25, 10.25, 10.75, 10.75], "rotation": 180, "texture": "#2"},
				"up": {"uv": [8.25, 10.25, 10.75, 10.75], "rotation": 270, "texture": "#2"},
				"down": {"uv": [8.25, 10.25, 10.75, 10.75], "rotation": 90, "texture": "#2"}
			}
		},
		{
			"from": [10.1, 8, 8.75],
			"to": [10.65, 8.55, 12.05],
			"rotation": {"angle": -22.5, "axis": "x", "origin": [10.5, 7.775, 13.1]},
			"faces": {
				"north": {"uv": [13, 12.75, 14.75, 13.125], "texture": "#2"},
				"east": {"uv": [13, 12.75, 14.75, 13.125], "texture": "#2"},
				"south": {"uv": [13, 12.75, 14.75, 13.125], "texture": "#2"},
				"west": {"uv": [13, 12.75, 14.75, 13.125], "texture": "#2"},
				"up": {"uv": [13, 12.75, 14.75, 13.125], "texture": "#2"},
				"down": {"uv": [13, 12.75, 14.75, 13.125], "texture": "#2"}
			}
		},
		{
			"from": [5.35, 8, 8.75],
			"to": [5.9, 8.55, 12.05],
			"rotation": {"angle": -22.5, "axis": "x", "origin": [5.5, 7.775, 13.1]},
			"faces": {
				"north": {"uv": [13, 14, 14.75, 14.375], "texture": "#2"},
				"east": {"uv": [13, 14, 14.75, 14.375], "texture": "#2"},
				"south": {"uv": [13, 14, 14.75, 14.375], "texture": "#2"},
				"west": {"uv": [13, 14, 14.75, 14.375], "texture": "#2"},
				"up": {"uv": [13, 14, 14.75, 14.375], "texture": "#2"},
				"down": {"uv": [13, 14, 14.75, 14.375], "texture": "#2"}
			}
		},
		{
			"from": [6, 7.9, 8.65],
			"to": [10, 8.65, 9.4],
			"rotation": {"angle": -22.5, "axis": "x", "origin": [10.75, 7.775, 13.1]},
			"faces": {
				"north": {"uv": [9, 10.25, 11, 10.75], "rotation": 180, "texture": "#2"},
				"east": {"uv": [10.25, 10.5, 10.75, 11], "texture": "#2"},
				"south": {"uv": [8, 10.25, 10, 10.75], "texture": "#2"},
				"west": {"uv": [8, 10.25, 8.5, 10.75], "texture": "#2"},
				"up": {"uv": [9.5, 10.25, 11.5, 10.75], "texture": "#2"},
				"down": {"uv": [8, 10.75, 10, 10.25], "texture": "#2"}
			}
		},
		{
			"from": [1.81593, 7.71, -0.12908],
			"to": [2.29593, 7.99, 4.85092],
			"rotation": {"angle": -22.5, "axis": "y", "origin": [3.80606, 7.8503, 4.03987]},
			"faces": {
				"north": {"uv": [11.5, 9.25, 14, 9.5], "rotation": 90, "texture": "#2"},
				"east": {"uv": [11.5, 9.25, 14, 9.5], "rotation": 90, "texture": "#2"},
				"south": {"uv": [11.5, 9.25, 14, 9.5], "rotation": 90, "texture": "#2"},
				"west": {"uv": [11.5, 9.25, 14, 9.5], "rotation": 180, "texture": "#2"},
				"up": {"uv": [11.5, 9.25, 14, 9.5], "rotation": 90, "texture": "#2"},
				"down": {"uv": [11.5, 9.25, 14, 9.5], "rotation": 90, "texture": "#2"}
			}
		},
		{
			"from": [13.70407, 7.71, -0.12908],
			"to": [14.18407, 7.99, 4.85092],
			"rotation": {"angle": 22.5, "axis": "y", "origin": [12.19394, 7.8503, 4.03987]},
			"faces": {
				"north": {"uv": [11.5, 9.5, 14, 9.25], "rotation": 90, "texture": "#2"},
				"east": {"uv": [14, 9.25, 11.5, 9.5], "rotation": 180, "texture": "#2"},
				"south": {"uv": [11.5, 9.5, 14, 9.25], "rotation": 90, "texture": "#2"},
				"west": {"uv": [11.5, 9.5, 14, 9.25], "rotation": 90, "texture": "#2"},
				"up": {"uv": [11.5, 9.5, 14, 9.25], "rotation": 90, "texture": "#2"},
				"down": {"uv": [11.5, 9.5, 14, 9.25], "rotation": 90, "texture": "#2"}
			}
		},
		{
			"from": [7.8603, 10.96534, 1.37582],
			"to": [8.1403, 11.44534, 6.35582],
			"rotation": {"angle": -45, "axis": "x", "origin": [8, 7.5503, 3.63987]},
			"faces": {
				"north": {"uv": [11.5, 9.5, 14, 9.25], "rotation": 180, "texture": "#2"},
				"east": {"uv": [11.5, 9.5, 14, 9.25], "texture": "#2"},
				"south": {"uv": [11.5, 9.5, 14, 9.25], "texture": "#2"},
				"west": {"uv": [11.5, 9.5, 14, 9.25], "texture": "#2"},
				"up": {"uv": [14, 9.25, 11.5, 9.5], "rotation": 90, "texture": "#2"},
				"down": {"uv": [11.5, 9.5, 14, 9.25], "texture": "#2"}
			}
		},
		{
			"from": [3.55739, 7.7, -0.58639],
			"to": [4.05739, 8, 2.41361],
			"rotation": {"angle": 0, "axis": "y", "origin": [3.80606, 7.8503, 4.03987]},
			"faces": {
				"north": {"uv": [11.5, 9.25, 11.65, 9.5], "rotation": 90, "texture": "#2"},
				"east": {"uv": [11.5, 9.25, 13, 9.5], "rotation": 180, "texture": "#2"},
				"south": {"uv": [11.5, 9.25, 13, 9.5], "rotation": 90, "texture": "#2"},
				"west": {"uv": [11.5, 9.25, 11.65, 10.75], "rotation": 90, "texture": "#2"},
				"up": {"uv": [11.5, 9.25, 13, 9.5], "rotation": 90, "texture": "#2"},
				"down": {"uv": [11.5, 9.25, 13, 9.5], "rotation": 90, "texture": "#2"}
			}
		},
		{
			"from": [11.94261, 7.7, -0.58639],
			"to": [12.44261, 8, 2.41361],
			"rotation": {"angle": 0, "axis": "y", "origin": [12.19394, 7.8503, 4.03987]},
			"faces": {
				"north": {"uv": [11.5, 9.5, 11.65, 9.25], "rotation": 90, "texture": "#2"},
				"east": {"uv": [11.5, 10.75, 11.65, 9.25], "rotation": 90, "texture": "#2"},
				"south": {"uv": [11.5, 9.5, 13, 9.25], "rotation": 90, "texture": "#2"},
				"west": {"uv": [13, 9.25, 11.5, 9.5], "rotation": 180, "texture": "#2"},
				"up": {"uv": [11.5, 9.5, 13, 9.25], "rotation": 90, "texture": "#2"},
				"down": {"uv": [11.5, 9.5, 13, 9.25], "rotation": 90, "texture": "#2"}
			}
		},
		{
			"from": [7.8503, 9.78784, 0.04453],
			"to": [8.1503, 10.28784, 3.04453],
			"rotation": {"angle": -22.5, "axis": "x", "origin": [8, 7.5503, 3.63987]},
			"faces": {
				"north": {"uv": [11.5, 9.5, 11.65, 9.25], "rotation": 180, "texture": "#2"},
				"east": {"uv": [11.5, 9.5, 13, 9.25], "texture": "#2"},
				"south": {"uv": [11.5, 9.5, 13, 9.25], "texture": "#2"},
				"west": {"uv": [11.5, 9.5, 13, 9.25], "texture": "#2"},
				"up": {"uv": [12, 9.65, 13.5, 9.5], "rotation": 90, "texture": "#2"},
				"down": {"uv": [13, 9.25, 11.5, 9.5], "rotation": 90, "texture": "#2"}
			}
		},
		{
			"from": [4.20867, 7.71, 2.45224],
			"to": [4.68867, 7.99, 7.43224],
			"rotation": {"angle": 22.5, "axis": "y", "origin": [3.80606, 7.8503, 4.03987]},
			"faces": {
				"north": {"uv": [13.25, 9, 15.75, 9.25], "rotation": 90, "texture": "#2"},
				"east": {"uv": [13.25, 9, 15.75, 9.25], "rotation": 180, "texture": "#2"},
				"south": {"uv": [13.25, 9, 15.75, 9.25], "rotation": 90, "texture": "#2"},
				"west": {"uv": [13.25, 9, 15.75, 9.25], "rotation": 90, "texture": "#2"},
				"up": {"uv": [13.25, 9, 15.75, 9.25], "rotation": 90, "texture": "#2"},
				"down": {"uv": [13.25, 9, 15.75, 9.25], "rotation": 90, "texture": "#2"}
			}
		},
		{
			"from": [11.31133, 7.71, 2.45224],
			"to": [11.79133, 7.99, 7.43224],
			"rotation": {"angle": -22.5, "axis": "y", "origin": [12.19394, 7.8503, 4.03987]},
			"faces": {
				"north": {"uv": [13.25, 9.25, 15.75, 9], "rotation": 90, "texture": "#2"},
				"east": {"uv": [13.25, 9.25, 15.75, 9], "rotation": 90, "texture": "#2"},
				"south": {"uv": [13.25, 9.25, 15.75, 9], "rotation": 90, "texture": "#2"},
				"west": {"uv": [15.75, 9, 13.25, 9.25], "rotation": 180, "texture": "#2"},
				"up": {"uv": [13.25, 9.25, 15.75, 9], "rotation": 90, "texture": "#2"},
				"down": {"uv": [13.25, 9.25, 15.75, 9], "rotation": 90, "texture": "#2"}
			}
		},
		{
			"from": [7.8603, 9.36163, 2.05224],
			"to": [8.1403, 9.84163, 7.03224],
			"rotation": {"angle": 0, "axis": "y", "origin": [8, 7.5503, 3.63987]},
			"faces": {
				"north": {"uv": [13.25, 9.25, 15.75, 9], "rotation": 180, "texture": "#2"},
				"east": {"uv": [13.25, 9.25, 15.75, 9], "texture": "#2"},
				"south": {"uv": [13.25, 9.25, 15.75, 9], "texture": "#2"},
				"west": {"uv": [13.25, 9.25, 15.75, 9], "texture": "#2"},
				"up": {"uv": [13.25, 9.25, 15.75, 9], "texture": "#2"},
				"down": {"uv": [15.75, 9, 13.25, 9.25], "rotation": 90, "texture": "#2"}
			}
		},
		{
			"from": [2.91217, 7.71, 4.10002],
			"to": [3.39217, 7.99, 10.58002],
			"rotation": {"angle": 22.5, "axis": "y", "origin": [3.80606, 7.8503, 4.03987]},
			"faces": {
				"north": {"uv": [9.75, 9, 13.05, 9.25], "rotation": 90, "texture": "#2"},
				"east": {"uv": [9.75, 9, 13.05, 9.25], "rotation": 90, "texture": "#2"},
				"south": {"uv": [9.75, 9, 9.9, 9.25], "rotation": 90, "texture": "#2"},
				"west": {"uv": [9.75, 9, 13.05, 9.25], "rotation": 180, "texture": "#2"},
				"up": {"uv": [12.75, 9, 16, 9.25], "rotation": 90, "texture": "#2"},
				"down": {"uv": [9.75, 9, 13.05, 9.25], "rotation": 270, "texture": "#2"}
			}
		},
		{
			"from": [12.60783, 7.71, 4.10002],
			"to": [13.08783, 7.99, 10.58002],
			"rotation": {"angle": -22.5, "axis": "y", "origin": [12.19394, 7.8503, 4.03987]},
			"faces": {
				"north": {"uv": [9.75, 9.25, 13.05, 9], "rotation": 90, "texture": "#2"},
				"east": {"uv": [13.05, 9, 9.75, 9.25], "rotation": 180, "texture": "#2"},
				"south": {"uv": [9.75, 9.25, 9.9, 9], "rotation": 90, "texture": "#2"},
				"west": {"uv": [9.75, 9.25, 13.05, 9], "rotation": 90, "texture": "#2"},
				"up": {"uv": [12.75, 9.25, 16, 9], "rotation": 90, "texture": "#2"},
				"down": {"uv": [9.75, 9.25, 13.05, 9], "rotation": 270, "texture": "#2"}
			}
		},
		{
			"from": [7.8603, 10.65813, 3.70002],
			"to": [8.1403, 11.13813, 10.28002],
			"rotation": {"angle": 0, "axis": "y", "origin": [8, 7.5503, 3.63987]},
			"faces": {
				"north": {"uv": [9.75, 9.25, 13.05, 9], "rotation": 180, "texture": "#2"},
				"east": {"uv": [9.75, 9.25, 13.05, 9], "rotation": 180, "texture": "#2"},
				"south": {"uv": [9.75, 9.25, 9.9, 9], "texture": "#2"},
				"west": {"uv": [12.75, 9.25, 16, 9], "texture": "#2"},
				"up": {"uv": [13.05, 9, 9.75, 9.25], "rotation": 270, "texture": "#2"},
				"down": {"uv": [9.75, 9.25, 13.05, 9], "texture": "#2"}
			}
		},
		{
			"from": [3.20217, 7.6, 2.39002],
			"to": [4.20217, 8.1, 9.29002],
			"rotation": {"angle": 22.5, "axis": "y", "origin": [3.80606, 7.8503, 4.03987]},
			"faces": {
				"north": {"uv": [9.25, 8.75, 12.75, 9.25], "rotation": 90, "texture": "#2"},
				"east": {"uv": [8.25, 9, 11.75, 9.5], "rotation": 180, "texture": "#2"},
				"south": {"uv": [13.5, 8.75, 13.75, 9.25], "rotation": 90, "texture": "#2"},
				"west": {"uv": [9, 8.5, 12.5, 9], "texture": "#2"},
				"up": {"uv": [8.5, 8.5, 12, 9], "rotation": 90, "texture": "#2"},
				"down": {"uv": [9.25, 8.75, 12.75, 9.25], "rotation": 270, "texture": "#2"}
			}
		},
		{
			"from": [11.79783, 7.6, 2.39002],
			"to": [12.79783, 8.1, 9.29002],
			"rotation": {"angle": -22.5, "axis": "y", "origin": [12.19394, 7.8503, 4.03987]},
			"faces": {
				"north": {"uv": [9.25, 9.25, 12.75, 8.75], "rotation": 90, "texture": "#2"},
				"east": {"uv": [12.5, 8.5, 9, 9], "texture": "#2"},
				"south": {"uv": [13.5, 9.5, 13.75, 9], "rotation": 90, "texture": "#2"},
				"west": {"uv": [11.75, 9, 8.25, 9.5], "rotation": 180, "texture": "#2"},
				"up": {"uv": [8.5, 9, 12, 8.5], "rotation": 90, "texture": "#2"},
				"down": {"uv": [9.25, 9.25, 12.75, 8.75], "rotation": 270, "texture": "#2"}
			}
		},
		{
			"from": [7.7503, 9.84813, 1.99002],
			"to": [8.2503, 10.84813, 8.79002],
			"rotation": {"angle": 0, "axis": "y", "origin": [8, 7.5503, 3.63987]},
			"faces": {
				"north": {"uv": [9.25, 9.25, 12.75, 8.75], "rotation": 180, "texture": "#2"},
				"east": {"uv": [9.25, 9.25, 12.75, 8.75], "rotation": 180, "texture": "#2"},
				"south": {"uv": [9.25, 9.25, 12.75, 8.75], "texture": "#2"},
				"west": {"uv": [8.5, 9, 12, 8.5], "texture": "#2"},
				"up": {"uv": [12.5, 8.5, 9, 9], "rotation": 270, "texture": "#2"},
				"down": {"uv": [11.75, 9, 8.25, 9.5], "rotation": 90, "texture": "#2"}
			}
		},
		{
			"from": [2.17104, 7.599, 3.21893],
			"to": [3.47304, 8.101, 4.52093],
			"rotation": {"angle": -22.5, "axis": "y", "origin": [3.80606, 7.8503, 4.03987]},
			"faces": {
				"north": {"uv": [8.5, 8.75, 9.15, 9.4], "rotation": 90, "texture": "#2"},
				"east": {"uv": [8.5, 8.75, 9.15, 9.4], "rotation": 90, "texture": "#2"},
				"south": {"uv": [8.5, 8.75, 9.15, 9.4], "rotation": 90, "texture": "#2"},
				"west": {"uv": [8.5, 8.75, 9.15, 9.4], "rotation": 90, "texture": "#2"},
				"up": {"uv": [8.5, 8.75, 9.15, 9.4], "rotation": 90, "texture": "#2"},
				"down": {"uv": [8.5, 8.75, 9.15, 9.4], "rotation": 90, "texture": "#2"}
			}
		},
		{
			"from": [12.52696, 7.599, 3.21893],
			"to": [13.82896, 8.101, 4.52093],
			"rotation": {"angle": 22.5, "axis": "y", "origin": [12.19394, 7.8503, 4.03987]},
			"faces": {
				"north": {"uv": [8.5, 9.4, 9.15, 8.75], "rotation": 90, "texture": "#2"},
				"east": {"uv": [8.5, 9.4, 9.15, 8.75], "rotation": 90, "texture": "#2"},
				"south": {"uv": [8.5, 9.4, 9.15, 8.75], "rotation": 90, "texture": "#2"},
				"west": {"uv": [8.5, 9.4, 9.15, 8.75], "rotation": 90, "texture": "#2"},
				"up": {"uv": [8.5, 9.4, 9.15, 8.75], "rotation": 90, "texture": "#2"},
				"down": {"uv": [8.5, 9.4, 9.15, 8.75], "rotation": 90, "texture": "#2"}
			}
		},
		{
			"from": [7.7493, 9.78822, 4.72383],
			"to": [8.2513, 11.09022, 6.02583],
			"rotation": {"angle": -45, "axis": "x", "origin": [8, 7.5503, 3.63987]},
			"faces": {
				"north": {"uv": [8.5, 9.4, 9.15, 8.75], "rotation": 180, "texture": "#2"},
				"east": {"uv": [8.5, 9.4, 9.15, 8.75], "texture": "#2"},
				"south": {"uv": [8.5, 9.4, 9.15, 8.75], "texture": "#2"},
				"west": {"uv": [8.5, 9.4, 9.15, 8.75], "texture": "#2"},
				"up": {"uv": [8.5, 9.4, 9.15, 8.75], "texture": "#2"},
				"down": {"uv": [8.5, 9.4, 9.15, 8.75], "texture": "#2"}
			}
		},
		{
			"from": [2.17104, 7.603, 1.02093],
			"to": [2.61904, 8.101, 3.21893],
			"rotation": {"angle": -22.5, "axis": "y", "origin": [3.80606, 7.8503, 4.03987]},
			"faces": {
				"north": {"uv": [8.5, 9, 8.75, 9.225], "rotation": 90, "texture": "#2"},
				"east": {"uv": [8.5, 9, 9.6, 9.225], "rotation": 90, "texture": "#2"},
				"south": {"uv": [8.5, 9, 9.6, 9.225], "rotation": 90, "texture": "#2"},
				"west": {"uv": [8.5, 9, 9.6, 9.225], "rotation": 90, "texture": "#2"},
				"up": {"uv": [8.5, 9, 9.6, 9.225], "rotation": 90, "texture": "#2"},
				"down": {"uv": [8.5, 9, 9.6, 9.225], "rotation": 90, "texture": "#2"}
			}
		},
		{
			"from": [13.38096, 7.603, 1.02093],
			"to": [13.82896, 8.101, 3.21893],
			"rotation": {"angle": 22.5, "axis": "y", "origin": [12.19394, 7.8503, 4.03987]},
			"faces": {
				"north": {"uv": [8.5, 9.225, 8.75, 9], "rotation": 90, "texture": "#2"},
				"east": {"uv": [8.5, 9.225, 9.6, 9], "rotation": 90, "texture": "#2"},
				"south": {"uv": [8.5, 9.225, 9.6, 9], "rotation": 90, "texture": "#2"},
				"west": {"uv": [8.5, 9.225, 9.6, 9], "rotation": 90, "texture": "#2"},
				"up": {"uv": [8.5, 9.225, 9.6, 9], "rotation": 90, "texture": "#2"},
				"down": {"uv": [8.5, 9.225, 9.6, 9], "rotation": 90, "texture": "#2"}
			}
		},
		{
			"from": [7.7493, 10.64222, 2.52583],
			"to": [8.2473, 11.09022, 4.72383],
			"rotation": {"angle": -45, "axis": "x", "origin": [8, 7.5503, 3.63987]},
			"faces": {
				"north": {"uv": [8.5, 9.225, 8.75, 9], "rotation": 180, "texture": "#2"},
				"east": {"uv": [8.5, 9.225, 9.6, 9], "texture": "#2"},
				"south": {"uv": [8.5, 9.225, 9.6, 9], "texture": "#2"},
				"west": {"uv": [8.5, 9.225, 9.6, 9], "texture": "#2"},
				"up": {"uv": [8.5, 9.225, 9.6, 9], "texture": "#2"},
				"down": {"uv": [8.5, 9.225, 9.6, 9], "texture": "#2"}
			}
		},
		{
			"from": [3.14175, 7.6011, 1.36512],
			"to": [3.59155, 8.1009, 2.56492],
			"rotation": {"angle": 0, "axis": "y", "origin": [3.80606, 7.8503, 4.03987]},
			"faces": {
				"north": {"uv": [8.5, 9, 9.6, 9.225], "rotation": 90, "texture": "#2"},
				"east": {"uv": [8.5, 9, 9.6, 9.225], "rotation": 90, "texture": "#2"},
				"south": {"uv": [8.5, 9, 9.6, 9.225], "rotation": 90, "texture": "#2"},
				"west": {"uv": [8.5, 9, 9.6, 9.225], "rotation": 90, "texture": "#2"},
				"up": {"uv": [8.5, 9, 9.6, 9.225], "rotation": 90, "texture": "#2"},
				"down": {"uv": [8.5, 9, 9.6, 9.225], "rotation": 90, "texture": "#2"}
			}
		},
		{
			"from": [12.40845, 7.6011, 1.36512],
			"to": [12.85825, 8.1009, 2.56492],
			"rotation": {"angle": 0, "axis": "y", "origin": [12.19394, 7.8503, 4.03987]},
			"faces": {
				"north": {"uv": [8.5, 9.225, 9.6, 9], "rotation": 90, "texture": "#2"},
				"east": {"uv": [8.5, 9.225, 9.6, 9], "rotation": 90, "texture": "#2"},
				"south": {"uv": [8.5, 9.225, 9.6, 9], "rotation": 90, "texture": "#2"},
				"west": {"uv": [8.5, 9.225, 9.6, 9], "rotation": 90, "texture": "#2"},
				"up": {"uv": [8.5, 9.225, 9.6, 9], "rotation": 90, "texture": "#2"},
				"down": {"uv": [8.5, 9.225, 9.6, 9], "rotation": 90, "texture": "#2"}
			}
		},
		{
			"from": [7.7494, 10.25369, 1.99604],
			"to": [8.2492, 10.70349, 3.19584],
			"rotation": {"angle": -22.5, "axis": "x", "origin": [8, 7.5503, 3.63987]},
			"faces": {
				"north": {"uv": [8.5, 9.225, 9.6, 9], "rotation": 180, "texture": "#2"},
				"east": {"uv": [8.5, 9.225, 9.6, 9], "texture": "#2"},
				"south": {"uv": [8.5, 9.225, 9.6, 9], "texture": "#2"},
				"west": {"uv": [8.5, 9.225, 9.6, 9], "texture": "#2"},
				"up": {"uv": [8.5, 9.225, 9.6, 9], "texture": "#2"},
				"down": {"uv": [8.5, 9.225, 9.6, 9], "texture": "#2"}
			}
		},
		{
			"from": [1.80593, 7.7, 4.36092],
			"to": [3.55593, 8, 4.86092],
			"rotation": {"angle": -22.5, "axis": "y", "origin": [3.80606, 7.8503, 4.03987]},
			"faces": {
				"north": {"uv": [1.75, 0, 2.625, 0.15], "texture": "#2"},
				"east": {"uv": [0.5, 0, 0.75, 0.15], "texture": "#2"},
				"south": {"uv": [11, 9, 11.875, 9.15], "texture": "#2"},
				"west": {"uv": [0.5, 0, 0.75, 0.15], "texture": "#2"},
				"up": {"uv": [11.75, 8.75, 12.625, 9], "texture": "#2"},
				"down": {"uv": [13, 8.75, 13.25, 9.625], "rotation": 270, "texture": "#2"}
			}
		},
		{
			"from": [12.44407, 7.7, 4.36092],
			"to": [14.19407, 8, 4.86092],
			"rotation": {"angle": 22.5, "axis": "y", "origin": [12.19394, 7.8503, 4.03987]},
			"faces": {
				"north": {"uv": [2.625, 0, 1.75, 0.15], "texture": "#2"},
				"east": {"uv": [0.75, 0, 0.5, 0.15], "texture": "#2"},
				"south": {"uv": [11.875, 9, 11, 9.15], "texture": "#2"},
				"west": {"uv": [0.75, 0, 0.5, 0.15], "texture": "#2"},
				"up": {"uv": [12.625, 8.75, 11.75, 9], "texture": "#2"},
				"down": {"uv": [13, 9.625, 13.25, 8.75], "rotation": 270, "texture": "#2"}
			}
		},
		{
			"from": [7.8503, 9.77625, -0.26516],
			"to": [8.1503, 10.27625, 1.48484],
			"rotation": {"angle": 45, "axis": "x", "origin": [8, 7.5503, 3.63987]},
			"faces": {
				"north": {"uv": [0.75, 0, 0.5, 0.15], "rotation": 90, "texture": "#2"},
				"east": {"uv": [13.25, 8.75, 13, 9.625], "rotation": 90, "texture": "#2"},
				"south": {"uv": [0.75, 0, 0.5, 0.15], "rotation": 270, "texture": "#2"},
				"west": {"uv": [11.75, 9, 12.625, 8.75], "texture": "#2"},
				"up": {"uv": [11.875, 9, 11, 9.15], "rotation": 270, "texture": "#2"},
				"down": {"uv": [2.625, 0, 1.75, 0.15], "rotation": 270, "texture": "#2"}
			}
		},
		{
			"from": [5.44968, 7.72, 6.84625],
			"to": [5.90968, 7.98, 10.30625],
			"rotation": {"angle": 0, "axis": "y", "origin": [3.80606, 7.8503, 4.03987]},
			"faces": {
				"north": {"uv": [12.5, 9.25, 14.25, 9.4], "texture": "#2"},
				"east": {"uv": [12.5, 9.25, 14.25, 9.4], "texture": "#2"},
				"south": {"uv": [12.5, 9.25, 14.25, 9.4], "texture": "#2"},
				"west": {"uv": [12.5, 9.25, 14.25, 9.4], "texture": "#2"},
				"up": {"uv": [12.5, 9.25, 14.25, 9.4], "rotation": 90, "texture": "#2"},
				"down": {"uv": [12.5, 9.25, 14.25, 9.4], "texture": "#2"}
			}
		},
		{
			"from": [10.09032, 7.72, 6.84625],
			"to": [10.55032, 7.98, 10.30625],
			"rotation": {"angle": 0, "axis": "y", "origin": [12.19394, 7.8503, 4.03987]},
			"faces": {
				"north": {"uv": [14.25, 9.25, 12.5, 9.4], "texture": "#2"},
				"east": {"uv": [14.25, 9.25, 12.5, 9.4], "texture": "#2"},
				"south": {"uv": [14.25, 9.25, 12.5, 9.4], "texture": "#2"},
				"west": {"uv": [14.25, 9.25, 12.5, 9.4], "texture": "#2"},
				"up": {"uv": [12.5, 9.4, 14.25, 9.25], "rotation": 90, "texture": "#2"},
				"down": {"uv": [14.25, 9.25, 12.5, 9.4], "texture": "#2"}
			}
		},
		{
			"from": [7.8703, 7.93555, 7.47718],
			"to": [8.1303, 8.39555, 10.93718],
			"rotation": {"angle": -22.5, "axis": "x", "origin": [8, 7.5503, 3.63987]},
			"faces": {
				"north": {"uv": [14.25, 9.25, 12.5, 9.4], "rotation": 90, "texture": "#2"},
				"east": {"uv": [14.25, 9.25, 12.5, 9.4], "rotation": 270, "texture": "#2"},
				"south": {"uv": [14.25, 9.25, 12.5, 9.4], "rotation": 270, "texture": "#2"},
				"west": {"uv": [12.5, 9.4, 14.25, 9.25], "texture": "#2"},
				"up": {"uv": [14.25, 9.25, 12.5, 9.4], "rotation": 270, "texture": "#2"},
				"down": {"uv": [14.25, 9.25, 12.5, 9.4], "rotation": 270, "texture": "#2"}
			}
		},
		{
			"from": [5.95, 8.745, 0.405],
			"to": [9.95, 8.755, 4.405],
			"rotation": {"angle": 0, "axis": "x", "origin": [7.75, 6.5, -0.595]},
			"faces": {
				"north": {"uv": [0, 0, 4, 0.005], "rotation": 180, "texture": "#1"},
				"east": {"uv": [0, 0, 0.0045, 4], "rotation": 270, "texture": "#1"},
				"south": {"uv": [0, 0, 4, 0.005], "texture": "#1"},
				"west": {"uv": [0, 0, 0.005, 4], "rotation": 90, "texture": "#1"},
				"up": {"uv": [0, 0, 16, 16], "rotation": 180, "texture": "#1"},
				"down": {"uv": [0, 16, 16, 0], "rotation": 180, "texture": "#1"}
			}
		},
		{
			"from": [5.45, 5.25, 6.9],
			"to": [10.45, 10.25, 6.91],
			"rotation": {"angle": 0, "axis": "x", "origin": [8.45, 8.25, 6.905]},
			"faces": {
				"north": {"uv": [0, 0, 16, 16], "rotation": 270, "texture": "#3"},
				"east": {"uv": [0, 0, 4, 0.005], "rotation": 90, "texture": "#3"},
				"south": {"uv": [16, 0, 0, 16], "rotation": 270, "texture": "#3"},
				"west": {"uv": [0, 0, 4, 0.005], "rotation": 90, "texture": "#3"},
				"up": {"uv": [0, 0, 0.005, 4], "rotation": 90, "texture": "#3"},
				"down": {"uv": [0, 0, 0.0045, 4], "rotation": 90, "texture": "#3"}
			}
		},
		{
			"from": [6.2, 7.65, 5.9],
			"to": [9.9, 11.65, 5.91],
			"rotation": {"angle": 45, "axis": "z", "origin": [8.05, 7.85, 3.905]},
			"faces": {
				"north": {"uv": [0, 16, 16, 0], "texture": "#1"},
				"east": {"uv": [0, 0, 0.0045, 4], "rotation": 180, "texture": "#1"},
				"south": {"uv": [0, 0, 16, 16], "rotation": 180, "texture": "#1"},
				"west": {"uv": [0, 0, 0.005, 4], "rotation": 180, "texture": "#1"},
				"up": {"uv": [0, 0, 4, 0.005], "texture": "#1"},
				"down": {"uv": [0, 0, 4, 0.005], "texture": "#1"}
			}
		},
		{
			"from": [7.22279, 7.27279, 5.2],
			"to": [11.22279, 10.97279, 5.21],
			"rotation": {"angle": 45, "axis": "z", "origin": [9.22279, 9.12279, 5.205]},
			"faces": {
				"north": {"uv": [0, 16, 16, 0], "rotation": 90, "texture": "#1"},
				"east": {"uv": [4, 0, 0, 0.005], "rotation": 270, "texture": "#1"},
				"south": {"uv": [0, 0, 16, 16], "rotation": 90, "texture": "#1"},
				"west": {"uv": [4, 0, 0, 0.005], "rotation": 270, "texture": "#1"},
				"up": {"uv": [0.005, 0, 0, 4], "rotation": 90, "texture": "#1"},
				"down": {"uv": [0.0045, 0, 0, 4], "rotation": 90, "texture": "#1"}
			}
		},
		{
			"from": [8.39032, 8.62, 5.04625],
			"to": [8.85032, 8.88, 8.50625],
			"rotation": {"angle": 22.5, "axis": "y", "origin": [10.49394, 8.7503, 2.23987]},
			"faces": {
				"north": {"uv": [14.25, 9.25, 12.5, 9.4], "texture": "#2"},
				"east": {"uv": [14.25, 9.25, 12.5, 9.4], "texture": "#2"},
				"south": {"uv": [14.25, 9.25, 12.5, 9.4], "texture": "#2"},
				"west": {"uv": [14.25, 9.25, 12.5, 9.4], "texture": "#2"},
				"up": {"uv": [12.5, 9.4, 14.25, 9.25], "rotation": 90, "texture": "#2"},
				"down": {"uv": [14.25, 9.25, 12.5, 9.4], "texture": "#2"}
			}
		},
		{
			"from": [7.14968, 8.62, 5.04625],
			"to": [7.60968, 8.88, 8.50625],
			"rotation": {"angle": -22.5, "axis": "y", "origin": [5.50606, 8.7503, 2.23987]},
			"faces": {
				"north": {"uv": [12.5, 9.25, 14.25, 9.4], "texture": "#2"},
				"east": {"uv": [12.5, 9.25, 14.25, 9.4], "texture": "#2"},
				"south": {"uv": [12.5, 9.25, 14.25, 9.4], "texture": "#2"},
				"west": {"uv": [12.5, 9.25, 14.25, 9.4], "texture": "#2"},
				"up": {"uv": [12.5, 9.25, 14.25, 9.4], "rotation": 90, "texture": "#2"},
				"down": {"uv": [12.5, 9.25, 14.25, 9.4], "texture": "#2"}
			}
		},
		{
			"from": [10.90783, 8.61, 2.30002],
			"to": [11.38783, 8.89, 8.88002],
			"rotation": {"angle": 0, "axis": "y", "origin": [10.49394, 8.7503, 2.23987]},
			"faces": {
				"north": {"uv": [9.75, 9.25, 13.05, 9], "rotation": 90, "texture": "#2"},
				"east": {"uv": [13.05, 9, 9.75, 9.25], "texture": "#2"},
				"south": {"uv": [9.75, 9.25, 9.9, 9], "rotation": 90, "texture": "#2"},
				"west": {"uv": [9.75, 9.25, 13.05, 9], "rotation": 90, "texture": "#2"},
				"up": {"uv": [12.75, 9.25, 16, 9], "rotation": 90, "texture": "#2"},
				"down": {"uv": [9.75, 9.25, 13.05, 9], "rotation": 270, "texture": "#2"}
			}
		},
		{
			"from": [4.61217, 8.61, 2.30002],
			"to": [5.09217, 8.89, 8.88002],
			"rotation": {"angle": 0, "axis": "y", "origin": [5.50606, 8.7503, 2.23987]},
			"faces": {
				"north": {"uv": [9.75, 9, 13.05, 9.25], "rotation": 90, "texture": "#2"},
				"east": {"uv": [9.75, 9, 13.05, 9.25], "rotation": 90, "texture": "#2"},
				"south": {"uv": [9.75, 9, 9.9, 9.25], "rotation": 90, "texture": "#2"},
				"west": {"uv": [9.75, 9, 13.05, 9.25], "texture": "#2"},
				"up": {"uv": [12.75, 9, 16, 9.25], "rotation": 90, "texture": "#2"},
				"down": {"uv": [9.75, 9, 13.05, 9.25], "rotation": 270, "texture": "#2"}
			}
		},
		{
			"from": [9.61133, 8.61, 0.65224],
			"to": [10.09133, 8.89, 5.63224],
			"rotation": {"angle": 0, "axis": "y", "origin": [10.49394, 8.7503, 2.23987]},
			"faces": {
				"north": {"uv": [13.25, 9.25, 15.75, 9], "rotation": 90, "texture": "#2"},
				"east": {"uv": [13.25, 9.25, 15.75, 9], "rotation": 90, "texture": "#2"},
				"south": {"uv": [13.25, 9.25, 15.75, 9], "rotation": 90, "texture": "#2"},
				"west": {"uv": [15.75, 9, 13.25, 9.25], "rotation": 180, "texture": "#2"},
				"up": {"uv": [13.25, 9.25, 15.75, 9], "rotation": 90, "texture": "#2"},
				"down": {"uv": [13.25, 9.25, 15.75, 9], "rotation": 90, "texture": "#2"}
			}
		},
		{
			"from": [5.90867, 8.61, 0.65224],
			"to": [6.38867, 8.89, 5.63224],
			"rotation": {"angle": 0, "axis": "y", "origin": [5.50606, 8.7503, 2.23987]},
			"faces": {
				"north": {"uv": [13.25, 9, 15.75, 9.25], "rotation": 90, "texture": "#2"},
				"east": {"uv": [13.25, 9, 15.75, 9.25], "rotation": 180, "texture": "#2"},
				"south": {"uv": [13.25, 9, 15.75, 9.25], "rotation": 90, "texture": "#2"},
				"west": {"uv": [13.25, 9, 15.75, 9.25], "rotation": 90, "texture": "#2"},
				"up": {"uv": [13.25, 9, 15.75, 9.25], "rotation": 90, "texture": "#2"},
				"down": {"uv": [13.25, 9, 15.75, 9.25], "rotation": 90, "texture": "#2"}
			}
		},
		{
			"from": [10.09783, 8.5, 0.59002],
			"to": [11.09783, 9, 7.49002],
			"rotation": {"angle": 0, "axis": "y", "origin": [10.49394, 8.7503, 2.23987]},
			"faces": {
				"north": {"uv": [9.25, 9.25, 12.75, 8.75], "rotation": 90, "texture": "#2"},
				"east": {"uv": [12.5, 8.5, 9, 9], "texture": "#2"},
				"south": {"uv": [9.25, 9.25, 12.75, 8.75], "rotation": 90, "texture": "#2"},
				"west": {"uv": [11.75, 9, 8.25, 9.5], "rotation": 180, "texture": "#2"},
				"up": {"uv": [8.5, 9, 12, 8.5], "rotation": 90, "texture": "#2"},
				"down": {"uv": [9.25, 9.25, 12.75, 8.75], "rotation": 270, "texture": "#2"}
			}
		},
		{
			"from": [4.90217, 8.5, 0.59002],
			"to": [5.90217, 9, 7.49002],
			"rotation": {"angle": 0, "axis": "y", "origin": [5.50606, 8.7503, 2.23987]},
			"faces": {
				"north": {"uv": [9.25, 8.75, 12.75, 9.25], "rotation": 90, "texture": "#2"},
				"east": {"uv": [8.25, 9, 11.75, 9.5], "rotation": 180, "texture": "#2"},
				"south": {"uv": [9.25, 8.75, 12.75, 9.25], "rotation": 90, "texture": "#2"},
				"west": {"uv": [9, 8.5, 12.5, 9], "texture": "#2"},
				"up": {"uv": [8.5, 8.5, 12, 9], "rotation": 90, "texture": "#2"},
				"down": {"uv": [9.25, 8.75, 12.75, 9.25], "rotation": 270, "texture": "#2"}
			}
		},
		{
			"from": [10.82696, 8.499, 1.41893],
			"to": [12.12896, 9.001, 2.72093],
			"rotation": {"angle": 45, "axis": "y", "origin": [10.49394, 8.7503, 2.23987]},
			"faces": {
				"north": {"uv": [8.5, 9.4, 9.15, 8.75], "rotation": 90, "texture": "#2"},
				"east": {"uv": [8.5, 9.4, 9.15, 8.75], "rotation": 90, "texture": "#2"},
				"south": {"uv": [8.5, 9.4, 9.15, 8.75], "rotation": 90, "texture": "#2"},
				"west": {"uv": [8.5, 9.4, 9.15, 8.75], "rotation": 90, "texture": "#2"},
				"up": {"uv": [8.5, 9.4, 9.15, 8.75], "rotation": 90, "texture": "#2"},
				"down": {"uv": [8.5, 9.4, 9.15, 8.75], "rotation": 90, "texture": "#2"}
			}
		},
		{
			"from": [3.87104, 8.499, 1.41893],
			"to": [5.17304, 9.001, 2.72093],
			"rotation": {"angle": -45, "axis": "y", "origin": [5.50606, 8.7503, 2.23987]},
			"faces": {
				"north": {"uv": [8.5, 8.75, 9.15, 9.4], "rotation": 90, "texture": "#2"},
				"east": {"uv": [8.5, 8.75, 9.15, 9.4], "rotation": 90, "texture": "#2"},
				"south": {"uv": [8.5, 8.75, 9.15, 9.4], "rotation": 90, "texture": "#2"},
				"west": {"uv": [8.5, 8.75, 9.15, 9.4], "rotation": 90, "texture": "#2"},
				"up": {"uv": [8.5, 8.75, 9.15, 9.4], "rotation": 90, "texture": "#2"},
				"down": {"uv": [8.5, 8.75, 9.15, 9.4], "rotation": 90, "texture": "#2"}
			}
		},
		{
			"from": [10.81498, 8.6, 0.23974],
			"to": [11.31498, 8.9, 1.98974],
			"rotation": {"angle": -45, "axis": "y", "origin": [10.49394, 8.7503, 2.23987]},
			"faces": {
				"north": {"uv": [0.75, 0, 0.5, 0.15], "texture": "#2"},
				"east": {"uv": [11.875, 9, 11, 9.15], "texture": "#2"},
				"south": {"uv": [0.75, 0, 0.5, 0.15], "texture": "#2"},
				"west": {"uv": [2.625, 0, 1.75, 0.15], "texture": "#2"},
				"up": {"uv": [11.75, 9, 12.625, 8.75], "rotation": 90, "texture": "#2"},
				"down": {"uv": [13.25, 8.75, 13, 9.625], "rotation": 180, "texture": "#2"}
			}
		},
		{
			"from": [4.68502, 8.6, 0.23974],
			"to": [5.18502, 8.9, 1.98974],
			"rotation": {"angle": 45, "axis": "y", "origin": [5.50606, 8.7503, 2.23987]},
			"faces": {
				"north": {"uv": [0.5, 0, 0.75, 0.15], "texture": "#2"},
				"east": {"uv": [1.75, 0, 2.625, 0.15], "texture": "#2"},
				"south": {"uv": [0.5, 0, 0.75, 0.15], "texture": "#2"},
				"west": {"uv": [11, 9, 11.875, 9.15], "texture": "#2"},
				"up": {"uv": [11.75, 8.75, 12.625, 9], "rotation": 90, "texture": "#2"},
				"down": {"uv": [13, 8.75, 13.25, 9.625], "rotation": 180, "texture": "#2"}
			}
		},
		{
			"from": [12.00407, 8.61, -1.92908],
			"to": [12.48407, 8.89, 3.05092],
			"rotation": {"angle": 45, "axis": "y", "origin": [10.49394, 8.7503, 2.23987]},
			"faces": {
				"north": {"uv": [11.5, 9.5, 14, 9.25], "rotation": 90, "texture": "#2"},
				"east": {"uv": [14, 9.25, 11.5, 9.5], "rotation": 180, "texture": "#2"},
				"south": {"uv": [11.5, 9.5, 14, 9.25], "rotation": 90, "texture": "#2"},
				"west": {"uv": [11.5, 9.5, 14, 9.25], "rotation": 90, "texture": "#2"},
				"up": {"uv": [11.5, 9.5, 14, 9.25], "rotation": 90, "texture": "#2"},
				"down": {"uv": [11.5, 9.5, 14, 9.25], "rotation": 90, "texture": "#2"}
			}
		},
		{
			"from": [3.51593, 8.61, -1.92908],
			"to": [3.99593, 8.89, 3.05092],
			"rotation": {"angle": -45, "axis": "y", "origin": [5.50606, 8.7503, 2.23987]},
			"faces": {
				"north": {"uv": [11.5, 9.25, 14, 9.5], "rotation": 90, "texture": "#2"},
				"east": {"uv": [11.5, 9.25, 14, 9.5], "rotation": 90, "texture": "#2"},
				"south": {"uv": [11.5, 9.25, 14, 9.5], "rotation": 90, "texture": "#2"},
				"west": {"uv": [11.5, 9.25, 14, 9.5], "rotation": 180, "texture": "#2"},
				"up": {"uv": [11.5, 9.25, 14, 9.5], "rotation": 90, "texture": "#2"},
				"down": {"uv": [11.5, 9.25, 14, 9.5], "rotation": 90, "texture": "#2"}
			}
		},
		{
			"from": [11.68096, 8.503, -0.77907],
			"to": [12.12896, 9.001, 1.41893],
			"rotation": {"angle": 45, "axis": "y", "origin": [10.49394, 8.7503, 2.23987]},
			"faces": {
				"north": {"uv": [8.5, 9.225, 8.75, 9], "rotation": 90, "texture": "#2"},
				"east": {"uv": [8.5, 9.225, 9.6, 9], "rotation": 90, "texture": "#2"},
				"south": {"uv": [8.5, 9.225, 9.6, 9], "rotation": 90, "texture": "#2"},
				"west": {"uv": [8.5, 9.225, 9.6, 9], "rotation": 90, "texture": "#2"},
				"up": {"uv": [8.5, 9.225, 9.6, 9], "rotation": 90, "texture": "#2"},
				"down": {"uv": [8.5, 9.225, 9.6, 9], "rotation": 90, "texture": "#2"}
			}
		},
		{
			"from": [3.87104, 8.503, -0.77907],
			"to": [4.31904, 9.001, 1.41893],
			"rotation": {"angle": -45, "axis": "y", "origin": [5.50606, 8.7503, 2.23987]},
			"faces": {
				"north": {"uv": [8.5, 9, 8.75, 9.225], "rotation": 90, "texture": "#2"},
				"east": {"uv": [8.5, 9, 9.6, 9.225], "rotation": 90, "texture": "#2"},
				"south": {"uv": [8.5, 9, 9.6, 9.225], "rotation": 90, "texture": "#2"},
				"west": {"uv": [8.5, 9, 9.6, 9.225], "rotation": 90, "texture": "#2"},
				"up": {"uv": [8.5, 9, 9.6, 9.225], "rotation": 90, "texture": "#2"},
				"down": {"uv": [8.5, 9, 9.6, 9.225], "rotation": 90, "texture": "#2"}
			}
		},
		{
			"from": [10.70845, 8.5011, -0.43488],
			"to": [11.15825, 9.0009, 0.76492],
			"rotation": {"angle": 22.5, "axis": "y", "origin": [10.49394, 8.7503, 2.23987]},
			"faces": {
				"north": {"uv": [8.5, 9.225, 9.6, 9], "rotation": 90, "texture": "#2"},
				"east": {"uv": [8.5, 9.225, 9.6, 9], "rotation": 90, "texture": "#2"},
				"south": {"uv": [8.5, 9.225, 9.6, 9], "rotation": 90, "texture": "#2"},
				"west": {"uv": [8.5, 9.225, 9.6, 9], "rotation": 90, "texture": "#2"},
				"up": {"uv": [8.5, 9.225, 9.6, 9], "rotation": 90, "texture": "#2"},
				"down": {"uv": [8.5, 9.225, 9.6, 9], "rotation": 90, "texture": "#2"}
			}
		},
		{
			"from": [4.84175, 8.5011, -0.43488],
			"to": [5.29155, 9.0009, 0.76492],
			"rotation": {"angle": -22.5, "axis": "y", "origin": [5.50606, 8.7503, 2.23987]},
			"faces": {
				"north": {"uv": [8.5, 9, 9.6, 9.225], "rotation": 90, "texture": "#2"},
				"east": {"uv": [8.5, 9, 9.6, 9.225], "rotation": 90, "texture": "#2"},
				"south": {"uv": [8.5, 9, 9.6, 9.225], "rotation": 90, "texture": "#2"},
				"west": {"uv": [8.5, 9, 9.6, 9.225], "rotation": 90, "texture": "#2"},
				"up": {"uv": [8.5, 9, 9.6, 9.225], "rotation": 90, "texture": "#2"},
				"down": {"uv": [8.5, 9, 9.6, 9.225], "rotation": 90, "texture": "#2"}
			}
		},
		{
			"from": [10.24261, 8.6, -2.38639],
			"to": [10.74261, 8.9, 0.61361],
			"rotation": {"angle": 22.5, "axis": "y", "origin": [10.49394, 8.7503, 2.23987]},
			"faces": {
				"north": {"uv": [11.5, 9.5, 11.65, 9.25], "rotation": 90, "texture": "#2"},
				"east": {"uv": [11.5, 10.75, 11.65, 9.25], "rotation": 90, "texture": "#2"},
				"south": {"uv": [11.5, 9.5, 13, 9.25], "rotation": 90, "texture": "#2"},
				"west": {"uv": [13, 9.25, 11.5, 9.5], "rotation": 180, "texture": "#2"},
				"up": {"uv": [11.5, 9.5, 13, 9.25], "rotation": 90, "texture": "#2"},
				"down": {"uv": [11.5, 9.5, 13, 9.25], "rotation": 90, "texture": "#2"}
			}
		},
		{
			"from": [5.25739, 8.6, -2.38639],
			"to": [5.75739, 8.9, 0.61361],
			"rotation": {"angle": -22.5, "axis": "y", "origin": [5.50606, 8.7503, 2.23987]},
			"faces": {
				"north": {"uv": [11.5, 9.25, 11.65, 9.5], "rotation": 90, "texture": "#2"},
				"east": {"uv": [11.5, 9.25, 13, 9.5], "rotation": 180, "texture": "#2"},
				"south": {"uv": [11.5, 9.25, 13, 9.5], "rotation": 90, "texture": "#2"},
				"west": {"uv": [11.5, 9.25, 11.65, 10.75], "rotation": 90, "texture": "#2"},
				"up": {"uv": [11.5, 9.25, 13, 9.5], "rotation": 90, "texture": "#2"},
				"down": {"uv": [11.5, 9.25, 13, 9.5], "rotation": 90, "texture": "#2"}
			}
		}
	],
	"display": {
		"thirdperson_righthand": {
			"rotation": [0, 0, -40],
			"translation": [0, -1.75, -0.25],
			"scale": [1.1, 1.1, 1.1]
		},
		"thirdperson_lefthand": {
			"rotation": [0, 0, -40],
			"translation": [0, -1.75, -0.25],
			"scale": [1.1, 1.1, 1.1]
		},
		"firstperson_righthand": {
			"rotation": [0, 1, 15],
			"translation": [-1.25, 2, 1.25]
		},
		"firstperson_lefthand": {
			"rotation": [0, 1, 15],
			"translation": [-1.25, 2, 1.25]
		},
		"ground": {
			"rotation": [-44, 48, -20],
			"translation": [0, 5.25, 0]
		},
		"gui": {
			"rotation": [65, -48, 11],
			"translation": [-2.75, -2, 0],
			"scale": [1.3, 1.3, 1.3]
		},
		"fixed": {
			"scale": [2, 2, 2]
		}
	},
	"groups": [
		{
			"name": "group",
			"origin": [8, 0.25, 6.04925],
			"children": []
		}, 0, 1, 2, 3, 4, 5, 6, 7, 8, 9, 10, 11, 12, 13, 14, 15, 16, 17, 18, 19, 20, 21, 22, 23, 24, 25, 26, 27, 28, 29, 30,
		{
			"name": "group",
			"origin": [10.70534, 0.25, 5.04925],
			"children": [31, 32, 33, 34, 35, 36, 37, 38, 39, 40, 41, 42, 43, 44, 45, 46, 47, 48, 49, 50, 51, 52, 53, 54, 55, 56, 57, 58, 59, 60]
		}, 61, 62, 63, 64, 65, 66, 67, 68, 69, 70, 71, 72, 73, 74, 75, 76, 77, 78, 79, 80, 81, 82, 83, 84]
}