{
	"credit": "Made with Blockbench",
	"texture_size": [8, 8],
	"textures": {
		"0": "skins/pure1",
		"1": "skins/freedom",
		"3": "skins/astraea",
		"4": "skins/stone_swirl",
		"particle": "skins/pure1"
	},
	"elements": [
		{
			"from": [7.5, -11, 7.5],
			"to": [8.5, 5, 8.5],
			"rotation": {"angle": 0, "axis": "y", "origin": [15.5, 13, 15.5]},
			"faces": {
				"north": {"uv": [13, 7.5, 13.5, 15.5], "texture": "#1"},
				"east": {"uv": [13, 7.5, 13.5, 15.5], "texture": "#1"},
				"south": {"uv": [13, 7.5, 13.5, 15.5], "texture": "#1"},
				"west": {"uv": [13, 7.5, 13.5, 15.5], "texture": "#1"},
				"up": {"uv": [13, 7.5, 13.5, 15.5], "texture": "#1"},
				"down": {"uv": [12, 15.5, 13, 16], "texture": "#1"}
			}
		},
		{
			"from": [7.5, 4.99, 7.5],
			"to": [8.5, 16.99, 8.5],
			"rotation": {"angle": 0, "axis": "y", "origin": [15.5, 29, 15.5]},
			"faces": {
				"north": {"uv": [13.5, 7.5, 14, 16], "rotation": 180, "texture": "#1"},
				"east": {"uv": [13.5, 7.5, 14, 16], "rotation": 180, "texture": "#1"},
				"south": {"uv": [13.5, 7.5, 14, 16], "rotation": 180, "texture": "#1"},
				"west": {"uv": [13.5, 7.5, 14, 16], "rotation": 180, "texture": "#1"},
				"up": {"uv": [13.5, 7.5, 14, 16], "rotation": 180, "texture": "#1"},
				"down": {"uv": [13.5, 7.5, 14, 16], "rotation": 180, "texture": "#1"}
			}
		},
		{
			"from": [7.3, 13.2, 7.3],
			"to": [8.7, 14.6, 8.7],
			"rotation": {"angle": 0, "axis": "y", "origin": [15.5, 21.4, 15.5]},
			"faces": {
				"north": {"uv": [10.5, 0.5, 12.5, 2.5], "texture": "#1"},
				"east": {"uv": [10.5, 0.5, 12.5, 2.5], "texture": "#1"},
				"south": {"uv": [10.5, 0.5, 12.5, 2.5], "texture": "#1"},
				"west": {"uv": [10.5, 0.5, 12.5, 2.5], "texture": "#1"},
				"up": {"uv": [10.5, 0.5, 12.5, 2.5], "texture": "#1"},
				"down": {"uv": [10.5, 0.5, 12.5, 2.5], "texture": "#1"}
			}
		},
		{
			"from": [7.3, -9.9, 7.3],
			"to": [8.7, -8.5, 8.7],
			"rotation": {"angle": 0, "axis": "y", "origin": [15.5, -16.7, 15.5]},
			"faces": {
				"north": {"uv": [10.5, 2.5, 12.5, 0.5], "texture": "#1"},
				"east": {"uv": [10.5, 2.5, 12.5, 0.5], "texture": "#1"},
				"south": {"uv": [10.5, 2.5, 12.5, 0.5], "texture": "#1"},
				"west": {"uv": [10.5, 2.5, 12.5, 0.5], "texture": "#1"},
				"up": {"uv": [10.5, 2.5, 12.5, 0.5], "texture": "#1"},
				"down": {"uv": [10.5, 2.5, 12.5, 0.5], "texture": "#1"}
			}
		},
		{
			"from": [7.2, 11.2, 7.2],
			"to": [8.8, 12.8, 8.8],
			"rotation": {"angle": 0, "axis": "y", "origin": [15, 19, 15]},
			"faces": {
				"north": {"uv": [14.5, 14.5, 16, 16], "texture": "#1"},
				"east": {"uv": [14.5, 14.5, 16, 16], "texture": "#1"},
				"south": {"uv": [14.5, 14.5, 16, 16], "texture": "#1"},
				"west": {"uv": [14.5, 14.5, 16, 16], "texture": "#1"},
				"up": {"uv": [14.5, 14.5, 16, 16], "texture": "#1"},
				"down": {"uv": [14.5, 14.5, 16, 16], "texture": "#1"}
			}
		},
		{
			"from": [7.5, -7.25, 7],
			"to": [8.5, -6.25, 9],
			"rotation": {"angle": 0, "axis": "y", "origin": [8, -5.875, 8]},
			"faces": {
				"north": {"uv": [11, 0, 12.5, 1.5], "texture": "#3"},
				"east": {"uv": [11, 0, 11.5, 1.5], "texture": "#3"},
				"south": {"uv": [12.5, 0, 11, 1.5], "texture": "#3"},
				"west": {"uv": [12, 0, 12.5, 1.5], "texture": "#3"},
				"up": {"uv": [12, 0, 12.5, 1.5], "rotation": 270, "texture": "#3"},
				"down": {"uv": [11, 1, 12.5, 1.5], "rotation": 270, "texture": "#3"}
			}
		},
		{
			"from": [7.5, 11.5, 7],
			"to": [8.5, 12.5, 9],
			"rotation": {"angle": 0, "axis": "y", "origin": [8, 12, 8]},
			"faces": {
				"north": {"uv": [12.5, 0, 11, 1.5], "texture": "#3"},
				"east": {"uv": [12, 0, 12.5, 1.5], "texture": "#3"},
				"south": {"uv": [11, 0, 12.5, 1.5], "texture": "#3"},
				"west": {"uv": [11, 0, 11.5, 1.5], "texture": "#3"},
				"up": {"uv": [12, 0, 12.5, 1.5], "rotation": 90, "texture": "#3"},
				"down": {"uv": [11, 1, 12.5, 1.5], "rotation": 90, "texture": "#3"}
			}
		},
		{
			"from": [7.6, -5.4, 7.1],
			"to": [8.4, -4.6, 8.9],
			"rotation": {"angle": 0, "axis": "y", "origin": [8, -5, 8]},
			"faces": {
				"north": {"uv": [12.5, 0, 11, 1.5], "texture": "#3"},
				"east": {"uv": [12, 0, 12.5, 1.5], "texture": "#3"},
				"south": {"uv": [11, 0, 12.5, 1.5], "texture": "#3"},
				"west": {"uv": [11, 0, 11.5, 1.5], "texture": "#3"},
				"up": {"uv": [12, 0, 12.5, 1.5], "rotation": 90, "texture": "#3"},
				"down": {"uv": [11, 1, 12.5, 1.5], "rotation": 90, "texture": "#3"}
			}
		},
		{
			"from": [7.6, 9.85, 7.1],
			"to": [8.4, 10.65, 8.9],
			"rotation": {"angle": 0, "axis": "y", "origin": [8, 11.125, 8]},
			"faces": {
				"north": {"uv": [11, 0, 12.5, 1.5], "texture": "#3"},
				"east": {"uv": [11, 0, 11.5, 1.5], "texture": "#3"},
				"south": {"uv": [12.5, 0, 11, 1.5], "texture": "#3"},
				"west": {"uv": [12, 0, 12.5, 1.5], "texture": "#3"},
				"up": {"uv": [12, 0, 12.5, 1.5], "rotation": 270, "texture": "#3"},
				"down": {"uv": [11, 1, 12.5, 1.5], "rotation": 270, "texture": "#3"}
			}
		},
		{
			"from": [7, -7.25, 7.5],
			"to": [9, -6.25, 8.5],
			"rotation": {"angle": 0, "axis": "y", "origin": [8, -6.75, 8]},
			"faces": {
				"north": {"uv": [11, 0, 11.5, 1.5], "texture": "#3"},
				"east": {"uv": [12.5, 0, 11, 1.5], "texture": "#3"},
				"south": {"uv": [12, 0, 12.5, 1.5], "texture": "#3"},
				"west": {"uv": [11, 0, 12.5, 1.5], "texture": "#3"},
				"up": {"uv": [12, 0, 12.5, 1.5], "rotation": 180, "texture": "#3"},
				"down": {"uv": [11, 1, 12.5, 1.5], "texture": "#3"}
			}
		},
		{
			"from": [7, 11.5, 7.5],
			"to": [9, 12.5, 8.5],
			"rotation": {"angle": 0, "axis": "y", "origin": [8, 12, 8]},
			"faces": {
				"north": {"uv": [12, 0, 12.5, 1.5], "texture": "#3"},
				"east": {"uv": [11, 0, 12.5, 1.5], "texture": "#3"},
				"south": {"uv": [11, 0, 11.5, 1.5], "texture": "#3"},
				"west": {"uv": [12.5, 0, 11, 1.5], "texture": "#3"},
				"up": {"uv": [12, 0, 12.5, 1.5], "texture": "#3"},
				"down": {"uv": [11, 1, 12.5, 1.5], "rotation": 180, "texture": "#3"}
			}
		},
		{
			"from": [7.1, -5.4, 7.6],
			"to": [8.9, -4.6, 8.4],
			"rotation": {"angle": 0, "axis": "y", "origin": [8, -5, 8]},
			"faces": {
				"north": {"uv": [12, 0, 12.5, 1.5], "texture": "#3"},
				"east": {"uv": [11, 0, 12.5, 1.5], "texture": "#3"},
				"south": {"uv": [11, 0, 11.5, 1.5], "texture": "#3"},
				"west": {"uv": [12.5, 0, 11, 1.5], "texture": "#3"},
				"up": {"uv": [12, 0, 12.5, 1.5], "texture": "#3"},
				"down": {"uv": [11, 1, 12.5, 1.5], "rotation": 180, "texture": "#3"}
			}
		},
		{
			"from": [7.1, 9.85, 7.6],
			"to": [8.9, 10.65, 8.4],
			"rotation": {"angle": 0, "axis": "y", "origin": [8, 11.125, 8]},
			"faces": {
				"north": {"uv": [11, 0, 11.5, 1.5], "texture": "#3"},
				"east": {"uv": [12.5, 0, 11, 1.5], "texture": "#3"},
				"south": {"uv": [12, 0, 12.5, 1.5], "texture": "#3"},
				"west": {"uv": [11, 0, 12.5, 1.5], "texture": "#3"},
				"up": {"uv": [12, 0, 12.5, 1.5], "rotation": 180, "texture": "#3"},
				"down": {"uv": [11, 1, 12.5, 1.5], "texture": "#3"}
			}
		},
		{
			"from": [7.2, -7.55, 7.2],
			"to": [8.8, -5.95, 8.8],
			"rotation": {"angle": 0, "axis": "y", "origin": [15, -13.75, 15]},
			"faces": {
				"north": {"uv": [14.5, 14.5, 16, 16], "rotation": 180, "texture": "#1"},
				"east": {"uv": [14.5, 14.5, 16, 16], "rotation": 180, "texture": "#1"},
				"south": {"uv": [14.5, 14.5, 16, 16], "rotation": 180, "texture": "#1"},
				"west": {"uv": [14.5, 14.5, 16, 16], "rotation": 180, "texture": "#1"},
				"up": {"uv": [14, 14, 15.5, 15.5], "rotation": 180, "texture": "#1"},
				"down": {"uv": [14.5, 14.5, 16, 16], "rotation": 180, "texture": "#1"}
			}
		},
		{
			"from": [7.3, 9.55, 7.3],
			"to": [8.7, 10.95, 8.7],
			"rotation": {"angle": 0, "axis": "y", "origin": [15, 17.25, 15]},
			"faces": {
				"north": {"uv": [14.5, 14.5, 16, 16], "texture": "#1"},
				"east": {"uv": [14.5, 14.5, 16, 16], "texture": "#1"},
				"south": {"uv": [14.5, 14.5, 16, 16], "texture": "#1"},
				"west": {"uv": [14.5, 14.5, 16, 16], "texture": "#1"},
				"up": {"uv": [14.5, 14.5, 16, 16], "texture": "#1"},
				"down": {"uv": [14.5, 14.5, 16, 16], "texture": "#1"}
			}
		},
		{
			"from": [7.3, -5.7, 7.3],
			"to": [8.7, -4.3, 8.7],
			"rotation": {"angle": 0, "axis": "y", "origin": [15, -12, 15]},
			"faces": {
				"north": {"uv": [14.5, 14.5, 16, 16], "rotation": 180, "texture": "#1"},
				"east": {"uv": [14.5, 14.5, 16, 16], "rotation": 180, "texture": "#1"},
				"south": {"uv": [14.5, 14.5, 16, 16], "rotation": 180, "texture": "#1"},
				"west": {"uv": [14.5, 14.5, 16, 16], "rotation": 180, "texture": "#1"},
				"up": {"uv": [14, 14, 15.5, 15.5], "rotation": 180, "texture": "#1"},
				"down": {"uv": [14.5, 14.5, 16, 16], "rotation": 180, "texture": "#1"}
			}
		},
		{
			"from": [7.4, 8, 7.4],
			"to": [8.6, 9.2, 8.6],
			"rotation": {"angle": 0, "axis": "y", "origin": [15, 15.6, 15]},
			"faces": {
				"north": {"uv": [11, 2, 12.5, 3.5], "texture": "#1"},
				"east": {"uv": [12.5, 2, 11, 3.5], "texture": "#1"},
				"south": {"uv": [11, 2, 12.5, 3.5], "texture": "#1"},
				"west": {"uv": [12.5, 2, 11, 3.5], "texture": "#1"},
				"up": {"uv": [11, 2, 12.5, 3.5], "texture": "#1"},
				"down": {"uv": [11, 2, 12.5, 3.5], "texture": "#1"}
			}
		},
		{
			"from": [7.4, 0, 7.4],
			"to": [8.6, 3.2, 8.6],
			"rotation": {"angle": 0, "axis": "y", "origin": [15, 7.6, 15]},
			"faces": {
				"north": {"uv": [11.5, 14.5, 15, 16], "rotation": 90, "texture": "#1"},
				"east": {"uv": [11.5, 14.5, 15, 16], "rotation": 90, "texture": "#1"},
				"south": {"uv": [11.5, 14.5, 15, 16], "rotation": 90, "texture": "#1"},
				"west": {"uv": [11.5, 14.5, 15, 16], "rotation": 90, "texture": "#1"},
				"up": {"uv": [11.5, 14.5, 13, 16], "rotation": 90, "texture": "#1"},
				"down": {"uv": [11.5, 14.5, 13, 16], "rotation": 90, "texture": "#1"}
			}
		},
		{
			"from": [7.4, 3.4, 7.4],
			"to": [8.6, 4.1, 8.6],
			"rotation": {"angle": 0, "axis": "y", "origin": [15, 11, 15]},
			"faces": {
				"north": {"uv": [10.5, 1, 12, 2], "texture": "#1"},
				"east": {"uv": [10.5, 1, 12, 2], "texture": "#1"},
				"south": {"uv": [10.5, 1, 12, 2], "texture": "#1"},
				"west": {"uv": [10.5, 1, 12, 2], "texture": "#1"},
				"up": {"uv": [10.5, 1, 12, 2], "texture": "#1"},
				"down": {"uv": [10.5, 1, 12, 2], "texture": "#1"}
			}
		},
		{
			"from": [7.4, -0.9, 7.4],
			"to": [8.6, -0.2, 8.6],
			"rotation": {"angle": 0, "axis": "y", "origin": [15, 6.7, 15]},
			"faces": {
				"north": {"uv": [10.5, 1, 12, 2], "texture": "#1"},
				"east": {"uv": [10.5, 1, 12, 2], "texture": "#1"},
				"south": {"uv": [10.5, 1, 12, 2], "texture": "#1"},
				"west": {"uv": [10.5, 1, 12, 2], "texture": "#1"},
				"up": {"uv": [10.5, 1, 12, 2], "texture": "#1"},
				"down": {"uv": [10.5, 1, 12, 2], "texture": "#1"}
			}
		},
		{
			"from": [7.4, -3.95, 7.4],
			"to": [8.6, -2.75, 8.6],
			"rotation": {"angle": 0, "axis": "y", "origin": [15, -10.35, 15]},
			"faces": {
				"north": {"uv": [11, 2, 12.5, 3.5], "rotation": 180, "texture": "#1"},
				"east": {"uv": [12.5, 2, 11, 3.5], "rotation": 180, "texture": "#1"},
				"south": {"uv": [11, 2, 12.5, 3.5], "rotation": 180, "texture": "#1"},
				"west": {"uv": [12.5, 2, 11, 3.5], "rotation": 180, "texture": "#1"},
				"up": {"uv": [11, 2, 12.5, 3.5], "rotation": 180, "texture": "#1"},
				"down": {"uv": [11, 2, 12.5, 3.5], "rotation": 180, "texture": "#1"}
			}
		},
		{
			"from": [6.7166, 16.95817, 7.48332],
			"to": [7.2166, 19.95817, 8.48332],
			"rotation": {"angle": -22.5, "axis": "z", "origin": [6.9666, 17.95817, 7.98332]},
			"faces": {
				"north": {"uv": [12, 7, 13, 13], "texture": "#0"},
				"east": {"uv": [12, 7, 14, 13], "texture": "#0"},
				"south": {"uv": [12, 7, 13, 13], "texture": "#0"},
				"west": {"uv": [12, 7, 14, 13], "texture": "#0"},
				"up": {"uv": [12, 7, 13, 9], "texture": "#0"},
				"down": {"uv": [12, 7, 13, 9], "texture": "#0"}
			}
		},
		{
			"from": [6.63428, 15.95418, 7.48432],
			"to": [7.13228, 17.45218, 8.48232],
			"rotation": {"angle": 45, "axis": "z", "origin": [6.88328, 16.95318, 7.98332]},
			"faces": {
				"north": {"uv": [12, 13, 13, 16], "texture": "#0"},
				"east": {"uv": [12, 13, 14, 16], "texture": "#0"},
				"south": {"uv": [12, 13, 13, 16], "texture": "#0"},
				"west": {"uv": [12, 11, 14, 14], "texture": "#0"},
				"up": {"uv": [12, 13, 13, 15], "texture": "#0"},
				"down": {"uv": [12, 13, 13, 15], "texture": "#0"}
			}
		},
		{
			"from": [7.502, 16.64097, 7.19397],
			"to": [8.5, 18.13897, 7.69197],
			"rotation": {"angle": -45, "axis": "x", "origin": [8.001, 16.59963, 7.98332]},
			"faces": {
				"north": {"uv": [14, 12, 16, 15], "texture": "#0"},
				"east": {"uv": [12, 13, 13, 16], "texture": "#0"},
				"south": {"uv": [12, 13, 14, 16], "texture": "#0"},
				"west": {"uv": [12, 13, 13, 16], "texture": "#0"},
				"up": {"uv": [12, 13, 14, 14], "texture": "#0"},
				"down": {"uv": [12, 13, 14, 14], "texture": "#0"}
			}
		},
		{
			"from": [8.86972, 15.95418, 7.48432],
			"to": [9.36772, 17.45218, 8.48232],
			"rotation": {"angle": -45, "axis": "z", "origin": [9.11872, 16.95318, 7.98332]},
			"faces": {
				"north": {"uv": [12, 13, 13, 16], "texture": "#0"},
				"east": {"uv": [12, 13, 14, 16], "texture": "#0"},
				"south": {"uv": [12, 13, 13, 16], "texture": "#0"},
				"west": {"uv": [12, 13, 14, 16], "texture": "#0"},
				"up": {"uv": [12, 13, 13, 15], "texture": "#0"},
				"down": {"uv": [12, 13, 13, 15], "texture": "#0"}
			}
		},
		{
			"from": [7.502, 16.64097, 8.27467],
			"to": [8.5, 18.13897, 8.77267],
			"rotation": {"angle": 45, "axis": "x", "origin": [8.001, 16.59963, 7.98332]},
			"faces": {
				"north": {"uv": [12, 13, 14, 16], "texture": "#0"},
				"east": {"uv": [11, 13, 12, 16], "texture": "#0"},
				"south": {"uv": [8, 12, 10, 15], "texture": "#0"},
				"west": {"uv": [14, 13, 15, 16], "texture": "#0"},
				"up": {"uv": [12, 13, 14, 14], "texture": "#0"},
				"down": {"uv": [12, 13, 14, 14], "texture": "#0"}
			}
		},
		{
			"from": [7.501, 16.57688, 6.77477],
			"to": [8.501, 19.57688, 7.27477],
			"rotation": {"angle": 22.5, "axis": "x", "origin": [8.001, 17.95817, 7.94526]},
			"faces": {
				"north": {"uv": [10, 8, 12, 14], "texture": "#0"},
				"east": {"uv": [10, 8, 11, 14], "texture": "#0"},
				"south": {"uv": [10, 8, 12, 14], "texture": "#0"},
				"west": {"uv": [10, 8, 11, 14], "texture": "#0"},
				"up": {"uv": [10, 8, 12, 9], "texture": "#0"},
				"down": {"uv": [10, 8, 12, 9], "texture": "#0"}
			}
		},
		{
			"from": [7.501, 16.2016, 7.48332],
			"to": [8.501, 21.8016, 8.48332],
			"rotation": {"angle": 45, "axis": "y", "origin": [8.001, 18.8016, 7.98332]},
			"faces": {
				"north": {"uv": [14, 10, 15, 15.6], "texture": "#0"},
				"east": {"uv": [14, 10, 15, 15.6], "texture": "#0"},
				"south": {"uv": [14, 10, 15, 15.6], "texture": "#0"},
				"west": {"uv": [14, 10, 15, 15.6], "texture": "#0"},
				"up": {"uv": [14, 10, 15, 15.6], "texture": "#0"},
				"down": {"uv": [14, 10, 15, 15.6], "texture": "#0"}
			}
		},
		{
			"from": [7.201, 16.7016, 7.18332],
			"to": [8.801, 18.3016, 8.78332],
			"rotation": {"angle": 45, "axis": "y", "origin": [8.001, 17.5016, 7.98332]},
			"faces": {
				"north": {"uv": [9, 13, 11, 15], "texture": "#0"},
				"east": {"uv": [9, 13, 11, 15], "texture": "#0"},
				"south": {"uv": [9, 13, 11, 15], "texture": "#0"},
				"west": {"uv": [9, 13, 11, 15], "texture": "#0"},
				"up": {"uv": [9, 13, 11, 15], "texture": "#0"},
				"down": {"uv": [9, 13, 11, 15], "texture": "#0"}
			}
		},
		{
			"from": [7.101, 18.8516, 7.73332],
			"to": [7.601, 21.3516, 8.23332],
			"rotation": {"angle": 0, "axis": "x", "origin": [8.001, 20.6016, 7.98332]},
			"faces": {
				"north": {"uv": [11, 9, 12, 12], "texture": "#0"},
				"east": {"uv": [11, 9, 12, 12], "texture": "#0"},
				"south": {"uv": [11, 9, 12, 12], "texture": "#0"},
				"west": {"uv": [11, 9, 12, 12], "texture": "#0"},
				"up": {"uv": [11, 9, 12, 12], "texture": "#0"},
				"down": {"uv": [11, 9, 12, 12], "texture": "#0"}
			}
		},
		{
			"from": [7.751, 18.8516, 8.38332],
			"to": [8.251, 21.3516, 8.88332],
			"rotation": {"angle": 0, "axis": "y", "origin": [8.001, 20.6016, 7.98332]},
			"faces": {
				"north": {"uv": [11, 9, 12, 12], "texture": "#0"},
				"east": {"uv": [11, 9, 12, 12], "texture": "#0"},
				"south": {"uv": [11, 9, 12, 12], "texture": "#0"},
				"west": {"uv": [11, 9, 12, 12], "texture": "#0"},
				"up": {"uv": [11, 9, 12, 12], "texture": "#0"},
				"down": {"uv": [11, 9, 12, 12], "texture": "#0"}
			}
		},
		{
			"from": [8.401, 18.8516, 7.73332],
			"to": [8.901, 21.3516, 8.23332],
			"rotation": {"angle": 0, "axis": "x", "origin": [8.001, 20.6016, 7.98332]},
			"faces": {
				"north": {"uv": [11, 9, 12, 12], "texture": "#0"},
				"east": {"uv": [11, 9, 12, 12], "texture": "#0"},
				"south": {"uv": [11, 9, 12, 12], "texture": "#0"},
				"west": {"uv": [11, 9, 12, 12], "texture": "#0"},
				"up": {"uv": [11, 9, 12, 12], "texture": "#0"},
				"down": {"uv": [11, 9, 12, 12], "texture": "#0"}
			}
		},
		{
			"from": [7.751, 18.8516, 7.08332],
			"to": [8.251, 21.3516, 7.58332],
			"rotation": {"angle": 0, "axis": "y", "origin": [8.001, 20.6016, 7.98332]},
			"faces": {
				"north": {"uv": [11, 9, 12, 12], "texture": "#0"},
				"east": {"uv": [11, 9, 12, 12], "texture": "#0"},
				"south": {"uv": [11, 9, 12, 12], "texture": "#0"},
				"west": {"uv": [11, 9, 12, 12], "texture": "#0"},
				"up": {"uv": [11, 9, 12, 12], "texture": "#0"},
				"down": {"uv": [11, 9, 12, 12], "texture": "#0"}
			}
		},
		{
			"from": [7.752, 21.19983, 7.3523],
			"to": [8.25, 22.89783, 7.8503],
			"rotation": {"angle": 22.5, "axis": "x", "origin": [8.001, 21.94883, 7.6013]},
			"faces": {
				"north": {"uv": [10, 4, 11, 7], "texture": "#0"},
				"east": {"uv": [10, 4, 11, 7], "texture": "#0"},
				"south": {"uv": [10, 4, 11, 7], "texture": "#0"},
				"west": {"uv": [10, 4, 11, 7], "texture": "#0"},
				"up": {"uv": [10, 4, 11, 7], "texture": "#0"},
				"down": {"uv": [10, 4, 11, 7], "texture": "#0"}
			}
		},
		{
			"from": [8.10494, 21.05364, 7.73432],
			"to": [8.60294, 22.75164, 8.23232],
			"rotation": {"angle": 22.5, "axis": "z", "origin": [8.001, 21.94883, 7.98332]},
			"faces": {
				"north": {"uv": [10, 4, 11, 7], "texture": "#0"},
				"east": {"uv": [10, 4, 11, 7], "texture": "#0"},
				"south": {"uv": [10, 4, 11, 7], "texture": "#0"},
				"west": {"uv": [10, 4, 11, 7], "texture": "#0"},
				"up": {"uv": [10, 4, 11, 7], "texture": "#0"},
				"down": {"uv": [10, 4, 11, 7], "texture": "#0"}
			}
		},
		{
			"from": [7.752, 21.19222, 8.07807],
			"to": [8.25, 22.89022, 8.57607],
			"rotation": {"angle": -22.5, "axis": "x", "origin": [8.001, 22.04122, 8.32707]},
			"faces": {
				"north": {"uv": [10, 4, 11, 7], "texture": "#0"},
				"east": {"uv": [10, 4, 11, 7], "texture": "#0"},
				"south": {"uv": [10, 4, 11, 7], "texture": "#0"},
				"west": {"uv": [10, 4, 11, 7], "texture": "#0"},
				"up": {"uv": [10, 4, 11, 7], "texture": "#0"},
				"down": {"uv": [10, 4, 11, 7], "texture": "#0"}
			}
		},
		{
			"from": [7.781, 22.781, 7.86322],
			"to": [8.221, 23.121, 8.20322],
			"rotation": {"angle": 45, "axis": "x", "origin": [8.001, 23.001, 7.98322]},
			"faces": {
				"north": {"uv": [10, 0, 11, 0.9], "texture": "#0"},
				"east": {"uv": [10, 0, 11, 0.9], "texture": "#0"},
				"south": {"uv": [10, 0, 11, 0.9], "texture": "#0"},
				"west": {"uv": [10, 0, 11, 0.9], "texture": "#0"},
				"up": {"uv": [10, 0, 11, 0.9], "texture": "#0"},
				"down": {"uv": [10, 0, 11, 0.9], "texture": "#0"}
			}
		},
		{
			"from": [7.39906, 21.05364, 7.73432],
			"to": [7.89706, 22.75164, 8.23232],
			"rotation": {"angle": -22.5, "axis": "z", "origin": [8.001, 21.94883, 7.98332]},
			"faces": {
				"north": {"uv": [10, 4, 11, 7], "texture": "#0"},
				"east": {"uv": [10, 4, 11, 7], "texture": "#0"},
				"south": {"uv": [10, 4, 11, 7], "texture": "#0"},
				"west": {"uv": [10, 4, 11, 7], "texture": "#0"},
				"up": {"uv": [10, 4, 11, 7], "texture": "#0"},
				"down": {"uv": [10, 4, 11, 7], "texture": "#0"}
			}
		},
		{
			"from": [8.7854, 16.95817, 7.48332],
			"to": [9.2854, 19.95817, 8.48332],
			"rotation": {"angle": 22.5, "axis": "z", "origin": [9.0354, 17.95817, 7.98332]},
			"faces": {
				"north": {"uv": [13, 7, 14, 13], "texture": "#0"},
				"east": {"uv": [12, 7, 14, 13], "texture": "#0"},
				"south": {"uv": [12, 7, 13, 13], "texture": "#0"},
				"west": {"uv": [12, 7, 14, 13], "texture": "#0"},
				"up": {"uv": [12, 7, 13, 9], "texture": "#0"},
				"down": {"uv": [12, 7, 13, 9], "texture": "#0"}
			}
		},
		{
			"from": [7.501, 16.57688, 8.69188],
			"to": [8.501, 19.57688, 9.19188],
			"rotation": {"angle": -22.5, "axis": "x", "origin": [8.001, 17.95817, 8.02138]},
			"faces": {
				"north": {"uv": [12, 7, 14, 13], "texture": "#0"},
				"east": {"uv": [12, 7, 13, 13], "texture": "#0"},
				"south": {"uv": [12, 7, 10, 13], "texture": "#0"},
				"west": {"uv": [12, 7, 13, 13], "texture": "#0"},
				"up": {"uv": [12, 7, 14, 8], "texture": "#0"},
				"down": {"uv": [12, 7, 14, 8], "texture": "#0"}
			}
		},
		{
			"from": [7.6, 12.60709, 8.35833],
			"to": [8.4, 15.40709, 9.15833],
			"rotation": {"angle": 22.5, "axis": "x", "origin": [8, 14.50709, 9.05833]},
			"faces": {
				"north": {"uv": [11, 14, 14, 15], "rotation": 90, "texture": "#1"},
				"east": {"uv": [11, 14, 14, 15], "rotation": 90, "texture": "#1"},
				"south": {"uv": [11, 14, 14, 15], "rotation": 90, "texture": "#1"},
				"west": {"uv": [11, 14, 14, 15], "rotation": 90, "texture": "#1"},
				"up": {"uv": [11, 14, 14, 15], "rotation": 90, "texture": "#1"},
				"down": {"uv": [11, 14, 14, 15], "rotation": 90, "texture": "#1"}
			}
		},
		{
			"from": [7.6, -10.70709, 8.35833],
			"to": [8.4, -7.90709, 9.15833],
			"rotation": {"angle": -22.5, "axis": "x", "origin": [8, -9.80709, 9.05833]},
			"faces": {
				"north": {"uv": [14, 14, 11, 15], "rotation": 90, "texture": "#1"},
				"east": {"uv": [14, 14, 11, 15], "rotation": 90, "texture": "#1"},
				"south": {"uv": [14, 14, 11, 15], "rotation": 90, "texture": "#1"},
				"west": {"uv": [14, 14, 11, 15], "rotation": 90, "texture": "#1"},
				"up": {"uv": [14, 14, 11, 15], "rotation": 90, "texture": "#1"},
				"down": {"uv": [14, 14, 11, 15], "rotation": 90, "texture": "#1"}
			}
		},
		{
			"from": [7.0741, 13.08134, 7.6],
			"to": [7.8741, 15.88134, 8.4],
			"rotation": {"angle": 22.5, "axis": "z", "origin": [8.25, 14.15996, 8]},
			"faces": {
				"north": {"uv": [11, 14, 14, 15], "rotation": 90, "texture": "#1"},
				"east": {"uv": [11, 14, 14, 15], "rotation": 90, "texture": "#1"},
				"south": {"uv": [11, 14, 14, 15], "rotation": 90, "texture": "#1"},
				"west": {"uv": [11, 14, 14, 15], "rotation": 90, "texture": "#1"},
				"up": {"uv": [11, 14, 14, 15], "rotation": 90, "texture": "#1"},
				"down": {"uv": [11, 14, 14, 15], "rotation": 90, "texture": "#1"}
			}
		},
		{
			"from": [7.0741, -11.18134, 7.6],
			"to": [7.8741, -8.38134, 8.4],
			"rotation": {"angle": -22.5, "axis": "z", "origin": [8.25, -9.45996, 8]},
			"faces": {
				"north": {"uv": [14, 14, 11, 15], "rotation": 90, "texture": "#1"},
				"east": {"uv": [14, 14, 11, 15], "rotation": 90, "texture": "#1"},
				"south": {"uv": [14, 14, 11, 15], "rotation": 90, "texture": "#1"},
				"west": {"uv": [14, 14, 11, 15], "rotation": 90, "texture": "#1"},
				"up": {"uv": [14, 14, 11, 15], "rotation": 90, "texture": "#1"},
				"down": {"uv": [14, 14, 11, 15], "rotation": 90, "texture": "#1"}
			}
		},
		{
			"from": [7.6, 12.60709, 6.84167],
			"to": [8.4, 15.40709, 7.64167],
			"rotation": {"angle": -22.5, "axis": "x", "origin": [8, 14.50709, 6.94167]},
			"faces": {
				"north": {"uv": [11, 14, 14, 15], "rotation": 90, "texture": "#1"},
				"east": {"uv": [11, 14, 14, 15], "rotation": 90, "texture": "#1"},
				"south": {"uv": [11, 14, 14, 15], "rotation": 90, "texture": "#1"},
				"west": {"uv": [11, 14, 14, 15], "rotation": 90, "texture": "#1"},
				"up": {"uv": [11, 14, 14, 15], "rotation": 90, "texture": "#1"},
				"down": {"uv": [11, 14, 14, 15], "rotation": 90, "texture": "#1"}
			}
		},
		{
			"from": [7.6, -10.70709, 6.84167],
			"to": [8.4, -7.90709, 7.64167],
			"rotation": {"angle": 22.5, "axis": "x", "origin": [8, -9.80709, 6.94167]},
			"faces": {
				"north": {"uv": [14, 14, 11, 15], "rotation": 90, "texture": "#1"},
				"east": {"uv": [14, 14, 11, 15], "rotation": 90, "texture": "#1"},
				"south": {"uv": [14, 14, 11, 15], "rotation": 90, "texture": "#1"},
				"west": {"uv": [14, 14, 11, 15], "rotation": 90, "texture": "#1"},
				"up": {"uv": [14, 14, 11, 15], "rotation": 90, "texture": "#1"},
				"down": {"uv": [14, 14, 11, 15], "rotation": 90, "texture": "#1"}
			}
		},
		{
			"from": [8.1259, 13.08134, 7.6],
			"to": [8.9259, 15.88134, 8.4],
			"rotation": {"angle": -22.5, "axis": "z", "origin": [7.75, 14.15996, 8]},
			"faces": {
				"north": {"uv": [11, 14, 14, 15], "rotation": 270, "texture": "#1"},
				"east": {"uv": [11, 14, 14, 15], "rotation": 270, "texture": "#1"},
				"south": {"uv": [11, 14, 14, 15], "rotation": 270, "texture": "#1"},
				"west": {"uv": [11, 14, 14, 15], "rotation": 270, "texture": "#1"},
				"up": {"uv": [11, 14, 14, 15], "rotation": 270, "texture": "#1"},
				"down": {"uv": [11, 14, 14, 15], "rotation": 270, "texture": "#1"}
			}
		},
		{
			"from": [8.1259, -11.18134, 7.6],
			"to": [8.9259, -8.38134, 8.4],
			"rotation": {"angle": 22.5, "axis": "z", "origin": [7.75, -9.45996, 8]},
			"faces": {
				"north": {"uv": [14, 14, 11, 15], "rotation": 270, "texture": "#1"},
				"east": {"uv": [14, 14, 11, 15], "rotation": 270, "texture": "#1"},
				"south": {"uv": [14, 14, 11, 15], "rotation": 270, "texture": "#1"},
				"west": {"uv": [14, 14, 11, 15], "rotation": 270, "texture": "#1"},
				"up": {"uv": [14, 14, 11, 15], "rotation": 270, "texture": "#1"},
				"down": {"uv": [14, 14, 11, 15], "rotation": 270, "texture": "#1"}
			}
		},
		{
			"from": [7.25, 14.95, 7.25],
			"to": [8.75, 15.95, 8.75],
			"rotation": {"angle": 0, "axis": "y", "origin": [8, 15.7, 8.00948]},
			"faces": {
				"north": {"uv": [12, 14.5, 13.5, 16], "rotation": 90, "texture": "#1"},
				"east": {"uv": [12, 14.5, 13.5, 16], "rotation": 90, "texture": "#1"},
				"south": {"uv": [12, 14.5, 13.5, 16], "rotation": 90, "texture": "#1"},
				"west": {"uv": [12, 14.5, 13.5, 16], "rotation": 90, "texture": "#1"},
				"up": {"uv": [12, 14.5, 13.5, 16], "rotation": 90, "texture": "#1"},
				"down": {"uv": [12, 14.5, 13.5, 16], "rotation": 90, "texture": "#1"}
			}
		},
		{
			"from": [7.25, -11.25, 7.25],
			"to": [8.75, -10.25, 8.75],
			"rotation": {"angle": 0, "axis": "y", "origin": [8, -11, 8.00948]},
			"faces": {
				"north": {"uv": [10.5, 0.5, 12, 2], "rotation": 90, "texture": "#1"},
				"east": {"uv": [10.5, 0.5, 12, 2], "rotation": 90, "texture": "#1"},
				"south": {"uv": [10.5, 0.5, 12, 2], "rotation": 90, "texture": "#1"},
				"west": {"uv": [10.5, 0.5, 12, 2], "rotation": 90, "texture": "#1"},
				"up": {"uv": [10.5, 0.5, 12, 2], "rotation": 90, "texture": "#1"},
				"down": {"uv": [10.5, 0.5, 12, 2], "rotation": 90, "texture": "#1"}
			}
		},
		{
			"from": [8.56066, 15.2, 7.36066],
			"to": [9.56066, 15.7, 8.66066],
			"rotation": {"angle": 0, "axis": "y", "origin": [7.75, 15.7, 8.10948]},
			"faces": {
				"north": {"uv": [10.5, 1, 12, 1.5], "rotation": 90, "texture": "#1"},
				"east": {"uv": [10.5, 1, 12, 1.5], "rotation": 180, "texture": "#1"},
				"south": {"uv": [10.5, 1, 12, 1.5], "rotation": 90, "texture": "#1"},
				"west": {"uv": [11, 4, 12.5, 5], "rotation": 90, "texture": "#1"},
				"up": {"uv": [11, 2, 12.5, 3], "rotation": 90, "texture": "#1"},
				"down": {"uv": [10.5, 1, 12, 2], "rotation": 90, "texture": "#1"}
			}
		},
		{
			"from": [8.56066, -11, 7.36066],
			"to": [9.56066, -10.5, 8.66066],
			"rotation": {"angle": 0, "axis": "y", "origin": [7.75, -11, 8.10948]},
			"faces": {
				"north": {"uv": [12, 1, 10.5, 1.5], "rotation": 90, "texture": "#1"},
				"east": {"uv": [10.5, 1.5, 12, 1], "rotation": 180, "texture": "#1"},
				"south": {"uv": [12, 1, 10.5, 1.5], "rotation": 90, "texture": "#1"},
				"west": {"uv": [12.5, 4, 11, 5], "rotation": 90, "texture": "#1"},
				"up": {"uv": [12, 1, 10.5, 2], "rotation": 90, "texture": "#1"},
				"down": {"uv": [12.5, 2, 11, 3], "rotation": 90, "texture": "#1"}
			}
		},
		{
			"from": [6.42218, 15.2, 7.36066],
			"to": [7.42218, 15.7, 8.66066],
			"rotation": {"angle": 0, "axis": "y", "origin": [7.72411, 15.45, 8.656]},
			"faces": {
				"north": {"uv": [10.5, 1, 12, 1.5], "rotation": 90, "texture": "#1"},
				"east": {"uv": [11, 4, 12.5, 5], "rotation": 90, "texture": "#1"},
				"south": {"uv": [10.5, 1, 12, 1.5], "rotation": 90, "texture": "#1"},
				"west": {"uv": [10.5, 1, 12, 1.5], "rotation": 180, "texture": "#1"},
				"up": {"uv": [11, 2, 12.5, 3], "rotation": 270, "texture": "#1"},
				"down": {"uv": [10.5, 1, 12, 2], "rotation": 270, "texture": "#1"}
			}
		},
		{
			"from": [6.42218, -11, 7.36066],
			"to": [7.42218, -10.5, 8.66066],
			"rotation": {"angle": 0, "axis": "y", "origin": [7.72411, -10.75, 8.656]},
			"faces": {
				"north": {"uv": [12, 1, 10.5, 1.5], "rotation": 90, "texture": "#1"},
				"east": {"uv": [12.5, 4, 11, 5], "rotation": 90, "texture": "#1"},
				"south": {"uv": [12, 1, 10.5, 1.5], "rotation": 90, "texture": "#1"},
				"west": {"uv": [10.5, 1.5, 12, 1], "rotation": 180, "texture": "#1"},
				"up": {"uv": [12, 1, 10.5, 2], "rotation": 270, "texture": "#1"},
				"down": {"uv": [12.5, 2, 11, 3], "rotation": 270, "texture": "#1"}
			}
		},
		{
			"from": [7.34142, 15.2, 6.44142],
			"to": [8.64142, 15.7, 7.44142],
			"rotation": {"angle": 0, "axis": "y", "origin": [7.61339, 15.45, 7.09801]},
			"faces": {
				"north": {"uv": [10.5, 1, 12, 1.5], "rotation": 180, "texture": "#1"},
				"east": {"uv": [10.5, 1, 12, 1.5], "rotation": 90, "texture": "#1"},
				"south": {"uv": [11, 4, 12.5, 5], "rotation": 90, "texture": "#1"},
				"west": {"uv": [10.5, 1, 12, 1.5], "rotation": 90, "texture": "#1"},
				"up": {"uv": [11, 2, 12.5, 3], "texture": "#1"},
				"down": {"uv": [10.5, 1, 12, 2], "rotation": 180, "texture": "#1"}
			}
		},
		{
			"from": [7.34142, -11, 6.44142],
			"to": [8.64142, -10.5, 7.44142],
			"rotation": {"angle": 0, "axis": "y", "origin": [7.61339, -10.75, 7.09801]},
			"faces": {
				"north": {"uv": [10.5, 1.5, 12, 1], "rotation": 180, "texture": "#1"},
				"east": {"uv": [12, 1, 10.5, 1.5], "rotation": 90, "texture": "#1"},
				"south": {"uv": [12.5, 4, 11, 5], "rotation": 90, "texture": "#1"},
				"west": {"uv": [12, 1, 10.5, 1.5], "rotation": 90, "texture": "#1"},
				"up": {"uv": [10.5, 2, 12, 1], "rotation": 180, "texture": "#1"},
				"down": {"uv": [11, 3, 12.5, 2], "texture": "#1"}
			}
		},
		{
			"from": [7.34142, 15.2, 8.5799],
			"to": [8.64142, 15.7, 9.5799],
			"rotation": {"angle": 0, "axis": "y", "origin": [7.72411, 15.45, 8.656]},
			"faces": {
				"north": {"uv": [11, 4, 12.5, 5], "rotation": 90, "texture": "#1"},
				"east": {"uv": [10.5, 1, 12, 1.5], "rotation": 90, "texture": "#1"},
				"south": {"uv": [10.5, 1, 12, 1.5], "rotation": 180, "texture": "#1"},
				"west": {"uv": [10.5, 1, 12, 1.5], "rotation": 90, "texture": "#1"},
				"up": {"uv": [11, 2, 12.5, 3], "rotation": 180, "texture": "#1"},
				"down": {"uv": [10.5, 1, 12, 2], "texture": "#1"}
			}
		},
		{
			"from": [7.34142, -11, 8.5799],
			"to": [8.64142, -10.5, 9.5799],
			"rotation": {"angle": 0, "axis": "y", "origin": [7.72411, -10.75, 8.656]},
			"faces": {
				"north": {"uv": [12.5, 4, 11, 5], "rotation": 90, "texture": "#1"},
				"east": {"uv": [12, 1, 10.5, 1.5], "rotation": 90, "texture": "#1"},
				"south": {"uv": [10.5, 1.5, 12, 1], "rotation": 180, "texture": "#1"},
				"west": {"uv": [12, 1, 10.5, 1.5], "rotation": 90, "texture": "#1"},
				"up": {"uv": [10.5, 2, 12, 1], "texture": "#1"},
				"down": {"uv": [11, 3, 12.5, 2], "rotation": 180, "texture": "#1"}
			}
		},
		{
			"from": [8.24849, 15.201, 6.60559],
			"to": [9.24649, 15.699, 7.90359],
			"rotation": {"angle": 45, "axis": "y", "origin": [8.74749, 15.45, 7.25459]},
			"faces": {
				"north": {"uv": [10.5, 1, 12, 1.5], "rotation": 90, "texture": "#1"},
				"east": {"uv": [10.5, 1, 12, 1.5], "rotation": 180, "texture": "#1"},
				"south": {"uv": [10.5, 1, 12, 1.5], "rotation": 90, "texture": "#1"},
				"west": {"uv": [11, 4, 12.5, 5], "rotation": 90, "texture": "#1"},
				"up": {"uv": [11, 2, 12.5, 3], "rotation": 90, "texture": "#1"},
				"down": {"uv": [10.5, 1, 12, 2], "rotation": 90, "texture": "#1"}
			}
		},
		{
			"from": [8.24849, -10.999, 6.60559],
			"to": [9.24649, -10.501, 7.90359],
			"rotation": {"angle": 45, "axis": "y", "origin": [8.74749, -10.75, 7.25459]},
			"faces": {
				"north": {"uv": [12, 1, 10.5, 1.5], "rotation": 90, "texture": "#1"},
				"east": {"uv": [10.5, 1.5, 12, 1], "rotation": 180, "texture": "#1"},
				"south": {"uv": [12, 1, 10.5, 1.5], "rotation": 90, "texture": "#1"},
				"west": {"uv": [12.5, 4, 11, 5], "rotation": 90, "texture": "#1"},
				"up": {"uv": [12, 1, 10.5, 2], "rotation": 90, "texture": "#1"},
				"down": {"uv": [12.5, 2, 11, 3], "rotation": 90, "texture": "#1"}
			}
		},
		{
			"from": [6.8078, 15.201, 8.5809],
			"to": [8.1058, 15.699, 9.5789],
			"rotation": {"angle": -45, "axis": "y", "origin": [7.72411, 15.45, 8.656]},
			"faces": {
				"north": {"uv": [11, 4, 12.5, 5], "rotation": 90, "texture": "#1"},
				"east": {"uv": [10.5, 1, 12, 1.5], "rotation": 90, "texture": "#1"},
				"south": {"uv": [10.5, 1, 12, 1.5], "rotation": 180, "texture": "#1"},
				"west": {"uv": [10.5, 1, 12, 1.5], "rotation": 90, "texture": "#1"},
				"up": {"uv": [11, 2, 12.5, 3], "rotation": 180, "texture": "#1"},
				"down": {"uv": [10.5, 1, 12, 2], "texture": "#1"}
			}
		},
		{
			"from": [6.8078, -10.999, 8.5809],
			"to": [8.1058, -10.501, 9.5789],
			"rotation": {"angle": -45, "axis": "y", "origin": [7.72411, -10.75, 8.656]},
			"faces": {
				"north": {"uv": [12.5, 4, 11, 5], "rotation": 90, "texture": "#1"},
				"east": {"uv": [12, 1, 10.5, 1.5], "rotation": 90, "texture": "#1"},
				"south": {"uv": [10.5, 1.5, 12, 1], "rotation": 180, "texture": "#1"},
				"west": {"uv": [12, 1, 10.5, 1.5], "rotation": 90, "texture": "#1"},
				"up": {"uv": [10.5, 2, 12, 1], "texture": "#1"},
				"down": {"uv": [11, 3, 12.5, 2], "rotation": 180, "texture": "#1"}
			}
		},
		{
			"from": [6.58636, 15.201, 6.44242],
			"to": [7.88436, 15.699, 7.44042],
			"rotation": {"angle": 45, "axis": "y", "origin": [7.61339, 15.45, 7.09801]},
			"faces": {
				"north": {"uv": [10.5, 1, 12, 1.5], "rotation": 180, "texture": "#1"},
				"east": {"uv": [10.5, 1, 12, 1.5], "rotation": 90, "texture": "#1"},
				"south": {"uv": [11, 4, 12.5, 5], "rotation": 90, "texture": "#1"},
				"west": {"uv": [10.5, 1, 12, 1.5], "rotation": 90, "texture": "#1"},
				"up": {"uv": [11, 2, 12.5, 3], "texture": "#1"},
				"down": {"uv": [10.5, 1, 12, 2], "rotation": 180, "texture": "#1"}
			}
		},
		{
			"from": [6.58636, -10.999, 6.44242],
			"to": [7.88436, -10.501, 7.44042],
			"rotation": {"angle": 45, "axis": "y", "origin": [7.61339, -10.75, 7.09801]},
			"faces": {
				"north": {"uv": [10.5, 1.5, 12, 1], "rotation": 180, "texture": "#1"},
				"east": {"uv": [12, 1, 10.5, 1.5], "rotation": 90, "texture": "#1"},
				"south": {"uv": [12.5, 4, 11, 5], "rotation": 90, "texture": "#1"},
				"west": {"uv": [12, 1, 10.5, 1.5], "rotation": 90, "texture": "#1"},
				"up": {"uv": [10.5, 2, 12, 1], "rotation": 180, "texture": "#1"},
				"down": {"uv": [11, 3, 12.5, 2], "texture": "#1"}
			}
		},
		{
			"from": [8.02704, 15.201, 7.36166],
			"to": [9.02504, 15.699, 8.65966],
			"rotation": {"angle": -45, "axis": "y", "origin": [7.72411, 15.45, 8.656]},
			"faces": {
				"north": {"uv": [10.5, 1, 12, 1.5], "rotation": 90, "texture": "#1"},
				"east": {"uv": [10.5, 1, 12, 1.5], "rotation": 180, "texture": "#1"},
				"south": {"uv": [10.5, 1, 12, 1.5], "rotation": 90, "texture": "#1"},
				"west": {"uv": [11, 4, 12.5, 5], "rotation": 90, "texture": "#1"},
				"up": {"uv": [11, 2, 12.5, 3], "rotation": 90, "texture": "#1"},
				"down": {"uv": [10.5, 1, 12, 2], "rotation": 90, "texture": "#1"}
			}
		},
		{
			"from": [8.02704, -10.999, 7.36166],
			"to": [9.02504, -10.501, 8.65966],
			"rotation": {"angle": -45, "axis": "y", "origin": [7.72411, -10.75, 8.656]},
			"faces": {
				"north": {"uv": [12, 1, 10.5, 1.5], "rotation": 90, "texture": "#1"},
				"east": {"uv": [10.5, 1.5, 12, 1], "rotation": 180, "texture": "#1"},
				"south": {"uv": [12, 1, 10.5, 1.5], "rotation": 90, "texture": "#1"},
				"west": {"uv": [12.5, 4, 11, 5], "rotation": 90, "texture": "#1"},
				"up": {"uv": [12, 1, 10.5, 2], "rotation": 90, "texture": "#1"},
				"down": {"uv": [12.5, 2, 11, 3], "rotation": 90, "texture": "#1"}
			}
		},
		{
			"from": [3.5005, 15.5995, 3.5],
			"to": [12.5005, 15.6005, 12.5],
			"rotation": {"angle": -22.5, "axis": "z", "origin": [8.0005, 15.6, 8]},
			"faces": {
				"north": {"uv": [0, 0, 0.002, 16], "rotation": 90, "texture": "#4"},
				"east": {"uv": [0, 0, 0.002, 16], "rotation": 270, "texture": "#4"},
				"south": {"uv": [0, 0, 0.002, 16], "rotation": 270, "texture": "#4"},
				"west": {"uv": [0, 0, 0.002, 16], "rotation": 270, "texture": "#4"},
				"up": {"uv": [16, 0, 0, 16], "rotation": 270, "texture": "#4"},
				"down": {"uv": [0, 0, 16, 16], "rotation": 270, "texture": "#4"}
			}
		},
		{
			"from": [4.49339, 15.89239, 4.5],
			"to": [11.49339, 15.89339, 11.5],
			"rotation": {"angle": 22.5, "axis": "z", "origin": [7.99339, 15.89289, 8]},
			"faces": {
				"north": {"uv": [0, 0, 0.002, 14], "rotation": 270, "texture": "#4"},
				"east": {"uv": [0, 0, 0.002, 14], "rotation": 90, "texture": "#4"},
				"south": {"uv": [0, 0, 0.002, 14], "rotation": 90, "texture": "#4"},
				"west": {"uv": [0, 0, 0.002, 14], "rotation": 90, "texture": "#4"},
				"up": {"uv": [16, 0, 0, 16], "rotation": 90, "texture": "#4"},
				"down": {"uv": [0, 0, 16, 16], "rotation": 90, "texture": "#4"}
			}
		},
		{
			"from": [4.49695, -8.81739, 4.44724],
			"to": [11.49695, -8.81639, 11.44724],
			"rotation": {"angle": 22.5, "axis": "x", "origin": [7.99695, -8.95355, 8]},
			"faces": {
				"north": {"uv": [0, 0, 0.002, 14], "rotation": 90, "texture": "#4"},
				"east": {"uv": [0, 0, 0.002, 14], "rotation": 90, "texture": "#4"},
				"south": {"uv": [0, 0, 0.002, 14], "rotation": 90, "texture": "#4"},
				"west": {"uv": [0, 0, 0.002, 14], "rotation": 270, "texture": "#4"},
				"up": {"uv": [16, 0, 0, 16], "texture": "#4"},
				"down": {"uv": [0, 0, 16, 16], "rotation": 180, "texture": "#4"}
			}
		},
		{
			"from": [4.50305, -8.80761, 4.50355],
			"to": [11.50305, -8.80661, 11.50355],
			"rotation": {"angle": -22.5, "axis": "x", "origin": [8.00305, -8.80711, 8.00355]},
			"faces": {
				"north": {"uv": [0, 14, 0.002, 0], "rotation": 270, "texture": "#4"},
				"east": {"uv": [0, 14, 0.002, 0], "rotation": 90, "texture": "#4"},
				"south": {"uv": [0, 14, 0.002, 0], "rotation": 270, "texture": "#4"},
				"west": {"uv": [0, 14, 0.002, 0], "rotation": 270, "texture": "#4"},
				"up": {"uv": [16, 0, 0, 16], "rotation": 180, "texture": "#4"},
				"down": {"uv": [0, 0, 16, 16], "texture": "#4"}
			}
		}
	],
	"display": {
		"thirdperson_righthand": {
			"rotation": [0, 11, 0],
			"translation": [-0.5, 9.25, 1.5],
			"scale": [1.7, 1.7, 1.7]
		},
		"thirdperson_lefthand": {
			"rotation": [0, 11, 0],
			"translation": [-0.5, 9.25, 1.5],
			"scale": [1.7, 1.7, 1.7]
		},
		"firstperson_righthand": {
			"rotation": [-16, -17, 0],
			"translation": [3.25, 1, 1.5]
		},
		"firstperson_lefthand": {
			"rotation": [-17, -17, 0],
			"translation": [3.25, 1, 1.5]
		},
		"gui": {
			"rotation": [-32, 0, -41],
			"translation": [1, 1.75, 0],
			"scale": [0.8, 0.69, 0.8]
		},
		"head": {
			"rotation": [21, 0, -45],
			"translation": [0, 35.75, 0]
		}
	}
}