{
	"credit": "Made with Blockbench",
	"texture_size": [32, 32],
	"textures": {
		"0": "skins/zapball",
		"1": "skins/thunder_arch",
		"2": "skins/pzealot_leather",
		"particle": "skins/zapball"
	},
	"elements": [
		{
			"from": [7.5, -9, 7.5],
			"to": [8.5, 12, 8.5],
			"rotation": {"angle": 0, "axis": "y", "origin": [15.5, -1, 15.5]},
			"faces": {
				"north": {"uv": [0, 14.75, 10.75, 15.25], "rotation": 90, "texture": "#2"},
				"east": {"uv": [0, 15, 10.75, 15.5], "rotation": 90, "texture": "#2"},
				"south": {"uv": [0, 15.5, 10.75, 16], "rotation": 90, "texture": "#2"},
				"west": {"uv": [0, 15, 10.75, 15.5], "rotation": 90, "texture": "#2"},
				"up": {"uv": [0, 15.5, 10.75, 16], "rotation": 90, "texture": "#2"},
				"down": {"uv": [0, 15.5, 10.75, 16], "rotation": 90, "texture": "#2"}
			}
		},
		{
			"from": [7.5, 15.35, 6.5],
			"to": [8.5, 16.35, 9.5],
			"rotation": {"angle": 45, "axis": "y", "origin": [8, 13.725, 8]},
			"faces": {
				"north": {"uv": [7.75, 12.75, 8.25, 13.25], "texture": "#2"},
				"east": {"uv": [7.75, 12.75, 9.25, 13.25], "texture": "#2"},
				"south": {"uv": [7.75, 12.75, 8.25, 13.25], "texture": "#2"},
				"west": {"uv": [7.75, 12.75, 9.25, 13.25], "texture": "#2"},
				"up": {"uv": [7.75, 12.75, 8.25, 14.25], "texture": "#2"},
				"down": {"uv": [7.75, 12.75, 8.25, 14.25], "texture": "#2"}
			}
		},
		{
			"from": [7, 19.88579, 8.80711],
			"to": [9, 21.73579, 9.50711],
			"rotation": {"angle": 22.5, "axis": "x", "origin": [7.5, 21.38579, 9.00711]},
			"faces": {
				"north": {"uv": [7.75, 15, 8.675, 16], "rotation": 90, "texture": "#2"},
				"east": {"uv": [7.75, 15, 8.675, 15.35], "rotation": 90, "texture": "#2"},
				"south": {"uv": [7.75, 15, 8.675, 16], "rotation": 90, "texture": "#2"},
				"west": {"uv": [7.75, 15, 8.675, 15.35], "rotation": 90, "texture": "#2"},
				"up": {"uv": [7.75, 15, 8.1, 16], "rotation": 90, "texture": "#2"},
				"down": {"uv": [7.75, 15, 8.1, 16], "rotation": 90, "texture": "#2"}
			}
		},
		{
			"from": [6.71306, 20.24264, 7],
			"to": [7.41306, 22.09264, 9],
			"rotation": {"angle": 22.5, "axis": "z", "origin": [8, 21.01079, 8]},
			"faces": {
				"north": {"uv": [7.75, 15, 8.1, 15.925], "texture": "#2"},
				"east": {"uv": [7.75, 15, 8.75, 15.925], "texture": "#2"},
				"south": {"uv": [7.75, 15, 8.1, 15.925], "texture": "#2"},
				"west": {"uv": [7.75, 15, 8.75, 15.925], "texture": "#2"},
				"up": {"uv": [7.75, 15, 8.1, 16], "texture": "#2"},
				"down": {"uv": [7.75, 15, 8.1, 16], "texture": "#2"}
			}
		},
		{
			"from": [7, 19.88579, 6.49289],
			"to": [9, 21.73579, 7.19289],
			"rotation": {"angle": -22.5, "axis": "x", "origin": [7.5, 21.38579, 6.99289]},
			"faces": {
				"north": {"uv": [7.75, 15, 8.675, 16], "rotation": 90, "texture": "#2"},
				"east": {"uv": [7.75, 15, 8.675, 15.35], "rotation": 90, "texture": "#2"},
				"south": {"uv": [7.75, 15, 8.675, 16], "rotation": 90, "texture": "#2"},
				"west": {"uv": [7.75, 15, 8.675, 15.35], "rotation": 90, "texture": "#2"},
				"up": {"uv": [7.75, 15, 8.1, 16], "rotation": 90, "texture": "#2"},
				"down": {"uv": [7.75, 15, 8.1, 16], "rotation": 90, "texture": "#2"}
			}
		},
		{
			"from": [8.58694, 20.24264, 7],
			"to": [9.28694, 22.09264, 9],
			"rotation": {"angle": -22.5, "axis": "z", "origin": [8, 21.01079, 8]},
			"faces": {
				"north": {"uv": [7.75, 15, 8.1, 15.925], "rotation": 180, "texture": "#2"},
				"east": {"uv": [7.75, 15, 8.75, 15.925], "rotation": 180, "texture": "#2"},
				"south": {"uv": [7.75, 15, 8.1, 15.925], "rotation": 180, "texture": "#2"},
				"west": {"uv": [7.75, 15, 8.75, 15.925], "rotation": 180, "texture": "#2"},
				"up": {"uv": [7.75, 15, 8.1, 16], "rotation": 180, "texture": "#2"},
				"down": {"uv": [7.75, 15, 8.1, 16], "rotation": 180, "texture": "#2"}
			}
		},
		{
			"from": [7.5, 19.13579, 8.50711],
			"to": [8.5, 22.13579, 9.50711],
			"rotation": {"angle": 22.5, "axis": "x", "origin": [8, 20.63579, 9.00711]},
			"faces": {
				"north": {"uv": [13.5, 1.75, 15, 2.25], "rotation": 270, "texture": "#2"},
				"east": {"uv": [13.5, 1.75, 15, 2.25], "rotation": 270, "texture": "#2"},
				"south": {"uv": [13.5, 1.75, 15, 2.25], "rotation": 270, "texture": "#2"},
				"west": {"uv": [13.5, 1.75, 15, 2.25], "rotation": 270, "texture": "#2"},
				"up": {"uv": [13.5, 1.75, 14, 2.25], "rotation": 270, "texture": "#2"},
				"down": {"uv": [13.5, 1.75, 14, 2.25], "rotation": 270, "texture": "#2"}
			}
		},
		{
			"from": [7.6, 18.99906, 9.73842],
			"to": [8.4, 20.79906, 10.53842],
			"rotation": {"angle": -22.5, "axis": "x", "origin": [8, 19.86815, 8]},
			"faces": {
				"north": {"uv": [0, 13.5, 0.5, 14.5], "rotation": 180, "texture": "#2"},
				"east": {"uv": [0, 13.5, 0.5, 14.5], "rotation": 180, "texture": "#2"},
				"south": {"uv": [0, 13.5, 0.5, 14.5], "rotation": 180, "texture": "#2"},
				"west": {"uv": [0, 13.5, 0.5, 14.5], "rotation": 180, "texture": "#2"},
				"up": {"uv": [0, 13.5, 0.5, 14.5], "rotation": 180, "texture": "#2"},
				"down": {"uv": [0, 13.5, 0.5, 14.5], "rotation": 180, "texture": "#2"}
			}
		},
		{
			"from": [7.6, 16.99906, 11.73842],
			"to": [8.4, 21.29906, 12.53842],
			"rotation": {"angle": -22.5, "axis": "x", "origin": [8, 19.86815, 8]},
			"faces": {
				"north": {"uv": [0, 13.5, 2.25, 14], "rotation": 270, "texture": "#2"},
				"east": {"uv": [0, 13.5, 2.25, 14], "rotation": 270, "texture": "#2"},
				"south": {"uv": [0, 13.5, 2.25, 14], "rotation": 270, "texture": "#2"},
				"west": {"uv": [0, 13.5, 2.25, 14], "rotation": 270, "texture": "#2"},
				"up": {"uv": [0, 13.5, 0.5, 14], "rotation": 270, "texture": "#2"},
				"down": {"uv": [0, 13.5, 0.5, 14], "rotation": 270, "texture": "#2"}
			}
		},
		{
			"from": [7.601, 18.95698, 12.4874],
			"to": [8.399, 22.55498, 13.2854],
			"rotation": {"angle": 0, "axis": "x", "origin": [8, 21.15598, 12.8864]},
			"faces": {
				"north": {"uv": [8.75, 13.75, 10.65, 14.25], "rotation": 270, "texture": "#2"},
				"east": {"uv": [8.75, 13.75, 10.65, 14.25], "rotation": 270, "texture": "#2"},
				"south": {"uv": [8.75, 13.75, 10.65, 14.25], "rotation": 270, "texture": "#2"},
				"west": {"uv": [8.75, 13.75, 10.65, 14.25], "rotation": 270, "texture": "#2"},
				"up": {"uv": [8.75, 13.75, 10.65, 14.25], "rotation": 270, "texture": "#2"},
				"down": {"uv": [8.75, 13.75, 10.65, 14.25], "rotation": 270, "texture": "#2"}
			}
		},
		{
			"from": [7.6, 24.59333, 15.18257],
			"to": [8.4, 27.39333, 15.98257],
			"rotation": {"angle": -22.5, "axis": "x", "origin": [8, 17.96243, 11.44415]},
			"faces": {
				"north": {"uv": [5.5, 14.25, 7, 14.75], "rotation": 270, "texture": "#2"},
				"east": {"uv": [5.5, 14.75, 7, 14.25], "rotation": 270, "texture": "#2"},
				"south": {"uv": [5.5, 13.5, 7, 14], "rotation": 270, "texture": "#2"},
				"west": {"uv": [5.5, 14.25, 7, 14.75], "rotation": 270, "texture": "#2"},
				"up": {"uv": [5.5, 14.25, 7, 14.75], "rotation": 270, "texture": "#2"},
				"down": {"uv": [5.5, 14.25, 7, 14.75], "rotation": 270, "texture": "#2"}
			}
		},
		{
			"from": [7.601, 23.9524, 10.31296],
			"to": [8.399, 29.5004, 11.11096],
			"rotation": {"angle": -45, "axis": "x", "origin": [8, 29.16264, 10.71196]},
			"faces": {
				"north": {"uv": [4.75, 13.5, 7.625, 14], "rotation": 270, "texture": "#2"},
				"east": {"uv": [4.75, 14, 7.625, 14.5], "rotation": 270, "texture": "#2"},
				"south": {"uv": [4.5, 14, 7.375, 14.5], "rotation": 270, "texture": "#2"},
				"west": {"uv": [4.75, 13.5, 7.625, 14], "rotation": 270, "texture": "#2"},
				"up": {"uv": [6.25, 13.75, 6.75, 14.25], "rotation": 270, "texture": "#2"},
				"down": {"uv": [4.75, 13.5, 5.25, 14], "rotation": 270, "texture": "#2"}
			}
		},
		{
			"from": [7.601, 22.36213, 11.41257],
			"to": [8.399, 26.16013, 12.21057],
			"rotation": {"angle": 22.5, "axis": "x", "origin": [8, 23.76113, 11.81157]},
			"faces": {
				"north": {"uv": [2.75, 13.5, 4.75, 14], "rotation": 270, "texture": "#2"},
				"east": {"uv": [2.75, 14.25, 4.75, 14.75], "rotation": 270, "texture": "#2"},
				"south": {"uv": [2.75, 13.5, 4.75, 14], "rotation": 270, "texture": "#2"},
				"west": {"uv": [2.75, 14.25, 4.75, 14.75], "rotation": 270, "texture": "#2"},
				"up": {"uv": [2.75, 13.5, 4.75, 14], "rotation": 270, "texture": "#2"},
				"down": {"uv": [2.75, 13.5, 4.75, 14], "rotation": 270, "texture": "#2"}
			}
		},
		{
			"from": [7.6, 22.29634, 12.99171],
			"to": [8.4, 26.09634, 13.79171],
			"rotation": {"angle": 22.5, "axis": "x", "origin": [8, 23.69634, 13.39171]},
			"faces": {
				"north": {"uv": [5, 13.5, 7, 14], "rotation": 90, "texture": "#2"},
				"east": {"uv": [5, 13.5, 7, 14], "rotation": 90, "texture": "#2"},
				"south": {"uv": [7, 13.5, 5, 14], "rotation": 270, "texture": "#2"},
				"west": {"uv": [5, 14, 7, 13.5], "rotation": 90, "texture": "#2"},
				"up": {"uv": [5, 13.5, 7, 14], "rotation": 90, "texture": "#2"},
				"down": {"uv": [5, 13.5, 7, 14], "rotation": 90, "texture": "#2"}
			}
		},
		{
			"from": [5.46158, 18.99906, 7.6],
			"to": [6.26158, 20.79906, 8.4],
			"rotation": {"angle": -22.5, "axis": "z", "origin": [8, 19.86815, 8]},
			"faces": {
				"north": {"uv": [0, 13.5, 0.5, 14.5], "rotation": 180, "texture": "#2"},
				"east": {"uv": [0, 13.5, 0.5, 14.5], "rotation": 180, "texture": "#2"},
				"south": {"uv": [0, 13.5, 0.5, 14.5], "rotation": 180, "texture": "#2"},
				"west": {"uv": [0, 13.5, 0.5, 14.5], "rotation": 180, "texture": "#2"},
				"up": {"uv": [0, 13.5, 0.5, 14.5], "rotation": 180, "texture": "#2"},
				"down": {"uv": [0, 13.5, 0.5, 14.5], "rotation": 180, "texture": "#2"}
			}
		},
		{
			"from": [7.6, 18.99906, 5.46158],
			"to": [8.4, 20.79906, 6.26158],
			"rotation": {"angle": 22.5, "axis": "x", "origin": [8, 19.86815, 8]},
			"faces": {
				"north": {"uv": [0, 13.5, 0.5, 14.5], "rotation": 180, "texture": "#2"},
				"east": {"uv": [0, 13.5, 0.5, 14.5], "rotation": 180, "texture": "#2"},
				"south": {"uv": [0, 13.5, 0.5, 14.5], "rotation": 180, "texture": "#2"},
				"west": {"uv": [0, 13.5, 0.5, 14.5], "rotation": 180, "texture": "#2"},
				"up": {"uv": [0, 13.5, 0.5, 14.5], "rotation": 180, "texture": "#2"},
				"down": {"uv": [0, 13.5, 0.5, 14.5], "rotation": 180, "texture": "#2"}
			}
		},
		{
			"from": [9.73842, 18.99906, 7.6],
			"to": [10.53842, 20.79906, 8.4],
			"rotation": {"angle": 22.5, "axis": "z", "origin": [8, 19.86815, 8]},
			"faces": {
				"north": {"uv": [0, 13.5, 0.5, 14.5], "rotation": 180, "texture": "#2"},
				"east": {"uv": [0, 13.5, 0.5, 14.5], "rotation": 180, "texture": "#2"},
				"south": {"uv": [0, 13.5, 0.5, 14.5], "rotation": 180, "texture": "#2"},
				"west": {"uv": [0, 13.5, 0.5, 14.5], "rotation": 180, "texture": "#2"},
				"up": {"uv": [0, 13.5, 0.5, 14.5], "rotation": 180, "texture": "#2"},
				"down": {"uv": [0, 13.5, 0.5, 14.5], "rotation": 180, "texture": "#2"}
			}
		},
		{
			"from": [7.7, 19.86466, 10.42768],
			"to": [8.3, 20.46466, 11.02768],
			"rotation": {"angle": 22.5, "axis": "x", "origin": [8, 19.86815, 8]},
			"faces": {
				"north": {"uv": [10.5, 15.25, 11, 15.75], "rotation": 270, "texture": "#2"},
				"east": {"uv": [10.5, 15.25, 11, 15.75], "rotation": 270, "texture": "#2"},
				"south": {"uv": [10.5, 15.25, 11, 15.75], "rotation": 270, "texture": "#2"},
				"west": {"uv": [10.5, 15.25, 11, 15.75], "rotation": 270, "texture": "#2"},
				"up": {"uv": [10.5, 15.25, 11, 15.75], "rotation": 270, "texture": "#2"},
				"down": {"uv": [10.5, 15.25, 11, 15.75], "rotation": 270, "texture": "#2"}
			}
		},
		{
			"from": [7.85, 17.04471, 9.71501],
			"to": [8.15, 17.34471, 11.01501],
			"rotation": {"angle": 0, "axis": "x", "origin": [8, 17.19471, 9.86501]},
			"faces": {
				"north": {"uv": [7, 15.5, 7.5, 16], "texture": "#2"},
				"east": {"uv": [7, 15.5, 7.5, 16], "texture": "#2"},
				"south": {"uv": [7, 15.5, 7.5, 16], "texture": "#2"},
				"west": {"uv": [7, 15.5, 7.5, 16], "texture": "#2"},
				"up": {"uv": [7, 15.5, 7.5, 16], "texture": "#2"},
				"down": {"uv": [7, 15.5, 7.5, 16], "texture": "#2"}
			}
		},
		{
			"from": [7.85, 17.04471, 9.71501],
			"to": [8.15, 17.34471, 11.01501],
			"rotation": {"angle": 45, "axis": "y", "origin": [8, 17.19735, 8]},
			"faces": {
				"north": {"uv": [7, 15.5, 7.5, 16], "texture": "#2"},
				"east": {"uv": [7, 15.5, 7.5, 16], "texture": "#2"},
				"south": {"uv": [7, 15.5, 7.5, 16], "texture": "#2"},
				"west": {"uv": [7, 15.5, 7.5, 16], "texture": "#2"},
				"up": {"uv": [7, 15.5, 7.5, 16], "texture": "#2"},
				"down": {"uv": [7, 15.5, 7.5, 16], "texture": "#2"}
			}
		},
		{
			"from": [4.98499, 17.04471, 7.85],
			"to": [6.28499, 17.34471, 8.15],
			"rotation": {"angle": 0, "axis": "x", "origin": [8, 17.19735, 8]},
			"faces": {
				"north": {"uv": [7, 15.5, 7.5, 16], "rotation": 90, "texture": "#2"},
				"east": {"uv": [7, 15.5, 7.5, 16], "rotation": 90, "texture": "#2"},
				"south": {"uv": [7, 15.5, 7.5, 16], "rotation": 90, "texture": "#2"},
				"west": {"uv": [7, 15.5, 7.5, 16], "rotation": 90, "texture": "#2"},
				"up": {"uv": [7, 15.5, 7.5, 16], "rotation": 90, "texture": "#2"},
				"down": {"uv": [7, 15.5, 7.5, 16], "rotation": 90, "texture": "#2"}
			}
		},
		{
			"from": [4.98499, 17.04471, 7.85],
			"to": [6.28499, 17.34471, 8.15],
			"rotation": {"angle": 45, "axis": "y", "origin": [8, 17.19735, 8]},
			"faces": {
				"north": {"uv": [7, 15.5, 7.5, 16], "rotation": 90, "texture": "#2"},
				"east": {"uv": [7, 15.5, 7.5, 16], "rotation": 90, "texture": "#2"},
				"south": {"uv": [7, 15.5, 7.5, 16], "rotation": 90, "texture": "#2"},
				"west": {"uv": [7, 15.5, 7.5, 16], "rotation": 90, "texture": "#2"},
				"up": {"uv": [7, 15.5, 7.5, 16], "rotation": 90, "texture": "#2"},
				"down": {"uv": [7, 15.5, 7.5, 16], "rotation": 90, "texture": "#2"}
			}
		},
		{
			"from": [7.85, 17.04471, 4.98499],
			"to": [8.15, 17.34471, 6.28499],
			"rotation": {"angle": 0, "axis": "x", "origin": [8, 17.19471, 6.13499]},
			"faces": {
				"north": {"uv": [7, 15.5, 7.5, 16], "rotation": 180, "texture": "#2"},
				"east": {"uv": [7, 15.5, 7.5, 16], "rotation": 180, "texture": "#2"},
				"south": {"uv": [7, 15.5, 7.5, 16], "rotation": 180, "texture": "#2"},
				"west": {"uv": [7, 15.5, 7.5, 16], "rotation": 180, "texture": "#2"},
				"up": {"uv": [7, 15.5, 7.5, 16], "rotation": 180, "texture": "#2"},
				"down": {"uv": [7, 15.5, 7.5, 16], "rotation": 180, "texture": "#2"}
			}
		},
		{
			"from": [7.85, 17.04471, 4.98499],
			"to": [8.15, 17.34471, 6.28499],
			"rotation": {"angle": 45, "axis": "y", "origin": [8, 17.19735, 8]},
			"faces": {
				"north": {"uv": [7, 15.5, 7.5, 16], "rotation": 180, "texture": "#2"},
				"east": {"uv": [7, 15.5, 7.5, 16], "rotation": 180, "texture": "#2"},
				"south": {"uv": [7, 15.5, 7.5, 16], "rotation": 180, "texture": "#2"},
				"west": {"uv": [7, 15.5, 7.5, 16], "rotation": 180, "texture": "#2"},
				"up": {"uv": [7, 15.5, 7.5, 16], "rotation": 180, "texture": "#2"},
				"down": {"uv": [7, 15.5, 7.5, 16], "rotation": 180, "texture": "#2"}
			}
		},
		{
			"from": [9.71501, 17.04471, 7.85],
			"to": [11.01501, 17.34471, 8.15],
			"rotation": {"angle": 0, "axis": "x", "origin": [8, 17.19735, 8]},
			"faces": {
				"north": {"uv": [7, 15.5, 7.5, 16], "rotation": 90, "texture": "#2"},
				"east": {"uv": [7, 15.5, 7.5, 16], "rotation": 90, "texture": "#2"},
				"south": {"uv": [7, 15.5, 7.5, 16], "rotation": 90, "texture": "#2"},
				"west": {"uv": [7, 15.5, 7.5, 16], "rotation": 90, "texture": "#2"},
				"up": {"uv": [7, 15.5, 7.5, 16], "rotation": 90, "texture": "#2"},
				"down": {"uv": [7, 15.5, 7.5, 16], "rotation": 90, "texture": "#2"}
			}
		},
		{
			"from": [9.71501, 17.04471, 7.85],
			"to": [11.01501, 17.34471, 8.15],
			"rotation": {"angle": 45, "axis": "y", "origin": [8, 17.19735, 8]},
			"faces": {
				"north": {"uv": [7, 15.5, 7.5, 16], "rotation": 90, "texture": "#2"},
				"east": {"uv": [7, 15.5, 7.5, 16], "rotation": 90, "texture": "#2"},
				"south": {"uv": [7, 15.5, 7.5, 16], "rotation": 90, "texture": "#2"},
				"west": {"uv": [7, 15.5, 7.5, 16], "rotation": 90, "texture": "#2"},
				"up": {"uv": [7, 15.5, 7.5, 16], "rotation": 90, "texture": "#2"},
				"down": {"uv": [7, 15.5, 7.5, 16], "rotation": 90, "texture": "#2"}
			}
		},
		{
			"from": [4.97232, 19.86466, 7.7],
			"to": [5.57232, 20.46466, 8.3],
			"rotation": {"angle": 22.5, "axis": "z", "origin": [8, 19.86815, 8]},
			"faces": {
				"north": {"uv": [10.5, 15.25, 11, 15.75], "texture": "#2"},
				"east": {"uv": [10.5, 15.25, 11, 15.75], "texture": "#2"},
				"south": {"uv": [10.5, 15.25, 11, 15.75], "texture": "#2"},
				"west": {"uv": [10.5, 15.25, 11, 15.75], "texture": "#2"},
				"up": {"uv": [10.5, 15.25, 11, 15.75], "texture": "#2"},
				"down": {"uv": [10.5, 15.25, 11, 15.75], "texture": "#2"}
			}
		},
		{
			"from": [7.7, 19.86466, 4.97232],
			"to": [8.3, 20.46466, 5.57232],
			"rotation": {"angle": -22.5, "axis": "x", "origin": [8, 19.86815, 8]},
			"faces": {
				"north": {"uv": [10.5, 15.25, 11, 15.75], "rotation": 270, "texture": "#2"},
				"east": {"uv": [10.5, 15.25, 11, 15.75], "rotation": 270, "texture": "#2"},
				"south": {"uv": [10.5, 15.25, 11, 15.75], "rotation": 270, "texture": "#2"},
				"west": {"uv": [10.5, 15.25, 11, 15.75], "rotation": 270, "texture": "#2"},
				"up": {"uv": [10.5, 15.25, 11, 15.75], "rotation": 270, "texture": "#2"},
				"down": {"uv": [10.5, 15.25, 11, 15.75], "rotation": 270, "texture": "#2"}
			}
		},
		{
			"from": [10.42768, 19.86466, 7.7],
			"to": [11.02768, 20.46466, 8.3],
			"rotation": {"angle": -22.5, "axis": "z", "origin": [8, 19.86815, 8]},
			"faces": {
				"north": {"uv": [10.5, 15.25, 11, 15.75], "rotation": 180, "texture": "#2"},
				"east": {"uv": [10.5, 15.25, 11, 15.75], "rotation": 180, "texture": "#2"},
				"south": {"uv": [10.5, 15.25, 11, 15.75], "rotation": 180, "texture": "#2"},
				"west": {"uv": [10.5, 15.25, 11, 15.75], "rotation": 180, "texture": "#2"},
				"up": {"uv": [10.5, 15.25, 11, 15.75], "rotation": 180, "texture": "#2"},
				"down": {"uv": [10.5, 15.25, 11, 15.75], "rotation": 180, "texture": "#2"}
			}
		},
		{
			"from": [7.8, 18.19906, 9.93842],
			"to": [8.2, 19.59906, 10.33842],
			"rotation": {"angle": -22.5, "axis": "x", "origin": [8, 19.86815, 8]},
			"faces": {
				"north": {"uv": [2.25, 12.75, 3.25, 13.25], "rotation": 270, "texture": "#2"},
				"east": {"uv": [2.25, 12.75, 3.25, 13.25], "rotation": 270, "texture": "#2"},
				"south": {"uv": [2.25, 12.75, 3.25, 13.25], "rotation": 270, "texture": "#2"},
				"west": {"uv": [2.25, 12.75, 3.25, 13.25], "rotation": 270, "texture": "#2"},
				"up": {"uv": [2.25, 12.75, 3.25, 13.25], "rotation": 270, "texture": "#2"},
				"down": {"uv": [2.25, 12.75, 3.25, 13.25], "rotation": 270, "texture": "#2"}
			}
		},
		{
			"from": [7.8, 21.09116, 10.6465],
			"to": [8.2, 21.49116, 12.0465],
			"rotation": {"angle": -22.5, "axis": "x", "origin": [8, 19.79116, 10.3465]},
			"faces": {
				"north": {"uv": [0.5, 12.5, 1.5, 13], "texture": "#2"},
				"east": {"uv": [0.5, 12.5, 1.5, 13], "texture": "#2"},
				"south": {"uv": [0.5, 12.5, 1.5, 13], "texture": "#2"},
				"west": {"uv": [0.5, 12.5, 1.5, 13], "texture": "#2"},
				"up": {"uv": [0.5, 12.5, 1.5, 13], "texture": "#2"},
				"down": {"uv": [0.5, 12.5, 1.5, 13], "texture": "#2"}
			}
		},
		{
			"from": [7.8, 20.09116, 10.6465],
			"to": [8.2, 20.49116, 12.0465],
			"rotation": {"angle": -22.5, "axis": "x", "origin": [8, 19.79116, 10.3465]},
			"faces": {
				"north": {"uv": [0.5, 12.5, 1.5, 13], "texture": "#2"},
				"east": {"uv": [0.5, 12.5, 1.5, 13], "texture": "#2"},
				"south": {"uv": [0.5, 12.5, 1.5, 13], "texture": "#2"},
				"west": {"uv": [0.5, 12.5, 1.5, 13], "texture": "#2"},
				"up": {"uv": [0.5, 12.5, 1.5, 13], "texture": "#2"},
				"down": {"uv": [0.5, 12.5, 1.5, 13], "texture": "#2"}
			}
		},
		{
			"from": [7.7, 16.9, 9.06501],
			"to": [8.3, 17.5, 10.66501],
			"rotation": {"angle": 0, "axis": "x", "origin": [8, 17.24471, 10.24001]},
			"faces": {
				"north": {"uv": [13.5, 13.75, 14, 14.25], "rotation": 180, "texture": "#2"},
				"east": {"uv": [13.5, 13.75, 14.5, 14.25], "rotation": 180, "texture": "#2"},
				"south": {"uv": [13.5, 13.75, 14, 14.25], "rotation": 180, "texture": "#2"},
				"west": {"uv": [13.5, 13.75, 14.5, 14.25], "rotation": 180, "texture": "#2"},
				"up": {"uv": [13.5, 13.75, 14, 14.75], "rotation": 180, "texture": "#2"},
				"down": {"uv": [13.5, 13.75, 14, 14.75], "rotation": 180, "texture": "#2"}
			}
		},
		{
			"from": [7.7, 16.9, 9.06501],
			"to": [8.3, 17.5, 10.66501],
			"rotation": {"angle": 45, "axis": "y", "origin": [8, 17.19735, 8]},
			"faces": {
				"north": {"uv": [13.5, 13.75, 14, 14.25], "rotation": 180, "texture": "#2"},
				"east": {"uv": [13.5, 13.75, 14.5, 14.25], "rotation": 180, "texture": "#2"},
				"south": {"uv": [13.5, 13.75, 14, 14.25], "rotation": 180, "texture": "#2"},
				"west": {"uv": [13.5, 13.75, 14.5, 14.25], "rotation": 180, "texture": "#2"},
				"up": {"uv": [13.5, 13.75, 14, 14.75], "rotation": 180, "texture": "#2"},
				"down": {"uv": [13.5, 13.75, 14, 14.75], "rotation": 180, "texture": "#2"}
			}
		},
		{
			"from": [5.33499, 16.9, 7.7],
			"to": [6.93499, 17.5, 8.3],
			"rotation": {"angle": 0, "axis": "x", "origin": [8, 17.19735, 8]},
			"faces": {
				"north": {"uv": [13, 13.75, 14, 14.25], "rotation": 180, "texture": "#2"},
				"east": {"uv": [13, 13.75, 13.5, 14.25], "rotation": 180, "texture": "#2"},
				"south": {"uv": [13, 13.75, 14, 14.25], "rotation": 180, "texture": "#2"},
				"west": {"uv": [13, 13.75, 13.5, 14.25], "rotation": 180, "texture": "#2"},
				"up": {"uv": [13, 13.75, 14, 14.25], "rotation": 180, "texture": "#2"},
				"down": {"uv": [13, 13.75, 14, 14.25], "rotation": 180, "texture": "#2"}
			}
		},
		{
			"from": [5.33499, 16.9, 7.7],
			"to": [6.93499, 17.5, 8.3],
			"rotation": {"angle": 45, "axis": "y", "origin": [8, 17.19735, 8]},
			"faces": {
				"north": {"uv": [13, 13.75, 14, 14.25], "rotation": 180, "texture": "#2"},
				"east": {"uv": [13, 13.75, 13.5, 14.25], "rotation": 180, "texture": "#2"},
				"south": {"uv": [13, 13.75, 14, 14.25], "rotation": 180, "texture": "#2"},
				"west": {"uv": [13, 13.75, 13.5, 14.25], "rotation": 180, "texture": "#2"},
				"up": {"uv": [13, 13.75, 14, 14.25], "rotation": 180, "texture": "#2"},
				"down": {"uv": [13, 13.75, 14, 14.25], "rotation": 180, "texture": "#2"}
			}
		},
		{
			"from": [7.7, 16.9, 5.33499],
			"to": [8.3, 17.5, 6.93499],
			"rotation": {"angle": 0, "axis": "x", "origin": [8, 17.24471, 5.75999]},
			"faces": {
				"north": {"uv": [13.5, 13.75, 14, 14.25], "rotation": 180, "texture": "#2"},
				"east": {"uv": [13.5, 13.75, 14.5, 14.25], "rotation": 180, "texture": "#2"},
				"south": {"uv": [13.5, 13.75, 14, 14.25], "rotation": 180, "texture": "#2"},
				"west": {"uv": [13.5, 13.75, 14.5, 14.25], "rotation": 180, "texture": "#2"},
				"up": {"uv": [13.5, 13.75, 14, 14.75], "rotation": 180, "texture": "#2"},
				"down": {"uv": [13.5, 13.75, 14, 14.75], "rotation": 180, "texture": "#2"}
			}
		},
		{
			"from": [7.7, 16.9, 5.33499],
			"to": [8.3, 17.5, 6.93499],
			"rotation": {"angle": 45, "axis": "y", "origin": [8, 17.19735, 8]},
			"faces": {
				"north": {"uv": [13.5, 13.75, 14, 14.25], "rotation": 180, "texture": "#2"},
				"east": {"uv": [13.5, 13.75, 14.5, 14.25], "rotation": 180, "texture": "#2"},
				"south": {"uv": [13.5, 13.75, 14, 14.25], "rotation": 180, "texture": "#2"},
				"west": {"uv": [13.5, 13.75, 14.5, 14.25], "rotation": 180, "texture": "#2"},
				"up": {"uv": [13.5, 13.75, 14, 14.75], "rotation": 180, "texture": "#2"},
				"down": {"uv": [13.5, 13.75, 14, 14.75], "rotation": 180, "texture": "#2"}
			}
		},
		{
			"from": [9.06501, 16.9, 7.7],
			"to": [10.66501, 17.5, 8.3],
			"rotation": {"angle": 0, "axis": "x", "origin": [8, 17.19735, 8]},
			"faces": {
				"north": {"uv": [13, 13.75, 14, 14.25], "rotation": 180, "texture": "#2"},
				"east": {"uv": [13, 13.75, 13.5, 14.25], "rotation": 180, "texture": "#2"},
				"south": {"uv": [13, 13.75, 14, 14.25], "rotation": 180, "texture": "#2"},
				"west": {"uv": [13, 13.75, 13.5, 14.25], "rotation": 180, "texture": "#2"},
				"up": {"uv": [13, 13.75, 14, 14.25], "rotation": 180, "texture": "#2"},
				"down": {"uv": [13, 13.75, 14, 14.25], "rotation": 180, "texture": "#2"}
			}
		},
		{
			"from": [9.06501, 16.9, 7.7],
			"to": [10.66501, 17.5, 8.3],
			"rotation": {"angle": 45, "axis": "y", "origin": [8, 17.19735, 8]},
			"faces": {
				"north": {"uv": [12.5, 13.25, 13.5, 13.75], "rotation": 180, "texture": "#2"},
				"east": {"uv": [12.5, 13.25, 13.5, 13.75], "rotation": 180, "texture": "#2"},
				"south": {"uv": [12.5, 13.25, 13.5, 13.75], "rotation": 180, "texture": "#2"},
				"west": {"uv": [12.5, 13.25, 13.5, 13.75], "rotation": 180, "texture": "#2"},
				"up": {"uv": [12.5, 13.25, 13.5, 13.75], "rotation": 180, "texture": "#2"},
				"down": {"uv": [12.5, 13.25, 13.5, 13.75], "rotation": 180, "texture": "#2"}
			}
		},
		{
			"from": [5.66158, 18.19906, 7.8],
			"to": [6.06158, 19.59906, 8.2],
			"rotation": {"angle": -22.5, "axis": "z", "origin": [8, 19.86815, 8]},
			"faces": {
				"north": {"uv": [1, 12.5, 2, 13], "rotation": 270, "texture": "#2"},
				"east": {"uv": [1, 12.5, 2, 13], "rotation": 270, "texture": "#2"},
				"south": {"uv": [1, 12.5, 2, 13], "rotation": 270, "texture": "#2"},
				"west": {"uv": [1, 12.5, 2, 13], "rotation": 270, "texture": "#2"},
				"up": {"uv": [1, 12.5, 2, 13], "rotation": 270, "texture": "#2"},
				"down": {"uv": [1, 12.5, 2, 13], "rotation": 270, "texture": "#2"}
			}
		},
		{
			"from": [7.8, 18.19906, 5.66158],
			"to": [8.2, 19.59906, 6.06158],
			"rotation": {"angle": 22.5, "axis": "x", "origin": [8, 19.86815, 8]},
			"faces": {
				"north": {"uv": [2.25, 12.75, 3.25, 13.25], "rotation": 270, "texture": "#2"},
				"east": {"uv": [2.25, 12.75, 3.25, 13.25], "rotation": 270, "texture": "#2"},
				"south": {"uv": [2.25, 12.75, 3.25, 13.25], "rotation": 270, "texture": "#2"},
				"west": {"uv": [2.25, 12.75, 3.25, 13.25], "rotation": 270, "texture": "#2"},
				"up": {"uv": [2.25, 12.75, 3.25, 13.25], "rotation": 270, "texture": "#2"},
				"down": {"uv": [2.25, 12.75, 3.25, 13.25], "rotation": 270, "texture": "#2"}
			}
		},
		{
			"from": [9.93842, 18.19906, 7.8],
			"to": [10.33842, 19.59906, 8.2],
			"rotation": {"angle": 22.5, "axis": "z", "origin": [8, 19.86815, 8]},
			"faces": {
				"north": {"uv": [1, 12.5, 2, 13], "rotation": 270, "texture": "#2"},
				"east": {"uv": [1, 12.5, 2, 13], "rotation": 270, "texture": "#2"},
				"south": {"uv": [1, 12.5, 2, 13], "rotation": 270, "texture": "#2"},
				"west": {"uv": [1, 12.5, 2, 13], "rotation": 270, "texture": "#2"},
				"up": {"uv": [1, 12.5, 2, 13], "rotation": 270, "texture": "#2"},
				"down": {"uv": [1, 12.5, 2, 13], "rotation": 270, "texture": "#2"}
			}
		},
		{
			"from": [6.42605, 19.54973, 7.5],
			"to": [7.42605, 22.54973, 8.5],
			"rotation": {"angle": 22.5, "axis": "z", "origin": [8, 21.01079, 8]},
			"faces": {
				"north": {"uv": [13.5, 1.75, 14, 3.25], "rotation": 180, "texture": "#2"},
				"east": {"uv": [13.5, 1.75, 14, 3.25], "rotation": 180, "texture": "#2"},
				"south": {"uv": [13.5, 1.75, 14, 3.25], "rotation": 180, "texture": "#2"},
				"west": {"uv": [13.5, 1.75, 14, 3.25], "rotation": 180, "texture": "#2"},
				"up": {"uv": [13.5, 1.75, 14, 2.25], "rotation": 180, "texture": "#2"},
				"down": {"uv": [13.5, 1.75, 14, 2.25], "rotation": 180, "texture": "#2"}
			}
		},
		{
			"from": [7.5, 19.13579, 6.49289],
			"to": [8.5, 22.13579, 7.49289],
			"rotation": {"angle": -22.5, "axis": "x", "origin": [8, 20.63579, 6.99289]},
			"faces": {
				"north": {"uv": [13.5, 1.75, 15, 2.25], "rotation": 270, "texture": "#2"},
				"east": {"uv": [13.5, 1.75, 15, 2.25], "rotation": 270, "texture": "#2"},
				"south": {"uv": [13.5, 1.75, 15, 2.25], "rotation": 270, "texture": "#2"},
				"west": {"uv": [13.5, 1.75, 15, 2.25], "rotation": 270, "texture": "#2"},
				"up": {"uv": [13.5, 1.75, 14, 2.25], "rotation": 270, "texture": "#2"},
				"down": {"uv": [13.5, 1.75, 14, 2.25], "rotation": 270, "texture": "#2"}
			}
		},
		{
			"from": [8.57395, 19.54973, 7.5],
			"to": [9.57395, 22.54973, 8.5],
			"rotation": {"angle": -22.5, "axis": "z", "origin": [8, 21.01079, 8]},
			"faces": {
				"north": {"uv": [13.5, 1.75, 14, 3.25], "texture": "#2"},
				"east": {"uv": [13.5, 1.75, 14, 3.25], "texture": "#2"},
				"south": {"uv": [13.5, 1.75, 14, 3.25], "texture": "#2"},
				"west": {"uv": [13.5, 1.75, 14, 3.25], "texture": "#2"},
				"up": {"uv": [13.5, 1.75, 14, 2.25], "texture": "#2"},
				"down": {"uv": [13.5, 1.75, 14, 2.25], "texture": "#2"}
			}
		},
		{
			"from": [7.4, 16.6, 5.9],
			"to": [8.6, 17.8, 10.1],
			"rotation": {"angle": 45, "axis": "y", "origin": [8, 17.2, 8]},
			"faces": {
				"north": {"uv": [8.25, 15.25, 8.75, 15.75], "rotation": 90, "texture": "#2"},
				"east": {"uv": [8.25, 15.25, 10.25, 15.75], "rotation": 180, "texture": "#2"},
				"south": {"uv": [8.25, 15.25, 8.75, 15.75], "rotation": 90, "texture": "#2"},
				"west": {"uv": [8.25, 15.25, 10.25, 15.75], "rotation": 180, "texture": "#2"},
				"up": {"uv": [8.25, 15.25, 10.25, 15.75], "rotation": 90, "texture": "#2"},
				"down": {"uv": [8.25, 15.25, 10.25, 15.75], "rotation": 90, "texture": "#2"}
			}
		},
		{
			"from": [7.4, 16.6, 5.9],
			"to": [8.6, 17.8, 10.1],
			"rotation": {"angle": -45, "axis": "y", "origin": [8, 17.2, 8]},
			"faces": {
				"north": {"uv": [8.25, 15.25, 8.75, 15.75], "rotation": 90, "texture": "#2"},
				"east": {"uv": [8.25, 15.25, 10.25, 15.75], "rotation": 180, "texture": "#2"},
				"south": {"uv": [8.25, 15.25, 8.75, 15.75], "rotation": 90, "texture": "#2"},
				"west": {"uv": [8.25, 15.25, 10.25, 15.75], "rotation": 180, "texture": "#2"},
				"up": {"uv": [8.25, 15.25, 10.25, 15.75], "rotation": 270, "texture": "#2"},
				"down": {"uv": [8.25, 15.25, 10.25, 15.75], "rotation": 270, "texture": "#2"}
			}
		},
		{
			"from": [7.5, 11.1, 6.5],
			"to": [8.5, 12.1, 9.5],
			"rotation": {"angle": 45, "axis": "y", "origin": [8, 13.725, 8]},
			"faces": {
				"north": {"uv": [7.75, 12.75, 8.25, 13.25], "texture": "#2"},
				"east": {"uv": [7.75, 12.75, 9.25, 13.25], "texture": "#2"},
				"south": {"uv": [7.75, 12.75, 8.25, 13.25], "texture": "#2"},
				"west": {"uv": [7.75, 12.75, 9.25, 13.25], "texture": "#2"},
				"up": {"uv": [7.75, 12.75, 8.25, 14.25], "texture": "#2"},
				"down": {"uv": [7.75, 12.75, 8.25, 14.25], "texture": "#2"}
			}
		},
		{
			"from": [7.5, -7.9, 6.5],
			"to": [8.5, -6.9, 9.5],
			"rotation": {"angle": 45, "axis": "y", "origin": [8, -5.275, 8]},
			"faces": {
				"north": {"uv": [7.75, 12.75, 8.25, 13.25], "texture": "#2"},
				"east": {"uv": [7.75, 12.75, 9.25, 13.25], "texture": "#2"},
				"south": {"uv": [7.75, 12.75, 8.25, 13.25], "texture": "#2"},
				"west": {"uv": [7.75, 12.75, 9.25, 13.25], "texture": "#2"},
				"up": {"uv": [7.75, 12.75, 8.25, 14.25], "texture": "#2"},
				"down": {"uv": [7.75, 12.75, 8.25, 14.25], "texture": "#2"}
			}
		},
		{
			"from": [7.85, 11.7, 6.6],
			"to": [8.15, 15.5, 6.9],
			"rotation": {"angle": 45, "axis": "y", "origin": [8, 13.6, 8]},
			"faces": {
				"north": {"uv": [13.25, 11.5, 13.75, 13.75], "texture": "#2"},
				"east": {"uv": [13.25, 11.5, 13.75, 13.75], "texture": "#2"},
				"south": {"uv": [13.25, 11.5, 13.75, 13.75], "texture": "#2"},
				"west": {"uv": [13.25, 11.5, 13.75, 13.75], "texture": "#2"},
				"up": {"uv": [13.25, 11.5, 13.75, 13.75], "texture": "#2"},
				"down": {"uv": [13.25, 11.5, 13.75, 13.75], "texture": "#2"}
			}
		},
		{
			"from": [9.1, 11.7, 7.85],
			"to": [9.4, 15.5, 8.15],
			"rotation": {"angle": 45, "axis": "y", "origin": [8, 13.6, 8]},
			"faces": {
				"north": {"uv": [13.25, 11.5, 13.75, 13.75], "texture": "#2"},
				"east": {"uv": [13.25, 11.5, 13.75, 13.75], "texture": "#2"},
				"south": {"uv": [13.25, 11.5, 13.75, 13.75], "texture": "#2"},
				"west": {"uv": [13.25, 11.5, 13.75, 13.75], "texture": "#2"},
				"up": {"uv": [13.25, 11.5, 13.75, 13.75], "texture": "#2"},
				"down": {"uv": [13.25, 11.5, 13.75, 13.75], "texture": "#2"}
			}
		},
		{
			"from": [7.85, 11.7, 9.1],
			"to": [8.15, 15.5, 9.4],
			"rotation": {"angle": 45, "axis": "y", "origin": [8, 13.6, 8]},
			"faces": {
				"north": {"uv": [13.25, 11.5, 13.75, 13.75], "texture": "#2"},
				"east": {"uv": [13.25, 11.5, 13.75, 13.75], "texture": "#2"},
				"south": {"uv": [13.25, 11.5, 13.75, 13.75], "texture": "#2"},
				"west": {"uv": [13.25, 11.5, 13.75, 13.75], "texture": "#2"},
				"up": {"uv": [13.25, 11.5, 13.75, 13.75], "texture": "#2"},
				"down": {"uv": [13.25, 11.5, 13.75, 13.75], "texture": "#2"}
			}
		},
		{
			"from": [6.6, 11.7, 7.85],
			"to": [6.9, 15.5, 8.15],
			"rotation": {"angle": 45, "axis": "y", "origin": [8, 13.6, 8]},
			"faces": {
				"north": {"uv": [13.25, 11.5, 13.75, 13.75], "texture": "#2"},
				"east": {"uv": [13.25, 11.5, 13.75, 13.75], "texture": "#2"},
				"south": {"uv": [13.25, 11.5, 13.75, 13.75], "texture": "#2"},
				"west": {"uv": [13.25, 11.5, 13.75, 13.75], "texture": "#2"},
				"up": {"uv": [13.25, 11.5, 13.75, 13.75], "texture": "#2"},
				"down": {"uv": [13.25, 11.5, 13.75, 13.75], "texture": "#2"}
			}
		},
		{
			"from": [7.1, 10.7, 7.1],
			"to": [8.9, 12.5, 8.9],
			"rotation": {"angle": 0, "axis": "y", "origin": [15, 18.6, 15]},
			"faces": {
				"north": {"uv": [7.75, 12.75, 8.75, 13.75], "texture": "#2"},
				"east": {"uv": [7.75, 12.75, 8.75, 13.75], "texture": "#2"},
				"south": {"uv": [7.75, 12.75, 8.75, 13.75], "texture": "#2"},
				"west": {"uv": [7.75, 12.75, 8.75, 13.75], "texture": "#2"},
				"up": {"uv": [7.75, 12.75, 8.75, 13.75], "texture": "#2"},
				"down": {"uv": [7.75, 12.75, 8.75, 13.75], "texture": "#2"}
			}
		},
		{
			"from": [7.1, -8.3, 7.1],
			"to": [8.9, -6.5, 8.9],
			"rotation": {"angle": 0, "axis": "y", "origin": [15, -0.4, 15]},
			"faces": {
				"north": {"uv": [7.75, 12.75, 8.75, 13.75], "texture": "#2"},
				"east": {"uv": [7.75, 12.75, 8.75, 13.75], "texture": "#2"},
				"south": {"uv": [7.75, 12.75, 8.75, 13.75], "texture": "#2"},
				"west": {"uv": [7.75, 12.75, 8.75, 13.75], "texture": "#2"},
				"up": {"uv": [7.75, 12.75, 8.75, 13.75], "texture": "#2"},
				"down": {"uv": [7.75, 12.75, 8.75, 13.75], "texture": "#2"}
			}
		},
		{
			"from": [7.4, 12.95, 7.4],
			"to": [8.6, 14.15, 8.6],
			"rotation": {"angle": 0, "axis": "y", "origin": [15, 18.6, 15]},
			"faces": {
				"north": {"uv": [13, 6.75, 14, 7.75], "texture": "#2"},
				"east": {"uv": [13, 6.75, 14, 7.75], "texture": "#2"},
				"south": {"uv": [13, 6.75, 14, 7.75], "texture": "#2"},
				"west": {"uv": [13, 6.75, 14, 7.75], "texture": "#2"},
				"up": {"uv": [13, 6.75, 14, 7.75], "texture": "#2"},
				"down": {"uv": [13, 6.75, 14, 7.75], "texture": "#2"}
			}
		},
		{
			"from": [7.2, 9.8, 7.2],
			"to": [8.8, 10.4, 8.8],
			"rotation": {"angle": 0, "axis": "y", "origin": [15, 17.6, 15]},
			"faces": {
				"north": {"uv": [14.5, 2.25, 15.5, 2.75], "texture": "#2"},
				"east": {"uv": [14.5, 2.25, 15.5, 2.75], "texture": "#2"},
				"south": {"uv": [14.5, 2.25, 15.5, 2.75], "texture": "#2"},
				"west": {"uv": [14.5, 2.25, 15.5, 2.75], "texture": "#2"},
				"up": {"uv": [14.5, 2.25, 15.5, 3.25], "texture": "#2"},
				"down": {"uv": [14.5, 2.25, 15.5, 3.25], "texture": "#2"}
			}
		},
		{
			"from": [7.2, -6.2, 7.2],
			"to": [8.8, -5.6, 8.8],
			"rotation": {"angle": 0, "axis": "x", "origin": [8, -4.9, 8]},
			"faces": {
				"north": {"uv": [14.5, 2.25, 15.5, 2.75], "texture": "#2"},
				"east": {"uv": [14.5, 2.25, 15.5, 2.75], "texture": "#2"},
				"south": {"uv": [14.5, 2.25, 15.5, 2.75], "texture": "#2"},
				"west": {"uv": [14.5, 2.25, 15.5, 2.75], "texture": "#2"},
				"up": {"uv": [14.5, 2.25, 15.5, 3.25], "texture": "#2"},
				"down": {"uv": [14.5, 2.25, 15.5, 3.25], "texture": "#2"}
			}
		},
		{
			"from": [7.2, 8.8, 7.2],
			"to": [8.8, 9.4, 8.8],
			"rotation": {"angle": 0, "axis": "y", "origin": [15, 16.6, 15]},
			"faces": {
				"north": {"uv": [14.5, 2.25, 15.5, 2.75], "texture": "#2"},
				"east": {"uv": [14.5, 2.25, 15.5, 2.75], "texture": "#2"},
				"south": {"uv": [14.5, 2.25, 15.5, 2.75], "texture": "#2"},
				"west": {"uv": [14.5, 2.25, 15.5, 2.75], "texture": "#2"},
				"up": {"uv": [14.5, 2.25, 15.5, 3.25], "texture": "#2"},
				"down": {"uv": [14.5, 2.25, 15.5, 3.25], "texture": "#2"}
			}
		},
		{
			"from": [7.2, -5.2, 7.2],
			"to": [8.8, -4.6, 8.8],
			"rotation": {"angle": 0, "axis": "x", "origin": [8, -4.9, 8]},
			"faces": {
				"north": {"uv": [14.5, 2.25, 15.5, 2.75], "texture": "#2"},
				"east": {"uv": [14.5, 2.25, 15.5, 2.75], "texture": "#2"},
				"south": {"uv": [14.5, 2.25, 15.5, 2.75], "texture": "#2"},
				"west": {"uv": [14.5, 2.25, 15.5, 2.75], "texture": "#2"},
				"up": {"uv": [14.5, 2.25, 15.5, 3.25], "texture": "#2"},
				"down": {"uv": [14.5, 2.25, 15.5, 3.25], "texture": "#2"}
			}
		},
		{
			"from": [7.3, 7.9, 7.3],
			"to": [8.7, 8.3, 8.7],
			"rotation": {"angle": 0, "axis": "y", "origin": [15, 15.6, 15]},
			"faces": {
				"north": {"uv": [14.5, 2.25, 15.5, 2.75], "texture": "#2"},
				"east": {"uv": [14.5, 2.25, 15.5, 2.75], "texture": "#2"},
				"south": {"uv": [14.5, 2.25, 15.5, 2.75], "texture": "#2"},
				"west": {"uv": [14.5, 2.25, 15.5, 2.75], "texture": "#2"},
				"up": {"uv": [14.5, 2.25, 15.5, 3.25], "texture": "#2"},
				"down": {"uv": [14.5, 2.25, 15.5, 3.25], "texture": "#2"}
			}
		},
		{
			"from": [7.3, -4.1, 7.3],
			"to": [8.7, -3.7, 8.7],
			"rotation": {"angle": 0, "axis": "x", "origin": [8, -4.9, 8]},
			"faces": {
				"north": {"uv": [14.5, 2.25, 15.5, 2.75], "texture": "#2"},
				"east": {"uv": [14.5, 2.25, 15.5, 2.75], "texture": "#2"},
				"south": {"uv": [14.5, 2.25, 15.5, 2.75], "texture": "#2"},
				"west": {"uv": [14.5, 2.25, 15.5, 2.75], "texture": "#2"},
				"up": {"uv": [14.5, 2.25, 15.5, 3.25], "texture": "#2"},
				"down": {"uv": [14.5, 2.25, 15.5, 3.25], "texture": "#2"}
			}
		},
		{
			"from": [7.1, 14.95, 7.1],
			"to": [8.9, 20.75, 8.9],
			"rotation": {"angle": 0, "axis": "y", "origin": [15, 22.85, 15]},
			"faces": {
				"north": {"uv": [7.75, 13, 8.75, 16], "rotation": 180, "texture": "#2"},
				"east": {"uv": [7.75, 13, 8.75, 16], "rotation": 180, "texture": "#2"},
				"south": {"uv": [7.75, 13, 8.75, 16], "rotation": 180, "texture": "#2"},
				"west": {"uv": [7.75, 13, 8.75, 16], "rotation": 180, "texture": "#2"},
				"up": {"uv": [7.5, 15, 8.5, 16], "rotation": 180, "texture": "#2"},
				"down": {"uv": [8.25, 12.25, 9.25, 13.25], "rotation": 180, "texture": "#2"}
			}
		},
		{
			"from": [6.6, 15.45, 7.6],
			"to": [9.4, 16.25, 8.4],
			"rotation": {"angle": 0, "axis": "y", "origin": [8, 13.725, 8]},
			"faces": {
				"north": {"uv": [7.75, 12.75, 9.25, 13.25], "texture": "#2"},
				"east": {"uv": [7.75, 12.75, 8.25, 13.25], "texture": "#2"},
				"south": {"uv": [7.75, 12.75, 9.25, 13.25], "texture": "#2"},
				"west": {"uv": [7.75, 12.75, 8.25, 13.25], "texture": "#2"},
				"up": {"uv": [7.75, 12.75, 9.25, 13.25], "texture": "#2"},
				"down": {"uv": [7.75, 12.75, 9.25, 13.25], "texture": "#2"}
			}
		},
		{
			"from": [6.6, 11.2, 7.6],
			"to": [9.4, 12, 8.4],
			"rotation": {"angle": 0, "axis": "y", "origin": [8, 13.725, 8]},
			"faces": {
				"north": {"uv": [7.75, 12.75, 9.25, 13.25], "texture": "#2"},
				"east": {"uv": [7.75, 12.75, 8.25, 13.25], "texture": "#2"},
				"south": {"uv": [7.75, 12.75, 9.25, 13.25], "texture": "#2"},
				"west": {"uv": [7.75, 12.75, 8.25, 13.25], "texture": "#2"},
				"up": {"uv": [7.75, 12.75, 9.25, 13.25], "texture": "#2"},
				"down": {"uv": [7.75, 12.75, 9.25, 13.25], "texture": "#2"}
			}
		},
		{
			"from": [6.6, -7.8, 7.6],
			"to": [9.4, -7, 8.4],
			"rotation": {"angle": 0, "axis": "y", "origin": [8, -5.275, 8]},
			"faces": {
				"north": {"uv": [7.75, 12.75, 9.25, 13.25], "texture": "#2"},
				"east": {"uv": [7.75, 12.75, 8.25, 13.25], "texture": "#2"},
				"south": {"uv": [7.75, 12.75, 9.25, 13.25], "texture": "#2"},
				"west": {"uv": [7.75, 12.75, 8.25, 13.25], "texture": "#2"},
				"up": {"uv": [7.75, 12.75, 9.25, 13.25], "texture": "#2"},
				"down": {"uv": [7.75, 12.75, 9.25, 13.25], "texture": "#2"}
			}
		},
		{
			"from": [6.501, 15.351, 7.501],
			"to": [9.499, 16.349, 8.499],
			"rotation": {"angle": 45, "axis": "y", "origin": [8, 13.725, 8]},
			"faces": {
				"north": {"uv": [7.75, 12.75, 9.25, 13.25], "texture": "#2"},
				"east": {"uv": [7.75, 12.75, 8.25, 13.25], "texture": "#2"},
				"south": {"uv": [7.75, 12.75, 9.25, 13.25], "texture": "#2"},
				"west": {"uv": [7.75, 12.75, 8.25, 13.25], "texture": "#2"},
				"up": {"uv": [7.75, 12.75, 9.25, 13.25], "texture": "#2"},
				"down": {"uv": [7.75, 12.75, 9.25, 13.25], "texture": "#2"}
			}
		},
		{
			"from": [6.501, 11.101, 7.501],
			"to": [9.499, 12.099, 8.499],
			"rotation": {"angle": 45, "axis": "y", "origin": [8, 13.725, 8]},
			"faces": {
				"north": {"uv": [7.75, 12.75, 9.25, 13.25], "texture": "#2"},
				"east": {"uv": [7.75, 12.75, 8.25, 13.25], "texture": "#2"},
				"south": {"uv": [7.75, 12.75, 9.25, 13.25], "texture": "#2"},
				"west": {"uv": [7.75, 12.75, 8.25, 13.25], "texture": "#2"},
				"up": {"uv": [7.75, 12.75, 9.25, 13.25], "texture": "#2"},
				"down": {"uv": [7.75, 12.75, 9.25, 13.25], "texture": "#2"}
			}
		},
		{
			"from": [6.501, -7.899, 7.501],
			"to": [9.499, -6.901, 8.499],
			"rotation": {"angle": 45, "axis": "y", "origin": [8, -5.275, 8]},
			"faces": {
				"north": {"uv": [7.75, 12.75, 9.25, 13.25], "texture": "#2"},
				"east": {"uv": [7.75, 12.75, 8.25, 13.25], "texture": "#2"},
				"south": {"uv": [7.75, 12.75, 9.25, 13.25], "texture": "#2"},
				"west": {"uv": [7.75, 12.75, 8.25, 13.25], "texture": "#2"},
				"up": {"uv": [7.75, 12.75, 9.25, 13.25], "texture": "#2"},
				"down": {"uv": [7.75, 12.75, 9.25, 13.25], "texture": "#2"}
			}
		},
		{
			"from": [7.6, 15.45, 6.6],
			"to": [8.4, 16.25, 9.4],
			"rotation": {"angle": 0, "axis": "y", "origin": [8, 13.725, 8]},
			"faces": {
				"north": {"uv": [7.75, 12.75, 8.25, 13.25], "texture": "#2"},
				"east": {"uv": [7.75, 12.75, 9.25, 13.25], "texture": "#2"},
				"south": {"uv": [7.75, 12.75, 8.25, 13.25], "texture": "#2"},
				"west": {"uv": [7.75, 12.75, 9.25, 13.25], "texture": "#2"},
				"up": {"uv": [7.75, 12.75, 8.25, 14.25], "texture": "#2"},
				"down": {"uv": [7.75, 12.75, 8.25, 14.25], "texture": "#2"}
			}
		},
		{
			"from": [6.6, 18.2, 7.6],
			"to": [9.4, 19, 8.4],
			"rotation": {"angle": 0, "axis": "y", "origin": [8, 18.6, 8]},
			"faces": {
				"north": {"uv": [6.5, 11, 6.75, 11.5], "texture": "#2"},
				"east": {"uv": [7, 11, 6.5, 11.5], "texture": "#2"},
				"south": {"uv": [6.75, 11, 7, 11.5], "texture": "#2"},
				"west": {"uv": [6.5, 11, 7, 11.5], "texture": "#2"},
				"up": {"uv": [8.75, 11.5, 9.25, 12], "rotation": 270, "texture": "#2"},
				"down": {"uv": [6.5, 11, 7, 11.5], "rotation": 90, "texture": "#2"}
			}
		},
		{
			"from": [7.6, 18.2, 6.6],
			"to": [8.4, 19, 9.4],
			"rotation": {"angle": 0, "axis": "y", "origin": [8, 18.6, 8]},
			"faces": {
				"north": {"uv": [7, 11, 6.5, 11.5], "texture": "#2"},
				"east": {"uv": [6.75, 11, 7, 11.5], "texture": "#2"},
				"south": {"uv": [6.5, 11, 7, 11.5], "texture": "#2"},
				"west": {"uv": [6.5, 11, 6.75, 11.5], "texture": "#2"},
				"up": {"uv": [8.75, 11.5, 9.25, 12], "rotation": 180, "texture": "#2"},
				"down": {"uv": [6.5, 11, 7, 11.5], "rotation": 180, "texture": "#2"}
			}
		},
		{
			"from": [6.35, 11.2, 7.6],
			"to": [9.65, 12, 8.4],
			"rotation": {"angle": 45, "axis": "y", "origin": [8, 18.6, 8]},
			"faces": {
				"north": {"uv": [14.25, 13.5, 14.5, 14], "texture": "#2"},
				"east": {"uv": [14.25, 13.5, 14.5, 14], "texture": "#2"},
				"south": {"uv": [14.25, 13.5, 14.5, 14], "texture": "#2"},
				"west": {"uv": [14.25, 13.5, 14.5, 14], "texture": "#2"},
				"up": {"uv": [14.25, 13.5, 14.5, 14], "texture": "#2"},
				"down": {"uv": [14.25, 13.5, 14.5, 14], "texture": "#2"}
			}
		},
		{
			"from": [6.35, -7.8, 7.6],
			"to": [9.65, -7, 8.4],
			"rotation": {"angle": 45, "axis": "y", "origin": [8, 18.6, 8]},
			"faces": {
				"north": {"uv": [14.25, 13.5, 14.5, 14], "texture": "#2"},
				"east": {"uv": [14.25, 13.5, 14.5, 14], "texture": "#2"},
				"south": {"uv": [14.25, 13.5, 14.5, 14], "texture": "#2"},
				"west": {"uv": [14.25, 13.5, 14.5, 14], "texture": "#2"},
				"up": {"uv": [14.25, 13.5, 14.5, 14], "texture": "#2"},
				"down": {"uv": [14.25, 13.5, 14.5, 14], "texture": "#2"}
			}
		},
		{
			"from": [6.35, 15.45, 7.6],
			"to": [9.65, 16.25, 8.4],
			"rotation": {"angle": 45, "axis": "y", "origin": [8, 18.6, 8]},
			"faces": {
				"north": {"uv": [14.5, 13.25, 14.75, 13.75], "texture": "#2"},
				"east": {"uv": [14.5, 13.25, 14.75, 13.75], "texture": "#2"},
				"south": {"uv": [14.5, 13.25, 14.75, 13.75], "texture": "#2"},
				"west": {"uv": [14.5, 13.25, 14.75, 13.75], "texture": "#2"},
				"up": {"uv": [14.5, 13.25, 14.75, 13.75], "texture": "#2"},
				"down": {"uv": [14.5, 13.25, 14.75, 13.75], "texture": "#2"}
			}
		},
		{
			"from": [7.6, 11.2, 6.35],
			"to": [8.4, 12, 9.65],
			"rotation": {"angle": 45, "axis": "y", "origin": [8, 11.6, 8]},
			"faces": {
				"north": {"uv": [14.25, 13.5, 14.5, 14], "texture": "#2"},
				"east": {"uv": [14.25, 13.5, 14.5, 14], "texture": "#2"},
				"south": {"uv": [14.25, 13.5, 14.5, 14], "texture": "#2"},
				"west": {"uv": [14.25, 13.5, 14.5, 14], "texture": "#2"},
				"up": {"uv": [14.25, 13.5, 14.5, 14], "texture": "#2"},
				"down": {"uv": [14.25, 13.5, 14.5, 14], "texture": "#2"}
			}
		},
		{
			"from": [7.6, -7.8, 6.35],
			"to": [8.4, -7, 9.65],
			"rotation": {"angle": 45, "axis": "y", "origin": [8, 11.6, 8]},
			"faces": {
				"north": {"uv": [14.25, 13.5, 14.5, 14], "texture": "#2"},
				"east": {"uv": [14.25, 13.5, 14.5, 14], "texture": "#2"},
				"south": {"uv": [14.25, 13.5, 14.5, 14], "texture": "#2"},
				"west": {"uv": [14.25, 13.5, 14.5, 14], "texture": "#2"},
				"up": {"uv": [14.25, 13.5, 14.5, 14], "texture": "#2"},
				"down": {"uv": [14.25, 13.5, 14.5, 14], "texture": "#2"}
			}
		},
		{
			"from": [7.6, 15.45, 6.35],
			"to": [8.4, 16.25, 9.65],
			"rotation": {"angle": 45, "axis": "y", "origin": [8, 11.6, 8]},
			"faces": {
				"north": {"uv": [14.5, 13.25, 14.75, 13.75], "texture": "#2"},
				"east": {"uv": [14.5, 13.25, 14.75, 13.75], "texture": "#2"},
				"south": {"uv": [14.5, 13.25, 14.75, 13.75], "texture": "#2"},
				"west": {"uv": [14.5, 13.25, 14.75, 13.75], "texture": "#2"},
				"up": {"uv": [14.5, 13.25, 14.75, 13.75], "texture": "#2"},
				"down": {"uv": [14.5, 13.25, 14.75, 13.75], "texture": "#2"}
			}
		},
		{
			"from": [6, 16.7, 7.5],
			"to": [10, 17.7, 8.5],
			"rotation": {"angle": 0, "axis": "y", "origin": [8, 17.2, 8]},
			"faces": {
				"north": {"uv": [8.25, 15.25, 10.25, 15.75], "texture": "#2"},
				"east": {"uv": [8.25, 15.25, 8.75, 15.75], "texture": "#2"},
				"south": {"uv": [8.25, 15.25, 10.25, 15.75], "texture": "#2"},
				"west": {"uv": [8.25, 15.25, 8.75, 15.75], "texture": "#2"},
				"up": {"uv": [8.25, 15.25, 10.25, 15.75], "rotation": 180, "texture": "#2"},
				"down": {"uv": [8.25, 15.25, 10.25, 15.75], "texture": "#2"}
			}
		},
		{
			"from": [7.5, 16.7, 6],
			"to": [8.5, 17.7, 10],
			"rotation": {"angle": 0, "axis": "y", "origin": [8, 17.2, 8]},
			"faces": {
				"north": {"uv": [8.25, 15.25, 8.75, 15.75], "texture": "#2"},
				"east": {"uv": [8.25, 15.25, 10.25, 15.75], "texture": "#2"},
				"south": {"uv": [8.25, 15.25, 8.75, 15.75], "texture": "#2"},
				"west": {"uv": [8.25, 15.25, 10.25, 15.75], "texture": "#2"},
				"up": {"uv": [8.25, 15.25, 10.25, 15.75], "rotation": 90, "texture": "#2"},
				"down": {"uv": [8.25, 15.25, 10.25, 15.75], "rotation": 90, "texture": "#2"}
			}
		},
		{
			"from": [7.6, 11.2, 6.6],
			"to": [8.4, 12, 9.4],
			"rotation": {"angle": 0, "axis": "y", "origin": [8, 13.725, 8]},
			"faces": {
				"north": {"uv": [7.75, 12.75, 8.25, 13.25], "texture": "#2"},
				"east": {"uv": [7.75, 12.75, 9.25, 13.25], "texture": "#2"},
				"south": {"uv": [7.75, 12.75, 8.25, 13.25], "texture": "#2"},
				"west": {"uv": [7.75, 12.75, 9.25, 13.25], "texture": "#2"},
				"up": {"uv": [7.75, 12.75, 8.25, 14.25], "texture": "#2"},
				"down": {"uv": [7.75, 12.75, 8.25, 14.25], "texture": "#2"}
			}
		},
		{
			"from": [7.6, -7.8, 6.6],
			"to": [8.4, -7, 9.4],
			"rotation": {"angle": 0, "axis": "y", "origin": [8, -5.275, 8]},
			"faces": {
				"north": {"uv": [7.75, 12.75, 8.25, 13.25], "texture": "#2"},
				"east": {"uv": [7.75, 12.75, 9.25, 13.25], "texture": "#2"},
				"south": {"uv": [7.75, 12.75, 8.25, 13.25], "texture": "#2"},
				"west": {"uv": [7.75, 12.75, 9.25, 13.25], "texture": "#2"},
				"up": {"uv": [7.75, 12.75, 8.25, 14.25], "texture": "#2"},
				"down": {"uv": [7.75, 12.75, 8.25, 14.25], "texture": "#2"}
			}
		},
		{
			"from": [8, 22, 4.5],
			"to": [8.01, 29, 11.5],
			"faces": {
				"north": {"uv": [0, 0, 1, 10], "texture": "#0"},
				"east": {"uv": [0, 0, 16, 16], "texture": "#0"},
				"south": {"uv": [0, 0, 1, 10], "texture": "#0"},
				"west": {"uv": [16, 0, 0, 16], "texture": "#0"},
				"up": {"uv": [0, 0, 1, 10], "texture": "#0"},
				"down": {"uv": [0, 0, 1, 10], "texture": "#0"}
			}
		},
		{
			"from": [4.505, 22, 7.995],
			"to": [11.505, 29, 8.005],
			"rotation": {"angle": 0, "axis": "y", "origin": [8.005, 25.5, 8]},
			"faces": {
				"north": {"uv": [0, 0, 16, 16], "rotation": 270, "texture": "#0"},
				"east": {"uv": [0, 0, 1, 10], "texture": "#0"},
				"south": {"uv": [16, 0, 0, 16], "rotation": 90, "texture": "#0"},
				"west": {"uv": [0, 0, 1, 10], "rotation": 180, "texture": "#0"},
				"up": {"uv": [0, 0, 1, 10], "rotation": 90, "texture": "#0"},
				"down": {"uv": [0, 0, 1, 10], "rotation": 90, "texture": "#0"}
			}
		},
		{
			"from": [4.505, 25.495, 4.5],
			"to": [11.505, 25.505, 11.5],
			"rotation": {"angle": 0, "axis": "x", "origin": [8.005, 25.5, 8]},
			"faces": {
				"north": {"uv": [0, 0, 1, 10], "rotation": 270, "texture": "#0"},
				"east": {"uv": [0, 0, 1, 10], "rotation": 270, "texture": "#0"},
				"south": {"uv": [0, 0, 1, 10], "rotation": 270, "texture": "#0"},
				"west": {"uv": [0, 0, 1, 10], "rotation": 90, "texture": "#0"},
				"up": {"uv": [0, 0, 16, 16], "rotation": 180, "texture": "#0"},
				"down": {"uv": [16, 0, 0, 16], "texture": "#0"}
			}
		},
		{
			"from": [7.995, 13.51537, 6.85276],
			"to": [8.005, 19.51537, 12.85276],
			"rotation": {"angle": 22.5, "axis": "x", "origin": [8, 15.75, 8.005]},
			"faces": {
				"north": {"uv": [0, 0.01, 6, 0], "rotation": 270, "texture": "#1"},
				"east": {"uv": [16, 16, 0, 0], "rotation": 90, "texture": "#1"},
				"south": {"uv": [0, 0.01, 6, 0], "rotation": 270, "texture": "#1"},
				"west": {"uv": [0, 16, 16, 0], "rotation": 270, "texture": "#1"},
				"up": {"uv": [0, 6, 0.01, 0], "texture": "#1"},
				"down": {"uv": [0, 6, 0.01, 0], "rotation": 180, "texture": "#1"}
			}
		},
		{
			"from": [3, 12.75, 8],
			"to": [9, 18.75, 8.01],
			"rotation": {"angle": 22.5, "axis": "z", "origin": [6, 15.75, 8.005]},
			"faces": {
				"north": {"uv": [16, 0, 0, 16], "rotation": 90, "texture": "#1"},
				"east": {"uv": [0, 0, 6, 0.01], "rotation": 270, "texture": "#1"},
				"south": {"uv": [0, 0, 16, 16], "rotation": 270, "texture": "#1"},
				"west": {"uv": [0, 0, 6, 0.01], "rotation": 270, "texture": "#1"},
				"up": {"uv": [0, 0, 0.01, 6], "rotation": 270, "texture": "#1"},
				"down": {"uv": [0, 0, 0.01, 6], "rotation": 270, "texture": "#1"}
			}
		},
		{
			"from": [7.995, 13.51537, 3.15724],
			"to": [8.005, 19.51537, 9.15724],
			"rotation": {"angle": -22.5, "axis": "x", "origin": [8, 15.75, 8.005]},
			"faces": {
				"north": {"uv": [0, 0, 6, 0.01], "rotation": 270, "texture": "#1"},
				"east": {"uv": [16, 0, 0, 16], "rotation": 90, "texture": "#1"},
				"south": {"uv": [0, 0, 6, 0.01], "rotation": 270, "texture": "#1"},
				"west": {"uv": [0, 0, 16, 16], "rotation": 270, "texture": "#1"},
				"up": {"uv": [0, 0, 0.01, 6], "texture": "#1"},
				"down": {"uv": [0, 0, 0.01, 6], "rotation": 180, "texture": "#1"}
			}
		},
		{
			"from": [7, 12.75, 8],
			"to": [13, 18.75, 8.01],
			"rotation": {"angle": -22.5, "axis": "z", "origin": [10, 15.75, 8.005]},
			"faces": {
				"north": {"uv": [16, 16, 0, 0], "rotation": 90, "texture": "#1"},
				"east": {"uv": [0, 0.01, 6, 0], "rotation": 270, "texture": "#1"},
				"south": {"uv": [0, 16, 16, 0], "rotation": 270, "texture": "#1"},
				"west": {"uv": [0, 0.01, 6, 0], "rotation": 270, "texture": "#1"},
				"up": {"uv": [0, 6, 0.01, 0], "rotation": 270, "texture": "#1"},
				"down": {"uv": [0, 6, 0.01, 0], "rotation": 270, "texture": "#1"}
			}
		}
	],
	"display": {
		"thirdperson_righthand": {
			"translation": [0, 1.25, 1.25],
			"scale": [1.4, 1.4, 1.4]
		},
		"firstperson_righthand": {
			"rotation": [-13, 0, 0],
			"translation": [6.25, -4.25, -4.25]
		},
		"head": {
			"rotation": [-49, 0, 0],
			"translation": [0, 42.25, 0]
		}
	},
	"groups": [0, 1, 2, 3, 4, 5, 6, 7, 8, 9, 10, 11, 12, 13, 14, 15, 16, 17, 18, 19, 20, 21, 22, 23, 24, 25, 26, 27, 28, 29, 30, 31, 32, 33, 34, 35, 36, 37, 38, 39, 40, 41, 42, 43, 44, 45, 46, 47, 48, 49, 50, 51, 52, 53, 54, 55, 56, 57, 58, 59, 60, 61, 62, 63, 64, 65, 66, 67, 68, 69, 70, 71, 72, 73, 74, 75, 76, 77, 78, 79, 80, 81, 82, 83, 84, 85,
		{
			"name": "group",
			"origin": [10, 15.75, 8.005],
			"children": [86, 87, 88, 89]
		}
	]
}