{
	"credit": "Made with Blockbench",
	"texture_size": [32, 32],
	"textures": {
		"0": "skins/freedom",
		"particle": "skins/freedom"
	},
	"elements": [
		{
			"from": [7.15, 4.7, 9.15],
			"to": [8.85, 12.9, 10.85],
			"rotation": {"angle": 0, "axis": "y", "origin": [8, 17, 8]},
			"faces": {
				"north": {"uv": [12.5, 8.5, 14, 13], "texture": "#0"},
				"east": {"uv": [12.5, 8.5, 14, 13], "texture": "#0"},
				"south": {"uv": [12.5, 8.5, 14, 13], "texture": "#0"},
				"west": {"uv": [12.5, 8.5, 14, 13], "texture": "#0"},
				"up": {"uv": [12.5, 8.5, 14, 13], "texture": "#0"},
				"down": {"uv": [12.5, 8.5, 14, 13], "texture": "#0"}
			}
		},
		{
			"from": [7.25, 12.72152, 5.80255],
			"to": [8.75, 18.62152, 6.70255],
			"rotation": {"angle": -22.5, "axis": "x", "origin": [8, 22.28576, 8.57179]},
			"faces": {
				"north": {"uv": [0, 0, 3, 0.5], "rotation": 270, "texture": "#0"},
				"east": {"uv": [0, 0, 3, 0.5], "rotation": 270, "texture": "#0"},
				"south": {"uv": [0, 0, 3, 0.5], "rotation": 270, "texture": "#0"},
				"west": {"uv": [0, 0, 3, 0.5], "rotation": 270, "texture": "#0"},
				"up": {"uv": [2.5, 0, 3, 0.5], "rotation": 270, "texture": "#0"},
				"down": {"uv": [0, 0, 3, 0.5], "rotation": 270, "texture": "#0"}
			}
		},
		{
			"from": [7.25, -1.02152, 5.80255],
			"to": [8.75, 4.87848, 6.70255],
			"rotation": {"angle": 22.5, "axis": "x", "origin": [8, -4.68576, 8.57179]},
			"faces": {
				"north": {"uv": [3, 0, 0, 0.5], "rotation": 270, "texture": "#0"},
				"east": {"uv": [3, 0, 0, 0.5], "rotation": 270, "texture": "#0"},
				"south": {"uv": [3, 0, 0, 0.5], "rotation": 270, "texture": "#0"},
				"west": {"uv": [3, 0, 0, 0.5], "rotation": 270, "texture": "#0"},
				"up": {"uv": [3, 0, 0, 0.5], "rotation": 270, "texture": "#0"},
				"down": {"uv": [3, 0, 2.5, 0.5], "rotation": 270, "texture": "#0"}
			}
		},
		{
			"from": [7.26, 17.72196, 9.21914],
			"to": [8.74, 25.30196, 10.19914],
			"rotation": {"angle": 22.5, "axis": "x", "origin": [8, 22.28576, 8.57179]},
			"faces": {
				"north": {"uv": [2.75, 0, 6.5, 0.5], "rotation": 270, "texture": "#0"},
				"east": {"uv": [2.75, 0, 6.5, 0.5], "rotation": 270, "texture": "#0"},
				"south": {"uv": [2.75, 0, 6.5, 0.5], "rotation": 270, "texture": "#0"},
				"west": {"uv": [2.75, 0, 6.5, 0.5], "rotation": 270, "texture": "#0"},
				"up": {"uv": [6, 0, 6.5, 0.3], "rotation": 270, "texture": "#0"},
				"down": {"uv": [2.75, 0, 6.5, 0.5], "rotation": 270, "texture": "#0"}
			}
		},
		{
			"from": [7.26, -7.70196, 9.21914],
			"to": [8.74, -0.12196, 10.19914],
			"rotation": {"angle": -22.5, "axis": "x", "origin": [8, -4.68576, 8.57179]},
			"faces": {
				"north": {"uv": [6.5, 0, 2.75, 0.5], "rotation": 270, "texture": "#0"},
				"east": {"uv": [6.5, 0, 2.75, 0.5], "rotation": 270, "texture": "#0"},
				"south": {"uv": [6.5, 0, 2.75, 0.5], "rotation": 270, "texture": "#0"},
				"west": {"uv": [6.5, 0, 2.75, 0.5], "rotation": 270, "texture": "#0"},
				"up": {"uv": [6.5, 0, 2.75, 0.5], "rotation": 270, "texture": "#0"},
				"down": {"uv": [6.5, 0, 6, 0.3], "rotation": 270, "texture": "#0"}
			}
		},
		{
			"from": [7.265, 23.37309, 12.86553],
			"to": [8.735, 26.84309, 13.83553],
			"rotation": {"angle": 45, "axis": "x", "origin": [8, 27.15809, 13.35053]},
			"faces": {
				"north": {"uv": [6.5, 0, 8.5, 0.5], "rotation": 270, "texture": "#0"},
				"east": {"uv": [6.5, 0, 8.5, 0.5], "rotation": 270, "texture": "#0"},
				"south": {"uv": [6.5, 0, 8.5, 0.5], "rotation": 270, "texture": "#0"},
				"west": {"uv": [6.5, 0, 8.5, 0.5], "rotation": 270, "texture": "#0"},
				"up": {"uv": [7.5, 0, 8, 0.5], "rotation": 270, "texture": "#0"},
				"down": {"uv": [6.5, 0, 8.5, 0.5], "rotation": 270, "texture": "#0"}
			}
		},
		{
			"from": [7.265, -9.24309, 12.86553],
			"to": [8.735, -5.77309, 13.83553],
			"rotation": {"angle": -45, "axis": "x", "origin": [8, -9.55809, 13.35053]},
			"faces": {
				"north": {"uv": [8.5, 0, 6.5, 0.5], "rotation": 270, "texture": "#0"},
				"east": {"uv": [8.5, 0, 6.5, 0.5], "rotation": 270, "texture": "#0"},
				"south": {"uv": [8.5, 0, 6.5, 0.5], "rotation": 270, "texture": "#0"},
				"west": {"uv": [8.5, 0, 6.5, 0.5], "rotation": 270, "texture": "#0"},
				"up": {"uv": [8.5, 0, 6.5, 0.5], "rotation": 270, "texture": "#0"},
				"down": {"uv": [8, 0, 7.5, 0.5], "rotation": 270, "texture": "#0"}
			}
		},
		{
			"from": [7.37, 27.01417, 12.84337],
			"to": [8.63, 27.97417, 16.30337],
			"rotation": {"angle": -22.5, "axis": "x", "origin": [8, 27.49417, 14.57337]},
			"faces": {
				"north": {"uv": [8, 0, 10, 0.5], "rotation": 180, "texture": "#0"},
				"east": {"uv": [8, 0, 10, 0.5], "rotation": 180, "texture": "#0"},
				"south": {"uv": [9.5, 0, 10, 0.5], "rotation": 180, "texture": "#0"},
				"west": {"uv": [8, 0, 10, 0.5], "texture": "#0"},
				"up": {"uv": [8, 0, 10, 0.5], "rotation": 90, "texture": "#0"},
				"down": {"uv": [8, 0, 10, 0.5], "rotation": 270, "texture": "#0"}
			}
		},
		{
			"from": [7.37, -10.37417, 12.84337],
			"to": [8.63, -9.41417, 16.30337],
			"rotation": {"angle": 22.5, "axis": "x", "origin": [8, -9.89417, 14.57337]},
			"faces": {
				"north": {"uv": [8, 0.5, 10, 0], "rotation": 180, "texture": "#0"},
				"east": {"uv": [8, 0.5, 10, 0], "rotation": 180, "texture": "#0"},
				"south": {"uv": [9.5, 0.5, 10, 0], "rotation": 180, "texture": "#0"},
				"west": {"uv": [8, 0.5, 10, 0], "texture": "#0"},
				"up": {"uv": [10, 0, 8, 0.5], "rotation": 270, "texture": "#0"},
				"down": {"uv": [10, 0, 8, 0.5], "rotation": 90, "texture": "#0"}
			}
		},
		{
			"from": [7.29, 13.68704, 9.30904],
			"to": [8.71, 21.95704, 10.02904],
			"rotation": {"angle": 0, "axis": "x", "origin": [8, 22.28576, 9.07179]},
			"faces": {
				"north": {"uv": [1, 1, 4, 1.5], "rotation": 270, "texture": "#0"},
				"east": {"uv": [1, 1, 4, 1.5], "rotation": 270, "texture": "#0"},
				"south": {"uv": [1, 1, 4, 1.5], "rotation": 270, "texture": "#0"},
				"west": {"uv": [1, 1, 4, 1.5], "rotation": 270, "texture": "#0"},
				"up": {"uv": [1, 1, 4, 1.5], "rotation": 270, "texture": "#0"},
				"down": {"uv": [1, 1, 4, 1.5], "rotation": 270, "texture": "#0"}
			}
		},
		{
			"from": [7.29, -4.50704, 9.30904],
			"to": [8.71, 3.76296, 10.02904],
			"rotation": {"angle": 0, "axis": "x", "origin": [8, -4.68576, 9.07179]},
			"faces": {
				"north": {"uv": [4, 1, 1, 1.5], "rotation": 270, "texture": "#0"},
				"east": {"uv": [4, 1, 1, 1.5], "rotation": 270, "texture": "#0"},
				"south": {"uv": [4, 1, 1, 1.5], "rotation": 270, "texture": "#0"},
				"west": {"uv": [4, 1, 1, 1.5], "rotation": 270, "texture": "#0"},
				"up": {"uv": [4, 1, 1, 1.5], "rotation": 270, "texture": "#0"},
				"down": {"uv": [4, 1, 1, 1.5], "rotation": 270, "texture": "#0"}
			}
		},
		{
			"from": [7.54, 18.96152, 5.69255],
			"to": [8.46, 25.98152, 6.91255],
			"rotation": {"angle": -22.5, "axis": "x", "origin": [8, 22.28576, 8.57179]},
			"faces": {
				"north": {"uv": [3, 7.5, 3.5, 11], "texture": "#0"},
				"east": {"uv": [3, 7.5, 3.5, 11], "texture": "#0"},
				"south": {"uv": [3, 7.5, 3.5, 11], "texture": "#0"},
				"west": {"uv": [3, 7.5, 3.5, 11], "texture": "#0"},
				"up": {"uv": [3, 7.5, 3.5, 8], "texture": "#0"},
				"down": {"uv": [3, 7.5, 3.5, 11], "texture": "#0"}
			}
		},
		{
			"from": [7.54, -8.38152, 5.69255],
			"to": [8.46, -1.36152, 6.91255],
			"rotation": {"angle": 22.5, "axis": "x", "origin": [8, -4.68576, 8.57179]},
			"faces": {
				"north": {"uv": [3, 11, 3.5, 7.5], "texture": "#0"},
				"east": {"uv": [3, 11, 3.5, 7.5], "texture": "#0"},
				"south": {"uv": [3, 11, 3.5, 7.5], "texture": "#0"},
				"west": {"uv": [3, 11, 3.5, 7.5], "texture": "#0"},
				"up": {"uv": [3, 11, 3.5, 7.5], "texture": "#0"},
				"down": {"uv": [3, 8, 3.5, 7.5], "texture": "#0"}
			}
		},
		{
			"from": [7.49, 25.25196, 9.19914],
			"to": [8.51, 30.27196, 10.21914],
			"rotation": {"angle": 22.5, "axis": "x", "origin": [8, 22.28576, 8.57179]},
			"faces": {
				"north": {"uv": [8, 3.5, 8.5, 6], "texture": "#0"},
				"east": {"uv": [8, 3.5, 8.5, 6], "texture": "#0"},
				"south": {"uv": [8, 3.5, 8.5, 6], "texture": "#0"},
				"west": {"uv": [8, 3.5, 8.5, 6], "texture": "#0"},
				"up": {"uv": [8, 3.5, 8.5, 4], "texture": "#0"},
				"down": {"uv": [8, 3.5, 8.5, 6], "texture": "#0"}
			}
		},
		{
			"from": [7.49, -12.67196, 9.19914],
			"to": [8.51, -7.65196, 10.21914],
			"rotation": {"angle": -22.5, "axis": "x", "origin": [8, -4.68576, 8.57179]},
			"faces": {
				"north": {"uv": [8, 6, 8.5, 3.5], "texture": "#0"},
				"east": {"uv": [8, 6, 8.5, 3.5], "texture": "#0"},
				"south": {"uv": [8, 6, 8.5, 3.5], "texture": "#0"},
				"west": {"uv": [8, 6, 8.5, 3.5], "texture": "#0"},
				"up": {"uv": [8, 6, 8.5, 3.5], "texture": "#0"},
				"down": {"uv": [8, 4, 8.5, 3.5], "texture": "#0"}
			}
		},
		{
			"from": [7.45, 15.65155, 8.50967],
			"to": [8.55, 16.75155, 11.30967],
			"rotation": {"angle": 22.5, "axis": "x", "origin": [8, 22.28576, 8.57179]},
			"faces": {
				"north": {"uv": [0, 8, 0.5, 8.75], "rotation": 270, "texture": "#0"},
				"east": {"uv": [0.5, 9, 1, 10], "rotation": 90, "texture": "#0"},
				"south": {"uv": [0.5, 9, 1, 10], "rotation": 270, "texture": "#0"},
				"west": {"uv": [0.5, 9, 1, 10], "rotation": 270, "texture": "#0"},
				"up": {"uv": [0.5, 9, 1, 10], "texture": "#0"},
				"down": {"uv": [0.5, 9, 1, 10], "rotation": 180, "texture": "#0"}
			}
		},
		{
			"from": [7.45, 0.84845, 8.50967],
			"to": [8.55, 1.94845, 11.30967],
			"rotation": {"angle": -22.5, "axis": "x", "origin": [8, -4.68576, 8.57179]},
			"faces": {
				"north": {"uv": [0.5, 8, 0, 8.75], "rotation": 270, "texture": "#0"},
				"east": {"uv": [1, 9, 0.5, 10], "rotation": 90, "texture": "#0"},
				"south": {"uv": [1, 9, 0.5, 10], "rotation": 270, "texture": "#0"},
				"west": {"uv": [1, 9, 0.5, 10], "rotation": 270, "texture": "#0"},
				"up": {"uv": [0.5, 10, 1, 9], "rotation": 180, "texture": "#0"},
				"down": {"uv": [0.5, 10, 1, 9], "texture": "#0"}
			}
		},
		{
			"from": [7.51, 18.6704, 3.7255],
			"to": [8.49, 22.8504, 4.9055],
			"rotation": {"angle": -45, "axis": "x", "origin": [8, 22.28576, 8.57179]},
			"faces": {
				"north": {"uv": [1, 8, 1.5, 10], "texture": "#0"},
				"east": {"uv": [1, 8, 1.5, 10], "texture": "#0"},
				"south": {"uv": [1.5, 6.5, 2, 8.5], "texture": "#0"},
				"west": {"uv": [1, 8, 1.5, 10], "texture": "#0"},
				"up": {"uv": [1, 7.5, 1.5, 8.5], "texture": "#0"},
				"down": {"uv": [1.5, 6.5, 2, 8.5], "texture": "#0"}
			}
		},
		{
			"from": [7.51, -5.2504, 3.7255],
			"to": [8.49, -1.0704, 4.9055],
			"rotation": {"angle": 45, "axis": "x", "origin": [8, -4.68576, 8.57179]},
			"faces": {
				"north": {"uv": [1, 10, 1.5, 8], "texture": "#0"},
				"east": {"uv": [1, 10, 1.5, 8], "texture": "#0"},
				"south": {"uv": [1.5, 8.5, 2, 6.5], "texture": "#0"},
				"west": {"uv": [1, 10, 1.5, 8], "texture": "#0"},
				"up": {"uv": [1.5, 8.5, 2, 6.5], "texture": "#0"},
				"down": {"uv": [1, 8.5, 1.5, 7.5], "texture": "#0"}
			}
		},
		{
			"from": [7.499, 22.02766, 10.69645],
			"to": [8.501, 25.12966, 11.69845],
			"rotation": {"angle": -45, "axis": "x", "origin": [8, 22.28576, 8.57179]},
			"faces": {
				"north": {"uv": [5.5, 10, 6, 11.5], "rotation": 180, "texture": "#0"},
				"east": {"uv": [5.5, 10, 6, 11.5], "rotation": 180, "texture": "#0"},
				"south": {"uv": [5.5, 10, 6, 11.5], "rotation": 180, "texture": "#0"},
				"west": {"uv": [5.5, 10, 6, 11.5], "rotation": 180, "texture": "#0"},
				"up": {"uv": [5.5, 11, 6, 11.5], "rotation": 180, "texture": "#0"},
				"down": {"uv": [5.5, 10, 6, 11.5], "rotation": 180, "texture": "#0"}
			}
		},
		{
			"from": [7.499, -7.52966, 10.69645],
			"to": [8.501, -4.42766, 11.69845],
			"rotation": {"angle": 45, "axis": "x", "origin": [8, -4.68576, 8.57179]},
			"faces": {
				"north": {"uv": [5.5, 11.5, 6, 10], "rotation": 180, "texture": "#0"},
				"east": {"uv": [5.5, 11.5, 6, 10], "rotation": 180, "texture": "#0"},
				"south": {"uv": [5.5, 11.5, 6, 10], "rotation": 180, "texture": "#0"},
				"west": {"uv": [5.5, 11.5, 6, 10], "rotation": 180, "texture": "#0"},
				"up": {"uv": [5.5, 11.5, 6, 10], "rotation": 180, "texture": "#0"},
				"down": {"uv": [5.5, 11.5, 6, 11], "rotation": 180, "texture": "#0"}
			}
		},
		{
			"from": [7.57, 23.45042, 6.00121],
			"to": [8.43, 26.31042, 7.16121],
			"rotation": {"angle": -45, "axis": "x", "origin": [8, 22.28576, 8.57179]},
			"faces": {
				"north": {"uv": [3, 7.5, 3.5, 9], "texture": "#0"},
				"east": {"uv": [3, 7.5, 3.5, 9], "texture": "#0"},
				"south": {"uv": [3, 7.5, 3.5, 9], "texture": "#0"},
				"west": {"uv": [3, 7.5, 3.5, 9], "texture": "#0"},
				"up": {"uv": [3, 7.5, 3.5, 8], "texture": "#0"},
				"down": {"uv": [3, 7.5, 3.5, 9], "texture": "#0"}
			}
		},
		{
			"from": [7.57, -8.71042, 6.00121],
			"to": [8.43, -5.85042, 7.16121],
			"rotation": {"angle": 45, "axis": "x", "origin": [8, -4.68576, 8.57179]},
			"faces": {
				"north": {"uv": [3, 9, 3.5, 7.5], "texture": "#0"},
				"east": {"uv": [3, 9, 3.5, 7.5], "texture": "#0"},
				"south": {"uv": [3, 9, 3.5, 7.5], "texture": "#0"},
				"west": {"uv": [3, 9, 3.5, 7.5], "texture": "#0"},
				"up": {"uv": [3, 9, 3.5, 7.5], "texture": "#0"},
				"down": {"uv": [3, 8, 3.5, 7.5], "texture": "#0"}
			}
		},
		{
			"from": [7.51, 26.01237, 10.82276],
			"to": [8.49, 28.99237, 12.10276],
			"rotation": {"angle": 0, "axis": "x", "origin": [8, 22.28576, 8.57179]},
			"faces": {
				"north": {"uv": [7.5, 6.5, 8, 8], "texture": "#0"},
				"east": {"uv": [7.5, 6.5, 8, 8], "texture": "#0"},
				"south": {"uv": [7.5, 6.5, 8, 8], "texture": "#0"},
				"west": {"uv": [7.5, 6.5, 8, 8], "texture": "#0"},
				"up": {"uv": [7.5, 6.5, 8, 7], "texture": "#0"},
				"down": {"uv": [7.5, 6.5, 8, 8], "texture": "#0"}
			}
		},
		{
			"from": [7.51, -11.39237, 10.82276],
			"to": [8.49, -8.41237, 12.10276],
			"rotation": {"angle": 0, "axis": "x", "origin": [8, -4.68576, 8.57179]},
			"faces": {
				"north": {"uv": [7.5, 8, 8, 6.5], "texture": "#0"},
				"east": {"uv": [7.5, 8, 8, 6.5], "texture": "#0"},
				"south": {"uv": [7.5, 8, 8, 6.5], "texture": "#0"},
				"west": {"uv": [7.5, 8, 8, 6.5], "texture": "#0"},
				"up": {"uv": [7.5, 8, 8, 6.5], "texture": "#0"},
				"down": {"uv": [7.5, 7, 8, 6.5], "texture": "#0"}
			}
		},
		{
			"from": [7.515, 18.4119, 5.06753],
			"to": [8.485, 19.3819, 8.03753],
			"rotation": {"angle": 22.5, "axis": "x", "origin": [8, 22.28576, 8.57179]},
			"faces": {
				"north": {"uv": [2, 7, 2.5, 7.5], "rotation": 180, "texture": "#0"},
				"east": {"uv": [1, 7, 2.5, 7.5], "texture": "#0"},
				"south": {"uv": [1, 7, 2.5, 7.5], "rotation": 180, "texture": "#0"},
				"west": {"uv": [1, 7, 2.5, 7.5], "rotation": 180, "texture": "#0"},
				"up": {"uv": [1, 7, 2.5, 7.5], "rotation": 270, "texture": "#0"},
				"down": {"uv": [1, 7, 2.5, 7.5], "rotation": 90, "texture": "#0"}
			}
		},
		{
			"from": [7.515, -1.7819, 5.06753],
			"to": [8.485, -0.8119, 8.03753],
			"rotation": {"angle": -22.5, "axis": "x", "origin": [8, -4.68576, 8.57179]},
			"faces": {
				"north": {"uv": [2, 7.5, 2.5, 7], "rotation": 180, "texture": "#0"},
				"east": {"uv": [1, 7.5, 2.5, 7], "texture": "#0"},
				"south": {"uv": [1, 7.5, 2.5, 7], "rotation": 180, "texture": "#0"},
				"west": {"uv": [1, 7.5, 2.5, 7], "rotation": 180, "texture": "#0"},
				"up": {"uv": [2.5, 7, 1, 7.5], "rotation": 90, "texture": "#0"},
				"down": {"uv": [2.5, 7, 1, 7.5], "rotation": 270, "texture": "#0"}
			}
		},
		{
			"from": [7.501, 23.5994, 10.5034],
			"to": [8.499, 26.5974, 11.5014],
			"rotation": {"angle": -22.5, "axis": "x", "origin": [8, 22.28576, 8.57179]},
			"faces": {
				"north": {"uv": [6.5, 4, 7, 5.5], "texture": "#0"},
				"east": {"uv": [6.5, 4, 7, 5.5], "texture": "#0"},
				"south": {"uv": [6.5, 4, 7, 5.5], "texture": "#0"},
				"west": {"uv": [6.5, 4, 7, 5.5], "texture": "#0"},
				"up": {"uv": [6.5, 4, 7, 4.5], "texture": "#0"},
				"down": {"uv": [6.5, 4, 7, 5.5], "texture": "#0"}
			}
		},
		{
			"from": [7.501, -8.9974, 10.5034],
			"to": [8.499, -5.9994, 11.5014],
			"rotation": {"angle": 22.5, "axis": "x", "origin": [8, -4.68576, 8.57179]},
			"faces": {
				"north": {"uv": [6.5, 5.5, 7, 4], "texture": "#0"},
				"east": {"uv": [6.5, 5.5, 7, 4], "texture": "#0"},
				"south": {"uv": [6.5, 5.5, 7, 4], "texture": "#0"},
				"west": {"uv": [6.5, 5.5, 7, 4], "texture": "#0"},
				"up": {"uv": [6.5, 5.5, 7, 4], "texture": "#0"},
				"down": {"uv": [6.5, 4.5, 7, 4], "texture": "#0"}
			}
		},
		{
			"from": [7.5, 15.5507, 2.86151],
			"to": [8.5, 19.1507, 3.66151],
			"rotation": {"angle": -45, "axis": "x", "origin": [8, 22.28576, 8.57179]},
			"faces": {
				"north": {"uv": [0, 10, 0.5, 11.5], "texture": "#0"},
				"east": {"uv": [0, 10, 0.5, 11.5], "texture": "#0"},
				"south": {"uv": [0, 10, 0.5, 11.5], "texture": "#0"},
				"west": {"uv": [0, 10, 0.5, 11.5], "texture": "#0"},
				"up": {"uv": [0, 10, 0.5, 11.5], "texture": "#0"},
				"down": {"uv": [0, 10, 0.5, 11.5], "texture": "#0"}
			}
		},
		{
			"from": [7.5, -1.5507, 2.86151],
			"to": [8.5, 2.0493, 3.66151],
			"rotation": {"angle": 45, "axis": "x", "origin": [8, -4.68576, 8.57179]},
			"faces": {
				"north": {"uv": [0, 11.5, 0.5, 10], "texture": "#0"},
				"east": {"uv": [0, 11.5, 0.5, 10], "texture": "#0"},
				"south": {"uv": [0, 11.5, 0.5, 10], "texture": "#0"},
				"west": {"uv": [0, 11.5, 0.5, 10], "texture": "#0"},
				"up": {"uv": [0, 11.5, 0.5, 10], "texture": "#0"},
				"down": {"uv": [0, 11.5, 0.5, 10], "texture": "#0"}
			}
		},
		{
			"from": [7.55, 18.90081, 7.24076],
			"to": [8.45, 26.00081, 9.24076],
			"rotation": {"angle": 22.5, "axis": "x", "origin": [8, 22.28576, 8.57179]},
			"faces": {
				"north": {"uv": [5, 6, 5.5, 10.2], "texture": "#0"},
				"east": {"uv": [6, 6, 5, 10.2], "texture": "#0"},
				"south": {"uv": [5, 6, 6, 10.2], "texture": "#0"},
				"west": {"uv": [5, 6, 6, 10.2], "texture": "#0"},
				"up": {"uv": [5, 6, 6, 10.2], "texture": "#0"},
				"down": {"uv": [5, 6, 6, 10.2], "texture": "#0"}
			}
		},
		{
			"from": [7.55, -8.40081, 7.24076],
			"to": [8.45, -1.30081, 9.24076],
			"rotation": {"angle": -22.5, "axis": "x", "origin": [8, -4.68576, 8.57179]},
			"faces": {
				"north": {"uv": [5, 10.2, 5.5, 6], "texture": "#0"},
				"east": {"uv": [6, 10.2, 5, 6], "texture": "#0"},
				"south": {"uv": [5, 10.2, 6, 6], "texture": "#0"},
				"west": {"uv": [5, 10.2, 6, 6], "texture": "#0"},
				"up": {"uv": [5, 10.2, 6, 6], "texture": "#0"},
				"down": {"uv": [5, 10.2, 6, 6], "texture": "#0"}
			}
		},
		{
			"from": [7.51, 19.74204, 4.87355],
			"to": [8.49, 25.72204, 5.95355],
			"rotation": {"angle": -45, "axis": "x", "origin": [8, 22.28576, 8.57179]},
			"faces": {
				"north": {"uv": [2, 7.5, 2.5, 10.5], "texture": "#0"},
				"east": {"uv": [2, 7.5, 2.5, 10.5], "texture": "#0"},
				"south": {"uv": [2, 7.5, 2.5, 10.5], "texture": "#0"},
				"west": {"uv": [2, 7.5, 2.5, 10.5], "texture": "#0"},
				"up": {"uv": [2, 7.5, 2.5, 8], "texture": "#0"},
				"down": {"uv": [2, 7.5, 2.5, 10.5], "texture": "#0"}
			}
		},
		{
			"from": [7.51, -8.12204, 4.87355],
			"to": [8.49, -2.14204, 5.95355],
			"rotation": {"angle": 45, "axis": "x", "origin": [8, -4.68576, 8.57179]},
			"faces": {
				"north": {"uv": [2, 10.5, 2.5, 7.5], "texture": "#0"},
				"east": {"uv": [2, 10.5, 2.5, 7.5], "texture": "#0"},
				"south": {"uv": [2, 10.5, 2.5, 7.5], "texture": "#0"},
				"west": {"uv": [2, 10.5, 2.5, 7.5], "texture": "#0"},
				"up": {"uv": [2, 10.5, 2.5, 7.5], "texture": "#0"},
				"down": {"uv": [2, 8, 2.5, 7.5], "texture": "#0"}
			}
		},
		{
			"from": [7.5, 23.55398, 9.74509],
			"to": [8.5, 28.25398, 10.84509],
			"rotation": {"angle": 0, "axis": "x", "origin": [8, 22.28576, 8.57179]},
			"faces": {
				"north": {"uv": [6.5, 4.5, 7, 7], "rotation": 180, "texture": "#0"},
				"east": {"uv": [6.5, 4.5, 7, 7], "rotation": 180, "texture": "#0"},
				"south": {"uv": [6.5, 4.5, 7, 7], "rotation": 180, "texture": "#0"},
				"west": {"uv": [6.5, 4.5, 7, 7], "rotation": 180, "texture": "#0"},
				"up": {"uv": [6.5, 2.5, 7, 3], "rotation": 180, "texture": "#0"},
				"down": {"uv": [6.5, 4.5, 7, 7], "rotation": 180, "texture": "#0"}
			}
		},
		{
			"from": [7.5, -10.65398, 9.74509],
			"to": [8.5, -5.95398, 10.84509],
			"rotation": {"angle": 0, "axis": "x", "origin": [8, -4.68576, 8.57179]},
			"faces": {
				"north": {"uv": [6.5, 7, 7, 4.5], "rotation": 180, "texture": "#0"},
				"east": {"uv": [6.5, 7, 7, 4.5], "rotation": 180, "texture": "#0"},
				"south": {"uv": [6.5, 7, 7, 4.5], "rotation": 180, "texture": "#0"},
				"west": {"uv": [6.5, 7, 7, 4.5], "rotation": 180, "texture": "#0"},
				"up": {"uv": [6.5, 7, 7, 4.5], "rotation": 180, "texture": "#0"},
				"down": {"uv": [6.5, 3, 7, 2.5], "rotation": 180, "texture": "#0"}
			}
		},
		{
			"from": [7.545, 19.9158, 6.39373],
			"to": [8.455, 25.9258, 7.40373],
			"rotation": {"angle": 0, "axis": "x", "origin": [8, 22.28576, 8.57179]},
			"faces": {
				"north": {"uv": [4.5, 4, 5, 7], "texture": "#0"},
				"east": {"uv": [4.5, 4, 5, 7], "texture": "#0"},
				"south": {"uv": [4.5, 4, 5, 7], "texture": "#0"},
				"west": {"uv": [4.5, 4, 5, 7], "texture": "#0"},
				"up": {"uv": [4.5, 4, 5, 4.5], "texture": "#0"},
				"down": {"uv": [4.5, 4, 5, 7], "texture": "#0"}
			}
		},
		{
			"from": [7.545, -8.3258, 6.39373],
			"to": [8.455, -2.3158, 7.40373],
			"rotation": {"angle": 0, "axis": "x", "origin": [8, -4.68576, 8.57179]},
			"faces": {
				"north": {"uv": [4.5, 7, 5, 4], "texture": "#0"},
				"east": {"uv": [4.5, 7, 5, 4], "texture": "#0"},
				"south": {"uv": [4.5, 7, 5, 4], "texture": "#0"},
				"west": {"uv": [4.5, 7, 5, 4], "texture": "#0"},
				"up": {"uv": [4.5, 7, 5, 4], "texture": "#0"},
				"down": {"uv": [4.5, 4.5, 5, 4], "texture": "#0"}
			}
		},
		{
			"from": [7.55, 25.27656, 8.04651],
			"to": [8.45, 31.17656, 8.94651],
			"rotation": {"angle": 45, "axis": "x", "origin": [8, 22.28576, 8.57179]},
			"faces": {
				"north": {"uv": [9.5, 4, 10, 7], "texture": "#0"},
				"east": {"uv": [9.5, 4, 10, 7], "texture": "#0"},
				"south": {"uv": [9.5, 4, 10, 7], "texture": "#0"},
				"west": {"uv": [9.5, 4, 10, 7], "texture": "#0"},
				"up": {"uv": [9.5, 4, 10, 4.5], "texture": "#0"},
				"down": {"uv": [9.5, 4, 10, 7], "texture": "#0"}
			}
		},
		{
			"from": [7.55, -13.57656, 8.04651],
			"to": [8.45, -7.67656, 8.94651],
			"rotation": {"angle": -45, "axis": "x", "origin": [8, -4.68576, 8.57179]},
			"faces": {
				"north": {"uv": [9.5, 7, 10, 4], "texture": "#0"},
				"east": {"uv": [9.5, 7, 10, 4], "texture": "#0"},
				"south": {"uv": [9.5, 7, 10, 4], "texture": "#0"},
				"west": {"uv": [9.5, 7, 10, 4], "texture": "#0"},
				"up": {"uv": [9.5, 7, 10, 4], "texture": "#0"},
				"down": {"uv": [9.5, 4.5, 10, 4], "texture": "#0"}
			}
		},
		{
			"from": [7.6, 26.33978, 10.71934],
			"to": [8.4, 27.13978, 16.51934],
			"rotation": {"angle": -22.5, "axis": "x", "origin": [8, 26.73978, 12.71934]},
			"faces": {
				"north": {"uv": [9.5, 5, 10, 5.5], "texture": "#0"},
				"east": {"uv": [9.5, 5, 10, 5.5], "texture": "#0"},
				"south": {"uv": [9.5, 5, 10, 5.5], "texture": "#0"},
				"west": {"uv": [9.5, 5, 10, 5.5], "texture": "#0"},
				"up": {"uv": [9.5, 5, 10, 5.5], "texture": "#0"},
				"down": {"uv": [9.5, 5, 10, 5.5], "texture": "#0"}
			}
		},
		{
			"from": [7.6, -9.53978, 10.71934],
			"to": [8.4, -8.73978, 16.51934],
			"rotation": {"angle": 22.5, "axis": "x", "origin": [8, -9.13978, 12.71934]},
			"faces": {
				"north": {"uv": [9.5, 5.5, 10, 5], "texture": "#0"},
				"east": {"uv": [9.5, 5.5, 10, 5], "texture": "#0"},
				"south": {"uv": [9.5, 5.5, 10, 5], "texture": "#0"},
				"west": {"uv": [9.5, 5.5, 10, 5], "texture": "#0"},
				"up": {"uv": [9.5, 5.5, 10, 5], "texture": "#0"},
				"down": {"uv": [9.5, 5.5, 10, 5], "texture": "#0"}
			}
		},
		{
			"from": [7.551, 22.53911, 5.47585],
			"to": [8.449, 25.33711, 6.47385],
			"rotation": {"angle": 0, "axis": "x", "origin": [8, 22.28576, 8.57179]},
			"faces": {
				"north": {"uv": [4, 5.5, 4.5, 6.9], "texture": "#0"},
				"east": {"uv": [4, 5.5, 4.5, 6.9], "texture": "#0"},
				"south": {"uv": [4, 5.5, 4.5, 6.9], "texture": "#0"},
				"west": {"uv": [4, 5.5, 4.5, 6.9], "texture": "#0"},
				"up": {"uv": [4, 5.5, 4.45, 6], "texture": "#0"},
				"down": {"uv": [4, 5.5, 4.5, 6.9], "texture": "#0"}
			}
		},
		{
			"from": [7.551, -7.73711, 5.47585],
			"to": [8.449, -4.93911, 6.47385],
			"rotation": {"angle": 0, "axis": "x", "origin": [8, -4.68576, 8.57179]},
			"faces": {
				"north": {"uv": [4, 6.9, 4.5, 5.5], "texture": "#0"},
				"east": {"uv": [4, 6.9, 4.5, 5.5], "texture": "#0"},
				"south": {"uv": [4, 6.9, 4.5, 5.5], "texture": "#0"},
				"west": {"uv": [4, 6.9, 4.5, 5.5], "texture": "#0"},
				"up": {"uv": [4, 6.9, 4.5, 5.5], "texture": "#0"},
				"down": {"uv": [4, 6, 4.45, 5.5], "texture": "#0"}
			}
		},
		{
			"from": [7.501, 27.84488, 7.07363],
			"to": [8.499, 30.64288, 8.07163],
			"rotation": {"angle": 45, "axis": "x", "origin": [8, 22.28576, 8.57179]},
			"faces": {
				"north": {"uv": [8.5, 4, 9, 5.4], "texture": "#0"},
				"east": {"uv": [8.5, 4, 9, 5.4], "texture": "#0"},
				"south": {"uv": [8.5, 4, 9, 5.4], "texture": "#0"},
				"west": {"uv": [8.5, 4, 9, 5.4], "texture": "#0"},
				"up": {"uv": [8.5, 4, 9, 4.5], "texture": "#0"},
				"down": {"uv": [8.5, 4, 9, 5.4], "texture": "#0"}
			}
		},
		{
			"from": [7.501, -13.04288, 7.07363],
			"to": [8.499, -10.24488, 8.07163],
			"rotation": {"angle": -45, "axis": "x", "origin": [8, -4.68576, 8.57179]},
			"faces": {
				"north": {"uv": [8.5, 5.4, 9, 4], "texture": "#0"},
				"east": {"uv": [8.5, 5.4, 9, 4], "texture": "#0"},
				"south": {"uv": [8.5, 5.4, 9, 4], "texture": "#0"},
				"west": {"uv": [8.5, 5.4, 9, 4], "texture": "#0"},
				"up": {"uv": [8.5, 5.4, 9, 4], "texture": "#0"},
				"down": {"uv": [8.5, 4.5, 9, 4], "texture": "#0"}
			}
		},
		{
			"from": [6.65, 10.65, 8.15],
			"to": [9.35, 11.35, 11.85],
			"rotation": {"angle": 0, "axis": "y", "origin": [8, 11, 10]},
			"faces": {
				"north": {"uv": [11, 4, 12.5, 4.5], "rotation": 180, "texture": "#0"},
				"east": {"uv": [10, 2, 12, 2.5], "rotation": 180, "texture": "#0"},
				"south": {"uv": [10.5, 2, 12, 2.5], "rotation": 180, "texture": "#0"},
				"west": {"uv": [10, 2, 12, 2.5], "texture": "#0"},
				"up": {"uv": [10, 2.5, 12, 4], "rotation": 270, "texture": "#0"},
				"down": {"uv": [10.5, 0.5, 12, 2.5], "texture": "#0"}
			}
		},
		{
			"from": [6.65, 6.15, 8.15],
			"to": [9.35, 6.85, 11.85],
			"rotation": {"angle": 0, "axis": "y", "origin": [8, 6.5, 10]},
			"faces": {
				"north": {"uv": [11, 4, 12.5, 4.5], "rotation": 180, "texture": "#0"},
				"east": {"uv": [10, 2, 12, 2.5], "rotation": 180, "texture": "#0"},
				"south": {"uv": [10.5, 2, 12, 2.5], "rotation": 180, "texture": "#0"},
				"west": {"uv": [10, 2, 12, 2.5], "texture": "#0"},
				"up": {"uv": [10, 2.5, 12, 4], "rotation": 270, "texture": "#0"},
				"down": {"uv": [10.5, 0.5, 12, 2.5], "texture": "#0"}
			}
		},
		{
			"from": [6.65, 11.9, 8.65],
			"to": [9.35, 12.6, 11.35],
			"rotation": {"angle": 0, "axis": "y", "origin": [8, 17, 8]},
			"faces": {
				"north": {"uv": [11, 4, 12.5, 4.5], "texture": "#0"},
				"east": {"uv": [11, 4, 12.5, 4.5], "texture": "#0"},
				"south": {"uv": [11, 4, 12.5, 4.5], "texture": "#0"},
				"west": {"uv": [11, 4, 12.5, 4.5], "texture": "#0"},
				"up": {"uv": [11, 4, 12.5, 4.5], "texture": "#0"},
				"down": {"uv": [11, 4, 12.5, 4.5], "texture": "#0"}
			}
		},
		{
			"from": [6.95, 9.95, 8.95],
			"to": [9.05, 10.55, 11.05],
			"rotation": {"angle": 0, "axis": "y", "origin": [8, 17, 8]},
			"faces": {
				"north": {"uv": [13.5, 13.5, 16, 14.5], "texture": "#0"},
				"east": {"uv": [13.5, 13.5, 16, 14.5], "texture": "#0"},
				"south": {"uv": [13.5, 13.5, 16, 14.5], "texture": "#0"},
				"west": {"uv": [13.5, 13.5, 16, 14.5], "texture": "#0"},
				"up": {"uv": [13.5, 13.5, 16, 14.5], "texture": "#0"},
				"down": {"uv": [13.5, 13.5, 16, 14.5], "texture": "#0"}
			}
		},
		{
			"from": [6.95, 8.95, 8.95],
			"to": [9.05, 9.55, 11.05],
			"rotation": {"angle": 0, "axis": "y", "origin": [8, 17, 8]},
			"faces": {
				"north": {"uv": [13.5, 13.5, 16, 14.5], "texture": "#0"},
				"east": {"uv": [13.5, 13.5, 16, 14.5], "texture": "#0"},
				"south": {"uv": [13.5, 13.5, 16, 14.5], "texture": "#0"},
				"west": {"uv": [13.5, 13.5, 16, 14.5], "texture": "#0"},
				"up": {"uv": [13.5, 13.5, 16, 14.5], "texture": "#0"},
				"down": {"uv": [13.5, 13.5, 16, 14.5], "texture": "#0"}
			}
		},
		{
			"from": [6.95, 6.95, 8.95],
			"to": [9.05, 7.55, 11.05],
			"rotation": {"angle": 0, "axis": "y", "origin": [8, 17, 8]},
			"faces": {
				"north": {"uv": [13.5, 13.5, 16, 14.5], "texture": "#0"},
				"east": {"uv": [13.5, 13.5, 16, 14.5], "texture": "#0"},
				"south": {"uv": [13.5, 13.5, 16, 14.5], "texture": "#0"},
				"west": {"uv": [13.5, 13.5, 16, 14.5], "texture": "#0"},
				"up": {"uv": [13.5, 13.5, 16, 14.5], "texture": "#0"},
				"down": {"uv": [13.5, 13.5, 16, 14.5], "texture": "#0"}
			}
		},
		{
			"from": [6.95, 7.95, 8.95],
			"to": [9.05, 8.55, 11.05],
			"rotation": {"angle": 0, "axis": "y", "origin": [8, 17, 8]},
			"faces": {
				"north": {"uv": [13.5, 13.5, 16, 14.5], "texture": "#0"},
				"east": {"uv": [13.5, 13.5, 16, 14.5], "texture": "#0"},
				"south": {"uv": [13.5, 13.5, 16, 14.5], "texture": "#0"},
				"west": {"uv": [13.5, 13.5, 16, 14.5], "texture": "#0"},
				"up": {"uv": [13.5, 13.5, 16, 14.5], "texture": "#0"},
				"down": {"uv": [13.5, 13.5, 16, 14.5], "texture": "#0"}
			}
		},
		{
			"from": [6.65, 4.9, 8.65],
			"to": [9.35, 5.6, 11.35],
			"rotation": {"angle": 0, "axis": "y", "origin": [8, 17, 8]},
			"faces": {
				"north": {"uv": [11, 4, 12.5, 4.5], "texture": "#0"},
				"east": {"uv": [11, 4, 12.5, 4.5], "texture": "#0"},
				"south": {"uv": [11, 4, 12.5, 4.5], "texture": "#0"},
				"west": {"uv": [11, 4, 12.5, 4.5], "texture": "#0"},
				"up": {"uv": [11, 4, 12.5, 4.5], "texture": "#0"},
				"down": {"uv": [11, 4, 12.5, 4.5], "texture": "#0"}
			}
		},
		{
			"from": [7.2, -10.75, 15.1],
			"to": [8.8, -9.65, 15.45],
			"rotation": {"angle": 22.5, "axis": "x", "origin": [8, -10.2, 15.275]},
			"faces": {
				"north": {"uv": [7, 9.5, 7.25, 10.5], "texture": "#0"},
				"east": {"uv": [7, 9.5, 7.25, 10.5], "texture": "#0"},
				"south": {"uv": [7, 9.5, 7.25, 10.5], "texture": "#0"},
				"west": {"uv": [7, 9.5, 7.25, 10.5], "texture": "#0"},
				"up": {"uv": [7, 9.5, 7.25, 10.5], "texture": "#0"},
				"down": {"uv": [7, 9.5, 7.25, 10.5], "texture": "#0"}
			}
		},
		{
			"from": [7.8, -9.75, 15.35],
			"to": [8.2, 27.45, 15.55],
			"rotation": {"angle": 0, "axis": "x", "origin": [8.5, -9.3, 15.425]},
			"faces": {
				"north": {"uv": [0, 1, 10, 1.25], "rotation": 90, "texture": "#0"},
				"east": {"uv": [0, 1, 10, 1.25], "rotation": 90, "texture": "#0"},
				"south": {"uv": [0, 1, 10, 1.25], "rotation": 90, "texture": "#0"},
				"west": {"uv": [0, 1, 10, 1.25], "rotation": 90, "texture": "#0"},
				"up": {"uv": [0, 1, 10, 1.25], "rotation": 90, "texture": "#0"},
				"down": {"uv": [0, 1, 10, 1.25], "rotation": 90, "texture": "#0"}
			}
		},
		{
			"from": [7.2, 27.25, 15.1],
			"to": [8.8, 28.35, 15.45],
			"rotation": {"angle": -22.5, "axis": "x", "origin": [8, 27.8, 15.275]},
			"faces": {
				"north": {"uv": [7, 9.5, 7.25, 10.5], "texture": "#0"},
				"east": {"uv": [7, 9.5, 7.25, 10.5], "texture": "#0"},
				"south": {"uv": [7, 9.5, 7.25, 10.5], "texture": "#0"},
				"west": {"uv": [7, 9.5, 7.25, 10.5], "texture": "#0"},
				"up": {"uv": [7, 9.5, 7.25, 10.5], "texture": "#0"},
				"down": {"uv": [7, 9.5, 7.25, 10.5], "texture": "#0"}
			}
		}
	],
	"display": {
		"thirdperson_righthand": {
			"translation": [0, -3, -0.5],
			"scale": [1.2, 1.2, 1.2]
		},
		"thirdperson_lefthand": {
			"translation": [0, -3, -0.5],
			"scale": [1.2, 1.2, 1.2]
		},
		"firstperson_righthand": {
			"rotation": [-7, 0, 0],
			"translation": [-1.5, 5.75, 0.5],
			"scale": [0.5, 0.5, 0.5]
		},
		"firstperson_lefthand": {
			"rotation": [-7, 0, 0],
			"translation": [-1.5, 5.75, 0.5],
			"scale": [0.5, 0.5, 0.5]
		},
		"gui": {
			"rotation": [-74, -49, -80],
			"translation": [1, -1.25, 0],
			"scale": [0.5, 0.5, 0.5]
		},
		"head": {
			"rotation": [-41, 0, 0],
			"translation": [0, 49, 0]
		}
	},
	"groups": [0, 1, 2, 3, 4, 5, 6, 7, 8, 9, 10, 11, 12, 13, 14, 15, 16, 17, 18, 19, 20, 21, 22, 23, 24, 25, 26, 27, 28, 29, 30, 31, 32, 33, 34, 35, 36, 37, 38, 39, 40, 41, 42, 43, 44, 45, 46, 47, 48, 49, 50, 51, 52, 53, 54,
		{
			"name": "group",
			"origin": [8, -9.82049, 10.35413],
			"children": []
		}, 55, 56, 57]
}