{
	"credit": "Made with Blockbench",
	"textures": {
		"0": "wynncraft textures/log_birch",
		"2": "wynncraft textures/identifier_5",
		"4": "wynncraft textures/experience_bottle",
		"particle": "wynncraft textures/log_birch"
	},
	"elements": [
		{
			"from": [6.2, 5.81988, 1.38141],
			"to": [7, 6.61988, 3.18141],
			"rotation": {"angle": 0, "axis": "x", "origin": [7.59044, 6.43355, 2.39475]},
			"faces": {
				"north": {"uv": [0, 0, 1, 1], "texture": "#0"},
				"east": {"uv": [0, 0, 2, 1], "texture": "#0"},
				"south": {"uv": [0, 0, 1, 1], "texture": "#0"},
				"west": {"uv": [0, 0, 2, 1], "texture": "#0"},
				"up": {"uv": [0, 0, 1, 2], "texture": "#0"},
				"down": {"uv": [0, 0, 1, 2], "texture": "#0"}
			}
		},
		{
			"from": [6.15, 5.50328, 2.7206],
			"to": [7.05, 6.40328, 4.6206],
			"rotation": {"angle": 22.5, "axis": "x", "origin": [7.59504, 5.76355, 3.65815]},
			"faces": {
				"north": {"uv": [0, 0, 1, 1], "texture": "#0"},
				"east": {"uv": [0, 0, 2, 1], "texture": "#0"},
				"south": {"uv": [0, 0, 1, 1], "texture": "#0"},
				"west": {"uv": [0, 0, 2, 1], "texture": "#0"},
				"up": {"uv": [0, 0, 1, 2], "texture": "#0"},
				"down": {"uv": [0, 0, 1, 2], "texture": "#0"}
			}
		},
		{
			"from": [6.1, 4.79262, 4.42415],
			"to": [7.1, 5.79262, 6.42415],
			"rotation": {"angle": 22.5, "axis": "x", "origin": [6.6, 5.29262, 5.42415]},
			"faces": {
				"north": {"uv": [0, 0, 1, 1], "texture": "#0"},
				"east": {"uv": [0, 0, 2, 1], "texture": "#0"},
				"south": {"uv": [0, 0, 1, 1], "texture": "#0"},
				"west": {"uv": [0, 0, 2, 1], "texture": "#0"},
				"up": {"uv": [0, 0, 1, 2], "texture": "#0"},
				"down": {"uv": [0, 0, 1, 2], "texture": "#0"}
			}
		},
		{
			"from": [5.17709, 4.39262, 6.30611],
			"to": [6.37709, 5.59262, 8.50611],
			"rotation": {"angle": 22.5, "axis": "y", "origin": [5.7804, 4.69222, 7.40504]},
			"faces": {
				"north": {"uv": [0, 0, 1, 1], "texture": "#0"},
				"east": {"uv": [0, 0, 2, 1], "texture": "#0"},
				"south": {"uv": [0, 0, 1, 1], "texture": "#0"},
				"west": {"uv": [0, 0, 2, 1], "texture": "#0"},
				"up": {"uv": [0, 0, 1, 2], "texture": "#0"},
				"down": {"uv": [0, 0, 1, 2], "texture": "#0"}
			}
		},
		{
			"from": [4.77709, 4.59262, 5.20611],
			"to": [5.77709, 5.59262, 6.60611],
			"rotation": {"angle": 0, "axis": "y", "origin": [5.2804, 4.69222, 6.20504]},
			"faces": {
				"north": {"uv": [0, 0, 1, 1], "texture": "#0"},
				"east": {"uv": [0, 0, 1.4, 1], "texture": "#0"},
				"south": {"uv": [0, 0, 1, 1], "texture": "#0"},
				"west": {"uv": [0, 0, 1.4, 1], "texture": "#0"},
				"up": {"uv": [0, 0, 1, 1.4], "texture": "#0"},
				"down": {"uv": [0, 0, 1, 1.4], "texture": "#0"}
			}
		},
		{
			"from": [4.7238, 4.79241, 4.47613],
			"to": [5.6238, 5.69241, 5.37613],
			"rotation": {"angle": -22.5, "axis": "y", "origin": [5.17712, 4.74201, 5.42506]},
			"faces": {
				"north": {"uv": [0, 0, 1, 1], "texture": "#0"},
				"east": {"uv": [0, 0, 1, 1], "texture": "#0"},
				"south": {"uv": [0, 0, 1, 1], "texture": "#0"},
				"west": {"uv": [0, 0, 1, 1], "texture": "#0"},
				"up": {"uv": [0, 0, 1, 1], "texture": "#0"},
				"down": {"uv": [0, 0, 1, 1], "texture": "#0"}
			}
		},
		{
			"from": [7.1, 4.89869, 4.10951],
			"to": [8.1, 5.89869, 6.10951],
			"rotation": {"angle": 22.5, "axis": "x", "origin": [8.15, 4.79262, 5.57415]},
			"faces": {
				"north": {"uv": [0, 0, 1, 1], "texture": "#0"},
				"east": {"uv": [0, 0, 2, 1], "texture": "#0"},
				"south": {"uv": [0, 0, 1, 1], "texture": "#0"},
				"west": {"uv": [0, 0, 2, 1], "texture": "#0"},
				"up": {"uv": [0, 0, 1, 2], "texture": "#0"},
				"down": {"uv": [0, 0, 1, 2], "texture": "#0"}
			}
		},
		{
			"from": [8.1, 4.68655, 4.03879],
			"to": [9.1, 5.68655, 6.03879],
			"rotation": {"angle": 22.5, "axis": "x", "origin": [8.05, 4.79262, 5.57415]},
			"faces": {
				"north": {"uv": [0, 0, 1, 1], "texture": "#0"},
				"east": {"uv": [0, 0, 2, 1], "texture": "#0"},
				"south": {"uv": [0, 0, 1, 1], "texture": "#0"},
				"west": {"uv": [0, 0, 2, 1], "texture": "#0"},
				"up": {"uv": [0, 0, 1, 2], "texture": "#0"},
				"down": {"uv": [0, 0, 1, 2], "texture": "#0"}
			}
		},
		{
			"from": [9.3, 4.58783, 4.91684],
			"to": [10.1, 5.38783, 6.71684],
			"rotation": {"angle": 22.5, "axis": "x", "origin": [9.80302, 4.39905, 6.11471]},
			"faces": {
				"north": {"uv": [0, 0, 1, 1], "texture": "#0"},
				"east": {"uv": [0, 0, 2, 1], "texture": "#0"},
				"south": {"uv": [0, 0, 1, 1], "texture": "#0"},
				"west": {"uv": [0, 0, 2, 1], "texture": "#0"},
				"up": {"uv": [0, 0, 1, 2], "texture": "#0"},
				"down": {"uv": [0, 0, 1, 2], "texture": "#0"}
			}
		},
		{
			"from": [9.25, 5.48335, 3.89656],
			"to": [9.95, 6.18335, 5.29656],
			"rotation": {"angle": 22.5, "axis": "x", "origin": [9.79767, 5.43501, 4.08411]},
			"faces": {
				"north": {"uv": [0, 0, 1, 1], "rotation": 180, "texture": "#0"},
				"east": {"uv": [0, 0, 1.7, 1], "rotation": 180, "texture": "#0"},
				"south": {"uv": [0, 0, 1, 1], "rotation": 180, "texture": "#0"},
				"west": {"uv": [0, 0, 1.7, 1], "rotation": 180, "texture": "#0"},
				"up": {"uv": [0, 0, 1, 1.7], "texture": "#0"},
				"down": {"uv": [0, 0, 1, 1.7], "texture": "#0"}
			}
		},
		{
			"from": [9.2, 5.82991, 2.79689],
			"to": [9.8, 6.42991, 4.09689],
			"rotation": {"angle": 22.5, "axis": "x", "origin": [9.79601, 5.74287, 3.44458]},
			"faces": {
				"north": {"uv": [0, 0, 1, 1], "rotation": 180, "texture": "#0"},
				"east": {"uv": [0, 0, 1.7, 1], "rotation": 180, "texture": "#0"},
				"south": {"uv": [0, 0, 1, 1], "rotation": 180, "texture": "#0"},
				"west": {"uv": [0, 0, 1.7, 1], "rotation": 180, "texture": "#0"},
				"up": {"uv": [0, 0, 1, 1.7], "texture": "#0"},
				"down": {"uv": [0, 0, 1, 1.7], "texture": "#0"}
			}
		},
		{
			"from": [7.14804, 5.7569, 2.45971],
			"to": [8.04804, 6.6569, 4.55971],
			"rotation": {"angle": 22.5, "axis": "x", "origin": [7.59504, 5.76355, 3.65815]},
			"faces": {
				"north": {"uv": [0, 0, 1, 1], "rotation": 180, "texture": "#0"},
				"east": {"uv": [0, 0, 2, 1], "rotation": 180, "texture": "#0"},
				"south": {"uv": [0, 0, 1, 1], "rotation": 180, "texture": "#0"},
				"west": {"uv": [0, 0, 2, 1], "rotation": 180, "texture": "#0"},
				"up": {"uv": [0, 0, 1, 2], "texture": "#0"},
				"down": {"uv": [0, 0, 1, 2], "texture": "#0"}
			}
		},
		{
			"from": [8.14804, 5.55984, 2.55377],
			"to": [9.04804, 6.45984, 4.45377],
			"rotation": {"angle": 22.5, "axis": "x", "origin": [7.59504, 5.76355, 3.65815]},
			"faces": {
				"north": {"uv": [0, 0, 1, 1], "rotation": 180, "texture": "#0"},
				"east": {"uv": [0, 0, 2, 1], "rotation": 180, "texture": "#0"},
				"south": {"uv": [0, 0, 1, 1], "rotation": 180, "texture": "#0"},
				"west": {"uv": [0, 0, 2, 1], "rotation": 180, "texture": "#0"},
				"up": {"uv": [0, 0, 1, 2], "texture": "#0"},
				"down": {"uv": [0, 0, 1, 2], "texture": "#0"}
			}
		},
		{
			"from": [7.19725, 6.12828, 1.15917],
			"to": [7.99725, 6.92828, 2.95917],
			"rotation": {"angle": 0, "axis": "x", "origin": [7.59044, 6.43355, 2.39475]},
			"faces": {
				"north": {"uv": [0, 0, 1, 1], "rotation": 180, "texture": "#0"},
				"east": {"uv": [0, 0, 2, 1], "rotation": 180, "texture": "#0"},
				"south": {"uv": [0, 0, 1, 1], "rotation": 180, "texture": "#0"},
				"west": {"uv": [0, 0, 2, 1], "rotation": 180, "texture": "#0"},
				"up": {"uv": [0, 0, 1, 2], "texture": "#0"},
				"down": {"uv": [0, 0, 1, 2], "texture": "#0"}
			}
		},
		{
			"from": [8.19725, 5.92828, 1.35917],
			"to": [8.99725, 6.72828, 3.15917],
			"rotation": {"angle": 0, "axis": "x", "origin": [7.59044, 6.43355, 2.39475]},
			"faces": {
				"north": {"uv": [0, 0, 1, 1], "rotation": 180, "texture": "#0"},
				"east": {"uv": [0, 0, 2, 1], "rotation": 180, "texture": "#0"},
				"south": {"uv": [0, 0, 1, 1], "rotation": 180, "texture": "#0"},
				"west": {"uv": [0, 0, 2, 1], "rotation": 180, "texture": "#0"},
				"up": {"uv": [0, 0, 1, 2], "texture": "#0"},
				"down": {"uv": [0, 0, 1, 2], "texture": "#0"}
			}
		},
		{
			"from": [5.75, 3.9, 5.5],
			"to": [8.75, 4.9, 9.5],
			"rotation": {"angle": 22.5, "axis": "x", "origin": [6.75454, 4.3987, 7.49676]},
			"faces": {
				"north": {"uv": [0, 0, 3, 1], "texture": "#0"},
				"east": {"uv": [0, 0, 4, 1], "texture": "#0"},
				"south": {"uv": [0, 0, 3, 1], "texture": "#0"},
				"west": {"uv": [0, 0, 4, 1], "texture": "#0"},
				"up": {"uv": [0, 0, 3, 4], "texture": "#0"},
				"down": {"uv": [0, 0, 3, 4], "texture": "#0"}
			}
		},
		{
			"from": [6.1, 3.4, 7.4],
			"to": [9.1, 5.2, 11.4],
			"rotation": {"angle": 22.5, "axis": "x", "origin": [7.30454, 3.9987, 8.69676]},
			"faces": {
				"north": {"uv": [0, 0, 3, 1.8], "texture": "#0"},
				"east": {"uv": [0, 0, 4, 1.8], "texture": "#0"},
				"south": {"uv": [0, 0, 3, 1.8], "texture": "#0"},
				"west": {"uv": [0, 0, 4, 1.8], "texture": "#0"},
				"up": {"uv": [0, 0, 3, 4], "texture": "#0"},
				"down": {"uv": [0, 0, 3, 4], "texture": "#0"}
			}
		},
		{
			"from": [5.85, 4.00054, 7.44971],
			"to": [8.65, 4.80054, 10.24971],
			"rotation": {"angle": 0, "axis": "x", "origin": [7.25542, 4.39823, 9.34526]},
			"faces": {
				"north": {"uv": [0, 0, 3, 1], "texture": "#0"},
				"east": {"uv": [0, 0, 3, 1], "texture": "#0"},
				"south": {"uv": [0, 0, 3, 1], "texture": "#0"},
				"west": {"uv": [0, 0, 3, 1], "texture": "#0"},
				"up": {"uv": [0, 0, 3, 3], "texture": "#0"},
				"down": {"uv": [0, 0, 3, 3], "texture": "#0"}
			}
		},
		{
			"from": [6.75, 4.20054, 6.04971],
			"to": [9.55, 5.30054, 8.24971],
			"rotation": {"angle": -22.5, "axis": "y", "origin": [8.15542, 4.59823, 7.94526]},
			"faces": {
				"north": {"uv": [0, 0, 3, 1.3], "texture": "#0"},
				"east": {"uv": [0, 0, 2.4, 1.3], "texture": "#0"},
				"south": {"uv": [0, 0, 3, 1.3], "texture": "#0"},
				"west": {"uv": [0, 0, 2.4, 1.3], "texture": "#0"},
				"up": {"uv": [0, 0, 3, 2.4], "texture": "#0"},
				"down": {"uv": [0, 0, 3, 2.4], "texture": "#0"}
			}
		},
		{
			"from": [5.398, 4.39734, 5.77069],
			"to": [7.398, 5.39734, 9.77069],
			"rotation": {"angle": 22.5, "axis": "y", "origin": [6.39964, 4.89848, 7.26463]},
			"faces": {
				"north": {"uv": [0, 0, 2, 1], "texture": "#0"},
				"east": {"uv": [0, 0, 4, 1], "texture": "#0"},
				"south": {"uv": [0, 0, 2, 1], "texture": "#0"},
				"west": {"uv": [0, 0, 4, 1], "texture": "#0"},
				"up": {"uv": [0, 0, 2, 4], "texture": "#0"},
				"down": {"uv": [0, 0, 2, 4], "texture": "#0"}
			}
		},
		{
			"from": [6.5, 4.61, 6.6],
			"to": [8.5, 5.61, 8.16],
			"rotation": {"angle": 0, "axis": "x", "origin": [7.50402, 4.59913, 7.59685]},
			"faces": {
				"north": {"uv": [8.5, 9, 9.5, 10], "texture": "#0"},
				"east": {"uv": [8.5, 8, 9.5, 9], "texture": "#0"},
				"south": {"uv": [8.5, 9, 9.5, 10], "texture": "#0"},
				"west": {"uv": [8.5, 9.5, 9.5, 10.5], "texture": "#0"},
				"up": {"uv": [6, 0, 8, 1.56], "texture": "#0"},
				"down": {"uv": [2, 2, 14, 14], "texture": "#0"}
			}
		},
		{
			"from": [5.95, 1.76, 10.8],
			"to": [9.15, 4.46, 12],
			"rotation": {"angle": 22.5, "axis": "x", "origin": [7.56412, 3.30347, 11.3924]},
			"faces": {
				"north": {"uv": [3.5, 8.5, 4.5, 9.5], "texture": "#2"},
				"east": {"uv": [3.5, 7.5, 4.5, 10], "texture": "#2"},
				"south": {"uv": [4, 8, 5, 9], "texture": "#2"},
				"west": {"uv": [3, 9, 4, 10], "texture": "#2"},
				"up": {"uv": [1, 7.5, 4.5, 10.5], "texture": "#2"},
				"down": {"uv": [1.5, 8, 4.5, 9], "texture": "#2"}
			}
		},
		{
			"from": [5.9, 1.71, 11.05],
			"to": [9.2, 4.51, 11.35],
			"rotation": {"angle": 22.5, "axis": "x", "origin": [7.56412, 3.30347, 11.3924]},
			"faces": {
				"north": {"uv": [7, 10, 8, 11], "texture": "#4"},
				"east": {"uv": [8, 10, 9, 12.5], "texture": "#4"},
				"south": {"uv": [8, 11, 9, 12], "texture": "#4"},
				"west": {"uv": [8, 11, 9, 12], "texture": "#4"},
				"up": {"uv": [6, 11, 9.5, 12], "texture": "#4"},
				"down": {"uv": [7, 10, 10, 11], "texture": "#4"}
			}
		}
	],
	"display": {
		"thirdperson_righthand": {
			"rotation": [-23, 12, -33],
			"translation": [3, 1.25, -3.75],
			"scale": [1.1, 1.3, 1.3]
		},
		"firstperson_righthand": {
			"rotation": [0, 4, -16],
			"translation": [5.5, 4.75, 0.25],
			"scale": [1.3, 1.3, 1.3]
		},
		"gui": {
			"rotation": [74, 47, -43],
			"translation": [4.5, 2, 0],
			"scale": [1.1, 1.3, 1.3]
		}
	}
}