{
	"credit": "Made with Blockbench",
	"textures": {
		"0": "wynncraft textures/log_birch",
		"2": "wynncraft textures/identifier_5",
		"3": "wynncraft textures/green-yellow_swirl",
		"4": "wynncraft textures/experience_bottle",
		"particle": "wynncraft textures/log_birch"
	},
	"elements": [
		{
			"from": [5.17709, 3.39262, 6.30611],
			"to": [6.37709, 4.59262, 8.50611],
			"rotation": {"angle": 22.5, "axis": "y", "origin": [5.7804, 3.99222, 7.40504]},
			"faces": {
				"north": {"uv": [0, 0, 1, 1], "texture": "#0"},
				"east": {"uv": [0, 0, 2, 1], "texture": "#0"},
				"south": {"uv": [0, 0, 1, 1], "texture": "#0"},
				"west": {"uv": [0, 0, 2, 1], "texture": "#0"},
				"up": {"uv": [0, 0, 1, 2], "texture": "#0"},
				"down": {"uv": [0, 0, 1, 2], "texture": "#0"}
			}
		},
		{
			"from": [4.77709, 3.49262, 5.20611],
			"to": [5.77709, 4.49262, 6.60611],
			"rotation": {"angle": 0, "axis": "y", "origin": [5.2804, 3.99222, 6.20504]},
			"faces": {
				"north": {"uv": [0, 0, 1, 1], "texture": "#0"},
				"east": {"uv": [0, 0, 1.4, 1], "texture": "#0"},
				"south": {"uv": [0, 0, 1, 1], "texture": "#0"},
				"west": {"uv": [0, 0, 1.4, 1], "texture": "#0"},
				"up": {"uv": [0, 0, 1, 1.4], "texture": "#0"},
				"down": {"uv": [0, 0, 1, 1.4], "texture": "#0"}
			}
		},
		{
			"from": [4.7238, 3.59241, 4.47613],
			"to": [5.6238, 4.49241, 5.37613],
			"rotation": {"angle": -22.5, "axis": "y", "origin": [5.17712, 4.04201, 5.42506]},
			"faces": {
				"north": {"uv": [0, 0, 1, 1], "texture": "#0"},
				"east": {"uv": [0, 0, 1, 1], "texture": "#0"},
				"south": {"uv": [0, 0, 1, 1], "texture": "#0"},
				"west": {"uv": [0, 0, 1, 1], "texture": "#0"},
				"up": {"uv": [0, 0, 1, 1], "texture": "#0"},
				"down": {"uv": [0, 0, 1, 1], "texture": "#0"}
			}
		},
		{
			"from": [7.2, 4.39262, 4.32415],
			"to": [8.2, 5.39262, 6.32415],
			"rotation": {"angle": -45, "axis": "x", "origin": [7.7, 4.89262, 5.32415]},
			"faces": {
				"north": {"uv": [0, 0, 1, 1], "texture": "#0"},
				"east": {"uv": [0, 0, 2, 1], "texture": "#0"},
				"south": {"uv": [0, 0, 1, 1], "texture": "#0"},
				"west": {"uv": [0, 0, 2, 1], "texture": "#0"},
				"up": {"uv": [0, 0, 1, 2], "texture": "#0"},
				"down": {"uv": [0, 0, 1, 2], "texture": "#0"}
			}
		},
		{
			"from": [6, 4.39262, 4.52415],
			"to": [7, 5.39262, 6.52415],
			"rotation": {"angle": -45, "axis": "x", "origin": [6.5, 4.89262, 5.52415]},
			"faces": {
				"north": {"uv": [0, 0, 1, 1], "texture": "#0"},
				"east": {"uv": [0, 0, 2, 1], "texture": "#0"},
				"south": {"uv": [0, 0, 1, 1], "texture": "#0"},
				"west": {"uv": [0, 0, 2, 1], "texture": "#0"},
				"up": {"uv": [0, 0, 1, 2], "texture": "#0"},
				"down": {"uv": [0, 0, 1, 2], "texture": "#0"}
			}
		},
		{
			"from": [8.3, 4.19262, 4.62415],
			"to": [9.3, 5.19262, 6.62415],
			"rotation": {"angle": -45, "axis": "x", "origin": [8.8, 4.69262, 5.62415]},
			"faces": {
				"north": {"uv": [0, 0, 1, 1], "texture": "#0"},
				"east": {"uv": [0, 0, 2, 1], "texture": "#0"},
				"south": {"uv": [0, 0, 1, 1], "texture": "#0"},
				"west": {"uv": [0, 0, 2, 1], "texture": "#0"},
				"up": {"uv": [0, 0, 1, 2], "texture": "#0"},
				"down": {"uv": [0, 0, 1, 2], "texture": "#0"}
			}
		},
		{
			"from": [9.4, 3.99262, 5.22415],
			"to": [10.2, 4.79262, 7.02415],
			"rotation": {"angle": -45, "axis": "x", "origin": [9.8, 4.39262, 6.12415]},
			"faces": {
				"north": {"uv": [0, 0, 1, 1], "texture": "#0"},
				"east": {"uv": [0, 0, 2, 1], "texture": "#0"},
				"south": {"uv": [0, 0, 1, 1], "texture": "#0"},
				"west": {"uv": [0, 0, 2, 1], "texture": "#0"},
				"up": {"uv": [0, 0, 1, 2], "texture": "#0"},
				"down": {"uv": [0, 0, 1, 2], "texture": "#0"}
			}
		},
		{
			"from": [9.45, 2.84262, 5.47415],
			"to": [10.15, 4.24262, 6.17415],
			"rotation": {"angle": -22.5, "axis": "x", "origin": [9.8, 3.69262, 5.82415]},
			"faces": {
				"north": {"uv": [0, 0, 1, 1.7], "rotation": 180, "texture": "#0"},
				"east": {"uv": [0, 0, 1.7, 1], "rotation": 90, "texture": "#0"},
				"south": {"uv": [0, 0, 1, 1.7], "texture": "#0"},
				"west": {"uv": [0, 0, 1.7, 1], "rotation": 270, "texture": "#0"},
				"up": {"uv": [0, 0, 1, 1], "texture": "#0"},
				"down": {"uv": [0, 0, 1, 1], "rotation": 180, "texture": "#0"}
			}
		},
		{
			"from": [9.5, 3.06835, 5.73116],
			"to": [10.1, 3.66835, 7.03116],
			"rotation": {"angle": -22.5, "axis": "x", "origin": [9.80406, 3.3609, 6.37065]},
			"faces": {
				"north": {"uv": [0, 0, 1, 1], "rotation": 180, "texture": "#0"},
				"east": {"uv": [0, 0, 1.7, 1], "rotation": 180, "texture": "#0"},
				"south": {"uv": [0, 0, 1, 1], "rotation": 180, "texture": "#0"},
				"west": {"uv": [0, 0, 1.7, 1], "rotation": 180, "texture": "#0"},
				"up": {"uv": [0, 0, 1, 1.7], "texture": "#0"},
				"down": {"uv": [0, 0, 1, 1.7], "texture": "#0"}
			}
		},
		{
			"from": [7.24804, 2.8547, 4.66045],
			"to": [8.14804, 4.7547, 5.56045],
			"rotation": {"angle": -22.5, "axis": "x", "origin": [7.69914, 3.80393, 5.10454]},
			"faces": {
				"north": {"uv": [0, 0, 1, 2], "rotation": 180, "texture": "#0"},
				"east": {"uv": [0, 0, 2, 1], "rotation": 90, "texture": "#0"},
				"south": {"uv": [0, 0, 1, 2], "texture": "#0"},
				"west": {"uv": [0, 0, 2, 1], "rotation": 270, "texture": "#0"},
				"up": {"uv": [0, 0, 1, 1], "texture": "#0"},
				"down": {"uv": [0, 0, 1, 1], "rotation": 180, "texture": "#0"}
			}
		},
		{
			"from": [6.04804, 2.8547, 4.86045],
			"to": [6.94804, 4.7547, 5.76045],
			"rotation": {"angle": -22.5, "axis": "x", "origin": [6.49914, 3.80393, 5.30454]},
			"faces": {
				"north": {"uv": [0, 0, 1, 2], "rotation": 180, "texture": "#0"},
				"east": {"uv": [0, 0, 2, 1], "rotation": 90, "texture": "#0"},
				"south": {"uv": [0, 0, 1, 2], "texture": "#0"},
				"west": {"uv": [0, 0, 2, 1], "rotation": 270, "texture": "#0"},
				"up": {"uv": [0, 0, 1, 1], "texture": "#0"},
				"down": {"uv": [0, 0, 1, 1], "rotation": 180, "texture": "#0"}
			}
		},
		{
			"from": [8.34804, 2.7547, 4.96045],
			"to": [9.24804, 4.6547, 5.86045],
			"rotation": {"angle": -22.5, "axis": "x", "origin": [8.79914, 3.70393, 5.40454]},
			"faces": {
				"north": {"uv": [0, 0, 1, 2], "rotation": 180, "texture": "#0"},
				"east": {"uv": [0, 0, 2, 1], "rotation": 90, "texture": "#0"},
				"south": {"uv": [0, 0, 1, 2], "texture": "#0"},
				"west": {"uv": [0, 0, 2, 1], "rotation": 270, "texture": "#0"},
				"up": {"uv": [0, 0, 1, 1], "texture": "#0"},
				"down": {"uv": [0, 0, 1, 1], "rotation": 180, "texture": "#0"}
			}
		},
		{
			"from": [7.29725, 2.79007, 5.13284],
			"to": [8.09725, 3.59007, 6.93284],
			"rotation": {"angle": 0, "axis": "x", "origin": [7.70337, 3.18225, 6.02526]},
			"faces": {
				"north": {"uv": [0, 0, 1, 1], "rotation": 180, "texture": "#0"},
				"east": {"uv": [0, 0, 2, 1], "rotation": 180, "texture": "#0"},
				"south": {"uv": [0, 0, 1, 1], "rotation": 180, "texture": "#0"},
				"west": {"uv": [0, 0, 2, 1], "rotation": 180, "texture": "#0"},
				"up": {"uv": [0, 0, 1, 2], "texture": "#0"},
				"down": {"uv": [0, 0, 1, 2], "texture": "#0"}
			}
		},
		{
			"from": [6.09725, 2.79007, 5.33284],
			"to": [6.89725, 3.59007, 7.13284],
			"rotation": {"angle": 0, "axis": "x", "origin": [6.50337, 3.18225, 6.22526]},
			"faces": {
				"north": {"uv": [0, 0, 1, 1], "rotation": 180, "texture": "#0"},
				"east": {"uv": [0, 0, 2, 1], "rotation": 180, "texture": "#0"},
				"south": {"uv": [0, 0, 1, 1], "rotation": 180, "texture": "#0"},
				"west": {"uv": [0, 0, 2, 1], "rotation": 180, "texture": "#0"},
				"up": {"uv": [0, 0, 1, 2], "texture": "#0"},
				"down": {"uv": [0, 0, 1, 2], "texture": "#0"}
			}
		},
		{
			"from": [8.39725, 2.69007, 5.43284],
			"to": [9.19725, 3.49007, 7.23284],
			"rotation": {"angle": 0, "axis": "x", "origin": [8.80337, 3.08225, 6.32526]},
			"faces": {
				"north": {"uv": [0, 0, 1, 1], "rotation": 180, "texture": "#0"},
				"east": {"uv": [0, 0, 2, 1], "rotation": 180, "texture": "#0"},
				"south": {"uv": [0, 0, 1, 1], "rotation": 180, "texture": "#0"},
				"west": {"uv": [0, 0, 2, 1], "rotation": 180, "texture": "#0"},
				"up": {"uv": [0, 0, 1, 2], "texture": "#0"},
				"down": {"uv": [0, 0, 1, 2], "texture": "#0"}
			}
		},
		{
			"from": [5.75, 3.9, 5.5],
			"to": [8.75, 4.9, 9.5],
			"rotation": {"angle": 22.5, "axis": "x", "origin": [6.75454, 4.3987, 7.49676]},
			"faces": {
				"north": {"uv": [0, 0, 3, 1], "texture": "#0"},
				"east": {"uv": [0, 0, 4, 1], "texture": "#0"},
				"south": {"uv": [0, 0, 3, 1], "texture": "#0"},
				"west": {"uv": [0, 0, 4, 1], "texture": "#0"},
				"up": {"uv": [0, 0, 3, 4], "texture": "#0"},
				"down": {"uv": [0, 0, 3, 4], "texture": "#0"}
			}
		},
		{
			"from": [6.1, 3.4, 7.4],
			"to": [9.1, 5.2, 11.4],
			"rotation": {"angle": 22.5, "axis": "x", "origin": [7.30454, 3.9987, 8.69676]},
			"faces": {
				"north": {"uv": [0, 0, 3, 1.8], "texture": "#0"},
				"east": {"uv": [0, 0, 4, 1.8], "texture": "#0"},
				"south": {"uv": [0, 0, 3, 1.8], "texture": "#0"},
				"west": {"uv": [0, 0, 4, 1.8], "texture": "#0"},
				"up": {"uv": [0, 0, 3, 4], "texture": "#0"},
				"down": {"uv": [0, 0, 3, 4], "texture": "#0"}
			}
		},
		{
			"from": [5.85, 4.00054, 7.44971],
			"to": [8.65, 4.80054, 10.24971],
			"rotation": {"angle": 0, "axis": "x", "origin": [7.25542, 4.39823, 9.34526]},
			"faces": {
				"north": {"uv": [0, 0, 3, 1], "texture": "#0"},
				"east": {"uv": [0, 0, 3, 1], "texture": "#0"},
				"south": {"uv": [0, 0, 3, 1], "texture": "#0"},
				"west": {"uv": [0, 0, 3, 1], "texture": "#0"},
				"up": {"uv": [0, 0, 3, 3], "texture": "#0"},
				"down": {"uv": [0, 0, 3, 3], "texture": "#0"}
			}
		},
		{
			"from": [6.75, 4.20054, 6.04971],
			"to": [9.55, 5.30054, 8.24971],
			"rotation": {"angle": -22.5, "axis": "y", "origin": [8.15542, 4.59823, 7.94526]},
			"faces": {
				"north": {"uv": [0, 0, 3, 1.3], "texture": "#0"},
				"east": {"uv": [0, 0, 2.4, 1.3], "texture": "#0"},
				"south": {"uv": [0, 0, 3, 1.3], "texture": "#0"},
				"west": {"uv": [0, 0, 2.4, 1.3], "texture": "#0"},
				"up": {"uv": [0, 0, 3, 2.4], "texture": "#0"},
				"down": {"uv": [0, 0, 3, 2.4], "texture": "#0"}
			}
		},
		{
			"from": [5.398, 4.39734, 5.77069],
			"to": [7.398, 5.39734, 9.77069],
			"rotation": {"angle": 22.5, "axis": "y", "origin": [6.39964, 4.89848, 7.26463]},
			"faces": {
				"north": {"uv": [0, 0, 2, 1], "texture": "#0"},
				"east": {"uv": [0, 0, 4, 1], "texture": "#0"},
				"south": {"uv": [0, 0, 2, 1], "texture": "#0"},
				"west": {"uv": [0, 0, 4, 1], "texture": "#0"},
				"up": {"uv": [0, 0, 2, 4], "texture": "#0"},
				"down": {"uv": [0, 0, 2, 4], "texture": "#0"}
			}
		},
		{
			"from": [6.5, 4.61, 6.6],
			"to": [8.5, 5.61, 8.16],
			"rotation": {"angle": 0, "axis": "x", "origin": [7.50402, 4.59913, 7.59685]},
			"faces": {
				"north": {"uv": [8.5, 9, 9.5, 10], "texture": "#0"},
				"east": {"uv": [8.5, 8, 9.5, 9], "texture": "#0"},
				"south": {"uv": [8.5, 9, 9.5, 10], "texture": "#0"},
				"west": {"uv": [8.5, 9.5, 9.5, 10.5], "texture": "#0"},
				"up": {"uv": [6, 0, 8, 1.56], "texture": "#0"},
				"down": {"uv": [2, 2, 14, 14], "texture": "#0"}
			}
		},
		{
			"from": [5.95, 1.76, 10.8],
			"to": [9.15, 4.46, 12],
			"rotation": {"angle": 22.5, "axis": "x", "origin": [7.56412, 3.30347, 11.3924]},
			"faces": {
				"north": {"uv": [3.5, 8.5, 4.5, 9.5], "texture": "#2"},
				"east": {"uv": [3.5, 7.5, 4.5, 10], "texture": "#2"},
				"south": {"uv": [4, 8, 5, 9], "texture": "#2"},
				"west": {"uv": [3, 9, 4, 10], "texture": "#2"},
				"up": {"uv": [1, 7.5, 4.5, 10.5], "texture": "#2"},
				"down": {"uv": [1.5, 8, 4.5, 9], "texture": "#2"}
			}
		},
		{
			"from": [5.9, 1.71, 11.05],
			"to": [9.2, 4.51, 11.35],
			"rotation": {"angle": 22.5, "axis": "x", "origin": [7.56412, 3.30347, 11.3924]},
			"faces": {
				"north": {"uv": [7, 10, 8, 11], "texture": "#4"},
				"east": {"uv": [8, 10, 9, 12.5], "texture": "#4"},
				"south": {"uv": [8, 11, 9, 12], "texture": "#4"},
				"west": {"uv": [8, 11, 9, 12], "texture": "#4"},
				"up": {"uv": [6, 11, 9.5, 12], "texture": "#4"},
				"down": {"uv": [7, 10, 10, 11], "texture": "#4"}
			}
		},
		{
			"from": [4.1, 0.84396, 7.93402],
			"to": [11.1, 7.84396, 7.93402],
			"rotation": {"angle": 0, "axis": "x", "origin": [7.6, 4.34396, 9.03402]},
			"faces": {
				"north": {"uv": [0, 0, 16, 16], "texture": "#3"},
				"east": {"uv": [8, 10, 9, 12.5], "texture": "#3"},
				"south": {"uv": [16, 0, 0, 16], "texture": "#3"},
				"west": {"uv": [0, 1.5, 0, 6.5], "texture": "#3"},
				"up": {"uv": [6, 11, 9.5, 12], "texture": "#3"},
				"down": {"uv": [7, 10, 10, 11], "texture": "#3"}
			}
		}
	],
	"display": {
		"thirdperson_righthand": {
			"rotation": [-16, 0, 0],
			"translation": [0.5, 3.5, -3],
			"scale": [1.1, 1.3, 1.3]
		},
		"firstperson_righthand": {
			"rotation": [22, 2, -51],
			"translation": [10.75, 4.75, -3.75],
			"scale": [1.3, 1.88, 1.3]
		},
		"gui": {
			"rotation": [74, 47, -43],
			"translation": [4.5, 2, 0],
			"scale": [1.1, 1.3, 1.3]
		}
	}
}