{
	"credit": "Made with Blockbench",
	"textures": {
		"0": "wynncraft textures/log_birch",
		"2": "wynncraft textures/identifier_5",
		"3": "wynncraft textures/earth_eye_glint",
		"4": "wynncraft textures/experience_bottle",
		"particle": "wynncraft textures/log_birch"
	},
	"elements": [
		{
			"from": [6.1, 6.3, 1.7],
			"to": [6.9, 7.1, 3.5],
			"rotation": {"angle": -22.5, "axis": "x", "origin": [6.5, 6.7, 3.1]},
			"faces": {
				"north": {"uv": [0, 0, 1, 1], "texture": "#0"},
				"east": {"uv": [0, 0, 2, 1], "texture": "#0"},
				"south": {"uv": [0, 0, 1, 1], "texture": "#0"},
				"west": {"uv": [0, 0, 2, 1], "texture": "#0"},
				"up": {"uv": [0, 0, 1, 2], "texture": "#0"},
				"down": {"uv": [0, 0, 1, 2], "texture": "#0"}
			}
		},
		{
			"from": [6.05, 6.00328, 3.0206],
			"to": [6.95, 6.90328, 4.9206],
			"rotation": {"angle": 22.5, "axis": "x", "origin": [6.49585, 6.45804, 3.97]},
			"faces": {
				"north": {"uv": [0, 0, 1, 1], "texture": "#0"},
				"east": {"uv": [0, 0, 2, 1], "texture": "#0"},
				"south": {"uv": [0, 0, 1, 1], "texture": "#0"},
				"west": {"uv": [0, 0, 2, 1], "texture": "#0"},
				"up": {"uv": [0, 0, 1, 2], "texture": "#0"},
				"down": {"uv": [0, 0, 1, 2], "texture": "#0"}
			}
		},
		{
			"from": [6, 4.99357, 4.42471],
			"to": [7, 5.99357, 6.42471],
			"rotation": {"angle": 45, "axis": "x", "origin": [6.50023, 5.4945, 5.42204]},
			"faces": {
				"north": {"uv": [0, 0, 1, 1], "texture": "#0"},
				"east": {"uv": [0, 0, 2, 1], "texture": "#0"},
				"south": {"uv": [0, 0, 1, 1], "texture": "#0"},
				"west": {"uv": [0, 0, 2, 1], "texture": "#0"},
				"up": {"uv": [0, 0, 1, 2], "texture": "#0"},
				"down": {"uv": [0, 0, 1, 2], "texture": "#0"}
			}
		},
		{
			"from": [5.17709, 3.39262, 6.30611],
			"to": [6.37709, 4.59262, 8.50611],
			"rotation": {"angle": 22.5, "axis": "y", "origin": [5.7804, 3.99222, 7.40504]},
			"faces": {
				"north": {"uv": [0, 0, 1, 1], "texture": "#0"},
				"east": {"uv": [0, 0, 2, 1], "texture": "#0"},
				"south": {"uv": [0, 0, 1, 1], "texture": "#0"},
				"west": {"uv": [0, 0, 2, 1], "texture": "#0"},
				"up": {"uv": [0, 0, 1, 2], "texture": "#0"},
				"down": {"uv": [0, 0, 1, 2], "texture": "#0"}
			}
		},
		{
			"from": [4.77709, 3.49262, 5.20611],
			"to": [5.77709, 4.49262, 6.60611],
			"rotation": {"angle": 0, "axis": "y", "origin": [5.2804, 3.99222, 6.20504]},
			"faces": {
				"north": {"uv": [0, 0, 1, 1], "texture": "#0"},
				"east": {"uv": [0, 0, 1.4, 1], "texture": "#0"},
				"south": {"uv": [0, 0, 1, 1], "texture": "#0"},
				"west": {"uv": [0, 0, 1.4, 1], "texture": "#0"},
				"up": {"uv": [0, 0, 1, 1.4], "texture": "#0"},
				"down": {"uv": [0, 0, 1, 1.4], "texture": "#0"}
			}
		},
		{
			"from": [4.7238, 3.59241, 4.47613],
			"to": [5.6238, 4.49241, 5.37613],
			"rotation": {"angle": -22.5, "axis": "y", "origin": [5.17712, 4.04201, 5.42506]},
			"faces": {
				"north": {"uv": [0, 0, 1, 1], "texture": "#0"},
				"east": {"uv": [0, 0, 1, 1], "texture": "#0"},
				"south": {"uv": [0, 0, 1, 1], "texture": "#0"},
				"west": {"uv": [0, 0, 1, 1], "texture": "#0"},
				"up": {"uv": [0, 0, 1, 1], "texture": "#0"},
				"down": {"uv": [0, 0, 1, 1], "texture": "#0"}
			}
		},
		{
			"from": [7.2, 5.27782, 4.20122],
			"to": [8.2, 6.27782, 6.20122],
			"rotation": {"angle": 45, "axis": "x", "origin": [7.69969, 5.7803, 5.19579]},
			"faces": {
				"north": {"uv": [0, 0, 1, 1], "texture": "#0"},
				"east": {"uv": [0, 0, 2, 1], "texture": "#0"},
				"south": {"uv": [0, 0, 1, 1], "texture": "#0"},
				"west": {"uv": [0, 0, 2, 1], "texture": "#0"},
				"up": {"uv": [0, 0, 1, 2], "texture": "#0"},
				"down": {"uv": [0, 0, 1, 2], "texture": "#0"}
			}
		},
		{
			"from": [8.3, 4.99545, 4.6258],
			"to": [9.3, 5.99545, 6.6258],
			"rotation": {"angle": 45, "axis": "x", "origin": [8.80075, 5.49817, 5.61786]},
			"faces": {
				"north": {"uv": [0, 0, 1, 1], "texture": "#0"},
				"east": {"uv": [0, 0, 2, 1], "texture": "#0"},
				"south": {"uv": [0, 0, 1, 1], "texture": "#0"},
				"west": {"uv": [0, 0, 2, 1], "texture": "#0"},
				"up": {"uv": [0, 0, 1, 2], "texture": "#0"},
				"down": {"uv": [0, 0, 1, 2], "texture": "#0"}
			}
		},
		{
			"from": [9.4, 5.10806, 5.45584],
			"to": [10.2, 5.90806, 7.25584],
			"rotation": {"angle": 45, "axis": "x", "origin": [9.8041, 5.07925, 5.91722]},
			"faces": {
				"north": {"uv": [0, 0, 1, 1], "texture": "#0"},
				"east": {"uv": [0, 0, 2, 1], "texture": "#0"},
				"south": {"uv": [0, 0, 1, 1], "texture": "#0"},
				"west": {"uv": [0, 0, 2, 1], "texture": "#0"},
				"up": {"uv": [0, 0, 1, 2], "texture": "#0"},
				"down": {"uv": [0, 0, 1, 2], "texture": "#0"}
			}
		},
		{
			"from": [9.45, 5.03316, 5.09933],
			"to": [10.15, 5.73316, 6.49933],
			"rotation": {"angle": -22.5, "axis": "x", "origin": [9.8041, 5.07925, 5.91722]},
			"faces": {
				"north": {"uv": [0, 0, 1, 1], "texture": "#0"},
				"east": {"uv": [0, 0, 1.7, 1], "texture": "#0"},
				"south": {"uv": [0, 0, 1, 1], "texture": "#0"},
				"west": {"uv": [0, 0, 1.7, 1], "texture": "#0"},
				"up": {"uv": [0, 0, 1, 1.7], "texture": "#0"},
				"down": {"uv": [0, 0, 1, 1.7], "texture": "#0"}
			}
		},
		{
			"from": [9.5, 4.73162, 3.96134],
			"to": [10.1, 5.33162, 5.26134],
			"rotation": {"angle": -22.5, "axis": "x", "origin": [9.8012, 5.02646, 5.00108]},
			"faces": {
				"north": {"uv": [0, 0, 1, 1], "rotation": 180, "texture": "#0"},
				"east": {"uv": [0, 0, 1.7, 1], "rotation": 180, "texture": "#0"},
				"south": {"uv": [0, 0, 1, 1], "rotation": 180, "texture": "#0"},
				"west": {"uv": [0, 0, 1.7, 1], "rotation": 180, "texture": "#0"},
				"up": {"uv": [0, 0, 1, 1.7], "texture": "#0"},
				"down": {"uv": [0, 0, 1, 1.7], "texture": "#0"}
			}
		},
		{
			"from": [7.24804, 6.2569, 2.75971],
			"to": [8.14804, 7.1569, 4.65971],
			"rotation": {"angle": 22.5, "axis": "x", "origin": [7.69246, 6.71422, 3.70798]},
			"faces": {
				"north": {"uv": [0, 0, 1, 1], "texture": "#0"},
				"east": {"uv": [0, 0, 2, 1], "texture": "#0"},
				"south": {"uv": [0, 0, 1, 1], "texture": "#0"},
				"west": {"uv": [0, 0, 2, 1], "texture": "#0"},
				"up": {"uv": [0, 0, 1, 2], "texture": "#0"},
				"down": {"uv": [0, 0, 1, 2], "texture": "#0"}
			}
		},
		{
			"from": [8.34804, 5.9569, 3.35971],
			"to": [9.24804, 6.8569, 5.25971],
			"rotation": {"angle": 22.5, "axis": "x", "origin": [8.7949, 6.41474, 4.30502]},
			"faces": {
				"north": {"uv": [0, 0, 1, 1], "rotation": 180, "texture": "#0"},
				"east": {"uv": [0, 0, 2, 1], "rotation": 180, "texture": "#0"},
				"south": {"uv": [0, 0, 1, 1], "rotation": 180, "texture": "#0"},
				"west": {"uv": [0, 0, 2, 1], "rotation": 180, "texture": "#0"},
				"up": {"uv": [0, 0, 1, 2], "texture": "#0"},
				"down": {"uv": [0, 0, 1, 2], "texture": "#0"}
			}
		},
		{
			"from": [7.29725, 6.29007, 1.43284],
			"to": [8.09725, 7.09007, 3.23284],
			"rotation": {"angle": -22.5, "axis": "x", "origin": [7.69725, 6.69007, 2.33284]},
			"faces": {
				"north": {"uv": [0, 0, 1, 1], "rotation": 180, "texture": "#0"},
				"east": {"uv": [0, 0, 2, 1], "rotation": 180, "texture": "#0"},
				"south": {"uv": [0, 0, 1, 1], "rotation": 180, "texture": "#0"},
				"west": {"uv": [0, 0, 2, 1], "rotation": 180, "texture": "#0"},
				"up": {"uv": [0, 0, 1, 2], "texture": "#0"},
				"down": {"uv": [0, 0, 1, 2], "texture": "#0"}
			}
		},
		{
			"from": [8.39725, 5.99007, 2.03284],
			"to": [9.19725, 6.79007, 3.83284],
			"rotation": {"angle": -22.5, "axis": "x", "origin": [8.80337, 6.38225, 2.92526]},
			"faces": {
				"north": {"uv": [0, 0, 1, 1], "rotation": 180, "texture": "#0"},
				"east": {"uv": [0, 0, 2, 1], "rotation": 180, "texture": "#0"},
				"south": {"uv": [0, 0, 1, 1], "rotation": 180, "texture": "#0"},
				"west": {"uv": [0, 0, 2, 1], "rotation": 180, "texture": "#0"},
				"up": {"uv": [0, 0, 1, 2], "texture": "#0"},
				"down": {"uv": [0, 0, 1, 2], "texture": "#0"}
			}
		},
		{
			"from": [5.75, 3.9, 5.5],
			"to": [8.75, 4.9, 9.5],
			"rotation": {"angle": 22.5, "axis": "x", "origin": [6.75454, 4.3987, 7.49676]},
			"faces": {
				"north": {"uv": [0, 0, 3, 1], "texture": "#0"},
				"east": {"uv": [0, 0, 4, 1], "texture": "#0"},
				"south": {"uv": [0, 0, 3, 1], "texture": "#0"},
				"west": {"uv": [0, 0, 4, 1], "texture": "#0"},
				"up": {"uv": [0, 0, 3, 4], "texture": "#0"},
				"down": {"uv": [0, 0, 3, 4], "texture": "#0"}
			}
		},
		{
			"from": [6.1, 3.4, 7.4],
			"to": [9.1, 5.2, 11.4],
			"rotation": {"angle": 22.5, "axis": "x", "origin": [7.30454, 3.9987, 8.69676]},
			"faces": {
				"north": {"uv": [0, 0, 3, 1.8], "texture": "#0"},
				"east": {"uv": [0, 0, 4, 1.8], "texture": "#0"},
				"south": {"uv": [0, 0, 3, 1.8], "texture": "#0"},
				"west": {"uv": [0, 0, 4, 1.8], "texture": "#0"},
				"up": {"uv": [0, 0, 3, 4], "texture": "#0"},
				"down": {"uv": [0, 0, 3, 4], "texture": "#0"}
			}
		},
		{
			"from": [5.85, 4.00054, 7.44971],
			"to": [8.65, 4.80054, 10.24971],
			"rotation": {"angle": 0, "axis": "x", "origin": [7.25542, 4.39823, 9.34526]},
			"faces": {
				"north": {"uv": [0, 0, 3, 1], "texture": "#0"},
				"east": {"uv": [0, 0, 3, 1], "texture": "#0"},
				"south": {"uv": [0, 0, 3, 1], "texture": "#0"},
				"west": {"uv": [0, 0, 3, 1], "texture": "#0"},
				"up": {"uv": [0, 0, 3, 3], "texture": "#0"},
				"down": {"uv": [0, 0, 3, 3], "texture": "#0"}
			}
		},
		{
			"from": [6.65, 4.30054, 6.34971],
			"to": [9.45, 5.40054, 8.74971],
			"rotation": {"angle": -22.5, "axis": "y", "origin": [8.15542, 4.59823, 7.94526]},
			"faces": {
				"north": {"uv": [0, 0, 3, 1.3], "texture": "#0"},
				"east": {"uv": [0, 0, 2.4, 1.3], "texture": "#0"},
				"south": {"uv": [0, 0, 3, 1.3], "texture": "#0"},
				"west": {"uv": [0, 0, 2.4, 1.3], "texture": "#0"},
				"up": {"uv": [0, 0, 3, 2.4], "texture": "#0"},
				"down": {"uv": [0, 0, 3, 2.4], "texture": "#0"}
			}
		},
		{
			"from": [5.398, 4.39734, 6.07069],
			"to": [7.398, 5.39734, 9.07069],
			"rotation": {"angle": 22.5, "axis": "y", "origin": [6.39964, 4.89848, 7.26463]},
			"faces": {
				"north": {"uv": [0, 0, 2, 1], "texture": "#0"},
				"east": {"uv": [0, 0, 4, 1], "texture": "#0"},
				"south": {"uv": [0, 0, 2, 1], "texture": "#0"},
				"west": {"uv": [0, 0, 4, 1], "texture": "#0"},
				"up": {"uv": [0, 0, 2, 4], "texture": "#0"},
				"down": {"uv": [0, 0, 2, 4], "texture": "#0"}
			}
		},
		{
			"from": [6.5, 4.61, 6.6],
			"to": [8.5, 5.61, 8.16],
			"rotation": {"angle": 0, "axis": "x", "origin": [7.50402, 4.59913, 7.59685]},
			"faces": {
				"north": {"uv": [8.5, 9, 9.5, 10], "texture": "#0"},
				"east": {"uv": [8.5, 8, 9.5, 9], "texture": "#0"},
				"south": {"uv": [8.5, 9, 9.5, 10], "texture": "#0"},
				"west": {"uv": [8.5, 9.5, 9.5, 10.5], "texture": "#0"},
				"up": {"uv": [6, 0, 8, 1.56], "texture": "#0"},
				"down": {"uv": [2, 2, 14, 14], "texture": "#0"}
			}
		},
		{
			"from": [5.95, 1.76, 10.8],
			"to": [9.15, 4.46, 12],
			"rotation": {"angle": 22.5, "axis": "x", "origin": [7.56412, 3.30347, 11.3924]},
			"faces": {
				"north": {"uv": [3.5, 8.5, 4.5, 9.5], "texture": "#2"},
				"east": {"uv": [3.5, 7.5, 4.5, 10], "texture": "#2"},
				"south": {"uv": [4, 8, 5, 9], "texture": "#2"},
				"west": {"uv": [3, 9, 4, 10], "texture": "#2"},
				"up": {"uv": [1, 7.5, 4.5, 10.5], "texture": "#2"},
				"down": {"uv": [1.5, 8, 4.5, 9], "texture": "#2"}
			}
		},
		{
			"from": [5.9, 1.71, 11.05],
			"to": [9.2, 4.51, 11.35],
			"rotation": {"angle": 22.5, "axis": "x", "origin": [7.56412, 3.30347, 11.3924]},
			"faces": {
				"north": {"uv": [7, 10, 8, 11], "texture": "#4"},
				"east": {"uv": [8, 10, 9, 12.5], "texture": "#4"},
				"south": {"uv": [8, 11, 9, 12], "texture": "#4"},
				"west": {"uv": [8, 11, 9, 12], "texture": "#4"},
				"up": {"uv": [6, 11, 9.5, 12], "texture": "#4"},
				"down": {"uv": [7, 10, 10, 11], "texture": "#4"}
			}
		},
		{
			"from": [4.4, -1.91212, 3.10322],
			"to": [9.4, 5.08788, 3.10322],
			"rotation": {"angle": 22.5, "axis": "x", "origin": [7.39536, 3.77562, 1.09993]},
			"faces": {
				"north": {"uv": [3, 0, 13, 16], "rotation": 180, "texture": "#3"},
				"east": {"uv": [0, 0, 3, 0], "rotation": 90, "texture": "#3"},
				"south": {"uv": [3, 16, 13, 0], "texture": "#3"},
				"west": {"uv": [0, 0, 3, 0], "rotation": 270, "texture": "#3"},
				"up": {"uv": [0, 0, 3, 0], "texture": "#3"},
				"down": {"uv": [0, 0, 3, 0], "rotation": 180, "texture": "#3"}
			}
		}
	],
	"display": {
		"thirdperson_righthand": {
			"rotation": [-94, -180, 0],
			"translation": [-0.5, 1, -4.25],
			"scale": [1.1, 1.3, 1.3]
		},
		"firstperson_righthand": {
			"rotation": [-143, -180, 10],
			"translation": [6.5, -3.5, -5.25],
			"scale": [1.3, 1.3, 1.3]
		},
		"gui": {
			"rotation": [74, 47, -43],
			"translation": [4.5, 2, 0],
			"scale": [1.1, 1.3, 1.3]
		},
		"head": {
			"rotation": [25, 0, -180],
			"translation": [15, 38, 10.25]
		}
	}
}