{
	"credit": "Made with Blockbench",
	"textures": {
		"0": "skins/valkyrie",
		"1": "skins/air_tier_all_0",
		"particle": "skins/valkyrie"
	},
	"elements": [
		{
			"from": [7.69336, 22.70998, 15.71936],
			"to": [8.31336, 25.02998, 18.03936],
			"rotation": {"angle": -45, "axis": "x", "origin": [8.00182, 14.99309, 8.00154]},
			"faces": {
				"north": {"uv": [10.5, 13.5, 13, 15.99], "texture": "#0"},
				"east": {"uv": [10.5, 13.5, 13, 15.99], "texture": "#0"},
				"south": {"uv": [10.5, 13.5, 13, 15.99], "texture": "#0"},
				"west": {"uv": [10.5, 13.5, 13, 15.99], "texture": "#0"},
				"up": {"uv": [10.5, 13.5, 13, 15.99], "texture": "#0"},
				"down": {"uv": [10.5, 13.5, 13, 15.99], "texture": "#0"}
			}
		},
		{
			"from": [7.71525, 25.98102, 1.70731],
			"to": [8.29325, 28.75902, 2.73531],
			"rotation": {"angle": 22.5, "axis": "x", "origin": [8.00182, 14.99309, 8.00154]},
			"faces": {
				"north": {"uv": [10, 14, 13, 15], "rotation": 90, "texture": "#0"},
				"east": {"uv": [10, 14, 13, 15], "rotation": 90, "texture": "#0"},
				"south": {"uv": [10, 14, 13, 15], "rotation": 90, "texture": "#0"},
				"west": {"uv": [10, 14, 13, 15], "rotation": 90, "texture": "#0"},
				"up": {"uv": [10, 14, 13, 15], "rotation": 90, "texture": "#0"},
				"down": {"uv": [10, 14, 13, 15], "rotation": 90, "texture": "#0"}
			}
		},
		{
			"from": [7.71425, 25.98323, 13.27638],
			"to": [8.29425, 28.76323, 14.30638],
			"rotation": {"angle": -22.5, "axis": "x", "origin": [8.00182, 14.99309, 8.00154]},
			"faces": {
				"north": {"uv": [10, 14, 13, 15], "rotation": 90, "texture": "#0"},
				"east": {"uv": [10, 14, 13, 15], "rotation": 90, "texture": "#0"},
				"south": {"uv": [10, 14, 13, 15], "rotation": 90, "texture": "#0"},
				"west": {"uv": [10, 14, 13, 15], "rotation": 90, "texture": "#0"},
				"up": {"uv": [10, 14, 13, 15], "rotation": 90, "texture": "#0"},
				"down": {"uv": [10, 14, 13, 15], "rotation": 90, "texture": "#0"}
			}
		},
		{
			"from": [7.72316, 25.3124, -3.07183],
			"to": [8.28316, 26.0724, -2.31183],
			"rotation": {"angle": 45, "axis": "x", "origin": [8.00182, 14.99309, 8.00154]},
			"faces": {
				"north": {"uv": [11.5, 14, 12.5, 15], "rotation": 270, "texture": "#0"},
				"east": {"uv": [11.5, 14, 12.5, 15], "rotation": 270, "texture": "#0"},
				"south": {"uv": [11.5, 14, 12.5, 15], "rotation": 270, "texture": "#0"},
				"west": {"uv": [11.5, 14, 12.5, 15], "rotation": 270, "texture": "#0"},
				"up": {"uv": [11.5, 14, 12.5, 15], "rotation": 270, "texture": "#0"},
				"down": {"uv": [11.5, 14, 12.5, 15], "rotation": 270, "texture": "#0"}
			}
		},
		{
			"from": [7.85236, 18.68205, 5.69143],
			"to": [8.15436, 20.28405, 7.79343],
			"rotation": {"angle": -45, "axis": "x", "origin": [8.00182, 21.99309, 8.00154]},
			"faces": {
				"north": {"uv": [14, 14, 14.7, 16], "texture": "#0"},
				"east": {"uv": [13, 13.5, 15.5, 15.5], "texture": "#0"},
				"south": {"uv": [14, 14, 14.7, 16], "texture": "#0"},
				"west": {"uv": [13.5, 14, 16, 16], "texture": "#0"},
				"up": {"uv": [13.5, 15.3, 16, 16], "rotation": 90, "texture": "#0"},
				"down": {"uv": [13.5, 15.3, 16, 16], "rotation": 270, "texture": "#0"}
			}
		},
		{
			"from": [7.85336, 18.68047, 8.20806],
			"to": [8.15336, 20.28047, 10.30806],
			"rotation": {"angle": 45, "axis": "x", "origin": [8.00182, 21.99309, 8.00154]},
			"faces": {
				"north": {"uv": [14, 14, 14.7, 16], "texture": "#0"},
				"east": {"uv": [13.5, 14, 16, 16], "texture": "#0"},
				"south": {"uv": [14, 14, 14.7, 16], "texture": "#0"},
				"west": {"uv": [13.5, 14, 16, 16], "texture": "#0"},
				"up": {"uv": [13.5, 15.3, 16, 16], "rotation": 90, "texture": "#0"},
				"down": {"uv": [13.5, 15.3, 16, 16], "rotation": 270, "texture": "#0"}
			}
		},
		{
			"from": [7.85139, 18.85635, 8.47298],
			"to": [8.15139, 20.45635, 9.07298],
			"rotation": {"angle": -22.5, "axis": "x", "origin": [8.00182, 21.99309, 8.00154]},
			"faces": {
				"north": {"uv": [14, 15.3, 16, 16], "rotation": 90, "texture": "#0"},
				"east": {"uv": [14, 14, 16, 15], "rotation": 90, "texture": "#0"},
				"south": {"uv": [14, 15.3, 16, 16], "rotation": 90, "texture": "#0"},
				"west": {"uv": [14, 15, 16, 16], "rotation": 90, "texture": "#0"},
				"up": {"uv": [14, 15, 14.7, 16], "rotation": 180, "texture": "#0"},
				"down": {"uv": [14, 15, 14.7, 16], "texture": "#0"}
			}
		},
		{
			"from": [7.70139, 20.92944, 8.20849],
			"to": [8.30139, 22.12944, 8.50849],
			"rotation": {"angle": 45, "axis": "x", "origin": [7.85139, 21.62944, 8.50849]},
			"faces": {
				"north": {"uv": [0, 14.5, 1.5, 15], "rotation": 90, "texture": "#0"},
				"east": {"uv": [0, 14.5, 1.5, 15], "rotation": 90, "texture": "#0"},
				"south": {"uv": [0, 14.5, 1.5, 15], "rotation": 90, "texture": "#0"},
				"west": {"uv": [0, 14.5, 1.5, 15], "rotation": 90, "texture": "#0"},
				"up": {"uv": [0, 14.5, 1.5, 15], "rotation": 90, "texture": "#0"},
				"down": {"uv": [0, 14.5, 1.5, 15], "rotation": 90, "texture": "#0"}
			}
		},
		{
			"from": [7.65139, 18.82944, 8.20849],
			"to": [8.35139, 20.02944, 9.50849],
			"rotation": {"angle": 45, "axis": "x", "origin": [7.80139, 19.52944, 8.50849]},
			"faces": {
				"north": {"uv": [4, 12, 5.5, 12.5], "rotation": 270, "texture": "#0"},
				"east": {"uv": [3.5, 12, 5, 13.5], "texture": "#0"},
				"south": {"uv": [4, 12, 5.5, 12.5], "rotation": 270, "texture": "#0"},
				"west": {"uv": [3.5, 12, 5, 13.5], "rotation": 180, "texture": "#0"},
				"up": {"uv": [4, 12, 5.5, 12.5], "rotation": 270, "texture": "#0"},
				"down": {"uv": [4, 12, 5.5, 12.5], "rotation": 270, "texture": "#0"}
			}
		},
		{
			"from": [7.65139, 19.83024, 7.61544],
			"to": [8.35139, 21.03024, 7.91544],
			"rotation": {"angle": 45, "axis": "x", "origin": [8.00139, 20.6648, 8]},
			"faces": {
				"north": {"uv": [5, 12, 6.5, 12.5], "rotation": 270, "texture": "#0"},
				"east": {"uv": [5, 12, 6.5, 12.5], "rotation": 270, "texture": "#0"},
				"south": {"uv": [5, 12, 6.5, 12.5], "rotation": 270, "texture": "#0"},
				"west": {"uv": [5, 12, 6.5, 12.5], "rotation": 270, "texture": "#0"},
				"up": {"uv": [5, 12, 6.5, 12.5], "rotation": 270, "texture": "#0"},
				"down": {"uv": [4.5, 12, 4.8, 12.7], "rotation": 270, "texture": "#0"}
			}
		},
		{
			"from": [7.70139, 24.47056, 8.20849],
			"to": [8.30139, 25.67056, 8.50849],
			"rotation": {"angle": -45, "axis": "x", "origin": [7.85139, 24.97056, 8.50849]},
			"faces": {
				"north": {"uv": [1.5, 14.5, 0, 15], "rotation": 90, "texture": "#0"},
				"east": {"uv": [1.5, 14.5, 0, 15], "rotation": 90, "texture": "#0"},
				"south": {"uv": [1.5, 14.5, 0, 15], "rotation": 90, "texture": "#0"},
				"west": {"uv": [1.5, 14.5, 0, 15], "rotation": 90, "texture": "#0"},
				"up": {"uv": [1.5, 14.5, 0, 15], "rotation": 90, "texture": "#0"},
				"down": {"uv": [1.5, 14.5, 0, 15], "rotation": 90, "texture": "#0"}
			}
		},
		{
			"from": [7.70039, 20.92844, 7.49051],
			"to": [8.30239, 22.13044, 7.79251],
			"rotation": {"angle": -45, "axis": "x", "origin": [7.85139, 21.62944, 7.49151]},
			"faces": {
				"north": {"uv": [0, 15, 1.5, 14.5], "rotation": 90, "texture": "#0"},
				"east": {"uv": [0, 15, 1.5, 14.5], "rotation": 90, "texture": "#0"},
				"south": {"uv": [0, 15, 1.5, 14.5], "rotation": 90, "texture": "#0"},
				"west": {"uv": [0, 15, 1.5, 14.5], "rotation": 90, "texture": "#0"},
				"up": {"uv": [1.5, 14.5, 0, 15], "rotation": 90, "texture": "#0"},
				"down": {"uv": [1.5, 14.5, 0, 15], "rotation": 90, "texture": "#0"}
			}
		},
		{
			"from": [7.65039, 18.82844, 6.49051],
			"to": [8.35239, 20.03044, 7.79251],
			"rotation": {"angle": -45, "axis": "x", "origin": [7.80139, 19.52944, 7.49151]},
			"faces": {
				"north": {"uv": [4, 12, 5.5, 12.5], "rotation": 270, "texture": "#0"},
				"east": {"uv": [5, 12, 3.5, 13.5], "texture": "#0"},
				"south": {"uv": [4, 12, 5.5, 12.5], "rotation": 270, "texture": "#0"},
				"west": {"uv": [5, 12, 3.5, 13.5], "rotation": 180, "texture": "#0"},
				"up": {"uv": [4, 12, 5.5, 12.5], "rotation": 270, "texture": "#0"},
				"down": {"uv": [4, 12, 5.5, 12.5], "rotation": 270, "texture": "#0"}
			}
		},
		{
			"from": [7.65039, 20.74835, 7.63356],
			"to": [8.35239, 21.05035, 8.83556],
			"rotation": {"angle": 45, "axis": "x", "origin": [8.00139, 20.6648, 8]},
			"faces": {
				"north": {"uv": [5, 12, 6.5, 12.5], "rotation": 180, "texture": "#0"},
				"east": {"uv": [5, 12, 6.5, 12.5], "texture": "#0"},
				"south": {"uv": [5, 12, 6.5, 12.5], "rotation": 180, "texture": "#0"},
				"west": {"uv": [5, 12, 6.5, 12.5], "rotation": 180, "texture": "#0"},
				"up": {"uv": [5, 12, 6.5, 12.5], "rotation": 180, "texture": "#0"},
				"down": {"uv": [5, 12, 6.5, 12.5], "rotation": 90, "texture": "#0"}
			}
		},
		{
			"from": [7.70039, 24.46956, 7.49051],
			"to": [8.30239, 25.67156, 7.79251],
			"rotation": {"angle": 45, "axis": "x", "origin": [7.85139, 24.97056, 7.49151]},
			"faces": {
				"north": {"uv": [1.5, 15, 0, 14.5], "rotation": 90, "texture": "#0"},
				"east": {"uv": [1.5, 15, 0, 14.5], "rotation": 90, "texture": "#0"},
				"south": {"uv": [1.5, 15, 0, 14.5], "rotation": 90, "texture": "#0"},
				"west": {"uv": [1.5, 15, 0, 14.5], "rotation": 90, "texture": "#0"},
				"up": {"uv": [0, 14.5, 1.5, 15], "rotation": 90, "texture": "#0"},
				"down": {"uv": [0, 14.5, 1.5, 15], "rotation": 90, "texture": "#0"}
			}
		},
		{
			"from": [7.85139, 18.85495, 6.92672],
			"to": [8.15139, 20.45495, 7.52672],
			"rotation": {"angle": 22.5, "axis": "x", "origin": [8.00182, 21.99309, 8.00154]},
			"faces": {
				"north": {"uv": [14, 15.3, 16, 16], "rotation": 90, "texture": "#0"},
				"east": {"uv": [14, 15, 16, 16], "rotation": 90, "texture": "#0"},
				"south": {"uv": [14, 15.3, 16, 16], "rotation": 90, "texture": "#0"},
				"west": {"uv": [14, 15, 16, 16], "rotation": 90, "texture": "#0"},
				"up": {"uv": [14, 15, 14.7, 16], "rotation": 180, "texture": "#0"},
				"down": {"uv": [14, 15, 14.7, 16], "texture": "#0"}
			}
		},
		{
			"from": [7.85009, 24.95695, 2.97968],
			"to": [8.15009, 27.55695, 5.57968],
			"rotation": {"angle": 22.5, "axis": "x", "origin": [8.00182, 14.99309, 8.00154]},
			"faces": {
				"north": {"uv": [0, 13.5, 3, 16], "rotation": 270, "texture": "#0"},
				"east": {"uv": [3, 13.5, 0, 16], "rotation": 90, "texture": "#0"},
				"south": {"uv": [0, 14, 3, 14.5], "rotation": 270, "texture": "#0"},
				"west": {"uv": [0, 13.5, 3, 16], "rotation": 180, "texture": "#0"},
				"up": {"uv": [0, 13.5, 3, 16], "texture": "#0"},
				"down": {"uv": [0, 13.5, 3, 16], "rotation": 180, "texture": "#0"}
			}
		},
		{
			"from": [7.85109, 24.95934, 10.42102],
			"to": [8.14909, 27.55734, 13.01902],
			"rotation": {"angle": -22.5, "axis": "x", "origin": [8.00182, 14.99309, 8.00154]},
			"faces": {
				"north": {"uv": [0, 14, 3, 14.5], "rotation": 270, "texture": "#0"},
				"east": {"uv": [0, 13.5, 3, 16], "rotation": 180, "texture": "#0"},
				"south": {"uv": [0, 13.5, 3, 16], "rotation": 270, "texture": "#0"},
				"west": {"uv": [0, 13.5, 3, 16], "rotation": 270, "texture": "#0"},
				"up": {"uv": [0, 13.5, 3, 16], "texture": "#0"},
				"down": {"uv": [0, 13.5, 3, 16], "rotation": 180, "texture": "#0"}
			}
		},
		{
			"from": [7.8473, 25.59203, 13.57053],
			"to": [8.1453, 30.19003, 15.16853],
			"rotation": {"angle": -22.5, "axis": "x", "origin": [8.00182, 14.99309, 8.00154]},
			"faces": {
				"north": {"uv": [0, 13.5, 3, 16], "rotation": 270, "texture": "#0"},
				"east": {"uv": [0, 14, 5, 16], "rotation": 270, "texture": "#0"},
				"south": {"uv": [0, 14, 5, 14.5], "rotation": 270, "texture": "#0"},
				"west": {"uv": [0, 16, 5, 14], "rotation": 270, "texture": "#0"},
				"up": {"uv": [0, 13.5, 3, 16], "texture": "#0"},
				"down": {"uv": [0, 13.5, 3, 16], "rotation": 180, "texture": "#0"}
			}
		},
		{
			"from": [7.8463, 25.58963, 0.83018],
			"to": [8.1463, 30.18963, 2.43018],
			"rotation": {"angle": 22.5, "axis": "x", "origin": [8.00182, 14.99309, 8.00154]},
			"faces": {
				"north": {"uv": [0, 14, 5, 14.5], "rotation": 270, "texture": "#0"},
				"east": {"uv": [0, 16, 5, 14], "rotation": 270, "texture": "#0"},
				"south": {"uv": [0, 14, 5, 16], "rotation": 270, "texture": "#0"},
				"west": {"uv": [0, 14, 5, 16], "rotation": 270, "texture": "#0"},
				"up": {"uv": [0, 14, 5, 16], "texture": "#0"},
				"down": {"uv": [0, 14, 5, 16], "rotation": 180, "texture": "#0"}
			}
		},
		{
			"from": [7.84832, 26.28595, 19.29898],
			"to": [8.14432, 27.43195, 20.43998],
			"rotation": {"angle": -45, "axis": "x", "origin": [8.00182, 14.99309, 8.00154]},
			"faces": {
				"north": {"uv": [6, 14.5, 7.55, 16], "rotation": 270, "texture": "#0"},
				"east": {"uv": [6, 14.5, 7.55, 16], "rotation": 270, "texture": "#0"},
				"south": {"uv": [6, 14.5, 7.55, 15], "rotation": 270, "texture": "#0"},
				"west": {"uv": [6, 14.5, 7.55, 16], "rotation": 270, "texture": "#0"},
				"up": {"uv": [5.5, 14, 7.05, 14.5], "rotation": 270, "texture": "#0"},
				"down": {"uv": [6, 14.5, 7.55, 16], "rotation": 180, "texture": "#0"}
			}
		},
		{
			"from": [7.85042, 20.75524, 6.37872],
			"to": [8.14642, 25.35124, 7.37872],
			"rotation": {"angle": 0, "axis": "z", "origin": [8.00182, 14.99309, 8.00154]},
			"faces": {
				"north": {"uv": [0, 15, 4, 14.5], "rotation": 90, "texture": "#0"},
				"east": {"uv": [0, 15, 4, 14.5], "rotation": 90, "texture": "#0"},
				"south": {"uv": [0, 15, 4, 14.5], "rotation": 90, "texture": "#0"},
				"west": {"uv": [0, 15, 4, 14.5], "rotation": 90, "texture": "#0"},
				"up": {"uv": [0, 15, 4, 14.5], "rotation": 90, "texture": "#0"},
				"down": {"uv": [0, 15, 4, 14.5], "rotation": 90, "texture": "#0"}
			}
		},
		{
			"from": [7.85042, 20.75524, 8.62128],
			"to": [8.14642, 25.35124, 9.62128],
			"rotation": {"angle": 0, "axis": "z", "origin": [8.00182, 14.99309, 7.99846]},
			"faces": {
				"north": {"uv": [0, 15, 4, 14.5], "rotation": 90, "texture": "#0"},
				"east": {"uv": [0, 15, 4, 14.5], "rotation": 90, "texture": "#0"},
				"south": {"uv": [0, 15, 4, 14.5], "rotation": 90, "texture": "#0"},
				"west": {"uv": [0, 15, 4, 14.5], "rotation": 90, "texture": "#0"},
				"up": {"uv": [0, 15, 4, 14.5], "rotation": 90, "texture": "#0"},
				"down": {"uv": [0, 15, 4, 14.5], "rotation": 90, "texture": "#0"}
			}
		},
		{
			"from": [7.70142, 19.25624, 6.95271],
			"to": [8.29542, 27.85024, 9.04671],
			"rotation": {"angle": 0, "axis": "z", "origin": [8.00182, 14.99309, 8.00154]},
			"faces": {
				"north": {"uv": [4, 11, 14, 13.5], "rotation": 90, "texture": "#0"},
				"east": {"uv": [4, 11, 14, 13.5], "rotation": 90, "texture": "#0"},
				"south": {"uv": [4, 11, 14, 13.5], "rotation": 90, "texture": "#0"},
				"west": {"uv": [4, 11, 14, 13.5], "rotation": 90, "texture": "#0"},
				"up": {"uv": [0, 11, 16, 13.5], "rotation": 180, "texture": "#0"},
				"down": {"uv": [4, 11, 4.594, 13.094], "texture": "#0"}
			}
		},
		{
			"from": [7.4, 6.2, 7.4],
			"to": [8.6, 14.4, 8.6],
			"rotation": {"angle": 0, "axis": "y", "origin": [15.5, 33.3, 15.5]},
			"faces": {
				"north": {"uv": [0, 10, 16, 12], "rotation": 90, "texture": "#1"},
				"east": {"uv": [0, 11, 16, 13], "rotation": 90, "texture": "#1"},
				"south": {"uv": [0, 12, 16, 10], "rotation": 90, "texture": "#1"},
				"west": {"uv": [0, 11, 16, 13], "rotation": 90, "texture": "#1"},
				"up": {"uv": [0, 10, 16, 12], "rotation": 90, "texture": "#1"},
				"down": {"uv": [0, 10, 16, 12], "rotation": 90, "texture": "#1"}
			}
		},
		{
			"from": [7.4, 1.2, 7.4],
			"to": [8.6, 5.4, 8.6],
			"rotation": {"angle": 0, "axis": "y", "origin": [15.5, 28.3, 15.5]},
			"faces": {
				"north": {"uv": [11.5, 14, 14.5, 15], "rotation": 90, "texture": "#0"},
				"east": {"uv": [11, 15, 14, 16], "rotation": 90, "texture": "#0"},
				"south": {"uv": [10.5, 13.5, 13.5, 14.5], "rotation": 90, "texture": "#0"},
				"west": {"uv": [9, 14, 12, 15], "rotation": 90, "texture": "#0"},
				"up": {"uv": [11, 15, 14, 16], "rotation": 90, "texture": "#0"},
				"down": {"uv": [11, 15, 14, 16], "rotation": 90, "texture": "#0"}
			}
		},
		{
			"from": [7.4, -0.3, 7.4],
			"to": [8.6, 0.9, 8.6],
			"rotation": {"angle": 0, "axis": "y", "origin": [15.5, 26.8, 15.5]},
			"faces": {
				"north": {"uv": [10, 14, 12, 16], "texture": "#1"},
				"east": {"uv": [4, 14, 6, 16], "texture": "#1"},
				"south": {"uv": [1, 14, 3, 16], "texture": "#1"},
				"west": {"uv": [0, 14, 2, 16], "texture": "#1"},
				"up": {"uv": [6, 13, 8, 15], "texture": "#1"},
				"down": {"uv": [8, 14, 10, 16], "texture": "#1"}
			}
		},
		{
			"from": [7.3, 5.6, 7.3],
			"to": [8.7, 7, 8.7],
			"rotation": {"angle": 0, "axis": "y", "origin": [8, 6.3, 8]},
			"faces": {
				"north": {"uv": [4, 14, 6, 16], "rotation": 180, "texture": "#1"},
				"east": {"uv": [10, 14, 12, 16], "rotation": 180, "texture": "#1"},
				"south": {"uv": [0, 14, 2, 16], "rotation": 180, "texture": "#1"},
				"west": {"uv": [1, 14, 3, 16], "rotation": 180, "texture": "#1"},
				"up": {"uv": [8, 14, 10, 16], "rotation": 270, "texture": "#1"},
				"down": {"uv": [6, 13, 8, 15], "rotation": 90, "texture": "#1"}
			}
		},
		{
			"from": [7.3, 10.6, 7.3],
			"to": [8.7, 12, 8.7],
			"rotation": {"angle": 0, "axis": "y", "origin": [8, 11.3, 8]},
			"faces": {
				"north": {"uv": [14, 0.5, 15, 1.5], "rotation": 180, "texture": "#0"},
				"east": {"uv": [14, 0.5, 15, 1.5], "rotation": 180, "texture": "#0"},
				"south": {"uv": [14, 0.5, 15, 1.5], "rotation": 180, "texture": "#0"},
				"west": {"uv": [14, 0.5, 15, 1.5], "rotation": 180, "texture": "#0"},
				"up": {"uv": [14, 0.5, 15, 1.5], "rotation": 180, "texture": "#0"},
				"down": {"uv": [14, 0.5, 15, 1.5], "rotation": 180, "texture": "#0"}
			}
		},
		{
			"from": [8.3, 4.9, 4.45],
			"to": [8.31, 11.9, 7.45],
			"rotation": {"angle": 22.5, "axis": "x", "origin": [8.305, 8.4, 5.95]},
			"faces": {
				"east": {"uv": [13, 0, 16, 6.49], "texture": "#0"},
				"west": {"uv": [16, 0, 13, 6.49], "texture": "#0"}
			}
		},
		{
			"from": [7.4, -9.8, 7.4],
			"to": [8.6, -1.6, 8.6],
			"rotation": {"angle": 0, "axis": "x", "origin": [8, -5.7, 8]},
			"faces": {
				"north": {"uv": [0, 9, 16, 11], "rotation": 90, "texture": "#1"},
				"east": {"uv": [0, 11, 16, 13], "rotation": 90, "texture": "#1"},
				"south": {"uv": [0, 12, 16, 10], "rotation": 90, "texture": "#1"},
				"west": {"uv": [0, 10, 16, 12], "rotation": 90, "texture": "#1"},
				"up": {"uv": [0, 10, 16, 12], "rotation": 90, "texture": "#1"},
				"down": {"uv": [0, 10, 16, 12], "rotation": 90, "texture": "#1"}
			}
		},
		{
			"from": [7.5, -1.7, 7.5],
			"to": [8.5, 6.3, 8.5],
			"rotation": {"angle": 0, "axis": "x", "origin": [8, 2.3, 8]},
			"faces": {
				"north": {"uv": [0, 12, 16, 10], "rotation": 270, "texture": "#1"},
				"east": {"uv": [0, 11, 16, 13], "rotation": 270, "texture": "#1"},
				"south": {"uv": [0, 9, 16, 11], "rotation": 270, "texture": "#1"},
				"west": {"uv": [0, 10, 16, 12], "rotation": 270, "texture": "#1"},
				"up": {"uv": [0, 10, 16, 12], "rotation": 90, "texture": "#1"},
				"down": {"uv": [0, 10, 16, 12], "rotation": 90, "texture": "#1"}
			}
		},
		{
			"from": [7.451, 17.51422, 6.13548],
			"to": [8.549, 18.11222, 8.23348],
			"rotation": {"angle": -22.5, "axis": "x", "origin": [8, 17.81322, 6.93448]},
			"faces": {
				"north": {"uv": [7.5, 11.5, 5, 12.5], "rotation": 180, "texture": "#0"},
				"east": {"uv": [5, 11.5, 7, 12.5], "rotation": 180, "texture": "#0"},
				"south": {"uv": [9, 12, 9.5, 12.5], "rotation": 180, "texture": "#0"},
				"west": {"uv": [7, 11.5, 5, 12.5], "rotation": 180, "texture": "#0"},
				"up": {"uv": [6, 14, 3.5, 15.5], "rotation": 90, "texture": "#0"},
				"down": {"uv": [6.5, 11.5, 4.5, 13], "rotation": 90, "texture": "#0"}
			}
		},
		{
			"from": [7.45, 17.51322, 7.76552],
			"to": [8.55, 18.11322, 9.86552],
			"rotation": {"angle": 22.5, "axis": "x", "origin": [8, 17.81322, 9.06552]},
			"faces": {
				"north": {"uv": [9, 12, 9.5, 12.5], "rotation": 180, "texture": "#0"},
				"east": {"uv": [7, 11.5, 5, 12.5], "rotation": 180, "texture": "#0"},
				"south": {"uv": [5, 11.5, 7.5, 12.5], "rotation": 180, "texture": "#0"},
				"west": {"uv": [5, 11.5, 7, 12.5], "rotation": 180, "texture": "#0"},
				"up": {"uv": [3.5, 14, 6, 15.5], "rotation": 90, "texture": "#0"},
				"down": {"uv": [4.5, 11.5, 6.5, 13], "rotation": 90, "texture": "#0"}
			}
		},
		{
			"from": [7.45, -12.20592, 7.29947],
			"to": [8.55, -11.60592, 8.89947],
			"rotation": {"angle": 22.5, "axis": "x", "origin": [8, -10.08853, 8]},
			"faces": {
				"north": {"uv": [5, 11.5, 7.5, 12.5], "texture": "#0"},
				"east": {"uv": [7, 11.5, 5, 12.5], "texture": "#0"},
				"south": {"uv": [9, 12, 9.5, 12.5], "texture": "#0"},
				"west": {"uv": [5, 11.5, 7, 12.5], "texture": "#0"},
				"up": {"uv": [4.5, 11.5, 6.5, 13], "rotation": 90, "texture": "#0"},
				"down": {"uv": [3.5, 14, 6, 15.5], "rotation": 90, "texture": "#0"}
			}
		},
		{
			"from": [7.452, -12.20392, 7.10253],
			"to": [8.548, -11.60792, 8.69853],
			"rotation": {"angle": -22.5, "axis": "x", "origin": [8, -10.08853, 8]},
			"faces": {
				"north": {"uv": [9.5, 12, 9, 12.5], "texture": "#0"},
				"east": {"uv": [5, 11.5, 7, 12.5], "texture": "#0"},
				"south": {"uv": [7.5, 11.5, 5, 12.5], "texture": "#0"},
				"west": {"uv": [7, 11.5, 5, 12.5], "texture": "#0"},
				"up": {"uv": [6.5, 11.5, 4.5, 13], "rotation": 90, "texture": "#0"},
				"down": {"uv": [6, 14, 3.5, 15.5], "rotation": 90, "texture": "#0"}
			}
		},
		{
			"from": [7.45, 14.47257, 6.13448],
			"to": [8.55, 15.07257, 8.23448],
			"rotation": {"angle": 22.5, "axis": "x", "origin": [8, 14.77257, 6.93448]},
			"faces": {
				"north": {"uv": [2.5, 12, 0, 13], "texture": "#0"},
				"east": {"uv": [0, 12, 2.5, 13], "texture": "#0"},
				"south": {"uv": [2.5, 12, 0, 13], "texture": "#0"},
				"west": {"uv": [2.5, 12, 0, 13], "texture": "#0"},
				"up": {"uv": [2.5, 11.5, 0, 13], "rotation": 90, "texture": "#0"},
				"down": {"uv": [2.5, 11.5, 0, 13], "rotation": 270, "texture": "#0"}
			}
		},
		{
			"from": [7.451, 14.47357, 7.76652],
			"to": [8.549, 15.07157, 9.86452],
			"rotation": {"angle": -22.5, "axis": "x", "origin": [8, 14.77257, 9.06552]},
			"faces": {
				"north": {"uv": [0, 12, 2.5, 13], "texture": "#0"},
				"east": {"uv": [2.5, 12, 0, 13], "texture": "#0"},
				"south": {"uv": [0, 12, 2.5, 13], "texture": "#0"},
				"west": {"uv": [0, 12, 2.5, 13], "texture": "#0"},
				"up": {"uv": [0, 11.5, 2.5, 13], "rotation": 90, "texture": "#0"},
				"down": {"uv": [0, 11.5, 2.5, 13], "rotation": 270, "texture": "#0"}
			}
		},
		{
			"from": [7.701, 12.0279, 8.33555],
			"to": [8.299, 15.1259, 8.93355],
			"rotation": {"angle": 22.5, "axis": "x", "origin": [8, 13.0769, 8.63455]},
			"faces": {
				"north": {"uv": [0, 9, 4.5, 11], "rotation": 270, "texture": "#1"},
				"east": {"uv": [0, 9, 4.5, 11], "rotation": 270, "texture": "#1"},
				"south": {"uv": [0, 9, 4.5, 11], "rotation": 270, "texture": "#1"},
				"west": {"uv": [0, 9, 4.5, 11], "rotation": 270, "texture": "#1"},
				"up": {"uv": [0, 9, 4.5, 11], "rotation": 270, "texture": "#1"},
				"down": {"uv": [0, 9, 4.5, 11], "rotation": 270, "texture": "#1"}
			}
		},
		{
			"from": [7.701, -10.72622, 7.13797],
			"to": [8.299, -7.62822, 7.73597],
			"rotation": {"angle": 22.5, "axis": "x", "origin": [8, -8.86116, 8.2]},
			"faces": {
				"north": {"uv": [0, 9, 4.5, 11], "rotation": 90, "texture": "#1"},
				"east": {"uv": [0, 9, 4.5, 11], "rotation": 90, "texture": "#1"},
				"south": {"uv": [0, 9, 4.5, 11], "rotation": 90, "texture": "#1"},
				"west": {"uv": [0, 9, 4.5, 11], "rotation": 90, "texture": "#1"},
				"up": {"uv": [0, 9, 4.5, 11], "rotation": 270, "texture": "#1"},
				"down": {"uv": [0, 9, 4.5, 11], "rotation": 270, "texture": "#1"}
			}
		},
		{
			"from": [7.701, 12.0279, 7.06645],
			"to": [8.299, 15.1259, 7.66445],
			"rotation": {"angle": -22.5, "axis": "x", "origin": [8, 13.0769, 7.36545]},
			"faces": {
				"north": {"uv": [0, 9, 4.5, 11], "rotation": 270, "texture": "#1"},
				"east": {"uv": [0, 9, 4.5, 11], "rotation": 270, "texture": "#1"},
				"south": {"uv": [0, 9, 4.5, 11], "rotation": 270, "texture": "#1"},
				"west": {"uv": [0, 9, 4.5, 11], "rotation": 270, "texture": "#1"},
				"up": {"uv": [0, 9, 4.5, 11], "rotation": 270, "texture": "#1"},
				"down": {"uv": [0, 9, 4.5, 11], "rotation": 270, "texture": "#1"}
			}
		},
		{
			"from": [7.701, -10.72622, 8.26403],
			"to": [8.299, -7.62822, 8.86203],
			"rotation": {"angle": -22.5, "axis": "x", "origin": [8, -8.86116, 7.8]},
			"faces": {
				"north": {"uv": [0, 9, 4.5, 11], "rotation": 90, "texture": "#1"},
				"east": {"uv": [0, 9, 4.5, 11], "rotation": 90, "texture": "#1"},
				"south": {"uv": [0, 9, 4.5, 11], "rotation": 90, "texture": "#1"},
				"west": {"uv": [0, 9, 4.5, 11], "rotation": 90, "texture": "#1"},
				"up": {"uv": [0, 9, 4.5, 11], "rotation": 270, "texture": "#1"},
				"down": {"uv": [0, 9, 4.5, 11], "rotation": 270, "texture": "#1"}
			}
		},
		{
			"from": [7.352, -10.00323, 7.2973],
			"to": [8.648, -9.40723, 8.8933],
			"rotation": {"angle": -22.5, "axis": "x", "origin": [8, -11.51255, 8]},
			"faces": {
				"north": {"uv": [0, 12, 2.5, 13], "rotation": 180, "texture": "#0"},
				"east": {"uv": [2.5, 12, 0, 13], "rotation": 180, "texture": "#0"},
				"south": {"uv": [0, 12, 2.5, 13], "rotation": 180, "texture": "#0"},
				"west": {"uv": [0, 12, 2.5, 13], "rotation": 180, "texture": "#0"},
				"up": {"uv": [0, 11.5, 2.5, 13], "rotation": 270, "texture": "#0"},
				"down": {"uv": [0, 11.5, 2.5, 13], "rotation": 90, "texture": "#0"}
			}
		},
		{
			"from": [7.35, -10.00523, 7.1047],
			"to": [8.65, -9.40523, 8.7047],
			"rotation": {"angle": 22.5, "axis": "x", "origin": [8, -11.51255, 8]},
			"faces": {
				"north": {"uv": [2.5, 12, 0, 13], "rotation": 180, "texture": "#0"},
				"east": {"uv": [0, 12, 2.5, 13], "rotation": 180, "texture": "#0"},
				"south": {"uv": [2.5, 12, 0, 13], "rotation": 180, "texture": "#0"},
				"west": {"uv": [2.5, 12, 0, 13], "rotation": 180, "texture": "#0"},
				"up": {"uv": [2.5, 11.5, 0, 13], "rotation": 270, "texture": "#0"},
				"down": {"uv": [2.5, 11.5, 0, 13], "rotation": 90, "texture": "#0"}
			}
		},
		{
			"from": [7.44, 14.79155, 6.07057],
			"to": [8.56, 17.76155, 6.69057],
			"rotation": {"angle": 0, "axis": "x", "origin": [8, 16.10155, 6.38057]},
			"faces": {
				"north": {"uv": [2.5, 13, 6, 11.5], "rotation": 270, "texture": "#0"},
				"east": {"uv": [2.5, 11.5, 6, 12.5], "rotation": 270, "texture": "#0"},
				"south": {"uv": [3, 13.5, 6.5, 12], "rotation": 270, "texture": "#0"},
				"west": {"uv": [2.5, 12.5, 6, 11.5], "rotation": 270, "texture": "#0"},
				"up": {"uv": [2.5, 12.5, 6, 11.5], "rotation": 270, "texture": "#0"},
				"down": {"uv": [2.5, 12.5, 6, 11.5], "rotation": 270, "texture": "#0"}
			}
		},
		{
			"from": [7.44, 14.79155, 9.30943],
			"to": [8.56, 17.76155, 9.92943],
			"rotation": {"angle": 0, "axis": "x", "origin": [8, 16.10155, 9.61943]},
			"faces": {
				"north": {"uv": [3, 12, 6.5, 13.5], "rotation": 270, "texture": "#0"},
				"east": {"uv": [2.5, 12.5, 6, 11.5], "rotation": 270, "texture": "#0"},
				"south": {"uv": [2.5, 11.5, 6, 13], "rotation": 270, "texture": "#0"},
				"west": {"uv": [2.5, 11.5, 6, 12.5], "rotation": 270, "texture": "#0"},
				"up": {"uv": [6, 12.5, 2.5, 11.5], "rotation": 270, "texture": "#0"},
				"down": {"uv": [6, 12.5, 2.5, 11.5], "rotation": 270, "texture": "#0"}
			}
		},
		{
			"from": [7.451, -11.77999, 6.51254],
			"to": [8.549, -9.83199, 7.11054],
			"rotation": {"angle": 0, "axis": "x", "origin": [8, -11.31688, 8.43097]},
			"faces": {
				"north": {"uv": [2.5, 11.5, 5.5, 13], "rotation": 90, "texture": "#0"},
				"east": {"uv": [2.5, 12.5, 5.5, 11.5], "rotation": 90, "texture": "#0"},
				"south": {"uv": [3, 12, 6, 13.5], "rotation": 90, "texture": "#0"},
				"west": {"uv": [2.5, 11.5, 5.5, 12.5], "rotation": 90, "texture": "#0"},
				"up": {"uv": [6, 12.5, 2.5, 11.5], "rotation": 270, "texture": "#0"},
				"down": {"uv": [6, 12.5, 2.5, 11.5], "rotation": 270, "texture": "#0"}
			}
		},
		{
			"from": [7.451, -11.77999, 8.88946],
			"to": [8.549, -9.83199, 9.48746],
			"rotation": {"angle": 0, "axis": "x", "origin": [8, -11.31688, 7.56903]},
			"faces": {
				"north": {"uv": [3, 13.5, 6, 12], "rotation": 90, "texture": "#0"},
				"east": {"uv": [2.5, 11.5, 5.5, 12.5], "rotation": 90, "texture": "#0"},
				"south": {"uv": [2.5, 13, 5.5, 11.5], "rotation": 90, "texture": "#0"},
				"west": {"uv": [2.5, 12.5, 5.5, 11.5], "rotation": 90, "texture": "#0"},
				"up": {"uv": [2.5, 12.5, 6, 11.5], "rotation": 270, "texture": "#0"},
				"down": {"uv": [2.5, 12.5, 6, 11.5], "rotation": 270, "texture": "#0"}
			}
		},
		{
			"from": [7.60156, 17.02118, 7.79527],
			"to": [8.40156, 17.82118, 9.09527],
			"rotation": {"angle": 45, "axis": "x", "origin": [8.00099, 20.6609, 7.89943]},
			"faces": {
				"north": {"uv": [5, 0, 6.3, 0.8], "rotation": 180, "texture": "#0"},
				"east": {"uv": [5, 0, 6.3, 0.8], "texture": "#0"},
				"south": {"uv": [5, 0, 6.3, 0.8], "rotation": 180, "texture": "#0"},
				"west": {"uv": [5, 0, 6.3, 0.8], "rotation": 180, "texture": "#0"},
				"up": {"uv": [5.5, 4, 6.8, 4.8], "rotation": 270, "texture": "#0"},
				"down": {"uv": [5, 0, 6.3, 0.8], "rotation": 90, "texture": "#0"}
			}
		},
		{
			"from": [7.60156, 17.02118, 6.90473],
			"to": [8.40156, 17.82118, 8.20473],
			"rotation": {"angle": -45, "axis": "x", "origin": [8.00099, 20.6609, 8.10057]},
			"faces": {
				"north": {"uv": [6.3, 0, 5, 0.8], "rotation": 180, "texture": "#0"},
				"east": {"uv": [6.3, 0, 5, 0.8], "texture": "#0"},
				"south": {"uv": [6.3, 0, 5, 0.8], "rotation": 180, "texture": "#0"},
				"west": {"uv": [6.3, 0, 5, 0.8], "rotation": 180, "texture": "#0"},
				"up": {"uv": [6.8, 4, 5.5, 4.8], "rotation": 270, "texture": "#0"},
				"down": {"uv": [6.3, 0, 5, 0.8], "rotation": 90, "texture": "#0"}
			}
		},
		{
			"from": [7.60156, 15.25155, 5.27342],
			"to": [8.40156, 16.05155, 6.57342],
			"rotation": {"angle": 0, "axis": "x", "origin": [8.00213, 14.93195, 4.42905]},
			"faces": {
				"north": {"uv": [5, 0, 6.3, 0.8], "rotation": 180, "texture": "#0"},
				"east": {"uv": [5, 0, 6.3, 0.8], "texture": "#0"},
				"south": {"uv": [5, 0, 6.3, 0.8], "rotation": 180, "texture": "#0"},
				"west": {"uv": [5, 0, 6.3, 0.8], "rotation": 180, "texture": "#0"},
				"up": {"uv": [5.5, 4, 6.8, 4.8], "rotation": 270, "texture": "#0"},
				"down": {"uv": [5, 0, 6.3, 0.8], "rotation": 90, "texture": "#0"}
			}
		},
		{
			"from": [7.60156, 15.25155, 9.42658],
			"to": [8.40156, 16.05155, 10.72658],
			"rotation": {"angle": 0, "axis": "x", "origin": [8.00213, 14.93195, 11.57095]},
			"faces": {
				"north": {"uv": [6.3, 0, 5, 0.8], "rotation": 180, "texture": "#0"},
				"east": {"uv": [6.3, 0, 5, 0.8], "texture": "#0"},
				"south": {"uv": [6.3, 0, 5, 0.8], "rotation": 180, "texture": "#0"},
				"west": {"uv": [6.3, 0, 5, 0.8], "rotation": 180, "texture": "#0"},
				"up": {"uv": [6.8, 4, 5.5, 4.8], "rotation": 270, "texture": "#0"},
				"down": {"uv": [6.3, 0, 5, 0.8], "rotation": 90, "texture": "#0"}
			}
		},
		{
			"from": [7.65156, 19.31394, 4.54609],
			"to": [8.35156, 20.51394, 5.24609],
			"rotation": {"angle": -22.5, "axis": "x", "origin": [8.00099, 20.6609, 7.89943]},
			"faces": {
				"north": {"uv": [5, 1, 6.5, 0], "rotation": 90, "texture": "#0"},
				"east": {"uv": [5, 1, 6.5, 0], "rotation": 90, "texture": "#0"},
				"south": {"uv": [5, 5.5, 6.5, 4.5], "rotation": 90, "texture": "#0"},
				"west": {"uv": [5, 1, 6.5, 0], "rotation": 90, "texture": "#0"},
				"up": {"uv": [5, 1, 6.5, 0], "rotation": 180, "texture": "#0"},
				"down": {"uv": [5, 1, 6.5, 0], "texture": "#0"}
			}
		},
		{
			"from": [7.65156, 19.31394, 10.75391],
			"to": [8.35156, 20.51394, 11.45391],
			"rotation": {"angle": 22.5, "axis": "x", "origin": [8.00099, 20.6609, 8.10057]},
			"faces": {
				"north": {"uv": [5, 4.5, 6.5, 5.5], "rotation": 90, "texture": "#0"},
				"east": {"uv": [5, 0, 6.5, 1], "rotation": 90, "texture": "#0"},
				"south": {"uv": [5, 0, 6.5, 1], "rotation": 90, "texture": "#0"},
				"west": {"uv": [5, 0, 6.5, 1], "rotation": 90, "texture": "#0"},
				"up": {"uv": [5, 0, 6.5, 1], "rotation": 180, "texture": "#0"},
				"down": {"uv": [5, 0, 6.5, 1], "texture": "#0"}
			}
		},
		{
			"from": [7.65156, 15.59953, 3.93717],
			"to": [8.35156, 16.29953, 5.13717],
			"rotation": {"angle": 22.5, "axis": "x", "origin": [8.00213, 14.93195, 4.42905]},
			"faces": {
				"north": {"uv": [6.5, 0, 5, 1], "rotation": 180, "texture": "#0"},
				"east": {"uv": [6.5, 0, 5, 1], "texture": "#0"},
				"south": {"uv": [6.5, 0, 5, 1], "rotation": 180, "texture": "#0"},
				"west": {"uv": [6.5, 0, 5, 1], "rotation": 180, "texture": "#0"},
				"up": {"uv": [6.5, 4.5, 5, 5.5], "rotation": 270, "texture": "#0"},
				"down": {"uv": [6.5, 0, 5, 1], "rotation": 90, "texture": "#0"}
			}
		},
		{
			"from": [7.65156, 15.59953, 10.86283],
			"to": [8.35156, 16.29953, 12.06283],
			"rotation": {"angle": -22.5, "axis": "x", "origin": [8.00213, 14.93195, 11.57095]},
			"faces": {
				"north": {"uv": [5, 0, 6.5, 1], "rotation": 180, "texture": "#0"},
				"east": {"uv": [5, 0, 6.5, 1], "texture": "#0"},
				"south": {"uv": [5, 0, 6.5, 1], "rotation": 180, "texture": "#0"},
				"west": {"uv": [5, 0, 6.5, 1], "rotation": 180, "texture": "#0"},
				"up": {"uv": [5, 4.5, 6.5, 5.5], "rotation": 270, "texture": "#0"},
				"down": {"uv": [5, 0, 6.5, 1], "rotation": 90, "texture": "#0"}
			}
		},
		{
			"from": [7.7, 19.23462, 4.92125],
			"to": [8.3, 19.83462, 5.52125],
			"rotation": {"angle": 0, "axis": "z", "origin": [8.00099, 20.6609, 7.89943]},
			"faces": {
				"north": {"uv": [4, 1.5, 5, 2.5], "rotation": 270, "texture": "#0"},
				"east": {"uv": [4, 1.5, 5, 2.5], "rotation": 270, "texture": "#0"},
				"south": {"uv": [4, 1.5, 5, 2.5], "rotation": 270, "texture": "#0"},
				"west": {"uv": [4, 1.5, 5, 2.5], "rotation": 270, "texture": "#0"},
				"up": {"uv": [4, 1.5, 5, 2.5], "texture": "#0"},
				"down": {"uv": [4, 1.5, 5, 2.5], "rotation": 180, "texture": "#0"}
			}
		},
		{
			"from": [7.7, 19.23462, 10.47875],
			"to": [8.3, 19.83462, 11.07875],
			"rotation": {"angle": 0, "axis": "z", "origin": [8.00099, 20.6609, 8.10057]},
			"faces": {
				"north": {"uv": [4, 2.5, 5, 1.5], "rotation": 270, "texture": "#0"},
				"east": {"uv": [4, 2.5, 5, 1.5], "rotation": 270, "texture": "#0"},
				"south": {"uv": [4, 2.5, 5, 1.5], "rotation": 270, "texture": "#0"},
				"west": {"uv": [4, 2.5, 5, 1.5], "rotation": 270, "texture": "#0"},
				"up": {"uv": [4, 2.5, 5, 1.5], "texture": "#0"},
				"down": {"uv": [4, 2.5, 5, 1.5], "rotation": 180, "texture": "#0"}
			}
		},
		{
			"from": [7.72254, 18.39222, 1.00991],
			"to": [8.28254, 18.95222, 5.96991],
			"rotation": {"angle": 22.5, "axis": "x", "origin": [8.00099, 20.6609, 7.89943]},
			"faces": {
				"north": {"uv": [0, 0, 0.56, 0.56], "rotation": 180, "texture": "#0"},
				"east": {"uv": [0, 0, 5, 0.5], "rotation": 180, "texture": "#0"},
				"south": {"uv": [0, 0, 5, 0.5], "rotation": 180, "texture": "#0"},
				"west": {"uv": [5, 0, 0, 0.5], "rotation": 180, "texture": "#0"},
				"up": {"uv": [0, 0, 5, 0.5], "rotation": 270, "texture": "#0"},
				"down": {"uv": [0, 0, 5, 0.5], "rotation": 90, "texture": "#0"}
			}
		},
		{
			"from": [7.72254, 18.39222, 10.03009],
			"to": [8.28254, 18.95222, 14.99009],
			"rotation": {"angle": -22.5, "axis": "x", "origin": [8.00099, 20.6609, 8.10057]},
			"faces": {
				"north": {"uv": [5, 0, 0, 0.5], "rotation": 180, "texture": "#0"},
				"east": {"uv": [5, 0, 0, 0.5], "rotation": 180, "texture": "#0"},
				"south": {"uv": [0.56, 0, 0, 0.56], "rotation": 180, "texture": "#0"},
				"west": {"uv": [0, 0, 5, 0.5], "rotation": 180, "texture": "#0"},
				"up": {"uv": [5, 0, 0, 0.5], "rotation": 270, "texture": "#0"},
				"down": {"uv": [5, 0, 0, 0.5], "rotation": 90, "texture": "#0"}
			}
		},
		{
			"from": [7.80254, 17.55653, 1.46418],
			"to": [8.20254, 18.45653, 6.26418],
			"rotation": {"angle": 22.5, "axis": "x", "origin": [8.00099, 20.6609, 7.89943]},
			"faces": {
				"north": {"uv": [0, 0.9, 0.4, 0], "rotation": 180, "texture": "#0"},
				"east": {"uv": [2, 4.5, 7, 5.5], "rotation": 180, "texture": "#0"},
				"south": {"uv": [0, 1, 5, 0], "rotation": 180, "texture": "#0"},
				"west": {"uv": [7, 4.5, 2, 5.5], "rotation": 180, "texture": "#0"},
				"up": {"uv": [0, 1, 5, 0], "rotation": 270, "texture": "#0"},
				"down": {"uv": [0, 1, 5, 1.5], "rotation": 90, "texture": "#0"}
			}
		},
		{
			"from": [7.80254, 17.55653, 9.73582],
			"to": [8.20254, 18.45653, 14.53582],
			"rotation": {"angle": -22.5, "axis": "x", "origin": [8.00099, 20.6609, 8.10057]},
			"faces": {
				"north": {"uv": [5, 1, 0, 0], "rotation": 180, "texture": "#0"},
				"east": {"uv": [7, 4.5, 2, 5.5], "rotation": 180, "texture": "#0"},
				"south": {"uv": [0.4, 0.9, 0, 0], "rotation": 180, "texture": "#0"},
				"west": {"uv": [2, 4.5, 7, 5.5], "rotation": 180, "texture": "#0"},
				"up": {"uv": [5, 1, 0, 0], "rotation": 270, "texture": "#0"},
				"down": {"uv": [5, 1, 0, 1.5], "rotation": 90, "texture": "#0"}
			}
		},
		{
			"from": [7.82754, 18.77018, 1.19305],
			"to": [8.17754, 19.62018, 5.19305],
			"rotation": {"angle": 0, "axis": "z", "origin": [8.00099, 20.6609, 7.89943]},
			"faces": {
				"north": {"uv": [0, 0.5, 0.35, 1.35], "rotation": 180, "texture": "#0"},
				"east": {"uv": [0, 0.5, 4, 1.5], "rotation": 180, "texture": "#0"},
				"south": {"uv": [0, 0.5, 4, 1.5], "rotation": 180, "texture": "#0"},
				"west": {"uv": [4, 0.5, 0, 1.5], "rotation": 180, "texture": "#0"},
				"up": {"uv": [0, 0.5, 4, 0.85], "rotation": 270, "texture": "#0"},
				"down": {"uv": [0, 0.5, 4, 0.85], "rotation": 90, "texture": "#0"}
			}
		},
		{
			"from": [7.82754, 18.77018, 10.80695],
			"to": [8.17754, 19.62018, 14.80695],
			"rotation": {"angle": 0, "axis": "z", "origin": [8.00099, 20.6609, 8.10057]},
			"faces": {
				"north": {"uv": [4, 0.5, 0, 1.5], "rotation": 180, "texture": "#0"},
				"east": {"uv": [4, 0.5, 0, 1.5], "rotation": 180, "texture": "#0"},
				"south": {"uv": [0.35, 0.5, 0, 1.35], "rotation": 180, "texture": "#0"},
				"west": {"uv": [0, 0.5, 4, 1.5], "rotation": 180, "texture": "#0"},
				"up": {"uv": [4, 0.5, 0, 0.85], "rotation": 270, "texture": "#0"},
				"down": {"uv": [4, 0.5, 0, 0.85], "rotation": 90, "texture": "#0"}
			}
		},
		{
			"from": [7.72754, 15.27018, 1.19305],
			"to": [8.27754, 15.82018, 5.19305],
			"rotation": {"angle": -45, "axis": "x", "origin": [8.00213, 14.93195, 4.42905]},
			"faces": {
				"north": {"uv": [0, 0.5, 0.35, 1.35], "rotation": 180, "texture": "#0"},
				"east": {"uv": [0, 0.5, 4, 1], "rotation": 180, "texture": "#0"},
				"south": {"uv": [0, 0.5, 4, 1.5], "rotation": 180, "texture": "#0"},
				"west": {"uv": [4, 0.5, 0, 1], "rotation": 180, "texture": "#0"},
				"up": {"uv": [0, 0.5, 4, 0.85], "rotation": 270, "texture": "#0"},
				"down": {"uv": [0, 0.5, 4, 0.85], "rotation": 90, "texture": "#0"}
			}
		},
		{
			"from": [7.72754, 15.27018, 10.80695],
			"to": [8.27754, 15.82018, 14.80695],
			"rotation": {"angle": 45, "axis": "x", "origin": [8.00213, 14.93195, 11.57095]},
			"faces": {
				"north": {"uv": [4, 0.5, 0, 1.5], "rotation": 180, "texture": "#0"},
				"east": {"uv": [4, 0.5, 0, 1], "rotation": 180, "texture": "#0"},
				"south": {"uv": [0.35, 0.5, 0, 1.35], "rotation": 180, "texture": "#0"},
				"west": {"uv": [0, 0.5, 4, 1], "rotation": 180, "texture": "#0"},
				"up": {"uv": [4, 0.5, 0, 0.85], "rotation": 270, "texture": "#0"},
				"down": {"uv": [4, 0.5, 0, 0.85], "rotation": 90, "texture": "#0"}
			}
		},
		{
			"from": [7.85254, 18.05608, 1.72419],
			"to": [8.15254, 18.85608, 5.67419],
			"rotation": {"angle": 0, "axis": "z", "origin": [8.00099, 20.6609, 7.89943]},
			"faces": {
				"north": {"uv": [3, 4.5, 3.3, 5.5], "rotation": 180, "texture": "#0"},
				"east": {"uv": [3, 4.5, 7, 5.5], "rotation": 180, "texture": "#0"},
				"south": {"uv": [3, 4.5, 7, 5.5], "rotation": 180, "texture": "#0"},
				"west": {"uv": [7, 4.5, 3, 5.5], "rotation": 180, "texture": "#0"},
				"up": {"uv": [3, 4.5, 7, 5.5], "rotation": 270, "texture": "#0"},
				"down": {"uv": [3, 4.5, 6.95, 4.8], "rotation": 270, "texture": "#0"}
			}
		},
		{
			"from": [7.85254, 18.05608, 10.32581],
			"to": [8.15254, 18.85608, 14.27581],
			"rotation": {"angle": 0, "axis": "z", "origin": [8.00099, 20.6609, 8.10057]},
			"faces": {
				"north": {"uv": [7, 4.5, 3, 5.5], "rotation": 180, "texture": "#0"},
				"east": {"uv": [7, 4.5, 3, 5.5], "rotation": 180, "texture": "#0"},
				"south": {"uv": [3.3, 4.5, 3, 5.5], "rotation": 180, "texture": "#0"},
				"west": {"uv": [3, 4.5, 7, 5.5], "rotation": 180, "texture": "#0"},
				"up": {"uv": [7, 4.5, 3, 5.5], "rotation": 270, "texture": "#0"},
				"down": {"uv": [6.95, 4.5, 3, 4.8], "rotation": 270, "texture": "#0"}
			}
		},
		{
			"from": [7.85254, 14.45608, 1.72419],
			"to": [8.15254, 15.25608, 5.67419],
			"rotation": {"angle": -45, "axis": "x", "origin": [8.00213, 14.93195, 4.42905]},
			"faces": {
				"north": {"uv": [3, 4.5, 3.3, 5.5], "rotation": 180, "texture": "#0"},
				"east": {"uv": [3, 4.5, 7, 5.5], "rotation": 180, "texture": "#0"},
				"south": {"uv": [3, 4.5, 7, 5.5], "rotation": 180, "texture": "#0"},
				"west": {"uv": [7, 4.5, 3, 5.5], "rotation": 180, "texture": "#0"},
				"up": {"uv": [3, 4.5, 7, 5.5], "rotation": 270, "texture": "#0"},
				"down": {"uv": [3, 4.5, 6.95, 4.8], "rotation": 270, "texture": "#0"}
			}
		},
		{
			"from": [7.85254, 14.45608, 10.32581],
			"to": [8.15254, 15.25608, 14.27581],
			"rotation": {"angle": 45, "axis": "x", "origin": [8.00213, 14.93195, 11.57095]},
			"faces": {
				"north": {"uv": [7, 4.5, 3, 5.5], "rotation": 180, "texture": "#0"},
				"east": {"uv": [7, 4.5, 3, 5.5], "rotation": 180, "texture": "#0"},
				"south": {"uv": [3.3, 4.5, 3, 5.5], "rotation": 180, "texture": "#0"},
				"west": {"uv": [3, 4.5, 7, 5.5], "rotation": 180, "texture": "#0"},
				"up": {"uv": [7, 4.5, 3, 5.5], "rotation": 270, "texture": "#0"},
				"down": {"uv": [6.95, 4.5, 3, 4.8], "rotation": 270, "texture": "#0"}
			}
		},
		{
			"from": [7.87754, 19.24882, 1.547],
			"to": [8.12754, 19.99882, 4.947],
			"rotation": {"angle": -22.5, "axis": "x", "origin": [8.00099, 20.6609, 7.89943]},
			"faces": {
				"north": {"uv": [3, 4.5, 3.25, 5.5], "rotation": 180, "texture": "#0"},
				"east": {"uv": [3, 4.5, 7, 5.5], "rotation": 180, "texture": "#0"},
				"south": {"uv": [3, 4.5, 7, 5.5], "rotation": 180, "texture": "#0"},
				"west": {"uv": [7, 4.5, 3, 5.5], "rotation": 180, "texture": "#0"},
				"up": {"uv": [3, 4.5, 6.4, 4.75], "rotation": 90, "texture": "#0"},
				"down": {"uv": [3, 4.5, 6.4, 4.75], "rotation": 270, "texture": "#0"}
			}
		},
		{
			"from": [7.87754, 19.24882, 11.053],
			"to": [8.12754, 19.99882, 14.453],
			"rotation": {"angle": 22.5, "axis": "x", "origin": [8.00099, 20.6609, 8.10057]},
			"faces": {
				"north": {"uv": [7, 4.5, 3, 5.5], "rotation": 180, "texture": "#0"},
				"east": {"uv": [7, 4.5, 3, 5.5], "rotation": 180, "texture": "#0"},
				"south": {"uv": [3.25, 4.5, 3, 5.5], "rotation": 180, "texture": "#0"},
				"west": {"uv": [3, 4.5, 7, 5.5], "rotation": 180, "texture": "#0"},
				"up": {"uv": [6.4, 4.5, 3, 4.75], "rotation": 90, "texture": "#0"},
				"down": {"uv": [6.4, 4.5, 3, 4.75], "rotation": 270, "texture": "#0"}
			}
		},
		{
			"from": [7.87754, 12.60044, 4.45229],
			"to": [8.12754, 16.00044, 5.20229],
			"rotation": {"angle": 22.5, "axis": "x", "origin": [8.00213, 14.93195, 4.42905]},
			"faces": {
				"north": {"uv": [6.4, 4.75, 3, 4.5], "rotation": 90, "texture": "#0"},
				"east": {"uv": [7, 5.5, 3, 4.5], "rotation": 90, "texture": "#0"},
				"south": {"uv": [6.4, 4.75, 3, 4.5], "rotation": 90, "texture": "#0"},
				"west": {"uv": [3, 5.5, 7, 4.5], "rotation": 270, "texture": "#0"},
				"up": {"uv": [7, 5.5, 3, 4.5], "texture": "#0"},
				"down": {"uv": [3.25, 5.5, 3, 4.5], "rotation": 180, "texture": "#0"}
			}
		},
		{
			"from": [7.87754, 12.60044, 10.79771],
			"to": [8.12754, 16.00044, 11.54771],
			"rotation": {"angle": -22.5, "axis": "x", "origin": [8.00213, 14.93195, 11.57095]},
			"faces": {
				"north": {"uv": [6.4, 4.5, 3, 4.75], "rotation": 90, "texture": "#0"},
				"east": {"uv": [7, 4.5, 3, 5.5], "rotation": 90, "texture": "#0"},
				"south": {"uv": [6.4, 4.5, 3, 4.75], "rotation": 90, "texture": "#0"},
				"west": {"uv": [3, 4.5, 7, 5.5], "rotation": 270, "texture": "#0"},
				"up": {"uv": [7, 4.5, 3, 5.5], "texture": "#0"},
				"down": {"uv": [3.25, 4.5, 3, 5.5], "rotation": 180, "texture": "#0"}
			}
		},
		{
			"from": [7.90254, 14.39102, 7.33834],
			"to": [8.10254, 17.74102, 8.03834],
			"rotation": {"angle": 45, "axis": "x", "origin": [8.00099, 20.6609, 7.89943]},
			"faces": {
				"north": {"uv": [3.5, 3.5, 7.5, 4.5], "rotation": 90, "texture": "#0"},
				"east": {"uv": [3.5, 3.5, 7.5, 4.5], "rotation": 270, "texture": "#0"},
				"south": {"uv": [3.5, 3.5, 7.5, 3.7], "rotation": 270, "texture": "#0"},
				"west": {"uv": [3.5, 3.5, 7.5, 4.5], "rotation": 270, "texture": "#0"},
				"up": {"uv": [3.5, 3.5, 7.5, 4.5], "rotation": 180, "texture": "#0"},
				"down": {"uv": [3.5, 3.5, 3.7, 4.5], "texture": "#0"}
			}
		},
		{
			"from": [7.90254, 14.39102, 7.96166],
			"to": [8.10254, 17.74102, 8.66166],
			"rotation": {"angle": -45, "axis": "x", "origin": [8.00099, 20.6609, 8.10057]},
			"faces": {
				"north": {"uv": [3.5, 3.7, 7.5, 3.5], "rotation": 270, "texture": "#0"},
				"east": {"uv": [3.5, 4.5, 7.5, 3.5], "rotation": 270, "texture": "#0"},
				"south": {"uv": [3.5, 4.5, 7.5, 3.5], "rotation": 90, "texture": "#0"},
				"west": {"uv": [3.5, 4.5, 7.5, 3.5], "rotation": 270, "texture": "#0"},
				"up": {"uv": [3.5, 4.5, 7.5, 3.5], "rotation": 180, "texture": "#0"},
				"down": {"uv": [3.5, 4.5, 3.7, 3.5], "texture": "#0"}
			}
		},
		{
			"from": [7.90254, 12.62139, 4.81649],
			"to": [8.10254, 15.97139, 5.51649],
			"rotation": {"angle": 0, "axis": "x", "origin": [8.00213, 14.93195, 4.42905]},
			"faces": {
				"north": {"uv": [3.5, 3.5, 7.5, 4.5], "rotation": 90, "texture": "#0"},
				"east": {"uv": [3.5, 3.5, 7.5, 4.5], "rotation": 270, "texture": "#0"},
				"south": {"uv": [3.5, 3.5, 7.5, 3.7], "rotation": 270, "texture": "#0"},
				"west": {"uv": [3.5, 3.5, 7.5, 4.5], "rotation": 270, "texture": "#0"},
				"up": {"uv": [3.5, 3.5, 7.5, 4.5], "rotation": 180, "texture": "#0"},
				"down": {"uv": [3.5, 3.5, 3.7, 4.5], "texture": "#0"}
			}
		},
		{
			"from": [7.90254, 12.62139, 10.48351],
			"to": [8.10254, 15.97139, 11.18351],
			"rotation": {"angle": 0, "axis": "x", "origin": [8.00213, 14.93195, 11.57095]},
			"faces": {
				"north": {"uv": [3.5, 3.7, 7.5, 3.5], "rotation": 270, "texture": "#0"},
				"east": {"uv": [3.5, 4.5, 7.5, 3.5], "rotation": 270, "texture": "#0"},
				"south": {"uv": [3.5, 4.5, 7.5, 3.5], "rotation": 90, "texture": "#0"},
				"west": {"uv": [3.5, 4.5, 7.5, 3.5], "rotation": 270, "texture": "#0"},
				"up": {"uv": [3.5, 4.5, 7.5, 3.5], "rotation": 180, "texture": "#0"},
				"down": {"uv": [3.5, 4.5, 3.7, 3.5], "texture": "#0"}
			}
		},
		{
			"from": [7.92754, 14.81851, 6.13853],
			"to": [8.07754, 17.71851, 6.78853],
			"rotation": {"angle": 22.5, "axis": "x", "origin": [8.00099, 20.6609, 7.89943]},
			"faces": {
				"north": {"uv": [3.5, 1.5, 7.5, 2], "rotation": 270, "texture": "#0"},
				"east": {"uv": [3.5, 1.5, 7.5, 2.5], "rotation": 270, "texture": "#0"},
				"south": {"uv": [3.5, 1.5, 7.5, 2], "rotation": 270, "texture": "#0"},
				"west": {"uv": [3.5, 1.5, 7.5, 2.5], "rotation": 270, "texture": "#0"},
				"up": {"uv": [3.5, 1.5, 7.5, 2.5], "texture": "#0"},
				"down": {"uv": [3.5, 1.5, 3.65, 2.15], "rotation": 180, "texture": "#0"}
			}
		},
		{
			"from": [7.92754, 14.81851, 9.21147],
			"to": [8.07754, 17.71851, 9.86147],
			"rotation": {"angle": -22.5, "axis": "x", "origin": [8.00099, 20.6609, 8.10057]},
			"faces": {
				"north": {"uv": [3.5, 2, 7.5, 1.5], "rotation": 270, "texture": "#0"},
				"east": {"uv": [3.5, 2.5, 7.5, 1.5], "rotation": 270, "texture": "#0"},
				"south": {"uv": [3.5, 2, 7.5, 1.5], "rotation": 270, "texture": "#0"},
				"west": {"uv": [3.5, 2.5, 7.5, 1.5], "rotation": 270, "texture": "#0"},
				"up": {"uv": [3.5, 2.5, 7.5, 1.5], "texture": "#0"},
				"down": {"uv": [3.5, 2.15, 3.65, 1.5], "rotation": 180, "texture": "#0"}
			}
		},
		{
			"from": [7.92754, 12.3845, 5.05965],
			"to": [8.07754, 15.2845, 5.70965],
			"rotation": {"angle": -22.5, "axis": "x", "origin": [8.00213, 14.93195, 4.42905]},
			"faces": {
				"north": {"uv": [3.5, 1.5, 7.5, 2], "rotation": 270, "texture": "#0"},
				"east": {"uv": [3.5, 1.5, 7.5, 2.5], "rotation": 270, "texture": "#0"},
				"south": {"uv": [3.5, 1.5, 7.5, 2], "rotation": 270, "texture": "#0"},
				"west": {"uv": [3.5, 1.5, 7.5, 2.5], "rotation": 270, "texture": "#0"},
				"up": {"uv": [3.5, 1.5, 7.5, 2.5], "texture": "#0"},
				"down": {"uv": [3.5, 1.5, 3.65, 2.15], "rotation": 180, "texture": "#0"}
			}
		},
		{
			"from": [7.92754, 12.3845, 10.29035],
			"to": [8.07754, 15.2845, 10.94035],
			"rotation": {"angle": 22.5, "axis": "x", "origin": [8.00213, 14.93195, 11.57095]},
			"faces": {
				"north": {"uv": [3.5, 2, 7.5, 1.5], "rotation": 270, "texture": "#0"},
				"east": {"uv": [3.5, 2.5, 7.5, 1.5], "rotation": 270, "texture": "#0"},
				"south": {"uv": [3.5, 2, 7.5, 1.5], "rotation": 270, "texture": "#0"},
				"west": {"uv": [3.5, 2.5, 7.5, 1.5], "rotation": 270, "texture": "#0"},
				"up": {"uv": [3.5, 2.5, 7.5, 1.5], "texture": "#0"},
				"down": {"uv": [3.5, 2.15, 3.65, 1.5], "rotation": 180, "texture": "#0"}
			}
		},
		{
			"from": [7.94754, 15.53033, 5.28484],
			"to": [8.05754, 18.39033, 5.89484],
			"rotation": {"angle": 0, "axis": "z", "origin": [8.00099, 20.6609, 7.89943]},
			"faces": {
				"north": {"uv": [4, 1.5, 7, 2], "rotation": 270, "texture": "#0"},
				"east": {"uv": [2, 4.5, 7, 5.5], "rotation": 270, "texture": "#0"},
				"south": {"uv": [4, 1.5, 7, 2], "rotation": 270, "texture": "#0"},
				"west": {"uv": [2.5, 4.5, 7.5, 5.5], "rotation": 270, "texture": "#0"},
				"up": {"uv": [4, 1.5, 7, 2], "texture": "#0"},
				"down": {"uv": [4, 1.5, 4.15, 2.15], "rotation": 180, "texture": "#0"}
			}
		},
		{
			"from": [7.94754, 15.53033, 10.10516],
			"to": [8.05754, 18.39033, 10.71516],
			"rotation": {"angle": 0, "axis": "z", "origin": [8.00099, 20.6609, 8.10057]},
			"faces": {
				"north": {"uv": [4, 2, 7, 1.5], "rotation": 270, "texture": "#0"},
				"east": {"uv": [2, 5.5, 7, 4.5], "rotation": 270, "texture": "#0"},
				"south": {"uv": [4, 2, 7, 1.5], "rotation": 270, "texture": "#0"},
				"west": {"uv": [2.5, 5.5, 7.5, 4.5], "rotation": 270, "texture": "#0"},
				"up": {"uv": [4, 2, 7, 1.5], "texture": "#0"},
				"down": {"uv": [4, 2.15, 4.15, 1.5], "rotation": 180, "texture": "#0"}
			}
		}
	],
	"display": {
		"thirdperson_righthand": {
			"translation": [-0.5, 4.25, 1.25],
			"scale": [1.4, 1.4, 1.4]
		},
		"firstperson_righthand": {
			"rotation": [-18, 0, 0],
			"translation": [3.75, 2.5, 0],
			"scale": [0.8, 0.8, 0.8]
		},
		"firstperson_lefthand": {
			"rotation": [-18, 0, 0],
			"translation": [3.75, 2.5, 0],
			"scale": [0.8, 0.8, 0.8]
		},
		"ground": {
			"translation": [0, 5, 0],
			"scale": [2, 2, 2]
		},
		"gui": {
			"rotation": [79, -137, 69],
			"translation": [-0.75, 0, 0],
			"scale": [0.6, 0.6, 0.6]
		},
		"head": {
			"rotation": [-38, 0, 0],
			"translation": [0, 47.5, 0]
		},
		"fixed": {
			"scale": [2, 2, 2]
		}
	},
	"groups": [
		{
			"name": "group",
			"origin": [8.00182, 2.99309, 8.00154],
			"children": [0, 1, 2, 3, 4, 5, 6, 7, 8, 9, 10, 11, 12, 13, 14, 15, 16, 17, 18, 19, 20, 21, 22, 23]
		}, 24, 25, 26, 27, 28, 29, 30, 31, 32, 33, 34, 35, 36, 37, 38, 39, 40, 41, 42, 43, 44, 45, 46, 47, 48, 49, 50, 51, 52, 53, 54, 55, 56, 57, 58, 59, 60, 61, 62, 63, 64, 65, 66, 67, 68, 69, 70, 71, 72, 73, 74, 75, 76, 77, 78, 79, 80, 81, 82, 83]
}