{
	"credit": "Made with Blockbench",
	"texture_size": [64, 64],
	"textures": {
		"0": "skins/0dd4fb737ea103cc",
		"particle": "skins/0dd4fb737ea103cc"
	},
	"elements": [
		{
			"from": [7.81, 5.11, 6.01],
			"to": [11.79, 9.09, 9.99],
			"rotation": {"angle": -45, "axis": "z", "origin": [9.8, 7.1, 8]},
			"faces": {
				"north": {"uv": [5.25, 3, 6.24475, 3.99475], "texture": "#0"},
				"east": {"uv": [5.25, 3, 6.24475, 3.99475], "texture": "#0"},
				"south": {"uv": [5.25, 3, 6.24475, 3.99475], "texture": "#0"},
				"west": {"uv": [5.25, 3, 6.24475, 3.99475], "texture": "#0"},
				"up": {"uv": [5.25, 3, 6.24475, 3.99475], "texture": "#0"},
				"down": {"uv": [4.75, 0.5, 5.74375, 1.49375], "texture": "#0"}
			}
		},
		{
			"from": [7.21, 7.71, 5.41],
			"to": [12.39, 8.71, 10.59],
			"rotation": {"angle": -45, "axis": "z", "origin": [9.8, 7.1, 8]},
			"faces": {
				"north": {"uv": [2.5, 2.25, 3.49475, 2.25], "texture": "#0"},
				"east": {"uv": [2.5, 2.25, 3.49475, 2.25], "texture": "#0"},
				"south": {"uv": [2.5, 2.25, 3.49475, 2.25], "texture": "#0"},
				"west": {"uv": [2.5, 2.25, 3.49475, 2.25], "texture": "#0"},
				"up": {"uv": [2.5, 2.25, 3.49475, 2.25], "texture": "#0"},
				"down": {"uv": [2.5, 2.25, 3.49475, 2.25], "texture": "#0"}
			}
		},
		{
			"from": [7.81, 9.11, 6.01],
			"to": [11.79, 10.91, 9.99],
			"rotation": {"angle": -45, "axis": "z", "origin": [9.8, 7.1, 8]},
			"faces": {
				"north": {"uv": [2.5, 2.25, 3.49475, 2.25], "texture": "#0"},
				"east": {"uv": [2.5, 2.25, 3.49475, 2.25], "texture": "#0"},
				"south": {"uv": [2.5, 2.25, 3.49475, 2.25], "texture": "#0"},
				"west": {"uv": [2.5, 2.25, 3.49475, 2.25], "texture": "#0"},
				"up": {"uv": [2.5, 2.25, 3.49475, 2.25], "texture": "#0"},
				"down": {"uv": [2.5, 2.25, 3.49475, 2.25], "texture": "#0"}
			}
		},
		{
			"from": [4.66, 3.01, 11.46],
			"to": [6.64, 4.99, 16.44],
			"rotation": {"angle": -45, "axis": "y", "origin": [8.39432, 4.00917, 12.45348]},
			"faces": {
				"north": {"uv": [4, 5, 4.495, 5.495], "rotation": 90, "texture": "#0"},
				"east": {"uv": [4, 5, 4.749, 7.499], "rotation": 90, "texture": "#0"},
				"south": {"uv": [4.25, 7.25, 4.74475, 7.74475], "rotation": 90, "texture": "#0"},
				"west": {"uv": [4, 5, 4.749, 7.499], "rotation": 270, "texture": "#0"},
				"up": {"uv": [4, 5, 4.749, 7.499], "texture": "#0"},
				"down": {"uv": [4, 5, 4.749, 7.499], "rotation": 180, "texture": "#0"}
			}
		},
		{
			"from": [6.74825, -0.54961, 4.68778],
			"to": [8.72825, 4.43039, 6.66778],
			"rotation": {"angle": 22.5, "axis": "x", "origin": [7.74062, 2.00169, 5.67948]},
			"faces": {
				"north": {"uv": [4, 5, 4.749, 7.499], "texture": "#0"},
				"east": {"uv": [4, 5, 4.749, 7.499], "texture": "#0"},
				"south": {"uv": [4, 5, 4.749, 7.499], "texture": "#0"},
				"west": {"uv": [4, 5, 4.749, 7.499], "texture": "#0"},
				"up": {"uv": [6, 4.5, 6.49475, 4.99475], "texture": "#0"},
				"down": {"uv": [4.25, 7.5, 4.74475, 7.99475], "texture": "#0"}
			}
		},
		{
			"from": [5.16, 3.51, 10.71],
			"to": [6.14, 4.49, 16.69],
			"rotation": {"angle": -45, "axis": "y", "origin": [8.39432, 4.00917, 12.45348]},
			"faces": {
				"north": {"uv": [4.25, 5.25, 4.495, 5.495], "rotation": 90, "texture": "#0"},
				"east": {"uv": [4.25, 5.25, 4.99475, 7.99475], "rotation": 90, "texture": "#0"},
				"south": {"uv": [8.25, 4, 8.49475, 4.24475], "rotation": 90, "texture": "#0"},
				"west": {"uv": [4.25, 5.25, 4.99475, 7.99475], "rotation": 270, "texture": "#0"},
				"up": {"uv": [4.25, 5.25, 4.99475, 7.99475], "texture": "#0"},
				"down": {"uv": [4.25, 5.25, 4.99475, 7.99475], "rotation": 180, "texture": "#0"}
			}
		},
		{
			"from": [7.24825, -0.79961, 5.18778],
			"to": [8.22825, 5.18039, 6.16778],
			"rotation": {"angle": 22.5, "axis": "x", "origin": [7.74062, 2.00169, 5.67948]},
			"faces": {
				"north": {"uv": [4, 5, 4.749, 7.999], "texture": "#0"},
				"east": {"uv": [4, 5, 4.749, 7.999], "texture": "#0"},
				"south": {"uv": [4, 5, 4.749, 7.999], "texture": "#0"},
				"west": {"uv": [4, 5, 4.749, 7.999], "texture": "#0"},
				"up": {"uv": [4, 5, 4.749, 7.999], "texture": "#0"},
				"down": {"uv": [8, 4.5, 8.24475, 4.74475], "texture": "#0"}
			}
		},
		{
			"from": [2.26685, -1.64, 8.83992],
			"to": [7.24685, 0.34, 10.81992],
			"rotation": {"angle": 22.5, "axis": "y", "origin": [3.70852, -0.65237, 10.94237]},
			"faces": {
				"north": {"uv": [1, 5, 1.749, 7.999], "rotation": 270, "texture": "#0"},
				"east": {"uv": [1.25, 4.25, 1.74475, 4.74475], "rotation": 90, "texture": "#0"},
				"south": {"uv": [1, 5, 1.749, 7.999], "rotation": 90, "texture": "#0"},
				"west": {"uv": [6.25, 12.5, 6.74475, 12.99475], "rotation": 90, "texture": "#0"},
				"up": {"uv": [1, 5, 1.749, 7.999], "rotation": 90, "texture": "#0"},
				"down": {"uv": [1, 5, 1.749, 7.999], "rotation": 90, "texture": "#0"}
			}
		},
		{
			"from": [0.97736, -2.12204, 6.04364],
			"to": [5.95736, -0.14204, 8.02364],
			"rotation": {"angle": 22.5, "axis": "z", "origin": [3.88564, 0.11541, 6.77355]},
			"faces": {
				"north": {"uv": [1, 5, 1.749, 7.999], "rotation": 270, "texture": "#0"},
				"east": {"uv": [1.25, 4, 1.74475, 4.49475], "rotation": 90, "texture": "#0"},
				"south": {"uv": [1, 5, 1.749, 7.999], "rotation": 90, "texture": "#0"},
				"west": {"uv": [2.5, 4, 2.99475, 4.49475], "rotation": 90, "texture": "#0"},
				"up": {"uv": [1, 5, 1.749, 7.999], "rotation": 90, "texture": "#0"},
				"down": {"uv": [1, 5, 1.749, 7.999], "rotation": 90, "texture": "#0"}
			}
		},
		{
			"from": [5.79858, -1.09852, 6.51],
			"to": [8.27858, 5.38148, 9.49],
			"rotation": {"angle": -22.5, "axis": "z", "origin": [7.04932, 2.14318, 8.00804]},
			"faces": {
				"north": {"uv": [5, 4, 7, 7.875], "texture": "#0"},
				"east": {"uv": [5, 4, 7, 7.875], "texture": "#0"},
				"south": {"uv": [5, 4, 7, 7.875], "texture": "#0"},
				"west": {"uv": [5, 4, 7, 7.875], "texture": "#0"},
				"up": {"uv": [5, 4, 5.62, 4.745], "texture": "#0"},
				"down": {"uv": [7.75, 4, 8.36975, 4.74475], "texture": "#0"}
			}
		},
		{
			"from": [8.3, 6.1, 5.5],
			"to": [11.3, 8.1, 10.5],
			"rotation": {"angle": -45, "axis": "z", "origin": [9.8, 7.1, 8]},
			"faces": {
				"north": {"uv": [0, 3, 0.75, 3.5], "texture": "#0"},
				"east": {"uv": [0, 3, 0.75, 3.5], "texture": "#0"},
				"south": {"uv": [0, 3, 0.75, 3.5], "texture": "#0"},
				"west": {"uv": [0, 3, 0.75, 3.5], "texture": "#0"},
				"up": {"uv": [0, 3, 0.75, 3.5], "texture": "#0"},
				"down": {"uv": [0, 3, 0.75, 3.5], "texture": "#0"}
			}
		},
		{
			"from": [6.28858, -0.10852, 6],
			"to": [7.78858, 3.39148, 10],
			"rotation": {"angle": -22.5, "axis": "z", "origin": [7.04932, 2.14318, 8.00804]},
			"faces": {
				"north": {"uv": [5, 6.25, 6, 7.125], "texture": "#0"},
				"east": {"uv": [5, 6.25, 6, 7.125], "texture": "#0"},
				"south": {"uv": [5, 6.25, 6, 7.125], "texture": "#0"},
				"west": {"uv": [5, 6.25, 6, 7.125], "texture": "#0"},
				"up": {"uv": [5.25, 5.25, 5.625, 6.25], "texture": "#0"},
				"down": {"uv": [5, 6.25, 6, 7.125], "texture": "#0"}
			}
		},
		{
			"from": [7.3, 6.1, 6.5],
			"to": [12.3, 8.1, 9.5],
			"rotation": {"angle": -45, "axis": "z", "origin": [9.8, 7.1, 8]},
			"faces": {
				"north": {"uv": [0, 3, 0.75, 3.5], "texture": "#0"},
				"east": {"uv": [0, 3, 0.75, 3.5], "texture": "#0"},
				"south": {"uv": [0, 3, 0.75, 3.5], "texture": "#0"},
				"west": {"uv": [0, 3, 0.75, 3.5], "texture": "#0"},
				"up": {"uv": [0, 3, 0.75, 3.5], "texture": "#0"},
				"down": {"uv": [0, 3, 0.75, 3.5], "texture": "#0"}
			}
		},
		{
			"from": [5.53858, -0.10852, 7],
			"to": [8.53858, 4.39148, 9],
			"rotation": {"angle": -22.5, "axis": "z", "origin": [7.04932, 2.14318, 8.00804]},
			"faces": {
				"north": {"uv": [5.25, 4.25, 6.75, 7.375], "texture": "#0"},
				"east": {"uv": [5.25, 4.25, 6.75, 7.375], "texture": "#0"},
				"south": {"uv": [5.25, 4.25, 6.75, 7.375], "texture": "#0"},
				"west": {"uv": [5.25, 4.25, 6.75, 7.375], "texture": "#0"},
				"up": {"uv": [4.75, 0.5, 5.5, 1], "texture": "#0"},
				"down": {"uv": [5.75, 6.75, 6.5, 7.25], "texture": "#0"}
			}
		},
		{
			"from": [8.8, 4.6, 6.5],
			"to": [10.8, 9.6, 9.5],
			"rotation": {"angle": -45, "axis": "z", "origin": [9.8, 7.1, 8]},
			"faces": {
				"north": {"uv": [5.25, 3, 6, 3.5], "rotation": 270, "texture": "#0"},
				"east": {"uv": [5.25, 3, 6, 3.5], "rotation": 270, "texture": "#0"},
				"south": {"uv": [5.25, 3, 6, 3.5], "rotation": 270, "texture": "#0"},
				"west": {"uv": [5.25, 3, 6, 3.5], "rotation": 270, "texture": "#0"},
				"up": {"uv": [5.25, 3, 6, 3.5], "rotation": 270, "texture": "#0"},
				"down": {"uv": [5.25, 3, 6, 3.5], "rotation": 270, "texture": "#0"}
			}
		},
		{
			"from": [6.97317, 4.39285, 6.99886],
			"to": [8.97317, 6.39285, 8.99886],
			"rotation": {"angle": 0, "axis": "x", "origin": [7.97317, 6.89285, 7.49886]},
			"faces": {
				"north": {"uv": [5.5, 4.25, 6, 4.75], "rotation": 270, "texture": "#0"},
				"east": {"uv": [5.5, 4.25, 6, 4.75], "rotation": 270, "texture": "#0"},
				"south": {"uv": [5.5, 4.25, 6, 4.75], "rotation": 270, "texture": "#0"},
				"west": {"uv": [5.5, 4.25, 6, 4.75], "rotation": 270, "texture": "#0"},
				"up": {"uv": [5.5, 4.25, 6, 4.75], "rotation": 270, "texture": "#0"},
				"down": {"uv": [5.5, 4.25, 6, 4.75], "rotation": 270, "texture": "#0"}
			}
		},
		{
			"from": [8.801, 5.601, 5.501],
			"to": [10.799, 8.599, 10.499],
			"rotation": {"angle": -45, "axis": "z", "origin": [9.8, 7.1, 8]},
			"faces": {
				"north": {"uv": [0.25, 3.25, 0.749, 3.999], "texture": "#0"},
				"east": {"uv": [0.25, 3.25, 0.749, 3.999], "texture": "#0"},
				"south": {"uv": [0.25, 3.25, 0.749, 3.999], "texture": "#0"},
				"west": {"uv": [0.25, 3.25, 0.749, 3.999], "texture": "#0"},
				"up": {"uv": [0.25, 3.25, 0.749, 3.999], "texture": "#0"},
				"down": {"uv": [0.25, 3.25, 0.749, 3.999], "texture": "#0"}
			}
		},
		{
			"from": [7.301, 5.601, 7.001],
			"to": [12.299, 8.599, 8.999],
			"rotation": {"angle": -45, "axis": "z", "origin": [9.8, 7.1, 8]},
			"faces": {
				"north": {"uv": [0.75, 3, 1.249, 3.749], "rotation": 180, "texture": "#0"},
				"east": {"uv": [0.5, 3.25, 0.999, 3.999], "texture": "#0"},
				"south": {"uv": [0.75, 3, 1.249, 3.749], "rotation": 180, "texture": "#0"},
				"west": {"uv": [0.75, 3, 1.249, 3.749], "texture": "#0"},
				"up": {"uv": [5.25, 3, 6.499, 3.25], "rotation": 180, "texture": "#0"},
				"down": {"uv": [0.75, 3, 1.249, 3.749], "rotation": 180, "texture": "#0"}
			}
		},
		{
			"from": [4.401, 3.501, 11.951],
			"to": [6.899, 4.499, 15.949],
			"rotation": {"angle": -45, "axis": "y", "origin": [8.39432, 4.00917, 12.45348]},
			"faces": {
				"north": {"uv": [4, 5, 4.2495, 5.6245], "rotation": 90, "texture": "#0"},
				"east": {"uv": [4, 5, 4.749, 7.499], "rotation": 90, "texture": "#0"},
				"south": {"uv": [4, 6.75, 4.249, 6.874], "rotation": 90, "texture": "#0"},
				"west": {"uv": [4, 5, 4.749, 7.499], "rotation": 270, "texture": "#0"},
				"up": {"uv": [4, 5, 4.749, 7.499], "texture": "#0"},
				"down": {"uv": [4, 5, 4.749, 7.499], "rotation": 180, "texture": "#0"}
			}
		},
		{
			"from": [6.48925, -0.05861, 5.17878],
			"to": [8.98725, 3.93939, 6.17678],
			"rotation": {"angle": 22.5, "axis": "x", "origin": [7.74062, 2.00169, 5.67948]},
			"faces": {
				"north": {"uv": [4, 5, 4.749, 7.499], "texture": "#0"},
				"east": {"uv": [4, 5, 4.749, 7.499], "texture": "#0"},
				"south": {"uv": [4, 5, 4.749, 7.499], "texture": "#0"},
				"west": {"uv": [4, 5, 4.749, 7.499], "texture": "#0"},
				"up": {"uv": [4, 5, 4.749, 7.499], "texture": "#0"},
				"down": {"uv": [4, 7, 4.624, 7.249], "texture": "#0"}
			}
		},
		{
			"from": [2.75785, -1.149, 8.58092],
			"to": [6.75585, -0.151, 11.07892],
			"rotation": {"angle": 22.5, "axis": "y", "origin": [3.70852, -0.65237, 10.94237]},
			"faces": {
				"north": {"uv": [1, 5, 1.749, 7.499], "rotation": 270, "texture": "#0"},
				"east": {"uv": [1, 4, 1.249, 4.624], "rotation": 90, "texture": "#0"},
				"south": {"uv": [1, 5, 1.749, 7.499], "rotation": 90, "texture": "#0"},
				"west": {"uv": [1.5, 7, 1.749, 7.124], "rotation": 90, "texture": "#0"},
				"up": {"uv": [1, 5, 1.749, 7.499], "rotation": 90, "texture": "#0"},
				"down": {"uv": [1, 5, 1.749, 7.499], "rotation": 90, "texture": "#0"}
			}
		},
		{
			"from": [1.46836, -1.63104, 5.78464],
			"to": [5.46636, -0.63304, 7.28264],
			"rotation": {"angle": 22.5, "axis": "z", "origin": [3.88564, 0.11541, 6.77355]},
			"faces": {
				"north": {"uv": [1, 5, 1.749, 7.499], "rotation": 270, "texture": "#0"},
				"east": {"uv": [1, 5, 1.749, 7.499], "rotation": 90, "texture": "#0"},
				"south": {"uv": [1, 5, 1.749, 7.499], "rotation": 90, "texture": "#0"},
				"west": {"uv": [1, 5, 1.749, 7.499], "rotation": 90, "texture": "#0"},
				"up": {"uv": [1, 5, 1.749, 7.499], "rotation": 90, "texture": "#0"},
				"down": {"uv": [1, 5, 1.749, 7.499], "rotation": 90, "texture": "#0"}
			}
		},
		{
			"from": [5.53958, -0.60752, 7.501],
			"to": [8.53758, 4.89048, 8.499],
			"rotation": {"angle": -22.5, "axis": "z", "origin": [7.04932, 2.14318, 8.00804]},
			"faces": {
				"north": {"uv": [5.25, 4.25, 6.75, 7.375], "texture": "#0"},
				"east": {"uv": [5.25, 4.25, 6.75, 7.375], "texture": "#0"},
				"south": {"uv": [5.25, 4.25, 6.75, 7.375], "texture": "#0"},
				"west": {"uv": [5.25, 4.25, 6.75, 7.375], "texture": "#0"},
				"up": {"uv": [5.25, 4.25, 5.9995, 4.4995], "texture": "#0"},
				"down": {"uv": [7.75, 4.25, 8.499, 4.499], "texture": "#0"}
			}
		},
		{
			"from": [8.301, 4.601, 7.001],
			"to": [11.299, 9.599, 8.999],
			"rotation": {"angle": -45, "axis": "z", "origin": [9.8, 7.1, 8]},
			"faces": {
				"north": {"uv": [4, 3, 5.249, 3.499], "rotation": 90, "texture": "#0"},
				"east": {"uv": [4, 3, 5.249, 3.499], "rotation": 90, "texture": "#0"},
				"south": {"uv": [4, 3, 5.249, 3.499], "rotation": 90, "texture": "#0"},
				"west": {"uv": [4, 3, 5.249, 3.499], "rotation": 90, "texture": "#0"},
				"up": {"uv": [4, 3, 5.249, 3.499], "rotation": 90, "texture": "#0"},
				"down": {"uv": [4, 3, 5.249, 3.499], "rotation": 90, "texture": "#0"}
			}
		},
		{
			"from": [5.151, 2.751, 11.951],
			"to": [6.149, 5.249, 15.949],
			"rotation": {"angle": -45, "axis": "y", "origin": [8.39432, 4.25917, 12.45348]},
			"faces": {
				"north": {"uv": [4, 5, 4.6245, 5.2495], "rotation": 90, "texture": "#0"},
				"east": {"uv": [4, 5, 4.749, 7.499], "rotation": 90, "texture": "#0"},
				"south": {"uv": [4.25, 6.75, 4.874, 6.999], "rotation": 90, "texture": "#0"},
				"west": {"uv": [4, 5, 4.749, 7.499], "rotation": 270, "texture": "#0"},
				"up": {"uv": [4, 5, 4.749, 7.499], "texture": "#0"},
				"down": {"uv": [4, 5, 4.749, 7.499], "rotation": 180, "texture": "#0"}
			}
		},
		{
			"from": [7.23925, -0.05861, 4.42878],
			"to": [8.23725, 3.93939, 6.92678],
			"rotation": {"angle": 22.5, "axis": "x", "origin": [7.74062, 2.00169, 5.67948]},
			"faces": {
				"north": {"uv": [4, 5, 4.749, 7.499], "texture": "#0"},
				"east": {"uv": [4, 5, 4.749, 7.499], "texture": "#0"},
				"south": {"uv": [4, 5, 4.749, 7.499], "texture": "#0"},
				"west": {"uv": [4, 5, 4.749, 7.499], "texture": "#0"},
				"up": {"uv": [4, 5, 4.749, 7.499], "texture": "#0"},
				"down": {"uv": [8.25, 4.25, 8.499, 4.874], "texture": "#0"}
			}
		},
		{
			"from": [2.75785, -1.899, 9.33092],
			"to": [6.75585, 0.599, 10.32892],
			"rotation": {"angle": 22.5, "axis": "y", "origin": [3.70852, -0.65237, 10.94237]},
			"faces": {
				"north": {"uv": [1, 5, 1.749, 7.499], "rotation": 270, "texture": "#0"},
				"east": {"uv": [1.25, 4.5, 1.874, 4.749], "rotation": 90, "texture": "#0"},
				"south": {"uv": [1, 5, 1.749, 7.499], "rotation": 90, "texture": "#0"},
				"west": {"uv": [1, 7, 1.624, 7.249], "rotation": 90, "texture": "#0"},
				"up": {"uv": [1, 5, 1.749, 7.499], "rotation": 90, "texture": "#0"},
				"down": {"uv": [1, 5, 1.749, 7.499], "rotation": 90, "texture": "#0"}
			}
		},
		{
			"from": [1.46836, -2.38104, 6.53464],
			"to": [5.46636, 0.11696, 7.53264],
			"rotation": {"angle": 22.5, "axis": "z", "origin": [3.88564, 0.11541, 6.77355]},
			"faces": {
				"north": {"uv": [1, 5, 1.749, 7.499], "rotation": 270, "texture": "#0"},
				"east": {"uv": [1.25, 4.25, 1.874, 4.499], "rotation": 90, "texture": "#0"},
				"south": {"uv": [1, 5, 1.749, 7.499], "rotation": 90, "texture": "#0"},
				"west": {"uv": [2.25, 7.25, 2.874, 7.499], "rotation": 90, "texture": "#0"},
				"up": {"uv": [1, 5, 1.749, 7.499], "rotation": 90, "texture": "#0"},
				"down": {"uv": [1, 5, 1.749, 7.499], "rotation": 90, "texture": "#0"}
			}
		},
		{
			"from": [6.28958, -1.60752, 7.501],
			"to": [7.78758, 5.89048, 8.499],
			"rotation": {"angle": -22.5, "axis": "z", "origin": [7.04932, 2.14318, 8.00804]},
			"faces": {
				"north": {"uv": [8, 4, 8.249, 4.874], "rotation": 180, "texture": "#0"},
				"east": {"uv": [8, 4, 8.249, 4.874], "rotation": 180, "texture": "#0"},
				"south": {"uv": [8, 4, 8.249, 4.874], "rotation": 180, "texture": "#0"},
				"west": {"uv": [8, 4, 8.249, 4.874], "rotation": 180, "texture": "#0"},
				"up": {"uv": [8, 4, 8.249, 4.874], "rotation": 180, "texture": "#0"},
				"down": {"uv": [8, 4, 8.249, 4.874], "rotation": 180, "texture": "#0"}
			}
		},
		{
			"from": [11.5, 4.85468, 6.59367],
			"to": [11.75, 5.65468, 7.39367],
			"rotation": {"angle": -45, "axis": "z", "origin": [11.62676, 5.2479, 6.73866]},
			"faces": {
				"north": {"uv": [3.5, 3.25, 3.75, 3.5], "rotation": 90, "texture": "#0"},
				"east": {"uv": [3.5, 3.25, 3.75, 3.5], "rotation": 90, "texture": "#0"},
				"south": {"uv": [3.5, 3.25, 3.75, 3.5], "rotation": 90, "texture": "#0"},
				"west": {"uv": [3.5, 3.25, 3.75, 3.5], "rotation": 90, "texture": "#0"},
				"up": {"uv": [3.5, 3.25, 3.75, 3.5], "rotation": 90, "texture": "#0"},
				"down": {"uv": [3.5, 3.25, 3.75, 3.5], "rotation": 90, "texture": "#0"}
			}
		},
		{
			"from": [11.4, 3.85468, 7.24367],
			"to": [11.65, 4.25468, 8.74367],
			"rotation": {"angle": -45, "axis": "z", "origin": [11.62676, 5.2479, 6.73866]},
			"faces": {
				"north": {"uv": [3.25, 2.25, 3.5, 2.5], "rotation": 90, "texture": "#0"},
				"east": {"uv": [3.25, 2.25, 3.5, 2.5], "rotation": 90, "texture": "#0"},
				"south": {"uv": [3.25, 2.25, 3.5, 2.5], "rotation": 90, "texture": "#0"},
				"west": {"uv": [3.25, 2.25, 3.5, 2.5], "rotation": 90, "texture": "#0"},
				"up": {"uv": [3.25, 2.25, 3.5, 2.5], "rotation": 90, "texture": "#0"},
				"down": {"uv": [3.25, 2.25, 3.5, 2.5], "rotation": 90, "texture": "#0"}
			}
		},
		{
			"from": [11.4, 4.75468, 8.39367],
			"to": [11.65, 5.80468, 9.44367],
			"rotation": {"angle": -45, "axis": "z", "origin": [11.52676, 5.2479, 8.53866]},
			"faces": {
				"north": {"uv": [3.25, 2, 3.5, 2.25], "rotation": 90, "texture": "#0"},
				"east": {"uv": [3.25, 2, 3.5, 2.25], "rotation": 90, "texture": "#0"},
				"south": {"uv": [3.25, 2, 3.5, 2.25], "rotation": 90, "texture": "#0"},
				"west": {"uv": [3.25, 2, 3.5, 2.25], "rotation": 90, "texture": "#0"},
				"up": {"uv": [3.25, 2, 3.5, 2.25], "rotation": 90, "texture": "#0"},
				"down": {"uv": [3.25, 2, 3.5, 2.25], "rotation": 90, "texture": "#0"}
			}
		}
	],
	"display": {
		"thirdperson_righthand": {
			"rotation": [24, -140, 26],
			"translation": [0.75, 5.75, 0.75]
		},
		"thirdperson_lefthand": {
			"rotation": [-9, 36, -22],
			"translation": [1.25, 3.5, -2]
		},
		"firstperson_righthand": {
			"rotation": [-26, -136, 32],
			"translation": [1.25, 6.5, 0],
			"scale": [0.8, 0.8, 0.8]
		},
		"firstperson_lefthand": {
			"rotation": [1, 45, -63],
			"translation": [1.25, 6.5, 0.25],
			"scale": [0.8, 0.8, 0.8]
		},
		"ground": {
			"translation": [0, 5, 0],
			"scale": [2, 2, 2]
		},
		"gui": {
			"rotation": [-45, 30, 80],
			"translation": [-4, 2.5, 0],
			"scale": [2, 2, 2]
		},
		"head": {
			"rotation": [97, 86, 0],
			"translation": [0, 8.75, 11],
			"scale": [2, 2, 2]
		},
		"fixed": {
			"scale": [2, 2, 2]
		}
	}
}