{
	"credit": "Made with Blockbench",
	"textures": {
		"0": "skins/idol",
		"1": "skins/undying",
		"particle": "skins/idol"
	},
	"elements": [
		{
			"from": [6.5, 15.4, 6.5],
			"to": [9.5, 19, 9.5],
			"rotation": {"angle": 0, "axis": "y", "origin": [8, 14.97143, 8]},
			"faces": {
				"north": {"uv": [4, 0, 8, 4.5], "texture": "#1"},
				"east": {"uv": [0, 0, 4, 4.5], "texture": "#1"},
				"south": {"uv": [4, 0, 8, 4.5], "texture": "#1"},
				"west": {"uv": [0, 0, 4, 4.5], "texture": "#1"},
				"up": {"uv": [4, 0, 8, 4], "texture": "#1"},
				"down": {"uv": [4, 0.5, 8, 4.5], "texture": "#1"}
			}
		},
		{
			"from": [6.5, 7.75, 6.5],
			"to": [9.5, 10.75, 9.5],
			"rotation": {"angle": 0, "axis": "y", "origin": [8, 7.32143, 8]},
			"faces": {
				"north": {"uv": [4.5, 0, 9, 4.5], "texture": "#0"},
				"east": {"uv": [0, 0, 4.5, 4.5], "texture": "#0"},
				"south": {"uv": [4.5, 0, 9, 4.5], "texture": "#0"},
				"west": {"uv": [0, 0, 4.5, 4.5], "texture": "#0"},
				"up": {"uv": [4.5, 0, 9, 4.5], "texture": "#0"},
				"down": {"uv": [4.5, 0, 9, 4.5], "texture": "#0"}
			}
		},
		{
			"from": [6.5, -6.5, 6.5],
			"to": [9.5, -3.5, 9.5],
			"rotation": {"angle": 0, "axis": "y", "origin": [8, -6.92857, 8]},
			"faces": {
				"north": {"uv": [9.5, 0, 12.5, 3], "texture": "#1"},
				"east": {"uv": [10.5, 1, 13.5, 4], "texture": "#1"},
				"south": {"uv": [13, 1.5, 16, 4.5], "texture": "#1"},
				"west": {"uv": [8.5, 0, 11.5, 3], "texture": "#1"},
				"up": {"uv": [8, 0, 11, 3], "texture": "#1"},
				"down": {"uv": [10.5, 1, 13.5, 4], "texture": "#1"}
			}
		},
		{
			"from": [6.25, -6, 7],
			"to": [9.75, -4, 9],
			"rotation": {"angle": 0, "axis": "y", "origin": [8, -6.92857, 8]},
			"faces": {
				"north": {"uv": [1, 5.5, 3, 7.5], "texture": "#1"},
				"east": {"uv": [1, 5.5, 3, 7.5], "texture": "#1"},
				"south": {"uv": [1, 5.5, 3, 7.5], "texture": "#1"},
				"west": {"uv": [1, 5.5, 3, 7.5], "texture": "#1"},
				"up": {"uv": [1, 5.5, 3, 7.5], "texture": "#1"},
				"down": {"uv": [1, 5.5, 3, 7.5], "texture": "#1"}
			}
		},
		{
			"from": [6, -5.5, 7.5],
			"to": [10, -4.5, 8.5],
			"rotation": {"angle": 0, "axis": "y", "origin": [7.75, -6.42857, 8.5]},
			"faces": {
				"north": {"uv": [11.5, 0.5, 12, 1.5], "texture": "#0"},
				"east": {"uv": [11.5, 0, 12.5, 1], "rotation": 270, "texture": "#0"},
				"south": {"uv": [12, 0, 12.5, 1], "texture": "#0"},
				"west": {"uv": [11.5, 0, 12.5, 1], "texture": "#0"},
				"up": {"uv": [12, 0, 12.5, 1], "rotation": 180, "texture": "#0"},
				"down": {"uv": [11.5, 0, 12, 1], "texture": "#0"}
			}
		},
		{
			"from": [7.5, -5.5, 6],
			"to": [8.5, -4.5, 10],
			"rotation": {"angle": 0, "axis": "y", "origin": [8, -5, 8]},
			"faces": {
				"north": {"uv": [11.5, 0, 12.5, 1], "rotation": 270, "texture": "#0"},
				"east": {"uv": [12, 0, 12.5, 1], "texture": "#0"},
				"south": {"uv": [11.5, 0, 12.5, 1], "texture": "#0"},
				"west": {"uv": [11.5, 0.5, 12, 1.5], "texture": "#0"},
				"up": {"uv": [12, 0, 12.5, 1], "rotation": 90, "texture": "#0"},
				"down": {"uv": [11.5, 0, 12, 1], "rotation": 90, "texture": "#0"}
			}
		},
		{
			"from": [7, -6, 6.25],
			"to": [9, -4, 9.75],
			"rotation": {"angle": 0, "axis": "y", "origin": [8, -5, 8]},
			"faces": {
				"north": {"uv": [1, 5.5, 3, 7.5], "rotation": 270, "texture": "#1"},
				"east": {"uv": [1, 5.5, 3, 7.5], "texture": "#1"},
				"south": {"uv": [1, 5.5, 3, 7.5], "rotation": 90, "texture": "#1"},
				"west": {"uv": [1, 5.5, 3, 7.5], "rotation": 180, "texture": "#1"},
				"up": {"uv": [1, 5.5, 3, 7.5], "rotation": 90, "texture": "#1"},
				"down": {"uv": [1, 5.5, 3, 7.5], "rotation": 90, "texture": "#1"}
			}
		},
		{
			"from": [8.5, 6.75, 7.15],
			"to": [9.5, 7.75, 8.85],
			"rotation": {"angle": 0, "axis": "y", "origin": [8, 4.32143, 8.5]},
			"faces": {
				"north": {"uv": [1.5, 4.5, 3, 6], "texture": "#0"},
				"east": {"uv": [1, 4.5, 3.5, 6], "texture": "#0"},
				"south": {"uv": [1.5, 4.5, 3, 6], "texture": "#0"},
				"west": {"uv": [1, 4.5, 3.5, 6], "texture": "#0"},
				"up": {"uv": [0, 0, 1.7, 1], "rotation": 270, "texture": "#0"},
				"down": {"uv": [1, 4.5, 3.5, 6], "rotation": 270, "texture": "#0"}
			}
		},
		{
			"from": [6.5, 6.75, 7.15],
			"to": [7.5, 7.75, 8.85],
			"rotation": {"angle": 0, "axis": "y", "origin": [8, 4.32143, 8.5]},
			"faces": {
				"north": {"uv": [3, 4.5, 1.5, 6], "texture": "#0"},
				"east": {"uv": [3.5, 4.5, 1, 6], "texture": "#0"},
				"south": {"uv": [3, 4.5, 1.5, 6], "texture": "#0"},
				"west": {"uv": [3.5, 4.5, 1, 6], "texture": "#0"},
				"up": {"uv": [0, 1, 1.7, 0], "rotation": 270, "texture": "#0"},
				"down": {"uv": [1, 6, 3.5, 4.5], "rotation": 270, "texture": "#0"}
			}
		},
		{
			"from": [6, 15, 7.625],
			"to": [10, 16.6, 8.375],
			"rotation": {"angle": 0, "axis": "y", "origin": [8.1, 15.17143, 8]},
			"faces": {
				"north": {"uv": [5.5, 1, 6.5, 3], "texture": "#1"},
				"east": {"uv": [5.5, 1, 6.5, 3], "texture": "#1"},
				"south": {"uv": [5.5, 1, 6.5, 3], "texture": "#1"},
				"west": {"uv": [5.5, 1, 6.5, 3], "texture": "#1"},
				"up": {"uv": [5.5, 1, 6.5, 3], "rotation": 90, "texture": "#1"},
				"down": {"uv": [5.5, 1, 6.5, 3], "rotation": 90, "texture": "#1"}
			}
		},
		{
			"from": [6.45, 13.65, 9.125],
			"to": [7.5, 14.7, 10.175],
			"rotation": {"angle": 22.5, "axis": "z", "origin": [6.975, 14.175, 9.65]},
			"faces": {
				"north": {"uv": [5.5, 6.5, 7, 8], "texture": "#1"},
				"east": {"uv": [5.5, 6.5, 7, 8], "texture": "#1"},
				"south": {"uv": [5.5, 6.5, 7, 8], "texture": "#1"},
				"west": {"uv": [5.5, 5, 7, 6.5], "texture": "#1"},
				"up": {"uv": [5.5, 6.5, 7, 8], "texture": "#1"},
				"down": {"uv": [5.5, 6.5, 7, 8], "texture": "#1"}
			}
		},
		{
			"from": [8.5, 5.2, 8.575],
			"to": [9.25, 5.95, 9.325],
			"rotation": {"angle": 22.5, "axis": "y", "origin": [8.875, 5.575, 8.95]},
			"faces": {
				"north": {"uv": [5.5, 6.5, 7, 8], "texture": "#1"},
				"east": {"uv": [5.5, 6.5, 7, 8], "texture": "#1"},
				"south": {"uv": [5.5, 5, 7, 6.5], "texture": "#1"},
				"west": {"uv": [5.5, 6.5, 7, 8], "texture": "#1"},
				"up": {"uv": [5.5, 6.5, 7, 8], "rotation": 270, "texture": "#1"},
				"down": {"uv": [5.5, 6.5, 7, 8], "rotation": 90, "texture": "#1"}
			}
		},
		{
			"from": [8.3, 20.9, 6.575],
			"to": [9.05, 21.65, 7.325],
			"rotation": {"angle": 22.5, "axis": "y", "origin": [8.675, 21.275, 6.95]},
			"faces": {
				"north": {"uv": [5.5, 6.5, 7, 8], "texture": "#1"},
				"east": {"uv": [5.5, 5, 7, 6.5], "texture": "#1"},
				"south": {"uv": [5.5, 6.5, 7, 8], "texture": "#1"},
				"west": {"uv": [5.5, 6.5, 7, 8], "texture": "#1"},
				"up": {"uv": [5.5, 6.5, 7, 8], "rotation": 180, "texture": "#1"},
				"down": {"uv": [5.5, 6.5, 7, 8], "rotation": 180, "texture": "#1"}
			}
		},
		{
			"from": [6.48519, -2.9, 6.69784],
			"to": [7.23519, -2.15, 7.44784],
			"rotation": {"angle": -22.5, "axis": "y", "origin": [6.975, -2.525, 7.35]},
			"faces": {
				"north": {"uv": [5.5, 6.5, 7, 8], "rotation": 180, "texture": "#1"},
				"east": {"uv": [5.5, 6.5, 7, 8], "rotation": 270, "texture": "#1"},
				"south": {"uv": [5.5, 6.5, 7, 8], "texture": "#1"},
				"west": {"uv": [5.5, 5, 7, 6.5], "rotation": 90, "texture": "#1"},
				"up": {"uv": [5.5, 6.5, 7, 8], "rotation": 180, "texture": "#1"},
				"down": {"uv": [5.5, 6.5, 7, 8], "texture": "#1"}
			}
		},
		{
			"from": [8.65, 14.35, 8.475],
			"to": [9.4, 15.1, 9.225],
			"rotation": {"angle": 22.5, "axis": "z", "origin": [9.025, 14.725, 8.85]},
			"faces": {
				"north": {"uv": [7, 8, 5.5, 6.5], "texture": "#1"},
				"east": {"uv": [7, 6.5, 5.5, 5], "texture": "#1"},
				"south": {"uv": [7, 8, 5.5, 6.5], "texture": "#1"},
				"west": {"uv": [7, 8, 5.5, 6.5], "texture": "#1"},
				"up": {"uv": [7, 8, 5.5, 6.5], "texture": "#1"},
				"down": {"uv": [7, 8, 5.5, 6.5], "texture": "#1"}
			}
		},
		{
			"from": [7.08519, 23.7, 8.45216],
			"to": [7.83519, 24.45, 9.20216],
			"rotation": {"angle": 22.5, "axis": "y", "origin": [7.575, 24.075, 8.55]},
			"faces": {
				"north": {"uv": [5.5, 6.5, 7, 8], "rotation": 180, "texture": "#1"},
				"east": {"uv": [5.5, 6.5, 7, 8], "rotation": 90, "texture": "#1"},
				"south": {"uv": [5.5, 6.5, 7, 8], "texture": "#1"},
				"west": {"uv": [5.5, 5, 7, 6.5], "rotation": 270, "texture": "#1"},
				"up": {"uv": [5.5, 6.5, 7, 8], "texture": "#1"},
				"down": {"uv": [5.5, 6.5, 7, 8], "rotation": 180, "texture": "#1"}
			}
		},
		{
			"from": [5.98519, 17.8, 6.49784],
			"to": [6.73519, 18.55, 7.24784],
			"rotation": {"angle": -22.5, "axis": "y", "origin": [6.475, 18.175, 7.15]},
			"faces": {
				"north": {"uv": [7, 6.5, 5.5, 8], "texture": "#1"},
				"east": {"uv": [5.5, 8, 7, 6.5], "rotation": 90, "texture": "#1"},
				"south": {"uv": [7, 6.5, 5.5, 8], "rotation": 180, "texture": "#1"},
				"west": {"uv": [5.5, 6.5, 7, 5], "rotation": 270, "texture": "#1"},
				"up": {"uv": [5.5, 8, 7, 6.5], "texture": "#1"},
				"down": {"uv": [5.5, 8, 7, 6.5], "rotation": 180, "texture": "#1"}
			}
		},
		{
			"from": [6.6, 14.6, 9.775],
			"to": [7.35, 15.35, 10.525],
			"rotation": {"angle": 22.5, "axis": "y", "origin": [6.975, 14.975, 10.15]},
			"faces": {
				"north": {"uv": [5.5, 6.5, 7, 8], "texture": "#1"},
				"east": {"uv": [5.5, 6.5, 7, 8], "texture": "#1"},
				"south": {"uv": [5.5, 6.5, 7, 8], "texture": "#1"},
				"west": {"uv": [5.5, 5, 7, 6.5], "texture": "#1"},
				"up": {"uv": [5.5, 6.5, 7, 8], "texture": "#1"},
				"down": {"uv": [5.5, 6.5, 7, 8], "texture": "#1"}
			}
		},
		{
			"from": [6.50866, -3.26194, 7.275],
			"to": [7.05866, -2.71194, 7.825],
			"rotation": {"angle": 22.5, "axis": "z", "origin": [6.975, -2.525, 7.35]},
			"faces": {
				"north": {"uv": [5.5, 6.5, 7, 8], "rotation": 180, "texture": "#1"},
				"east": {"uv": [5.5, 6.5, 7, 8], "rotation": 270, "texture": "#1"},
				"south": {"uv": [5.5, 6.5, 7, 8], "texture": "#1"},
				"west": {"uv": [5.5, 5, 7, 6.5], "rotation": 90, "texture": "#1"},
				"up": {"uv": [5.5, 6.5, 7, 8], "rotation": 180, "texture": "#1"},
				"down": {"uv": [5.5, 6.5, 7, 8], "texture": "#1"}
			}
		},
		{
			"from": [8.75, 13.95, 9.075],
			"to": [9.3, 14.5, 9.625],
			"rotation": {"angle": -22.5, "axis": "y", "origin": [9.025, 14.225, 9.35]},
			"faces": {
				"north": {"uv": [7, 8, 5.5, 6.5], "texture": "#1"},
				"east": {"uv": [7, 6.5, 5.5, 5], "texture": "#1"},
				"south": {"uv": [7, 8, 5.5, 6.5], "texture": "#1"},
				"west": {"uv": [7, 8, 5.5, 6.5], "texture": "#1"},
				"up": {"uv": [7, 8, 5.5, 6.5], "texture": "#1"},
				"down": {"uv": [7, 8, 5.5, 6.5], "texture": "#1"}
			}
		},
		{
			"from": [8.35, 20.65, 7.275],
			"to": [8.9, 21.2, 7.825],
			"rotation": {"angle": -22.5, "axis": "y", "origin": [8.625, 20.925, 7.55]},
			"faces": {
				"north": {"uv": [7, 8, 5.5, 6.5], "texture": "#1"},
				"east": {"uv": [7, 6.5, 5.5, 5], "texture": "#1"},
				"south": {"uv": [7, 8, 5.5, 6.5], "texture": "#1"},
				"west": {"uv": [7, 8, 5.5, 6.5], "texture": "#1"},
				"up": {"uv": [7, 8, 5.5, 6.5], "texture": "#1"},
				"down": {"uv": [7, 8, 5.5, 6.5], "texture": "#1"}
			}
		},
		{
			"from": [7.10866, 24.26194, 8.075],
			"to": [7.65866, 24.81194, 8.625],
			"rotation": {"angle": -22.5, "axis": "z", "origin": [7.575, 24.075, 8.55]},
			"faces": {
				"north": {"uv": [5.5, 6.5, 7, 8], "rotation": 180, "texture": "#1"},
				"east": {"uv": [5.5, 6.5, 7, 8], "rotation": 90, "texture": "#1"},
				"south": {"uv": [5.5, 6.5, 7, 8], "texture": "#1"},
				"west": {"uv": [5.5, 5, 7, 6.5], "rotation": 270, "texture": "#1"},
				"up": {"uv": [5.5, 6.5, 7, 8], "texture": "#1"},
				"down": {"uv": [5.5, 6.5, 7, 8], "rotation": 180, "texture": "#1"}
			}
		},
		{
			"from": [6.00866, 18.36194, 7.075],
			"to": [6.55866, 18.91194, 7.625],
			"rotation": {"angle": -22.5, "axis": "z", "origin": [6.475, 18.175, 7.15]},
			"faces": {
				"north": {"uv": [7, 6.5, 5.5, 8], "texture": "#1"},
				"east": {"uv": [5.5, 8, 7, 6.5], "rotation": 90, "texture": "#1"},
				"south": {"uv": [7, 6.5, 5.5, 8], "rotation": 180, "texture": "#1"},
				"west": {"uv": [5.5, 6.5, 7, 5], "rotation": 270, "texture": "#1"},
				"up": {"uv": [5.5, 8, 7, 6.5], "texture": "#1"},
				"down": {"uv": [5.5, 8, 7, 6.5], "rotation": 180, "texture": "#1"}
			}
		},
		{
			"from": [9.44134, 9.98806, 7.075],
			"to": [9.99134, 10.53806, 7.625],
			"rotation": {"angle": -22.5, "axis": "z", "origin": [9.525, 10.725, 7.15]},
			"faces": {
				"north": {"uv": [5.5, 8, 7, 6.5], "texture": "#1"},
				"east": {"uv": [7, 5, 5.5, 6.5], "rotation": 270, "texture": "#1"},
				"south": {"uv": [5.5, 8, 7, 6.5], "rotation": 180, "texture": "#1"},
				"west": {"uv": [7, 6.5, 5.5, 8], "rotation": 90, "texture": "#1"},
				"up": {"uv": [7, 6.5, 5.5, 8], "rotation": 180, "texture": "#1"},
				"down": {"uv": [7, 6.5, 5.5, 8], "texture": "#1"}
			}
		},
		{
			"from": [6.61, 14.51, 8.785],
			"to": [7.34, 15.24, 9.515],
			"rotation": {"angle": 22.5, "axis": "x", "origin": [6.975, 14.875, 9.15]},
			"faces": {
				"north": {"uv": [6, 7, 6.5, 7.5], "rotation": 270, "texture": "#1"},
				"east": {"uv": [6, 7, 6.5, 7.5], "rotation": 270, "texture": "#1"},
				"south": {"uv": [6, 7, 6.5, 7.5], "rotation": 270, "texture": "#1"},
				"west": {"uv": [6, 7, 6.5, 7.5], "rotation": 270, "texture": "#1"},
				"up": {"uv": [6, 7, 6.5, 7.5], "rotation": 270, "texture": "#1"},
				"down": {"uv": [6, 7, 6.5, 7.5], "rotation": 270, "texture": "#1"}
			}
		},
		{
			"from": [6.8, -2.19979, 7.07605],
			"to": [7.15, -1.84979, 7.42605],
			"rotation": {"angle": 22.5, "axis": "x", "origin": [6.975, -2.525, 7.35]},
			"faces": {
				"north": {"uv": [6, 7, 6.5, 7.5], "rotation": 90, "texture": "#1"},
				"east": {"uv": [6, 7, 6.5, 7.5], "rotation": 180, "texture": "#1"},
				"south": {"uv": [6, 7, 6.5, 7.5], "rotation": 270, "texture": "#1"},
				"west": {"uv": [6, 7, 6.5, 7.5], "texture": "#1"},
				"up": {"uv": [6, 7, 6.5, 7.5], "rotation": 90, "texture": "#1"},
				"down": {"uv": [6, 7, 6.5, 7.5], "rotation": 270, "texture": "#1"}
			}
		},
		{
			"from": [8.85, 14.15, 8.175],
			"to": [9.2, 14.5, 8.525],
			"rotation": {"angle": -22.5, "axis": "x", "origin": [9.025, 14.325, 8.35]},
			"faces": {
				"north": {"uv": [6.5, 7.5, 6, 7], "rotation": 270, "texture": "#1"},
				"east": {"uv": [6.5, 7.5, 6, 7], "rotation": 270, "texture": "#1"},
				"south": {"uv": [6.5, 7.5, 6, 7], "rotation": 270, "texture": "#1"},
				"west": {"uv": [6.5, 7.5, 6, 7], "rotation": 270, "texture": "#1"},
				"up": {"uv": [6.5, 7.5, 6, 7], "rotation": 270, "texture": "#1"},
				"down": {"uv": [6.5, 7.5, 6, 7], "rotation": 270, "texture": "#1"}
			}
		},
		{
			"from": [7.4, 23.39979, 8.47395],
			"to": [7.75, 23.74979, 8.82395],
			"rotation": {"angle": 22.5, "axis": "x", "origin": [7.575, 24.075, 8.55]},
			"faces": {
				"north": {"uv": [6, 7, 6.5, 7.5], "rotation": 90, "texture": "#1"},
				"east": {"uv": [6, 7, 6.5, 7.5], "texture": "#1"},
				"south": {"uv": [6, 7, 6.5, 7.5], "rotation": 270, "texture": "#1"},
				"west": {"uv": [6, 7, 6.5, 7.5], "rotation": 180, "texture": "#1"},
				"up": {"uv": [6, 7, 6.5, 7.5], "rotation": 270, "texture": "#1"},
				"down": {"uv": [6, 7, 6.5, 7.5], "rotation": 90, "texture": "#1"}
			}
		},
		{
			"from": [6.3, 17.49979, 6.87605],
			"to": [6.65, 17.84979, 7.22605],
			"rotation": {"angle": -22.5, "axis": "x", "origin": [6.475, 18.175, 7.15]},
			"faces": {
				"north": {"uv": [6, 7.5, 6.5, 7], "rotation": 270, "texture": "#1"},
				"east": {"uv": [6.5, 7, 6, 7.5], "texture": "#1"},
				"south": {"uv": [6, 7.5, 6.5, 7], "rotation": 90, "texture": "#1"},
				"west": {"uv": [6.5, 7, 6, 7.5], "rotation": 180, "texture": "#1"},
				"up": {"uv": [6.5, 7, 6, 7.5], "rotation": 270, "texture": "#1"},
				"down": {"uv": [6.5, 7, 6, 7.5], "rotation": 90, "texture": "#1"}
			}
		},
		{
			"from": [9.35, 10.45021, 6.87605],
			"to": [9.7, 10.80021, 7.22605],
			"rotation": {"angle": 22.5, "axis": "x", "origin": [9.525, 10.125, 7.15]},
			"faces": {
				"north": {"uv": [6.5, 7, 6, 7.5], "rotation": 270, "texture": "#1"},
				"east": {"uv": [6, 7.5, 6.5, 7], "rotation": 180, "texture": "#1"},
				"south": {"uv": [6.5, 7, 6, 7.5], "rotation": 90, "texture": "#1"},
				"west": {"uv": [6, 7.5, 6.5, 7], "texture": "#1"},
				"up": {"uv": [6, 7.5, 6.5, 7], "rotation": 90, "texture": "#1"},
				"down": {"uv": [6, 7.5, 6.5, 7], "rotation": 270, "texture": "#1"}
			}
		},
		{
			"from": [9.35, 10.25, 7.575],
			"to": [9.7, 10.6, 7.925],
			"rotation": {"angle": -22.5, "axis": "x", "origin": [9.525, 10.425, 7.75]},
			"faces": {
				"north": {"uv": [5.5, 8, 6, 7.5], "rotation": 90, "texture": "#1"},
				"east": {"uv": [5.5, 8, 6, 7.5], "rotation": 90, "texture": "#1"},
				"south": {"uv": [5.5, 8, 6, 7.5], "rotation": 90, "texture": "#1"},
				"west": {"uv": [5.5, 8, 6, 7.5], "rotation": 90, "texture": "#1"},
				"up": {"uv": [5.5, 8, 6, 7.5], "rotation": 90, "texture": "#1"},
				"down": {"uv": [5.5, 8, 6, 7.5], "rotation": 90, "texture": "#1"}
			}
		},
		{
			"from": [7.75, 22.95, 7],
			"to": [8.25, 25.95, 9],
			"rotation": {"angle": 0, "axis": "y", "origin": [8, 17.52143, 8]},
			"faces": {
				"north": {"uv": [3.5, 13, 6.5, 13.5], "rotation": 270, "texture": "#0"},
				"east": {"uv": [3.5, 11.5, 6.5, 13.5], "rotation": 270, "texture": "#0"},
				"south": {"uv": [3.5, 11.5, 6.5, 12], "rotation": 270, "texture": "#0"},
				"west": {"uv": [3.5, 11, 6.5, 13], "rotation": 270, "texture": "#0"},
				"up": {"uv": [0, 0, 2, 0.5], "rotation": 270, "texture": "#0"},
				"down": {"uv": [0, 0, 2, 0.5], "rotation": 90, "texture": "#0"}
			}
		},
		{
			"from": [7.755, 30.33157, 6.96326],
			"to": [8.245, 31.63157, 8.26326],
			"rotation": {"angle": 45, "axis": "x", "origin": [8, 30.57657, 7.95826]},
			"faces": {
				"north": {"uv": [12.5, 11, 14, 11.5], "rotation": 270, "texture": "#0"},
				"east": {"uv": [12.5, 11, 14, 12.5], "texture": "#0"},
				"south": {"uv": [12.5, 11, 14, 12.5], "rotation": 270, "texture": "#0"},
				"west": {"uv": [12.5, 11, 14, 12.5], "rotation": 270, "texture": "#0"},
				"up": {"uv": [12.5, 11, 14, 11.5], "rotation": 270, "texture": "#0"},
				"down": {"uv": [12.5, 11, 14, 12.5], "rotation": 270, "texture": "#0"}
			}
		},
		{
			"from": [7.5, 27.3, 6.75],
			"to": [8.5, 29.3, 8.75],
			"rotation": {"angle": -45, "axis": "x", "origin": [7.75, 28.55, 8]},
			"faces": {
				"north": {"uv": [11, 0, 11.5, 1.5], "texture": "#0"},
				"east": {"uv": [11, 0, 12.5, 1.5], "rotation": 270, "texture": "#0"},
				"south": {"uv": [12, 0, 12.5, 1.5], "texture": "#0"},
				"west": {"uv": [11, 0, 12.5, 1.5], "texture": "#0"},
				"up": {"uv": [12, 0, 12.5, 1.5], "rotation": 180, "texture": "#0"},
				"down": {"uv": [11, 0, 11.5, 1.5], "texture": "#0"}
			}
		},
		{
			"from": [7.55, 25.9, 6.8],
			"to": [8.45, 26.8, 7.7],
			"rotation": {"angle": -45, "axis": "x", "origin": [7.75, 27.1, 8]},
			"faces": {
				"north": {"uv": [11, 0, 11.5, 1], "texture": "#0"},
				"east": {"uv": [11, 0, 12, 1], "rotation": 270, "texture": "#0"},
				"south": {"uv": [11.5, 0, 12, 1], "texture": "#0"},
				"west": {"uv": [11, 0, 12, 1], "texture": "#0"},
				"up": {"uv": [11.5, 0, 12, 1], "rotation": 180, "texture": "#0"},
				"down": {"uv": [11, 0, 11.5, 1], "texture": "#0"}
			}
		},
		{
			"from": [7.55, 23, 1.8],
			"to": [8.45, 23.9, 2.7],
			"rotation": {"angle": -45, "axis": "x", "origin": [7.75, 24.2, 3]},
			"faces": {
				"north": {"uv": [11, 1, 11.5, 0], "rotation": 180, "texture": "#0"},
				"east": {"uv": [11.5, 1, 12.5, 0], "rotation": 180, "texture": "#0"},
				"south": {"uv": [12, 1, 12.5, 0], "rotation": 180, "texture": "#0"},
				"west": {"uv": [11.5, 1, 12.5, 0], "rotation": 270, "texture": "#0"},
				"up": {"uv": [12, 1, 12.5, 0], "texture": "#0"},
				"down": {"uv": [11.5, 1, 12, 0], "rotation": 180, "texture": "#0"}
			}
		},
		{
			"from": [7.55, 30.2, 6.8],
			"to": [8.45, 31.1, 7.7],
			"rotation": {"angle": -45, "axis": "x", "origin": [7.75, 31.4, 8]},
			"faces": {
				"north": {"uv": [11, 1, 11.5, 0], "rotation": 180, "texture": "#0"},
				"east": {"uv": [11.5, 1, 12.5, 0], "rotation": 180, "texture": "#0"},
				"south": {"uv": [12, 1, 12.5, 0], "rotation": 180, "texture": "#0"},
				"west": {"uv": [11.5, 1, 12.5, 0], "rotation": 270, "texture": "#0"},
				"up": {"uv": [12, 1, 12.5, 0], "texture": "#0"},
				"down": {"uv": [11.5, 1, 12, 0], "rotation": 180, "texture": "#0"}
			}
		},
		{
			"from": [7.55, 23, 13.3],
			"to": [8.45, 23.9, 14.2],
			"rotation": {"angle": 45, "axis": "x", "origin": [7.75, 24.2, 13]},
			"faces": {
				"north": {"uv": [12.5, 1, 12, 0], "rotation": 180, "texture": "#0"},
				"east": {"uv": [12.5, 1, 11.5, 0], "rotation": 180, "texture": "#0"},
				"south": {"uv": [11.5, 1, 11, 0], "rotation": 180, "texture": "#0"},
				"west": {"uv": [11.5, 0, 12.5, 1], "rotation": 270, "texture": "#0"},
				"up": {"uv": [12, 0, 12.5, 1], "texture": "#0"},
				"down": {"uv": [11.5, 0, 12, 1], "rotation": 180, "texture": "#0"}
			}
		},
		{
			"from": [7.55, 24.28934, 3.25],
			"to": [8.45, 25.18934, 4.15],
			"rotation": {"angle": 22.5, "axis": "x", "origin": [8, 24.73934, 3.7]},
			"faces": {
				"north": {"uv": [12, 1, 12.5, 0], "rotation": 180, "texture": "#0"},
				"east": {"uv": [11.5, 1, 12.5, 0], "rotation": 270, "texture": "#0"},
				"south": {"uv": [11.5, 1, 12, 0], "rotation": 180, "texture": "#0"},
				"west": {"uv": [11.5, 1, 12.5, 0], "rotation": 180, "texture": "#0"},
				"up": {"uv": [12, 1, 12.5, 0], "rotation": 180, "texture": "#0"},
				"down": {"uv": [11, 1, 11.5, 0], "texture": "#0"}
			}
		},
		{
			"from": [7.55, 24.28934, 11.85],
			"to": [8.45, 25.18934, 12.75],
			"rotation": {"angle": -22.5, "axis": "x", "origin": [8, 24.73934, 12.3]},
			"faces": {
				"north": {"uv": [12, 1, 11.5, 0], "rotation": 180, "texture": "#0"},
				"east": {"uv": [11.5, 0, 12.5, 1], "rotation": 270, "texture": "#0"},
				"south": {"uv": [12.5, 1, 12, 0], "rotation": 180, "texture": "#0"},
				"west": {"uv": [12.5, 1, 11.5, 0], "rotation": 180, "texture": "#0"},
				"up": {"uv": [12, 0, 12.5, 1], "rotation": 180, "texture": "#0"},
				"down": {"uv": [11, 0, 11.5, 1], "texture": "#0"}
			}
		},
		{
			"from": [7.753, 25.60942, 7.98031],
			"to": [8.247, 28.60342, 9.72431],
			"rotation": {"angle": 22.5, "axis": "x", "origin": [8, 27.60642, 9.22731]},
			"faces": {
				"north": {"uv": [6, 11.5, 9, 13.5], "rotation": 270, "texture": "#0"},
				"east": {"uv": [6, 13, 9, 11], "rotation": 270, "texture": "#0"},
				"south": {"uv": [6, 12.5, 9, 13], "rotation": 270, "texture": "#0"},
				"west": {"uv": [6, 11, 9, 13], "rotation": 270, "texture": "#0"},
				"up": {"uv": [6, 11.5, 9, 13.5], "rotation": 270, "texture": "#0"},
				"down": {"uv": [6, 11.5, 9, 13.5], "rotation": 270, "texture": "#0"}
			}
		},
		{
			"from": [7.751, 20.84903, 6.54389],
			"to": [8.249, 22.84703, 7.54189],
			"rotation": {"angle": 22.5, "axis": "x", "origin": [8, 21.74448, 8]},
			"faces": {
				"north": {"uv": [2, 12, 4, 12.5], "rotation": 270, "texture": "#0"},
				"east": {"uv": [2, 11.5, 4, 12.5], "rotation": 270, "texture": "#0"},
				"south": {"uv": [2, 11.5, 4, 12], "rotation": 270, "texture": "#0"},
				"west": {"uv": [2, 12.5, 4, 11.5], "rotation": 270, "texture": "#0"},
				"up": {"uv": [2, 11.5, 4, 12.5], "rotation": 270, "texture": "#0"},
				"down": {"uv": [2, 11.5, 4, 12.5], "rotation": 270, "texture": "#0"}
			}
		},
		{
			"from": [7.751, 20.84903, 8.45811],
			"to": [8.249, 22.84703, 9.45611],
			"rotation": {"angle": -22.5, "axis": "x", "origin": [8, 21.74448, 8]},
			"faces": {
				"north": {"uv": [2, 12, 4, 11.5], "rotation": 270, "texture": "#0"},
				"east": {"uv": [2, 12.5, 4, 11.5], "rotation": 270, "texture": "#0"},
				"south": {"uv": [2, 12.5, 4, 12], "rotation": 270, "texture": "#0"},
				"west": {"uv": [2, 11.5, 4, 12.5], "rotation": 270, "texture": "#0"},
				"up": {"uv": [4, 11.5, 2, 12.5], "rotation": 270, "texture": "#0"},
				"down": {"uv": [4, 11.5, 2, 12.5], "rotation": 270, "texture": "#0"}
			}
		},
		{
			"from": [7.753, 27.6389, 6.54589],
			"to": [8.247, 30.6329, 8.58989],
			"rotation": {"angle": 22.5, "axis": "x", "origin": [8, 29.53235, 8]},
			"faces": {
				"north": {"uv": [10, 11, 13, 11.5], "rotation": 270, "texture": "#0"},
				"east": {"uv": [10, 11, 13, 13], "rotation": 270, "texture": "#0"},
				"south": {"uv": [10, 11, 13, 13], "rotation": 270, "texture": "#0"},
				"west": {"uv": [10, 11, 13, 13], "rotation": 270, "texture": "#0"},
				"up": {"uv": [10, 11, 13, 13], "rotation": 270, "texture": "#0"},
				"down": {"uv": [10, 11, 13, 13], "rotation": 270, "texture": "#0"}
			}
		},
		{
			"from": [7.7515, 25.60792, 6.27419],
			"to": [8.2485, 28.60492, 8.27119],
			"rotation": {"angle": -22.5, "axis": "x", "origin": [8, 27.60642, 6.77269]},
			"faces": {
				"north": {"uv": [6, 12.5, 9, 13], "rotation": 270, "texture": "#0"},
				"east": {"uv": [6, 11, 9, 13], "rotation": 270, "texture": "#0"},
				"south": {"uv": [6, 11, 9, 13], "rotation": 270, "texture": "#0"},
				"west": {"uv": [6, 13, 9, 11], "rotation": 270, "texture": "#0"},
				"up": {"uv": [6, 11, 9, 13], "rotation": 270, "texture": "#0"},
				"down": {"uv": [6, 11, 9, 13], "rotation": 270, "texture": "#0"}
			}
		},
		{
			"from": [7.76, 18.72836, 4.05672],
			"to": [8.24, 24.20836, 5.03672],
			"rotation": {"angle": -22.5, "axis": "x", "origin": [8, 20.21836, 4.54672]},
			"faces": {
				"north": {"uv": [0, 12.5, 5.5, 12], "rotation": 270, "texture": "#0"},
				"east": {"uv": [0, 11.5, 5.5, 12.5], "rotation": 270, "texture": "#0"},
				"south": {"uv": [0, 12, 5.5, 11.5], "rotation": 270, "texture": "#0"},
				"west": {"uv": [0, 12.5, 5.5, 11.5], "rotation": 270, "texture": "#0"},
				"up": {"uv": [0, 12.5, 5.5, 11.5], "rotation": 270, "texture": "#0"},
				"down": {"uv": [0, 12.5, 5.5, 11.5], "rotation": 270, "texture": "#0"}
			}
		},
		{
			"from": [7.76, 18.72836, 10.96328],
			"to": [8.24, 24.20836, 11.94328],
			"rotation": {"angle": 22.5, "axis": "x", "origin": [8, 20.21836, 11.45328]},
			"faces": {
				"north": {"uv": [0, 11.5, 5.5, 12], "rotation": 270, "texture": "#0"},
				"east": {"uv": [0, 12.5, 5.5, 11.5], "rotation": 270, "texture": "#0"},
				"south": {"uv": [0, 12, 5.5, 12.5], "rotation": 270, "texture": "#0"},
				"west": {"uv": [0, 11.5, 5.5, 12.5], "rotation": 270, "texture": "#0"},
				"up": {"uv": [5.5, 12.5, 0, 11.5], "rotation": 270, "texture": "#0"},
				"down": {"uv": [5.5, 12.5, 0, 11.5], "rotation": 270, "texture": "#0"}
			}
		},
		{
			"from": [7.76, 17.85918, 3.75059],
			"to": [8.24, 20.33918, 4.73059],
			"rotation": {"angle": -22.5, "axis": "x", "origin": [8, 16.84918, 4.24059]},
			"faces": {
				"north": {"uv": [0, 11.5, 2.5, 12], "rotation": 270, "texture": "#0"},
				"east": {"uv": [0, 12.5, 2.5, 11.5], "rotation": 270, "texture": "#0"},
				"south": {"uv": [0, 11, 2.5, 11.5], "rotation": 270, "texture": "#0"},
				"west": {"uv": [0, 11.5, 2.5, 12.5], "rotation": 270, "texture": "#0"},
				"up": {"uv": [0, 11.5, 2.5, 12.5], "rotation": 270, "texture": "#0"},
				"down": {"uv": [0, 11.5, 2.5, 12.5], "rotation": 270, "texture": "#0"}
			}
		},
		{
			"from": [7.76, 17.85918, 11.26941],
			"to": [8.24, 20.33918, 12.24941],
			"rotation": {"angle": 22.5, "axis": "x", "origin": [8, 16.84918, 11.75941]},
			"faces": {
				"north": {"uv": [0, 11.5, 2.5, 11], "rotation": 270, "texture": "#0"},
				"east": {"uv": [0, 11.5, 2.5, 12.5], "rotation": 270, "texture": "#0"},
				"south": {"uv": [0, 12, 2.5, 11.5], "rotation": 270, "texture": "#0"},
				"west": {"uv": [0, 12.5, 2.5, 11.5], "rotation": 270, "texture": "#0"},
				"up": {"uv": [2.5, 11.5, 0, 12.5], "rotation": 270, "texture": "#0"},
				"down": {"uv": [2.5, 11.5, 0, 12.5], "rotation": 270, "texture": "#0"}
			}
		},
		{
			"from": [7.77, 19.88059, 2.46539],
			"to": [8.23, 22.34059, 3.42539],
			"rotation": {"angle": 0, "axis": "x", "origin": [8.5, 18.86059, 2.94539]},
			"faces": {
				"north": {"uv": [2, 12.5, 4.5, 13], "rotation": 270, "texture": "#0"},
				"east": {"uv": [2, 12, 4.5, 13], "rotation": 270, "texture": "#0"},
				"south": {"uv": [2, 12, 4.5, 12.5], "rotation": 270, "texture": "#0"},
				"west": {"uv": [2, 13, 4.5, 12], "rotation": 270, "texture": "#0"},
				"up": {"uv": [2, 11.5, 4.5, 12.5], "rotation": 270, "texture": "#0"},
				"down": {"uv": [2, 11.5, 4.5, 12.5], "rotation": 270, "texture": "#0"}
			}
		},
		{
			"from": [7.77, 19.88059, 12.57461],
			"to": [8.23, 22.34059, 13.53461],
			"rotation": {"angle": 0, "axis": "x", "origin": [8.5, 18.86059, 13.05461]},
			"faces": {
				"north": {"uv": [2, 12.5, 4.5, 12], "rotation": 270, "texture": "#0"},
				"east": {"uv": [2, 13, 4.5, 12], "rotation": 270, "texture": "#0"},
				"south": {"uv": [2, 13, 4.5, 12.5], "rotation": 270, "texture": "#0"},
				"west": {"uv": [2, 12, 4.5, 13], "rotation": 270, "texture": "#0"},
				"up": {"uv": [4.5, 11.5, 2, 12.5], "rotation": 270, "texture": "#0"},
				"down": {"uv": [4.5, 11.5, 2, 12.5], "rotation": 270, "texture": "#0"}
			}
		},
		{
			"from": [7.753, 21.36724, 2.56906],
			"to": [8.247, 26.81124, 3.56306],
			"rotation": {"angle": 22.5, "axis": "x", "origin": [8, 24.31424, 3.06606]},
			"faces": {
				"north": {"uv": [4, 12, 9.45, 11.5], "rotation": 270, "texture": "#0"},
				"east": {"uv": [3.5, 12.5, 8.95, 11.5], "rotation": 270, "texture": "#0"},
				"south": {"uv": [4, 12.5, 9.45, 11.5], "rotation": 270, "texture": "#0"},
				"west": {"uv": [3.5, 11.5, 8.95, 12.5], "rotation": 270, "texture": "#0"},
				"up": {"uv": [9.5, 12, 10.5, 11.5], "rotation": 270, "texture": "#0"},
				"down": {"uv": [4, 12.5, 9.45, 11.5], "rotation": 270, "texture": "#0"}
			}
		},
		{
			"from": [7.753, 21.36724, 12.43694],
			"to": [8.247, 26.81124, 13.43094],
			"rotation": {"angle": -22.5, "axis": "x", "origin": [8, 24.31424, 12.93394]},
			"faces": {
				"north": {"uv": [4, 11.5, 9.45, 12.5], "rotation": 270, "texture": "#0"},
				"east": {"uv": [3.5, 11.5, 8.95, 12.5], "rotation": 270, "texture": "#0"},
				"south": {"uv": [4, 11.5, 9.45, 12], "rotation": 270, "texture": "#0"},
				"west": {"uv": [3.5, 12.5, 8.95, 11.5], "rotation": 270, "texture": "#0"},
				"up": {"uv": [10.5, 12, 9.5, 11.5], "rotation": 270, "texture": "#0"},
				"down": {"uv": [9.45, 12.5, 4, 11.5], "rotation": 270, "texture": "#0"}
			}
		},
		{
			"from": [7.75, 21.87193, 1.41694],
			"to": [8.25, 22.82193, 4.71694],
			"rotation": {"angle": -45, "axis": "x", "origin": [8, 22.37193, 2.71694]},
			"faces": {
				"north": {"uv": [2.5, 12.95, 3, 12], "rotation": 180, "texture": "#0"},
				"east": {"uv": [2.5, 13, 6, 12], "rotation": 180, "texture": "#0"},
				"south": {"uv": [2.5, 13, 6, 12], "rotation": 180, "texture": "#0"},
				"west": {"uv": [6, 13, 2.5, 12], "rotation": 180, "texture": "#0"},
				"up": {"uv": [2.5, 13, 6, 12], "rotation": 180, "texture": "#0"},
				"down": {"uv": [2.5, 13, 6, 12.5], "rotation": 270, "texture": "#0"}
			}
		},
		{
			"from": [7.75, 21.87193, 11.28306],
			"to": [8.25, 22.82193, 14.58306],
			"rotation": {"angle": 45, "axis": "x", "origin": [8, 22.37193, 13.28306]},
			"faces": {
				"north": {"uv": [6, 13, 2.5, 12], "rotation": 180, "texture": "#0"},
				"east": {"uv": [6, 13, 2.5, 12], "rotation": 180, "texture": "#0"},
				"south": {"uv": [3, 12.95, 2.5, 12], "rotation": 180, "texture": "#0"},
				"west": {"uv": [2.5, 13, 6, 12], "rotation": 180, "texture": "#0"},
				"up": {"uv": [2.5, 12, 6, 13], "rotation": 180, "texture": "#0"},
				"down": {"uv": [6, 13, 2.5, 12.5], "rotation": 270, "texture": "#0"}
			}
		},
		{
			"from": [7.751, 23.43359, 3.48571],
			"to": [8.249, 26.43159, 4.48371],
			"rotation": {"angle": 0, "axis": "x", "origin": [8, 24.43259, 3.98471]},
			"faces": {
				"north": {"uv": [6, 11.5, 9, 12.5], "rotation": 270, "texture": "#0"},
				"east": {"uv": [6, 11.5, 9, 12.5], "rotation": 270, "texture": "#0"},
				"south": {"uv": [6, 11.5, 9, 12], "rotation": 270, "texture": "#0"},
				"west": {"uv": [6, 11.5, 9, 12.5], "rotation": 270, "texture": "#0"},
				"up": {"uv": [6, 11.5, 9, 12.5], "rotation": 270, "texture": "#0"},
				"down": {"uv": [6, 11.5, 9, 12.5], "rotation": 270, "texture": "#0"}
			}
		},
		{
			"from": [7.751, 23.43359, 11.51629],
			"to": [8.249, 26.43159, 12.51429],
			"rotation": {"angle": 0, "axis": "x", "origin": [8, 24.43259, 12.01529]},
			"faces": {
				"north": {"uv": [6, 12, 9, 11.5], "rotation": 270, "texture": "#0"},
				"east": {"uv": [6, 12.5, 9, 11.5], "rotation": 270, "texture": "#0"},
				"south": {"uv": [6, 12.5, 9, 11.5], "rotation": 270, "texture": "#0"},
				"west": {"uv": [6, 12.5, 9, 11.5], "rotation": 270, "texture": "#0"},
				"up": {"uv": [9, 11.5, 6, 12.5], "rotation": 270, "texture": "#0"},
				"down": {"uv": [9, 11.5, 6, 12.5], "rotation": 270, "texture": "#0"}
			}
		},
		{
			"from": [7.752, 27.6379, 7.20911],
			"to": [8.248, 30.6339, 9.45511],
			"rotation": {"angle": -22.5, "axis": "x", "origin": [8, 29.53235, 8]},
			"faces": {
				"north": {"uv": [9.5, 12.5, 12.5, 13], "rotation": 270, "texture": "#0"},
				"east": {"uv": [10, 13.5, 13, 11.5], "rotation": 270, "texture": "#0"},
				"south": {"uv": [10, 12.5, 13, 13], "rotation": 270, "texture": "#0"},
				"west": {"uv": [9.5, 11.5, 12.5, 13.5], "rotation": 270, "texture": "#0"},
				"up": {"uv": [9.5, 11, 12.5, 13], "rotation": 270, "texture": "#0"},
				"down": {"uv": [9.5, 11, 12.5, 13], "rotation": 270, "texture": "#0"}
			}
		},
		{
			"from": [7, 13.4, 5.5],
			"to": [9, 14.4, 10.5],
			"rotation": {"angle": 0, "axis": "y", "origin": [8, 14.97143, 8]},
			"faces": {
				"north": {"uv": [8, 6.5, 10, 7.5], "texture": "#1"},
				"east": {"uv": [13.5, 6.5, 8.5, 7.5], "texture": "#1"},
				"south": {"uv": [13, 7, 15, 8], "texture": "#1"},
				"west": {"uv": [8, 6, 13, 7], "texture": "#1"},
				"up": {"uv": [0, 0, 5, 2], "rotation": 270, "texture": "#1"},
				"down": {"uv": [8.5, 6, 13.5, 8], "rotation": 270, "texture": "#1"}
			}
		},
		{
			"from": [7, 14.4, 4.5],
			"to": [9, 15.4, 11.5],
			"rotation": {"angle": 0, "axis": "y", "origin": [8, 14.97143, 8]},
			"faces": {
				"north": {"uv": [9.5, 5.5, 11.5, 6.5], "texture": "#1"},
				"east": {"uv": [15, 5.5, 8, 6.5], "texture": "#1"},
				"south": {"uv": [10.5, 2, 12.5, 3], "texture": "#1"},
				"west": {"uv": [8, 5.5, 15, 6.5], "texture": "#1"},
				"up": {"uv": [8, 0, 15, 2], "rotation": 270, "texture": "#1"},
				"down": {"uv": [8.5, 6.5, 15.5, 8.5], "rotation": 270, "texture": "#1"}
			}
		},
		{
			"from": [7.25, 11.4, 6.5],
			"to": [8.75, 13.4, 9.5],
			"rotation": {"angle": 0, "axis": "y", "origin": [8, 14.97143, 8]},
			"faces": {
				"north": {"uv": [8.5, 7.5, 10, 5.5], "texture": "#1"},
				"east": {"uv": [12, 7, 9, 9], "texture": "#1"},
				"south": {"uv": [12.5, 5.5, 14, 7.5], "texture": "#1"},
				"west": {"uv": [9, 7, 12, 9], "texture": "#1"},
				"up": {"uv": [0, 0, 3, 1.5], "rotation": 270, "texture": "#1"},
				"down": {"uv": [11.5, 7, 14.5, 8.5], "rotation": 90, "texture": "#1"}
			}
		},
		{
			"from": [7.35, 20.75, 6.5],
			"to": [8.65, 21.75, 9.5],
			"rotation": {"angle": 0, "axis": "y", "origin": [8, 23.32143, 8]},
			"faces": {
				"north": {"uv": [8, 9, 9.3, 10], "rotation": 180, "texture": "#0"},
				"east": {"uv": [8, 9, 10.5, 10], "rotation": 180, "texture": "#0"},
				"south": {"uv": [8, 9, 9.3, 10], "rotation": 180, "texture": "#0"},
				"west": {"uv": [8, 9, 10.5, 10], "rotation": 180, "texture": "#0"},
				"up": {"uv": [5, 9, 7.5, 10.49], "rotation": 270, "texture": "#0"},
				"down": {"uv": [8, 9, 10.5, 9.5], "rotation": 270, "texture": "#0"}
			}
		},
		{
			"from": [7.45, 19.83579, 5.29289],
			"to": [8.55, 20.83579, 7.29289],
			"rotation": {"angle": -45, "axis": "x", "origin": [8, 20.33579, 5.79289]},
			"faces": {
				"north": {"uv": [0.5, 9, 1.5, 10], "rotation": 180, "texture": "#0"},
				"east": {"uv": [8.5, 9, 10.5, 10], "rotation": 180, "texture": "#0"},
				"south": {"uv": [4.5, 8.5, 5.5, 9.6], "rotation": 90, "texture": "#0"},
				"west": {"uv": [8.5, 9, 10.5, 10], "rotation": 180, "texture": "#0"},
				"up": {"uv": [11.5, 8.5, 13.5, 9.5], "rotation": 90, "texture": "#0"},
				"down": {"uv": [8, 8, 9, 9.1], "rotation": 90, "texture": "#0"}
			}
		},
		{
			"from": [7.45, 19.83579, 8.70711],
			"to": [8.55, 20.83579, 10.70711],
			"rotation": {"angle": 45, "axis": "x", "origin": [8, 20.33579, 10.20711]},
			"faces": {
				"north": {"uv": [4.5, 9.6, 5.5, 8.5], "rotation": 90, "texture": "#0"},
				"east": {"uv": [10.5, 9, 8.5, 10], "rotation": 180, "texture": "#0"},
				"south": {"uv": [1.5, 9, 0.5, 10], "rotation": 180, "texture": "#0"},
				"west": {"uv": [10.5, 9, 8.5, 10], "rotation": 180, "texture": "#0"},
				"up": {"uv": [13.5, 8.5, 11.5, 9.5], "rotation": 90, "texture": "#0"},
				"down": {"uv": [9, 8, 8, 9.1], "rotation": 90, "texture": "#0"}
			}
		},
		{
			"from": [7.5, 18.22057, 4.66504],
			"to": [8.5, 20.22057, 5.66504],
			"rotation": {"angle": 22.5, "axis": "x", "origin": [8, 19.22057, 5.16504]},
			"faces": {
				"north": {"uv": [11.5, 8.5, 13.5, 9.5], "rotation": 90, "texture": "#0"},
				"east": {"uv": [0, 10, 2, 9], "rotation": 90, "texture": "#0"},
				"south": {"uv": [0, 9, 2, 9.5], "rotation": 90, "texture": "#0"},
				"west": {"uv": [0, 9, 2, 10], "rotation": 90, "texture": "#0"},
				"up": {"uv": [4.5, 8.5, 5.5, 9.5], "rotation": 90, "texture": "#0"},
				"down": {"uv": [9, 9, 10, 10], "texture": "#0"}
			}
		},
		{
			"from": [7.5, 18.22057, 10.33496],
			"to": [8.5, 20.22057, 11.33496],
			"rotation": {"angle": -22.5, "axis": "x", "origin": [8, 19.22057, 10.83496]},
			"faces": {
				"north": {"uv": [0, 9.5, 2, 9], "rotation": 90, "texture": "#0"},
				"east": {"uv": [0, 9, 2, 10], "rotation": 90, "texture": "#0"},
				"south": {"uv": [11.5, 9.5, 13.5, 8.5], "rotation": 90, "texture": "#0"},
				"west": {"uv": [0, 10, 2, 9], "rotation": 90, "texture": "#0"},
				"up": {"uv": [5.5, 8.5, 4.5, 9.5], "rotation": 90, "texture": "#0"},
				"down": {"uv": [9, 10, 10, 9], "texture": "#0"}
			}
		},
		{
			"from": [7.55, 16.75179, 3.68364],
			"to": [8.45, 18.75179, 4.68364],
			"rotation": {"angle": 45, "axis": "x", "origin": [8, 17.75179, 4.18364]},
			"faces": {
				"north": {"uv": [3.5, 10, 5.5, 10.9], "rotation": 90, "texture": "#0"},
				"east": {"uv": [10.5, 9, 8.5, 10], "rotation": 270, "texture": "#0"},
				"south": {"uv": [8, 8, 10, 8.4], "rotation": 90, "texture": "#0"},
				"west": {"uv": [10.5, 9, 8.5, 10], "rotation": 90, "texture": "#0"},
				"up": {"uv": [4.5, 8.5, 5.5, 9.4], "rotation": 90, "texture": "#0"},
				"down": {"uv": [8.5, 9, 9.5, 9.9], "texture": "#0"}
			}
		},
		{
			"from": [7.55, 16.75179, 11.31636],
			"to": [8.45, 18.75179, 12.31636],
			"rotation": {"angle": -45, "axis": "x", "origin": [8, 17.75179, 11.81636]},
			"faces": {
				"north": {"uv": [8, 8.4, 10, 8], "rotation": 90, "texture": "#0"},
				"east": {"uv": [10.5, 10, 8.5, 9], "rotation": 270, "texture": "#0"},
				"south": {"uv": [3.5, 10.9, 5.5, 10], "rotation": 90, "texture": "#0"},
				"west": {"uv": [10.5, 10, 8.5, 9], "rotation": 90, "texture": "#0"},
				"up": {"uv": [5.5, 8.5, 4.5, 9.4], "rotation": 90, "texture": "#0"},
				"down": {"uv": [8.5, 9.9, 9.5, 9], "texture": "#0"}
			}
		},
		{
			"from": [7.999, 9.63174, 0.3882],
			"to": [8.011, 12.63374, 7.3902],
			"rotation": {"angle": -45, "axis": "x", "origin": [8.005, 11.13274, 3.8892]},
			"faces": {
				"north": {"uv": [13, 0, 13, 0], "rotation": 180, "texture": "#0"},
				"east": {"uv": [16, 0, 13, 6.49], "rotation": 270, "texture": "#0"},
				"south": {"uv": [13, 0, 13, 0], "texture": "#0"},
				"west": {"uv": [13, 0, 16, 6.49], "rotation": 90, "texture": "#0"},
				"up": {"uv": [13, 0, 13, 0], "rotation": 180, "texture": "#0"},
				"down": {"uv": [13, 0, 13, 0], "texture": "#0"}
			}
		},
		{
			"from": [7.6, 15.27039, 2.71486],
			"to": [8.4, 17.27039, 3.71486],
			"rotation": {"angle": -22.5, "axis": "x", "origin": [8, 16.77039, 2.71486]},
			"faces": {
				"north": {"uv": [3, 8.5, 5, 9.5], "rotation": 90, "texture": "#0"},
				"east": {"uv": [4.5, 8, 6.5, 9], "rotation": 90, "texture": "#0"},
				"south": {"uv": [4.5, 8.5, 6.5, 8.8], "rotation": 90, "texture": "#0"},
				"west": {"uv": [4.5, 9, 6.5, 8], "rotation": 90, "texture": "#0"},
				"up": {"uv": [3, 8.5, 4, 9.5], "rotation": 90, "texture": "#0"},
				"down": {"uv": [8.5, 9, 9, 9.5], "rotation": 180, "texture": "#0"}
			}
		},
		{
			"from": [7.6, 15.27039, 12.28514],
			"to": [8.4, 17.27039, 13.28514],
			"rotation": {"angle": 22.5, "axis": "x", "origin": [8, 16.77039, 13.28514]},
			"faces": {
				"north": {"uv": [4.5, 8.8, 6.5, 8.5], "rotation": 90, "texture": "#0"},
				"east": {"uv": [4.5, 9, 6.5, 8], "rotation": 90, "texture": "#0"},
				"south": {"uv": [3, 9.5, 5, 8.5], "rotation": 90, "texture": "#0"},
				"west": {"uv": [4.5, 8, 6.5, 9], "rotation": 90, "texture": "#0"},
				"up": {"uv": [4, 8.5, 3, 9.5], "rotation": 90, "texture": "#0"},
				"down": {"uv": [8.5, 9.5, 9, 9], "rotation": 180, "texture": "#0"}
			}
		},
		{
			"from": [7.6, 15.41173, 4.7768],
			"to": [8.4, 18.21173, 5.5768],
			"rotation": {"angle": -45, "axis": "x", "origin": [8, 18.06173, 5.1768]},
			"faces": {
				"north": {"uv": [0.5, 8, 1.5, 10.8], "texture": "#0"},
				"east": {"uv": [0.5, 8, 1.5, 10.8], "texture": "#0"},
				"south": {"uv": [0.5, 8, 1.5, 10.8], "texture": "#0"},
				"west": {"uv": [0.5, 8, 1.5, 10.8], "texture": "#0"},
				"up": {"uv": [0.5, 8, 1.5, 10.8], "texture": "#0"},
				"down": {"uv": [0.5, 8, 1.5, 10.8], "texture": "#0"}
			}
		},
		{
			"from": [7.6, 15.41173, 10.4232],
			"to": [8.4, 18.21173, 11.2232],
			"rotation": {"angle": 45, "axis": "x", "origin": [8, 18.06173, 10.8232]},
			"faces": {
				"north": {"uv": [1.5, 8, 0.5, 10.8], "texture": "#0"},
				"east": {"uv": [1.5, 8, 0.5, 10.8], "texture": "#0"},
				"south": {"uv": [1.5, 8, 0.5, 10.8], "texture": "#0"},
				"west": {"uv": [1.5, 8, 0.5, 10.8], "texture": "#0"},
				"up": {"uv": [0.5, 10.8, 1.5, 8], "texture": "#0"},
				"down": {"uv": [0.5, 10.8, 1.5, 8], "texture": "#0"}
			}
		},
		{
			"from": [7.6, 18.70462, 6.48391],
			"to": [8.4, 20.75462, 7.28391],
			"rotation": {"angle": -22.5, "axis": "x", "origin": [8, 19.35462, 6.88391]},
			"faces": {
				"north": {"uv": [9.5, 8, 10.5, 10], "texture": "#0"},
				"east": {"uv": [9.5, 8, 10.5, 10], "texture": "#0"},
				"south": {"uv": [8, 8, 9, 10], "texture": "#0"},
				"west": {"uv": [0.5, 8, 1.5, 10], "texture": "#0"},
				"up": {"uv": [9.5, 8, 10.5, 10], "texture": "#0"},
				"down": {"uv": [9.5, 8, 10.5, 10], "texture": "#0"}
			}
		},
		{
			"from": [7.6, 18.70462, 8.71609],
			"to": [8.4, 20.75462, 9.51609],
			"rotation": {"angle": 22.5, "axis": "x", "origin": [8, 19.35462, 9.11609]},
			"faces": {
				"north": {"uv": [9, 8, 8, 10], "texture": "#0"},
				"east": {"uv": [10.5, 8, 9.5, 10], "texture": "#0"},
				"south": {"uv": [10.5, 8, 9.5, 10], "texture": "#0"},
				"west": {"uv": [1.5, 8, 0.5, 10], "texture": "#0"},
				"up": {"uv": [9.5, 10, 10.5, 8], "texture": "#0"},
				"down": {"uv": [9.5, 10, 10.5, 8], "texture": "#0"}
			}
		},
		{
			"from": [7, 3.5, 7],
			"to": [9, 6, 9],
			"rotation": {"angle": 0, "axis": "y", "origin": [8, 3.57143, 9.5]},
			"faces": {
				"north": {"uv": [5.5, 0.5, 7.5, 3], "texture": "#0"},
				"east": {"uv": [5.5, 0.5, 7.5, 3], "texture": "#0"},
				"south": {"uv": [5.5, 0.5, 7.5, 3], "texture": "#0"},
				"west": {"uv": [5.5, 0.5, 7.5, 3], "texture": "#0"},
				"up": {"uv": [5.5, 0.5, 7.5, 2.5], "texture": "#0"},
				"down": {"uv": [5.5, 0.5, 7.5, 2.5], "texture": "#0"}
			}
		},
		{
			"from": [6.95, 3.95, 7.2],
			"to": [9.05, 5.55, 8.8],
			"rotation": {"angle": 0, "axis": "y", "origin": [8, 3.82143, 9.5]},
			"faces": {
				"north": {"uv": [0, 13.5, 2.5, 16], "texture": "#1"},
				"east": {"uv": [0, 10, 2.5, 12.5], "texture": "#1"},
				"south": {"uv": [0, 13.5, 2.5, 16], "texture": "#1"},
				"west": {"uv": [0, 10, 2.5, 12.5], "texture": "#1"},
				"up": {"uv": [0, 13.5, 2.5, 16], "texture": "#1"},
				"down": {"uv": [0, 13.5, 2.5, 16], "texture": "#1"}
			}
		},
		{
			"from": [6.95, -2.8, 7.2],
			"to": [9.05, -1.2, 8.8],
			"rotation": {"angle": 0, "axis": "y", "origin": [8, -2.92857, 9.5]},
			"faces": {
				"north": {"uv": [0, 13.5, 2.5, 16], "texture": "#1"},
				"east": {"uv": [2.5, 10, 5, 12.5], "texture": "#1"},
				"south": {"uv": [0, 13.5, 2.5, 16], "texture": "#1"},
				"west": {"uv": [2.5, 10, 5, 12.5], "texture": "#1"},
				"up": {"uv": [0, 13.5, 2.5, 16], "texture": "#1"},
				"down": {"uv": [0, 13.5, 2.5, 16], "texture": "#1"}
			}
		},
		{
			"from": [6.95, -9, 7.2],
			"to": [9.05, -7.4, 8.8],
			"rotation": {"angle": 0, "axis": "y", "origin": [8, -9.12857, 9.5]},
			"faces": {
				"north": {"uv": [0, 13.5, 2.5, 16], "texture": "#1"},
				"east": {"uv": [5, 10, 7.5, 12.5], "texture": "#1"},
				"south": {"uv": [0, 13.5, 2.5, 16], "texture": "#1"},
				"west": {"uv": [5, 10, 7.5, 12.5], "texture": "#1"},
				"up": {"uv": [0, 13.5, 2.5, 16], "texture": "#1"},
				"down": {"uv": [0, 13.5, 2.5, 16], "texture": "#1"}
			}
		},
		{
			"from": [6.95, -12.6, 7.2],
			"to": [9.05, -11, 8.8],
			"rotation": {"angle": 0, "axis": "y", "origin": [8, -12.72857, 9.5]},
			"faces": {
				"north": {"uv": [0, 13.5, 2.5, 16], "texture": "#1"},
				"east": {"uv": [7.5, 10, 10, 12.5], "texture": "#1"},
				"south": {"uv": [0, 13.5, 2.5, 16], "texture": "#1"},
				"west": {"uv": [7.5, 10, 10, 12.5], "texture": "#1"},
				"up": {"uv": [0, 13.5, 2.5, 16], "texture": "#1"},
				"down": {"uv": [0, 13.5, 2.5, 16], "texture": "#1"}
			}
		},
		{
			"from": [7.1, -0.45, 7.1],
			"to": [8.9, 0.35, 8.9],
			"rotation": {"angle": 0, "axis": "y", "origin": [8, 0.02143, 9.5]},
			"faces": {
				"north": {"uv": [10.5, 5.5, 12, 6], "rotation": 180, "texture": "#0"},
				"east": {"uv": [10.5, 5.5, 12, 6], "rotation": 180, "texture": "#0"},
				"south": {"uv": [10.5, 5.5, 12, 6], "rotation": 180, "texture": "#0"},
				"west": {"uv": [10.5, 5.5, 12, 6], "rotation": 180, "texture": "#0"},
				"up": {"uv": [10.5, 5.5, 12, 6], "rotation": 180, "texture": "#0"},
				"down": {"uv": [10.5, 5.5, 12, 6], "rotation": 180, "texture": "#0"}
			}
		},
		{
			"from": [7.2, 1.15, 7.2],
			"to": [8.8, 1.75, 8.8],
			"rotation": {"angle": 0, "axis": "y", "origin": [8, 1.45, 8]},
			"faces": {
				"north": {"uv": [11, 3.5, 10, 4], "texture": "#0"},
				"east": {"uv": [11, 3.5, 10, 4], "texture": "#0"},
				"south": {"uv": [11, 3.5, 10, 4], "texture": "#0"},
				"west": {"uv": [11, 3.5, 10, 4], "texture": "#0"},
				"up": {"uv": [11, 3.5, 10, 4], "texture": "#0"},
				"down": {"uv": [11, 3.5, 10, 4], "texture": "#0"}
			}
		},
		{
			"from": [7.2, 1.85, 7.2],
			"to": [8.8, 2.45, 8.8],
			"rotation": {"angle": 0, "axis": "x", "origin": [8, 2.15, 8]},
			"faces": {
				"north": {"uv": [12, 3, 11.5, 3.5], "rotation": 180, "texture": "#0"},
				"east": {"uv": [12, 3, 11.5, 3.5], "rotation": 180, "texture": "#0"},
				"south": {"uv": [12, 3, 11.5, 3.5], "rotation": 180, "texture": "#0"},
				"west": {"uv": [12, 3, 11.5, 3.5], "rotation": 180, "texture": "#0"},
				"up": {"uv": [12, 3, 11.5, 3.5], "rotation": 180, "texture": "#0"},
				"down": {"uv": [12, 3, 11.5, 3.5], "rotation": 180, "texture": "#0"}
			}
		},
		{
			"from": [7.2, 0.45, 7.2],
			"to": [8.8, 1.05, 8.8],
			"rotation": {"angle": 0, "axis": "x", "origin": [8, 0.75, 8]},
			"faces": {
				"north": {"uv": [12.5, 3, 11.5, 3.5], "rotation": 180, "texture": "#0"},
				"east": {"uv": [12.5, 3, 11.5, 3.5], "rotation": 180, "texture": "#0"},
				"south": {"uv": [12.5, 3, 11.5, 3.5], "rotation": 180, "texture": "#0"},
				"west": {"uv": [12.5, 3, 11.5, 3.5], "rotation": 180, "texture": "#0"},
				"up": {"uv": [12.5, 3, 11.5, 3.5], "rotation": 180, "texture": "#0"},
				"down": {"uv": [12.5, 3, 11.5, 3.5], "rotation": 180, "texture": "#0"}
			}
		},
		{
			"from": [7.1, 2.55, 7.1],
			"to": [8.9, 3.35, 8.9],
			"rotation": {"angle": 0, "axis": "y", "origin": [8, 3.02143, 9.5]},
			"faces": {
				"north": {"uv": [11.5, 5.5, 12, 6], "rotation": 180, "texture": "#0"},
				"east": {"uv": [11.5, 5.5, 12, 6], "rotation": 180, "texture": "#0"},
				"south": {"uv": [11.5, 5.5, 12, 6], "rotation": 180, "texture": "#0"},
				"west": {"uv": [11.5, 5.5, 12, 6], "rotation": 180, "texture": "#0"},
				"up": {"uv": [11.5, 5.5, 12, 6], "rotation": 180, "texture": "#0"},
				"down": {"uv": [11.5, 5.5, 12, 6], "rotation": 180, "texture": "#0"}
			}
		},
		{
			"from": [7, -3.25, 7],
			"to": [9, -0.75, 9],
			"rotation": {"angle": 0, "axis": "y", "origin": [8, -2.67857, 9.5]},
			"faces": {
				"north": {"uv": [5.5, 1, 7.5, 3.5], "texture": "#0"},
				"east": {"uv": [5.5, 1, 7.5, 3.5], "texture": "#0"},
				"south": {"uv": [5.5, 1, 7.5, 3.5], "texture": "#0"},
				"west": {"uv": [5.5, 1, 7.5, 3.5], "texture": "#0"},
				"up": {"uv": [5.5, 1, 7.5, 3], "texture": "#0"},
				"down": {"uv": [5.5, 1, 7.5, 3], "texture": "#0"}
			}
		},
		{
			"from": [7, -9.75, 7],
			"to": [9, -6.75, 9],
			"rotation": {"angle": 0, "axis": "y", "origin": [8, -9.17857, 9.5]},
			"faces": {
				"north": {"uv": [5.5, 1, 7.5, 4], "texture": "#0"},
				"east": {"uv": [5.5, 1, 7.5, 4], "texture": "#0"},
				"south": {"uv": [5.5, 1, 7.5, 4], "texture": "#0"},
				"west": {"uv": [5.5, 1, 7.5, 4], "texture": "#0"},
				"up": {"uv": [5.5, 1, 7.5, 3], "texture": "#0"},
				"down": {"uv": [5.5, 1, 7.5, 3], "texture": "#0"}
			}
		},
		{
			"from": [7, -13.25, 7],
			"to": [9, -10.25, 9],
			"rotation": {"angle": 0, "axis": "y", "origin": [8, -12.67857, 9.5]},
			"faces": {
				"north": {"uv": [5.5, 1, 7.5, 4], "texture": "#0"},
				"east": {"uv": [5.5, 1, 7.5, 4], "texture": "#0"},
				"south": {"uv": [5.5, 1, 7.5, 4], "texture": "#0"},
				"west": {"uv": [5.5, 1, 7.5, 4], "texture": "#0"},
				"up": {"uv": [5.5, 1, 7.5, 4], "texture": "#0"},
				"down": {"uv": [5.5, 1, 7.5, 4], "texture": "#0"}
			}
		},
		{
			"from": [7.5, 4, 6.5],
			"to": [8.5, 5.5, 9.5],
			"rotation": {"angle": 0, "axis": "y", "origin": [8.5, 4.07143, 9]},
			"faces": {
				"north": {"uv": [2, 11.5, 3, 13], "texture": "#0"},
				"east": {"uv": [1, 11.5, 4, 13], "texture": "#0"},
				"south": {"uv": [2.5, 11.5, 3.5, 13], "texture": "#0"},
				"west": {"uv": [1, 11.5, 4, 13], "texture": "#0"},
				"up": {"uv": [0.5, 12, 3.5, 13], "rotation": 90, "texture": "#0"},
				"down": {"uv": [0, 12, 3, 13], "rotation": 90, "texture": "#0"}
			}
		},
		{
			"from": [7.5, -2.75, 6.5],
			"to": [8.5, -1.25, 9.5],
			"rotation": {"angle": 0, "axis": "y", "origin": [8.5, -2.67857, 9]},
			"faces": {
				"north": {"uv": [2, 11.5, 3, 13], "texture": "#0"},
				"east": {"uv": [1, 11.5, 4, 13], "texture": "#0"},
				"south": {"uv": [2.5, 11.5, 3.5, 13], "texture": "#0"},
				"west": {"uv": [1, 11.5, 4, 13], "texture": "#0"},
				"up": {"uv": [0.5, 12, 3.5, 13], "rotation": 90, "texture": "#0"},
				"down": {"uv": [0, 12, 3, 13], "rotation": 90, "texture": "#0"}
			}
		},
		{
			"from": [7.5, -9.25, 6.5],
			"to": [8.5, -7.25, 9.5],
			"rotation": {"angle": 0, "axis": "y", "origin": [8.5, -8.67857, 9]},
			"faces": {
				"north": {"uv": [2, 11.5, 3, 13.5], "texture": "#0"},
				"east": {"uv": [1, 11, 4, 13], "texture": "#0"},
				"south": {"uv": [2, 11, 3, 13], "texture": "#0"},
				"west": {"uv": [1, 11.5, 4, 13.5], "texture": "#0"},
				"up": {"uv": [0.5, 12, 3.5, 13], "rotation": 90, "texture": "#0"},
				"down": {"uv": [0, 12, 3, 13], "rotation": 90, "texture": "#0"}
			}
		},
		{
			"from": [7.5, -12.75, 6.5],
			"to": [8.5, -10.75, 9.5],
			"rotation": {"angle": 0, "axis": "y", "origin": [8.5, -12.17857, 9]},
			"faces": {
				"north": {"uv": [10.5, 14, 11.5, 16], "texture": "#0"},
				"east": {"uv": [10.5, 14, 13.5, 16], "texture": "#0"},
				"south": {"uv": [10.5, 14, 11.5, 16], "texture": "#0"},
				"west": {"uv": [10.5, 14, 13.5, 16], "texture": "#0"},
				"up": {"uv": [12, 15, 15, 16], "rotation": 90, "texture": "#0"},
				"down": {"uv": [10.5, 14.5, 13.5, 15.5], "rotation": 90, "texture": "#0"}
			}
		},
		{
			"from": [7.3, 0.8, 7.3],
			"to": [8.7, 12.05, 8.7],
			"rotation": {"angle": 0, "axis": "y", "origin": [8, -5.07857, 9.5]},
			"faces": {
				"north": {"uv": [0, 8, 11.85, 9.5], "rotation": 90, "texture": "#0"},
				"east": {"uv": [0, 8, 11.85, 9.5], "rotation": 90, "texture": "#0"},
				"south": {"uv": [0, 8, 11.85, 9.5], "rotation": 90, "texture": "#0"},
				"west": {"uv": [0, 8, 11.85, 9.5], "rotation": 90, "texture": "#0"},
				"up": {"uv": [0, 8, 11.85, 9.5], "rotation": 90, "texture": "#0"},
				"down": {"uv": [0, 8, 11.85, 9.5], "rotation": 90, "texture": "#0"}
			}
		},
		{
			"from": [7.3, -11.6, 7.3],
			"to": [8.7, 0.8, 8.7],
			"rotation": {"angle": 0, "axis": "y", "origin": [8, -10.32857, 9.5]},
			"faces": {
				"north": {"uv": [0, 8, 13, 9.5], "rotation": 90, "texture": "#0"},
				"east": {"uv": [0, 8, 13, 9.5], "rotation": 90, "texture": "#0"},
				"south": {"uv": [0, 8, 13, 9.5], "rotation": 90, "texture": "#0"},
				"west": {"uv": [0, 8, 13, 9.5], "rotation": 90, "texture": "#0"},
				"up": {"uv": [0, 8, 13, 9.5], "rotation": 90, "texture": "#0"},
				"down": {"uv": [0, 8, 13, 9.5], "rotation": 90, "texture": "#0"}
			}
		},
		{
			"from": [7.301, -14.649, 7.301],
			"to": [8.699, -13.149, 8.699],
			"rotation": {"angle": 0, "axis": "y", "origin": [8, -14.87857, 9.5]},
			"faces": {
				"north": {"uv": [5.5, 1, 6.898, 2.5], "texture": "#0"},
				"east": {"uv": [5.5, 1, 6.898, 2.5], "texture": "#0"},
				"south": {"uv": [5.5, 1, 6.898, 2.5], "texture": "#0"},
				"west": {"uv": [5.5, 1, 6.898, 2.5], "texture": "#0"},
				"up": {"uv": [5.5, 1, 6.898, 2.5], "texture": "#0"},
				"down": {"uv": [5.5, 1, 6.898, 2.5], "texture": "#0"}
			}
		},
		{
			"from": [7.55, -15.9, 7.55],
			"to": [8.45, -14, 8.45],
			"rotation": {"angle": 0, "axis": "y", "origin": [8, -17.12857, 9.5]},
			"faces": {
				"north": {"uv": [6, 1.5, 6.9, 3.4], "texture": "#0"},
				"east": {"uv": [6, 1.5, 6.9, 3.4], "texture": "#0"},
				"south": {"uv": [6, 1.5, 6.9, 3.4], "texture": "#0"},
				"west": {"uv": [6, 1.5, 6.9, 3.4], "texture": "#0"},
				"up": {"uv": [6, 1.5, 6.9, 3.4], "texture": "#0"},
				"down": {"uv": [6, 1.5, 6.9, 2.4], "texture": "#0"}
			}
		},
		{
			"from": [7.702, -15.62845, 6.49893],
			"to": [8.298, -10.53245, 7.59493],
			"rotation": {"angle": -22.5, "axis": "x", "origin": [8, -13.08045, 7.04693]},
			"faces": {
				"north": {"uv": [10, 15, 15, 15.5], "rotation": 270, "texture": "#0"},
				"east": {"uv": [10, 16, 15, 15], "rotation": 270, "texture": "#0"},
				"south": {"uv": [10, 15.5, 15, 16], "rotation": 270, "texture": "#0"},
				"west": {"uv": [10, 15, 15, 16], "rotation": 270, "texture": "#0"},
				"up": {"uv": [14.5, 15, 15, 16], "texture": "#0"},
				"down": {"uv": [10, 15, 10.5, 16], "rotation": 180, "texture": "#0"}
			}
		},
		{
			"from": [7.702, -15.62845, 8.40507],
			"to": [8.298, -10.53245, 9.50107],
			"rotation": {"angle": 22.5, "axis": "x", "origin": [8, -13.08045, 8.95307]},
			"faces": {
				"north": {"uv": [10, 16, 15, 15.5], "rotation": 270, "texture": "#0"},
				"east": {"uv": [10, 15, 15, 16], "rotation": 270, "texture": "#0"},
				"south": {"uv": [10, 15.5, 15, 15], "rotation": 270, "texture": "#0"},
				"west": {"uv": [10, 16, 15, 15], "rotation": 270, "texture": "#0"},
				"up": {"uv": [14.5, 16, 15, 15], "texture": "#0"},
				"down": {"uv": [10, 16, 10.5, 15], "rotation": 180, "texture": "#0"}
			}
		}
	],
	"display": {
		"thirdperson_righthand": {
			"translation": [0, 6.5, 1.5],
			"scale": [1.3, 1.3, 1.3]
		},
		"thirdperson_lefthand": {
			"translation": [0, 6.5, 1.5],
			"scale": [1.3, 1.3, 1.3]
		},
		"firstperson_righthand": {
			"rotation": [-15, 0, 0],
			"translation": [3.25, 2.75, 0],
			"scale": [0.7, 0.7, 0.7]
		},
		"firstperson_lefthand": {
			"rotation": [-15, 0, 0],
			"translation": [3.25, 2.75, 0],
			"scale": [0.7, 0.7, 0.7]
		},
		"ground": {
			"rotation": [26, 0, -73],
			"translation": [0, 2.25, 0]
		},
		"gui": {
			"rotation": [-110, -48, -85],
			"translation": [-0.25, 0.75, 0],
			"scale": [0.55, 0.55, 0.55]
		},
		"head": {
			"rotation": [-46, 0, 0],
			"translation": [0, 41.25, 0]
		}
	}
}