{
	"credit": "Made with Blockbench",
	"textures": {
		"0": "skins/olily",
		"1": "skins/anthracite",
		"particle": "skins/olily"
	},
	"elements": [
		{
			"from": [7, 6.5, 0],
			"to": [9, 8.5, 1],
			"rotation": {"angle": 0, "axis": "y", "origin": [8.5, 14.5, 8]},
			"faces": {
				"north": {"uv": [5.5, 8, 7.5, 10], "texture": "#1"},
				"east": {"uv": [5.5, 8, 7.5, 10], "texture": "#1"},
				"south": {"uv": [5.5, 8, 7.5, 10], "texture": "#1"},
				"west": {"uv": [5.5, 8, 7.5, 10], "texture": "#1"},
				"up": {"uv": [5.5, 8, 6.5, 10], "rotation": 90, "texture": "#1"},
				"down": {"uv": [6, 8, 6.5, 10], "rotation": 90, "texture": "#1"}
			}
		},
		{
			"from": [6.5, 6, 2],
			"to": [9.5, 8.75, 5],
			"rotation": {"angle": 45, "axis": "y", "origin": [8, 7.25, 3.5]},
			"faces": {
				"north": {"uv": [11, 13, 14, 16], "rotation": 270, "texture": "#0"},
				"east": {"uv": [11, 13, 14, 16], "rotation": 270, "texture": "#0"},
				"south": {"uv": [11, 13, 14, 16], "rotation": 270, "texture": "#0"},
				"west": {"uv": [11, 13, 14, 16], "rotation": 270, "texture": "#0"},
				"up": {"uv": [13, 13, 16, 16], "texture": "#0"},
				"down": {"uv": [0, 13, 3, 16], "texture": "#0"}
			}
		},
		{
			"from": [6, 6.25, 3.55],
			"to": [10, 8.5, 6.5],
			"rotation": {"angle": 0, "axis": "y", "origin": [7.5, 8, 5.05]},
			"faces": {
				"north": {"uv": [2, 13, 6, 15.25], "texture": "#1"},
				"east": {"uv": [2, 13, 6, 15.25], "texture": "#1"},
				"south": {"uv": [2, 13, 6, 15.25], "texture": "#1"},
				"west": {"uv": [2, 13, 6, 15.25], "texture": "#1"},
				"up": {"uv": [2, 12, 6, 16], "texture": "#1"},
				"down": {"uv": [2, 11.5, 6, 15.5], "texture": "#1"}
			}
		},
		{
			"from": [6.5, 7.75, 3.75],
			"to": [9.5, 8.75, 6.75],
			"rotation": {"angle": -22.5, "axis": "x", "origin": [8, 8.25, 5.25]},
			"faces": {
				"north": {"uv": [5, 6, 8, 7], "texture": "#0"},
				"east": {"uv": [5, 6, 8, 7], "texture": "#0"},
				"south": {"uv": [5, 6, 8, 7], "texture": "#0"},
				"west": {"uv": [5, 6, 8, 7], "texture": "#0"},
				"up": {"uv": [6.5, 5.5, 9.5, 8.5], "rotation": 180, "texture": "#0"},
				"down": {"uv": [5, 6, 8, 9], "texture": "#0"}
			}
		},
		{
			"from": [6.49, 6.86175, 5.64158],
			"to": [9.51, 8.38175, 8.66158],
			"rotation": {"angle": 45, "axis": "x", "origin": [8, 7.87175, 7.15158]},
			"faces": {
				"north": {"uv": [5, 6, 8, 7.5], "texture": "#0"},
				"east": {"uv": [5, 6, 8, 7.5], "texture": "#0"},
				"south": {"uv": [5.5, 6.5, 8.5, 8], "texture": "#0"},
				"west": {"uv": [5, 6, 8, 7.5], "texture": "#0"},
				"up": {"uv": [5, 5.5, 8, 8.5], "texture": "#0"},
				"down": {"uv": [5, 6, 8, 9], "texture": "#0"}
			}
		},
		{
			"from": [7.2, 5.7, 2.7],
			"to": [8.8, 9.05, 4.3],
			"rotation": {"angle": 45, "axis": "y", "origin": [8, 7.75, 3.5]},
			"faces": {
				"north": {"uv": [6.5, 1.5, 7.5, 2.5], "texture": "#1"},
				"east": {"uv": [6.5, 1.5, 7.5, 2.5], "texture": "#1"},
				"south": {"uv": [6.5, 1.5, 7.5, 2.5], "texture": "#1"},
				"west": {"uv": [6.5, 1.5, 7.5, 2.5], "texture": "#1"},
				"up": {"uv": [6.5, 1.5, 7.5, 2.5], "texture": "#1"},
				"down": {"uv": [6.5, 1.5, 7.5, 2.5], "texture": "#1"}
			}
		},
		{
			"from": [5, 6.5, 0.5],
			"to": [7, 8.5, 1.5],
			"rotation": {"angle": 22.5, "axis": "y", "origin": [6, 7.5, 1.125]},
			"faces": {
				"north": {"uv": [5.5, 8, 7.5, 10], "texture": "#1"},
				"east": {"uv": [5.5, 8, 7.5, 10], "texture": "#1"},
				"south": {"uv": [5.5, 8, 7.5, 10], "texture": "#1"},
				"west": {"uv": [5.5, 8, 7.5, 10], "texture": "#1"},
				"up": {"uv": [5.5, 8, 6.5, 10], "rotation": 90, "texture": "#1"},
				"down": {"uv": [6, 8, 6.5, 10], "rotation": 90, "texture": "#1"}
			}
		},
		{
			"from": [9, 6.5, 0.5],
			"to": [11, 8.5, 1.5],
			"rotation": {"angle": -22.5, "axis": "y", "origin": [10, 7.5, 1.125]},
			"faces": {
				"north": {"uv": [5.5, 8, 7.5, 10], "texture": "#1"},
				"east": {"uv": [5.5, 8, 7.5, 10], "texture": "#1"},
				"south": {"uv": [5.5, 8, 7.5, 10], "texture": "#1"},
				"west": {"uv": [5.5, 8, 7.5, 10], "texture": "#1"},
				"up": {"uv": [5.5, 8, 6.5, 10], "rotation": 90, "texture": "#1"},
				"down": {"uv": [6, 8, 6.5, 10], "rotation": 90, "texture": "#1"}
			}
		},
		{
			"from": [4.35007, 6.6, 1.10006],
			"to": [5.15007, 7.4, 2.90006],
			"rotation": {"angle": -22.5, "axis": "y", "origin": [4.90705, 7.5, 2.78927]},
			"faces": {
				"north": {"uv": [8.5, 14, 9.5, 15], "rotation": 270, "texture": "#0"},
				"east": {"uv": [8.5, 14, 9.5, 16], "rotation": 270, "texture": "#0"},
				"south": {"uv": [8.5, 14, 9.5, 15], "rotation": 270, "texture": "#0"},
				"west": {"uv": [8, 13.5, 9, 15.5], "rotation": 270, "texture": "#0"},
				"up": {"uv": [8.5, 14, 10.5, 15], "rotation": 270, "texture": "#0"},
				"down": {"uv": [8.5, 14, 10.5, 15], "rotation": 270, "texture": "#0"}
			}
		},
		{
			"from": [10.84993, 6.6, 1.10006],
			"to": [11.64993, 7.4, 2.90006],
			"rotation": {"angle": 22.5, "axis": "y", "origin": [11.09295, 7.5, 2.78927]},
			"faces": {
				"north": {"uv": [8.5, 15, 9.5, 14], "rotation": 270, "texture": "#0"},
				"east": {"uv": [8, 15.5, 9, 13.5], "rotation": 270, "texture": "#0"},
				"south": {"uv": [8.5, 15, 9.5, 14], "rotation": 270, "texture": "#0"},
				"west": {"uv": [8.5, 16, 9.5, 14], "rotation": 270, "texture": "#0"},
				"up": {"uv": [8.5, 15, 10.5, 14], "rotation": 270, "texture": "#0"},
				"down": {"uv": [8.5, 15, 10.5, 14], "rotation": 270, "texture": "#0"}
			}
		},
		{
			"from": [4.35007, 7.6, 1.10006],
			"to": [5.15007, 8.4, 2.90006],
			"rotation": {"angle": -22.5, "axis": "y", "origin": [4.90705, 8.5, 2.78927]},
			"faces": {
				"north": {"uv": [8.5, 14, 9.5, 15], "rotation": 270, "texture": "#0"},
				"east": {"uv": [8.5, 14, 9.5, 16], "rotation": 270, "texture": "#0"},
				"south": {"uv": [8.5, 14, 9.5, 15], "rotation": 270, "texture": "#0"},
				"west": {"uv": [9, 13, 10, 15], "rotation": 270, "texture": "#0"},
				"up": {"uv": [8.5, 14, 10.5, 15], "rotation": 270, "texture": "#0"},
				"down": {"uv": [8.5, 14, 10.5, 15], "rotation": 270, "texture": "#0"}
			}
		},
		{
			"from": [10.84993, 7.6, 1.10006],
			"to": [11.64993, 8.4, 2.90006],
			"rotation": {"angle": 22.5, "axis": "y", "origin": [11.09295, 8.5, 2.78927]},
			"faces": {
				"north": {"uv": [8.5, 15, 9.5, 14], "rotation": 270, "texture": "#0"},
				"east": {"uv": [9, 15, 10, 13], "rotation": 270, "texture": "#0"},
				"south": {"uv": [8.5, 15, 9.5, 14], "rotation": 270, "texture": "#0"},
				"west": {"uv": [8.5, 16, 9.5, 14], "rotation": 270, "texture": "#0"},
				"up": {"uv": [8.5, 15, 10.5, 14], "rotation": 270, "texture": "#0"},
				"down": {"uv": [8.5, 15, 10.5, 14], "rotation": 270, "texture": "#0"}
			}
		},
		{
			"from": [4.20931, 7.6, 7.01579],
			"to": [5.00931, 8.4, 8.81579],
			"rotation": {"angle": -45, "axis": "y", "origin": [5.25327, 8, 8.97594]},
			"faces": {
				"north": {"uv": [5, 6, 6, 7], "texture": "#0"},
				"east": {"uv": [5, 6, 7, 7], "texture": "#0"},
				"south": {"uv": [5, 6, 6, 7], "texture": "#0"},
				"west": {"uv": [5, 6, 7, 7], "texture": "#0"},
				"up": {"uv": [5, 6, 6, 8], "texture": "#0"},
				"down": {"uv": [5, 6, 6, 8], "texture": "#0"}
			}
		},
		{
			"from": [10.99069, 7.6, 7.01579],
			"to": [11.79069, 8.4, 8.81579],
			"rotation": {"angle": 45, "axis": "y", "origin": [10.74673, 8, 8.97594]},
			"faces": {
				"north": {"uv": [5, 6, 6, 7], "texture": "#0"},
				"east": {"uv": [5, 6, 7, 7], "texture": "#0"},
				"south": {"uv": [5, 6, 6, 7], "texture": "#0"},
				"west": {"uv": [5, 6, 7, 7], "texture": "#0"},
				"up": {"uv": [5, 6, 6, 8], "texture": "#0"},
				"down": {"uv": [5, 6, 6, 8], "texture": "#0"}
			}
		},
		{
			"from": [7.59673, 10.99396, 4.01579],
			"to": [8.39673, 11.79396, 8.81579],
			"rotation": {"angle": -45, "axis": "x", "origin": [7.99673, 10.75, 8.97594]},
			"faces": {
				"north": {"uv": [3.5, 6.5, 8.5, 7.5], "rotation": 270, "texture": "#0"},
				"east": {"uv": [3.5, 6.5, 8.5, 7.5], "rotation": 180, "texture": "#0"},
				"south": {"uv": [3.5, 6.5, 8.5, 7.5], "rotation": 270, "texture": "#0"},
				"west": {"uv": [8.5, 7, 13.5, 8], "rotation": 180, "texture": "#0"},
				"up": {"uv": [3, 5.5, 8, 6.5], "rotation": 270, "texture": "#0"},
				"down": {"uv": [3.5, 6.5, 8.5, 7.5], "rotation": 270, "texture": "#0"}
			}
		},
		{
			"from": [6.65327, 7.13985, 5.28198],
			"to": [7.45327, 8.93985, 6.08198],
			"rotation": {"angle": 45, "axis": "x", "origin": [8, 9.1, 6.32594]},
			"faces": {
				"north": {"uv": [12, 14, 14, 15], "rotation": 270, "texture": "#0"},
				"east": {"uv": [7, 14, 9, 15], "rotation": 270, "texture": "#0"},
				"south": {"uv": [7, 14, 9, 15], "rotation": 270, "texture": "#0"},
				"west": {"uv": [14, 14.5, 16, 15.5], "rotation": 270, "texture": "#0"},
				"up": {"uv": [15, 14.5, 16, 15.5], "rotation": 270, "texture": "#0"},
				"down": {"uv": [7, 14, 8, 15], "rotation": 270, "texture": "#0"}
			}
		},
		{
			"from": [8.54673, 7.13985, 5.28198],
			"to": [9.34673, 8.93985, 6.08198],
			"rotation": {"angle": 45, "axis": "x", "origin": [8, 9.1, 6.32594]},
			"faces": {
				"north": {"uv": [12, 13, 14, 14], "rotation": 270, "texture": "#0"},
				"east": {"uv": [13, 14, 15, 15], "rotation": 270, "texture": "#0"},
				"south": {"uv": [7, 14, 9, 15], "rotation": 270, "texture": "#0"},
				"west": {"uv": [7, 14, 9, 15], "rotation": 270, "texture": "#0"},
				"up": {"uv": [15, 15, 16, 16], "rotation": 270, "texture": "#0"},
				"down": {"uv": [7, 14, 8, 15], "rotation": 270, "texture": "#0"}
			}
		},
		{
			"from": [4.45007, 6.7, 2.67848],
			"to": [5.05007, 7.3, 4.27848],
			"rotation": {"angle": 0, "axis": "y", "origin": [4.90705, 7.5, 2.78927]},
			"faces": {
				"north": {"uv": [11.5, 14, 12.5, 15], "texture": "#0"},
				"east": {"uv": [11.5, 14, 13.5, 15], "texture": "#0"},
				"south": {"uv": [11.5, 14, 12.5, 15], "texture": "#0"},
				"west": {"uv": [11.5, 14, 13.5, 15], "texture": "#0"},
				"up": {"uv": [13, 14, 14, 16], "rotation": 180, "texture": "#0"},
				"down": {"uv": [12, 14, 13, 16], "texture": "#0"}
			}
		},
		{
			"from": [10.94993, 6.7, 2.67848],
			"to": [11.54993, 7.3, 4.27848],
			"rotation": {"angle": 0, "axis": "y", "origin": [11.09295, 7.5, 2.78927]},
			"faces": {
				"north": {"uv": [12.5, 14, 11.5, 15], "texture": "#0"},
				"east": {"uv": [13.5, 14, 11.5, 15], "texture": "#0"},
				"south": {"uv": [12.5, 14, 11.5, 15], "texture": "#0"},
				"west": {"uv": [13.5, 14, 11.5, 15], "texture": "#0"},
				"up": {"uv": [14, 14, 13, 16], "rotation": 180, "texture": "#0"},
				"down": {"uv": [13, 14, 12, 16], "texture": "#0"}
			}
		},
		{
			"from": [5.15007, 7.7, 2.27848],
			"to": [5.75007, 8.3, 3.87848],
			"rotation": {"angle": 22.5, "axis": "y", "origin": [5.69765, 8, 4.35648]},
			"faces": {
				"north": {"uv": [12.5, 14, 13.5, 15], "rotation": 270, "texture": "#0"},
				"east": {"uv": [12.5, 14, 13.5, 16], "rotation": 270, "texture": "#0"},
				"south": {"uv": [12.5, 14, 13.5, 15], "rotation": 270, "texture": "#0"},
				"west": {"uv": [12.5, 14, 13.5, 16], "rotation": 270, "texture": "#0"},
				"up": {"uv": [12.5, 14, 14.5, 15], "rotation": 270, "texture": "#0"},
				"down": {"uv": [12.5, 14, 14.5, 15], "rotation": 270, "texture": "#0"}
			}
		},
		{
			"from": [10.24993, 7.7, 2.27848],
			"to": [10.84993, 8.3, 3.87848],
			"rotation": {"angle": -22.5, "axis": "y", "origin": [10.30235, 8, 4.35648]},
			"faces": {
				"north": {"uv": [12.5, 15, 13.5, 14], "rotation": 270, "texture": "#0"},
				"east": {"uv": [12.5, 16, 13.5, 14], "rotation": 270, "texture": "#0"},
				"south": {"uv": [12.5, 15, 13.5, 14], "rotation": 270, "texture": "#0"},
				"west": {"uv": [12.5, 16, 13.5, 14], "rotation": 270, "texture": "#0"},
				"up": {"uv": [12.5, 15, 14.5, 14], "rotation": 270, "texture": "#0"},
				"down": {"uv": [12.5, 15, 14.5, 14], "rotation": 270, "texture": "#0"}
			}
		},
		{
			"from": [4.6836, 7.7, 8.11247],
			"to": [5.2836, 8.3, 9.71247],
			"rotation": {"angle": 0, "axis": "y", "origin": [5.25327, 8, 8.97594]},
			"faces": {
				"north": {"uv": [5, 6, 6, 7], "texture": "#0"},
				"east": {"uv": [5, 6, 7, 7], "texture": "#0"},
				"south": {"uv": [5, 6, 6, 7], "texture": "#0"},
				"west": {"uv": [5, 6, 7, 7], "texture": "#0"},
				"up": {"uv": [5, 6, 6, 8], "texture": "#0"},
				"down": {"uv": [5, 6, 6, 8], "texture": "#0"}
			}
		},
		{
			"from": [10.7164, 7.7, 8.11247],
			"to": [11.3164, 8.3, 9.71247],
			"rotation": {"angle": 0, "axis": "y", "origin": [10.74673, 8, 8.97594]},
			"faces": {
				"north": {"uv": [5, 6, 6, 7], "texture": "#0"},
				"east": {"uv": [5, 6, 7, 7], "texture": "#0"},
				"south": {"uv": [5, 6, 6, 7], "texture": "#0"},
				"west": {"uv": [5, 6, 7, 7], "texture": "#0"},
				"up": {"uv": [5, 6, 6, 8], "texture": "#0"},
				"down": {"uv": [5, 6, 6, 8], "texture": "#0"}
			}
		},
		{
			"from": [7.69673, 10.71967, 8.11247],
			"to": [8.29673, 11.31967, 9.71247],
			"rotation": {"angle": 0, "axis": "y", "origin": [7.99673, 10.75, 8.97594]},
			"faces": {
				"north": {"uv": [5, 6, 6, 7], "rotation": 180, "texture": "#0"},
				"east": {"uv": [5, 6, 7, 7], "rotation": 180, "texture": "#0"},
				"south": {"uv": [5, 6, 6, 7], "rotation": 180, "texture": "#0"},
				"west": {"uv": [5, 6, 7, 7], "rotation": 180, "texture": "#0"},
				"up": {"uv": [5, 6, 6, 8], "rotation": 180, "texture": "#0"},
				"down": {"uv": [5, 6, 6, 8], "rotation": 180, "texture": "#0"}
			}
		},
		{
			"from": [6.75327, 9.06967, 5.46247],
			"to": [7.35327, 9.66967, 7.06247],
			"rotation": {"angle": 0, "axis": "x", "origin": [8, 9.1, 6.32594]},
			"faces": {
				"north": {"uv": [7, 14, 8, 15], "texture": "#0"},
				"east": {"uv": [7, 14, 9, 15], "texture": "#0"},
				"south": {"uv": [7, 14, 8, 15], "texture": "#0"},
				"west": {"uv": [12.5, 14, 14.5, 15], "texture": "#0"},
				"up": {"uv": [12.5, 14, 13.5, 16], "texture": "#0"},
				"down": {"uv": [7, 14, 8, 16], "texture": "#0"}
			}
		},
		{
			"from": [8.64673, 9.06967, 5.46247],
			"to": [9.24673, 9.66967, 7.06247],
			"rotation": {"angle": 0, "axis": "x", "origin": [8, 9.1, 6.32594]},
			"faces": {
				"north": {"uv": [7, 14, 8, 15], "rotation": 180, "texture": "#0"},
				"east": {"uv": [7, 14, 9, 15], "rotation": 180, "texture": "#0"},
				"south": {"uv": [7, 14, 8, 15], "rotation": 180, "texture": "#0"},
				"west": {"uv": [7, 14, 9, 15], "rotation": 180, "texture": "#0"},
				"up": {"uv": [12, 14, 13, 16], "texture": "#0"},
				"down": {"uv": [7, 14, 8, 16], "rotation": 180, "texture": "#0"}
			}
		},
		{
			"from": [4.45069, 6.8, 4.1789],
			"to": [4.85069, 7.2, 5.5789],
			"rotation": {"angle": 22.5, "axis": "y", "origin": [4.65069, 7.5, 3.9789]},
			"faces": {
				"north": {"uv": [13.5, 13.5, 14.5, 14.5], "rotation": 270, "texture": "#0"},
				"east": {"uv": [13.5, 13.5, 14.5, 15.5], "rotation": 270, "texture": "#0"},
				"south": {"uv": [13.5, 13.5, 14.5, 14.5], "rotation": 270, "texture": "#0"},
				"west": {"uv": [13.5, 13.5, 14.5, 15.5], "rotation": 270, "texture": "#0"},
				"up": {"uv": [13.5, 13.5, 15.5, 14.5], "rotation": 270, "texture": "#0"},
				"down": {"uv": [13.5, 13.5, 15.5, 14.5], "rotation": 270, "texture": "#0"}
			}
		},
		{
			"from": [11.14931, 6.8, 4.1789],
			"to": [11.54931, 7.2, 5.5789],
			"rotation": {"angle": -22.5, "axis": "y", "origin": [11.34931, 7.5, 3.9789]},
			"faces": {
				"north": {"uv": [13.5, 14.5, 14.5, 13.5], "rotation": 270, "texture": "#0"},
				"east": {"uv": [13.5, 15.5, 14.5, 13.5], "rotation": 270, "texture": "#0"},
				"south": {"uv": [13.5, 14.5, 14.5, 13.5], "rotation": 270, "texture": "#0"},
				"west": {"uv": [13.5, 15.5, 14.5, 13.5], "rotation": 270, "texture": "#0"},
				"up": {"uv": [13.5, 14.5, 15.5, 13.5], "rotation": 270, "texture": "#0"},
				"down": {"uv": [13.5, 14.5, 15.5, 13.5], "rotation": 270, "texture": "#0"}
			}
		},
		{
			"from": [5.47467, 7.8, 3.70531],
			"to": [5.87467, 8.2, 5.10531],
			"rotation": {"angle": 45, "axis": "y", "origin": [5.69765, 8, 4.35648]},
			"faces": {
				"north": {"uv": [13.5, 14, 14.5, 15], "rotation": 270, "texture": "#0"},
				"east": {"uv": [13.5, 14, 14.5, 16], "rotation": 270, "texture": "#0"},
				"south": {"uv": [13.5, 14, 14.5, 15], "rotation": 270, "texture": "#0"},
				"west": {"uv": [13.5, 14, 14.5, 16], "rotation": 270, "texture": "#0"},
				"up": {"uv": [13.5, 14, 15.5, 15], "rotation": 270, "texture": "#0"},
				"down": {"uv": [13.5, 14, 15.5, 15], "rotation": 270, "texture": "#0"}
			}
		},
		{
			"from": [10.12533, 7.8, 3.70531],
			"to": [10.52533, 8.2, 5.10531],
			"rotation": {"angle": -45, "axis": "y", "origin": [10.30235, 8, 4.35648]},
			"faces": {
				"north": {"uv": [13.5, 15, 14.5, 14], "rotation": 270, "texture": "#0"},
				"east": {"uv": [13.5, 16, 14.5, 14], "rotation": 270, "texture": "#0"},
				"south": {"uv": [13.5, 15, 14.5, 14], "rotation": 270, "texture": "#0"},
				"west": {"uv": [13.5, 16, 14.5, 14], "rotation": 270, "texture": "#0"},
				"up": {"uv": [13.5, 15, 15.5, 14], "rotation": 270, "texture": "#0"},
				"down": {"uv": [13.5, 15, 15.5, 14], "rotation": 270, "texture": "#0"}
			}
		},
		{
			"from": [4.5451, 7.8, 9.43841],
			"to": [4.9451, 8.2, 10.83841],
			"rotation": {"angle": 22.5, "axis": "y", "origin": [5.25327, 8, 8.97594]},
			"faces": {
				"north": {"uv": [5, 6, 6, 7], "texture": "#0"},
				"east": {"uv": [5, 6, 7, 7], "texture": "#0"},
				"south": {"uv": [5, 6, 6, 7], "texture": "#0"},
				"west": {"uv": [5, 6, 7, 7], "texture": "#0"},
				"up": {"uv": [5, 6, 6, 8], "texture": "#0"},
				"down": {"uv": [5, 6, 6, 8], "texture": "#0"}
			}
		},
		{
			"from": [11.0549, 7.8, 9.43841],
			"to": [11.4549, 8.2, 10.83841],
			"rotation": {"angle": -22.5, "axis": "y", "origin": [10.74673, 8, 8.97594]},
			"faces": {
				"north": {"uv": [5, 6, 6, 7], "texture": "#0"},
				"east": {"uv": [5, 6, 7, 7], "texture": "#0"},
				"south": {"uv": [5, 6, 6, 7], "texture": "#0"},
				"west": {"uv": [5, 6, 7, 7], "texture": "#0"},
				"up": {"uv": [5, 6, 6, 8], "texture": "#0"},
				"down": {"uv": [5, 6, 6, 8], "texture": "#0"}
			}
		},
		{
			"from": [7.79673, 11.05816, 9.43841],
			"to": [8.19673, 11.45816, 10.83841],
			"rotation": {"angle": 22.5, "axis": "x", "origin": [7.99673, 10.75, 8.97594]},
			"faces": {
				"north": {"uv": [5, 6, 6, 7], "rotation": 180, "texture": "#0"},
				"east": {"uv": [5, 6, 7, 7], "rotation": 180, "texture": "#0"},
				"south": {"uv": [5, 6, 6, 7], "rotation": 180, "texture": "#0"},
				"west": {"uv": [5, 6, 7, 7], "rotation": 180, "texture": "#0"},
				"up": {"uv": [5, 6, 6, 8], "rotation": 180, "texture": "#0"},
				"down": {"uv": [5, 6, 6, 8], "rotation": 180, "texture": "#0"}
			}
		},
		{
			"from": [6.85327, 9.40816, 6.78841],
			"to": [7.25327, 9.80816, 8.18841],
			"rotation": {"angle": 22.5, "axis": "x", "origin": [8, 9.1, 6.32594]},
			"faces": {
				"north": {"uv": [7, 14, 8, 15], "texture": "#0"},
				"east": {"uv": [7, 14, 9, 15], "texture": "#0"},
				"south": {"uv": [7, 14, 8, 15], "texture": "#0"},
				"west": {"uv": [7, 14, 9, 15], "texture": "#0"},
				"up": {"uv": [7, 14, 8, 16], "texture": "#0"},
				"down": {"uv": [7, 14, 8, 16], "texture": "#0"}
			}
		},
		{
			"from": [8.74673, 9.40816, 6.78841],
			"to": [9.14673, 9.80816, 8.18841],
			"rotation": {"angle": 22.5, "axis": "x", "origin": [8, 9.1, 6.32594]},
			"faces": {
				"north": {"uv": [7, 14, 8, 15], "rotation": 180, "texture": "#0"},
				"east": {"uv": [7, 14, 9, 15], "rotation": 180, "texture": "#0"},
				"south": {"uv": [7, 14, 8, 15], "rotation": 180, "texture": "#0"},
				"west": {"uv": [7, 14, 9, 15], "rotation": 180, "texture": "#0"},
				"up": {"uv": [7, 14, 8, 16], "rotation": 180, "texture": "#0"},
				"down": {"uv": [7, 14, 8, 16], "rotation": 180, "texture": "#0"}
			}
		},
		{
			"from": [5.09776, 6.85, 5.33057],
			"to": [5.39776, 7.15, 6.63057],
			"rotation": {"angle": 0, "axis": "y", "origin": [5.24776, 7.5, 6.08057]},
			"faces": {
				"north": {"uv": [14, 14, 16, 14.5], "rotation": 270, "texture": "#0"},
				"east": {"uv": [14, 14, 16, 14.5], "texture": "#0"},
				"south": {"uv": [14.5, 14, 15, 15], "rotation": 270, "texture": "#0"},
				"west": {"uv": [14, 14, 16, 14.5], "rotation": 180, "texture": "#0"},
				"up": {"uv": [14, 14, 16, 14.5], "rotation": 270, "texture": "#0"},
				"down": {"uv": [14, 14, 16, 14.5], "rotation": 270, "texture": "#0"}
			}
		},
		{
			"from": [10.60224, 6.85, 5.33057],
			"to": [10.90224, 7.15, 6.63057],
			"rotation": {"angle": 0, "axis": "y", "origin": [10.75224, 7.5, 6.08057]},
			"faces": {
				"north": {"uv": [14, 14.5, 16, 14], "rotation": 270, "texture": "#0"},
				"east": {"uv": [16, 14, 14, 14.5], "rotation": 180, "texture": "#0"},
				"south": {"uv": [14.5, 15, 15, 14], "rotation": 270, "texture": "#0"},
				"west": {"uv": [16, 14, 14, 14.5], "texture": "#0"},
				"up": {"uv": [14, 14.5, 16, 14], "rotation": 270, "texture": "#0"},
				"down": {"uv": [14, 14.5, 16, 14], "rotation": 270, "texture": "#0"}
			}
		},
		{
			"from": [7.3, 6.8, -0.45],
			"to": [8.7, 8.2, 2.95],
			"rotation": {"angle": 0, "axis": "y", "origin": [8.5, 14.5, 7.25]},
			"faces": {
				"north": {"uv": [3.5, 11.5, 5.5, 13.5], "texture": "#1"},
				"east": {"uv": [3.5, 11.5, 7.5, 13.5], "texture": "#1"},
				"south": {"uv": [3.5, 11.5, 5.5, 13.5], "texture": "#1"},
				"west": {"uv": [3.5, 11.5, 7.5, 13.5], "texture": "#1"},
				"up": {"uv": [3.5, 11.5, 5.5, 15.5], "texture": "#1"},
				"down": {"uv": [3.5, 11.5, 5.5, 15.5], "texture": "#1"}
			}
		},
		{
			"from": [5.3, 6.8, 0.05],
			"to": [6.7, 8.2, 3.45],
			"rotation": {"angle": 22.5, "axis": "y", "origin": [6, 7.5, 1.125]},
			"faces": {
				"north": {"uv": [3.5, 11.5, 5.5, 13.5], "texture": "#1"},
				"east": {"uv": [3.5, 11.5, 7.5, 13.5], "texture": "#1"},
				"south": {"uv": [3.5, 11.5, 5.5, 13.5], "texture": "#1"},
				"west": {"uv": [3.5, 11.5, 7.5, 13.5], "texture": "#1"},
				"up": {"uv": [3.5, 11.5, 5.5, 15.5], "texture": "#1"},
				"down": {"uv": [3.5, 11.5, 5.5, 15.5], "texture": "#1"}
			}
		},
		{
			"from": [9.3, 6.8, 0.05],
			"to": [10.7, 8.2, 3.45],
			"rotation": {"angle": -22.5, "axis": "y", "origin": [10, 7.5, 1.125]},
			"faces": {
				"north": {"uv": [3.5, 11.5, 5.5, 13.5], "texture": "#1"},
				"east": {"uv": [3.5, 11.5, 7.5, 13.5], "texture": "#1"},
				"south": {"uv": [3.5, 11.5, 5.5, 13.5], "texture": "#1"},
				"west": {"uv": [3.5, 11.5, 7.5, 13.5], "texture": "#1"},
				"up": {"uv": [3.5, 11.5, 5.5, 15.5], "texture": "#1"},
				"down": {"uv": [3.5, 11.5, 5.5, 15.5], "texture": "#1"}
			}
		},
		{
			"from": [7.5, 10, 6.5],
			"to": [8.5, 10.5, 7.5],
			"rotation": {"angle": 0, "axis": "y", "origin": [8, 14.5, 8]},
			"faces": {
				"north": {"uv": [6.5, 8.5, 7.5, 9], "texture": "#1"},
				"east": {"uv": [6.5, 8.5, 7.5, 9], "texture": "#1"},
				"south": {"uv": [6.5, 8.5, 7.5, 9], "texture": "#1"},
				"west": {"uv": [6.5, 8.5, 7.5, 9], "texture": "#1"},
				"up": {"uv": [6.5, 8.5, 7.5, 9.5], "texture": "#1"},
				"down": {"uv": [6.5, 8.5, 7.5, 9.5], "texture": "#1"}
			}
		},
		{
			"from": [7.5, 10, 10],
			"to": [8.5, 10.5, 11],
			"rotation": {"angle": 0, "axis": "y", "origin": [8, 14.5, 9.5]},
			"faces": {
				"north": {"uv": [7.5, 8.5, 8.5, 9], "texture": "#1"},
				"east": {"uv": [7.5, 8.5, 8.5, 9], "texture": "#1"},
				"south": {"uv": [7, 10, 8, 10.5], "texture": "#1"},
				"west": {"uv": [7.5, 8.5, 8.5, 9], "texture": "#1"},
				"up": {"uv": [6.5, 9.5, 7.5, 10.5], "texture": "#1"},
				"down": {"uv": [6.5, 9.5, 7.5, 10.5], "rotation": 180, "texture": "#1"}
			}
		},
		{
			"from": [7.5, 5.47266, 6.5],
			"to": [8.5, 5.97266, 7.5],
			"rotation": {"angle": 0, "axis": "z", "origin": [9.42253, 7.70337, 7]},
			"faces": {
				"north": {"uv": [6.5, 8.5, 7.5, 9], "rotation": 180, "texture": "#1"},
				"east": {"uv": [6.5, 8.5, 7.5, 9], "rotation": 180, "texture": "#1"},
				"south": {"uv": [6.5, 8.5, 7.5, 9], "rotation": 180, "texture": "#1"},
				"west": {"uv": [6.5, 8.5, 7.5, 9], "rotation": 180, "texture": "#1"},
				"up": {"uv": [6.5, 8.5, 7.5, 9.5], "rotation": 180, "texture": "#1"},
				"down": {"uv": [6.5, 8.5, 7.5, 9.5], "rotation": 180, "texture": "#1"}
			}
		},
		{
			"from": [7.5, 5.47266, 10],
			"to": [8.5, 5.97266, 11],
			"rotation": {"angle": 0, "axis": "z", "origin": [9.42253, 7.70337, 10.5]},
			"faces": {
				"north": {"uv": [7.5, 8.5, 8.5, 9], "rotation": 180, "texture": "#1"},
				"east": {"uv": [7.5, 8.5, 8.5, 9], "rotation": 180, "texture": "#1"},
				"south": {"uv": [7, 10, 8, 10.5], "rotation": 180, "texture": "#1"},
				"west": {"uv": [7.5, 8.5, 8.5, 9], "rotation": 180, "texture": "#1"},
				"up": {"uv": [6.5, 9.5, 7.5, 10.5], "texture": "#1"},
				"down": {"uv": [6.5, 9.5, 7.5, 10.5], "rotation": 180, "texture": "#1"}
			}
		},
		{
			"from": [5.48633, 7.48633, 6.5],
			"to": [5.98633, 8.48633, 7.5],
			"rotation": {"angle": 0, "axis": "z", "origin": [6.29451, 6.84676, 7]},
			"faces": {
				"north": {"uv": [6.5, 8.5, 7.5, 9], "rotation": 90, "texture": "#1"},
				"east": {"uv": [6.5, 8.5, 7.5, 9.5], "rotation": 90, "texture": "#1"},
				"south": {"uv": [6.5, 8.5, 7.5, 9], "rotation": 90, "texture": "#1"},
				"west": {"uv": [6.5, 8.5, 7.5, 9.5], "rotation": 270, "texture": "#1"},
				"up": {"uv": [6.5, 8.5, 7.5, 9], "rotation": 90, "texture": "#1"},
				"down": {"uv": [6.5, 8.5, 7.5, 9], "rotation": 90, "texture": "#1"}
			}
		},
		{
			"from": [5.48633, 7.48633, 10],
			"to": [5.98633, 8.48633, 11],
			"rotation": {"angle": 0, "axis": "z", "origin": [6.29451, 6.84676, 10.5]},
			"faces": {
				"north": {"uv": [6.5, 9, 7.5, 9.5], "rotation": 90, "texture": "#1"},
				"east": {"uv": [6.5, 9.5, 7.5, 10.5], "rotation": 90, "texture": "#1"},
				"south": {"uv": [7, 10, 8, 10.5], "rotation": 90, "texture": "#1"},
				"west": {"uv": [6.5, 9.5, 7.5, 10.5], "rotation": 270, "texture": "#1"},
				"up": {"uv": [7.5, 8.5, 8.5, 9], "rotation": 90, "texture": "#1"},
				"down": {"uv": [7.5, 8.5, 8.5, 9], "rotation": 90, "texture": "#1"}
			}
		},
		{
			"from": [10.01367, 7.48633, 6.5],
			"to": [10.51367, 8.48633, 7.5],
			"rotation": {"angle": 0, "axis": "z", "origin": [9.42253, 7.70337, 7]},
			"faces": {
				"north": {"uv": [6.5, 8.5, 7.5, 9], "rotation": 270, "texture": "#1"},
				"east": {"uv": [6.5, 8.5, 7.5, 9.5], "rotation": 90, "texture": "#1"},
				"south": {"uv": [6.5, 8.5, 7.5, 9], "rotation": 270, "texture": "#1"},
				"west": {"uv": [6.5, 8.5, 7.5, 9.5], "rotation": 270, "texture": "#1"},
				"up": {"uv": [6.5, 8.5, 7.5, 9], "rotation": 270, "texture": "#1"},
				"down": {"uv": [6.5, 8.5, 7.5, 9], "rotation": 270, "texture": "#1"}
			}
		},
		{
			"from": [10.01367, 7.48633, 10],
			"to": [10.51367, 8.48633, 11],
			"rotation": {"angle": 0, "axis": "z", "origin": [9.42253, 7.70337, 10.5]},
			"faces": {
				"north": {"uv": [6.5, 9, 7.5, 9.5], "rotation": 270, "texture": "#1"},
				"east": {"uv": [6.5, 9.5, 7.5, 10.5], "rotation": 90, "texture": "#1"},
				"south": {"uv": [7, 10, 8, 10.5], "rotation": 270, "texture": "#1"},
				"west": {"uv": [6.5, 9.5, 7.5, 10.5], "rotation": 270, "texture": "#1"},
				"up": {"uv": [7.5, 8.5, 8.5, 9], "rotation": 270, "texture": "#1"},
				"down": {"uv": [7.5, 8.5, 8.5, 9], "rotation": 270, "texture": "#1"}
			}
		},
		{
			"from": [6.08713, 9.05595, 6.5],
			"to": [7.08713, 9.55595, 7.5],
			"rotation": {"angle": 45, "axis": "z", "origin": [6.15399, 9.21979, 7]},
			"faces": {
				"north": {"uv": [6.5, 8.5, 7.5, 9], "texture": "#1"},
				"east": {"uv": [6.5, 8.5, 7.5, 9], "texture": "#1"},
				"south": {"uv": [6.5, 8.5, 7.5, 9], "texture": "#1"},
				"west": {"uv": [6.5, 8.5, 7.5, 9], "texture": "#1"},
				"up": {"uv": [6.5, 8.5, 7.5, 9.5], "texture": "#1"},
				"down": {"uv": [6.5, 8.5, 7.5, 9.5], "texture": "#1"}
			}
		},
		{
			"from": [6.08713, 9.05595, 10],
			"to": [7.08713, 9.55595, 11],
			"rotation": {"angle": 45, "axis": "z", "origin": [6.15399, 9.21979, 10.5]},
			"faces": {
				"north": {"uv": [7.5, 8.5, 8.5, 9], "texture": "#1"},
				"east": {"uv": [7.5, 8.5, 8.5, 9], "texture": "#1"},
				"south": {"uv": [7, 10, 8, 10.5], "texture": "#1"},
				"west": {"uv": [7.5, 8.5, 8.5, 9], "texture": "#1"},
				"up": {"uv": [6.5, 9.5, 7.5, 10.5], "texture": "#1"},
				"down": {"uv": [6.5, 9.5, 7.5, 10.5], "rotation": 180, "texture": "#1"}
			}
		},
		{
			"from": [10.23024, 6.39757, 6.5],
			"to": [10.73024, 7.39757, 7.5],
			"rotation": {"angle": -45, "axis": "z", "origin": [9.42253, 7.70337, 7]},
			"faces": {
				"north": {"uv": [6.5, 8.5, 7.5, 9], "rotation": 270, "texture": "#1"},
				"east": {"uv": [6.5, 8.5, 7.5, 9.5], "rotation": 90, "texture": "#1"},
				"south": {"uv": [6.5, 8.5, 7.5, 9], "rotation": 270, "texture": "#1"},
				"west": {"uv": [6.5, 8.5, 7.5, 9.5], "rotation": 270, "texture": "#1"},
				"up": {"uv": [6.5, 8.5, 7.5, 9], "rotation": 270, "texture": "#1"},
				"down": {"uv": [6.5, 8.5, 7.5, 9], "rotation": 270, "texture": "#1"}
			}
		},
		{
			"from": [10.23024, 6.39757, 10],
			"to": [10.73024, 7.39757, 11],
			"rotation": {"angle": -45, "axis": "z", "origin": [9.42253, 7.70337, 10.5]},
			"faces": {
				"north": {"uv": [6.5, 9, 7.5, 9.5], "rotation": 270, "texture": "#1"},
				"east": {"uv": [6.5, 9.5, 7.5, 10.5], "rotation": 90, "texture": "#1"},
				"south": {"uv": [7, 10, 8, 10.5], "rotation": 270, "texture": "#1"},
				"west": {"uv": [6.5, 9.5, 7.5, 10.5], "rotation": 270, "texture": "#1"},
				"up": {"uv": [7.5, 8.5, 8.5, 9], "rotation": 270, "texture": "#1"},
				"down": {"uv": [7.5, 8.5, 8.5, 9], "rotation": 270, "texture": "#1"}
			}
		},
		{
			"from": [5.7926, 5.9466, 6.5],
			"to": [6.2926, 6.9466, 7.5],
			"rotation": {"angle": 45, "axis": "z", "origin": [6.29451, 6.84676, 7]},
			"faces": {
				"north": {"uv": [6.5, 8.5, 7.5, 9], "rotation": 90, "texture": "#1"},
				"east": {"uv": [6.5, 8.5, 7.5, 9.5], "rotation": 90, "texture": "#1"},
				"south": {"uv": [6.5, 8.5, 7.5, 9], "rotation": 90, "texture": "#1"},
				"west": {"uv": [6.5, 8.5, 7.5, 9.5], "rotation": 270, "texture": "#1"},
				"up": {"uv": [6.5, 8.5, 7.5, 9], "rotation": 90, "texture": "#1"},
				"down": {"uv": [6.5, 8.5, 7.5, 9], "rotation": 90, "texture": "#1"}
			}
		},
		{
			"from": [5.7926, 5.9466, 10],
			"to": [6.2926, 6.9466, 11],
			"rotation": {"angle": 45, "axis": "z", "origin": [6.29451, 6.84676, 10.5]},
			"faces": {
				"north": {"uv": [6.5, 9, 7.5, 9.5], "rotation": 90, "texture": "#1"},
				"east": {"uv": [6.5, 9.5, 7.5, 10.5], "rotation": 90, "texture": "#1"},
				"south": {"uv": [7, 10, 8, 10.5], "rotation": 90, "texture": "#1"},
				"west": {"uv": [6.5, 9.5, 7.5, 10.5], "rotation": 270, "texture": "#1"},
				"up": {"uv": [7.5, 8.5, 8.5, 9], "rotation": 90, "texture": "#1"},
				"down": {"uv": [7.5, 8.5, 8.5, 9], "rotation": 90, "texture": "#1"}
			}
		},
		{
			"from": [7.71657, 8.91124, 6.5],
			"to": [8.71657, 9.41124, 7.5],
			"rotation": {"angle": -45, "axis": "z", "origin": [9.42253, 7.70337, 7]},
			"faces": {
				"north": {"uv": [6.5, 8.5, 7.5, 9], "texture": "#1"},
				"east": {"uv": [6.5, 8.5, 7.5, 9], "texture": "#1"},
				"south": {"uv": [6.5, 8.5, 7.5, 9], "texture": "#1"},
				"west": {"uv": [6.5, 8.5, 7.5, 9], "texture": "#1"},
				"up": {"uv": [6.5, 8.5, 7.5, 9.5], "texture": "#1"},
				"down": {"uv": [6.5, 8.5, 7.5, 9.5], "texture": "#1"}
			}
		},
		{
			"from": [7.71657, 8.91124, 10],
			"to": [8.71657, 9.41124, 11],
			"rotation": {"angle": -45, "axis": "z", "origin": [9.42253, 7.70337, 10.5]},
			"faces": {
				"north": {"uv": [7.5, 8.5, 8.5, 9], "texture": "#1"},
				"east": {"uv": [7.5, 8.5, 8.5, 9], "texture": "#1"},
				"south": {"uv": [7, 10, 8, 10.5], "texture": "#1"},
				"west": {"uv": [7.5, 8.5, 8.5, 9], "texture": "#1"},
				"up": {"uv": [6.5, 9.5, 7.5, 10.5], "texture": "#1"},
				"down": {"uv": [6.5, 9.5, 7.5, 10.5], "rotation": 180, "texture": "#1"}
			}
		},
		{
			"from": [6.63373, 9.82769, 6.5],
			"to": [7.63373, 10.32769, 7.5],
			"rotation": {"angle": 22.5, "axis": "z", "origin": [7.13373, 10.07769, 7]},
			"faces": {
				"north": {"uv": [6.5, 8.5, 7.5, 9], "texture": "#1"},
				"east": {"uv": [6.5, 8.5, 7.5, 9], "texture": "#1"},
				"south": {"uv": [6.5, 8.5, 7.5, 9], "texture": "#1"},
				"west": {"uv": [6.5, 8.5, 7.5, 9], "texture": "#1"},
				"up": {"uv": [6.5, 8.5, 7.5, 9.5], "texture": "#1"},
				"down": {"uv": [6.5, 8.5, 7.5, 9.5], "texture": "#1"}
			}
		},
		{
			"from": [6.63373, 9.82769, 10],
			"to": [7.63373, 10.32769, 11],
			"rotation": {"angle": 22.5, "axis": "z", "origin": [7.13373, 10.07769, 10.5]},
			"faces": {
				"north": {"uv": [7.5, 8.5, 8.5, 9], "texture": "#1"},
				"east": {"uv": [7.5, 8.5, 8.5, 9], "texture": "#1"},
				"south": {"uv": [7, 10, 8, 10.5], "texture": "#1"},
				"west": {"uv": [7.5, 8.5, 8.5, 9], "texture": "#1"},
				"up": {"uv": [6.5, 9.5, 7.5, 10.5], "texture": "#1"},
				"down": {"uv": [6.5, 9.5, 7.5, 10.5], "rotation": 180, "texture": "#1"}
			}
		},
		{
			"from": [7.71657, 5.9955, 6.5],
			"to": [8.71657, 6.4955, 7.5],
			"rotation": {"angle": 22.5, "axis": "z", "origin": [9.42253, 7.70337, 7]},
			"faces": {
				"north": {"uv": [6.5, 8.5, 7.5, 9], "rotation": 180, "texture": "#1"},
				"east": {"uv": [6.5, 8.5, 7.5, 9], "rotation": 180, "texture": "#1"},
				"south": {"uv": [6.5, 8.5, 7.5, 9], "rotation": 180, "texture": "#1"},
				"west": {"uv": [6.5, 8.5, 7.5, 9], "rotation": 180, "texture": "#1"},
				"up": {"uv": [6.5, 8.5, 7.5, 9.5], "rotation": 180, "texture": "#1"},
				"down": {"uv": [6.5, 8.5, 7.5, 9.5], "rotation": 180, "texture": "#1"}
			}
		},
		{
			"from": [7.71657, 5.9955, 10],
			"to": [8.71657, 6.4955, 11],
			"rotation": {"angle": 22.5, "axis": "z", "origin": [9.42253, 7.70337, 10.5]},
			"faces": {
				"north": {"uv": [7.5, 8.5, 8.5, 9], "rotation": 180, "texture": "#1"},
				"east": {"uv": [7.5, 8.5, 8.5, 9], "rotation": 180, "texture": "#1"},
				"south": {"uv": [7, 10, 8, 10.5], "rotation": 180, "texture": "#1"},
				"west": {"uv": [7.5, 8.5, 8.5, 9], "rotation": 180, "texture": "#1"},
				"up": {"uv": [6.5, 9.5, 7.5, 10.5], "texture": "#1"},
				"down": {"uv": [6.5, 9.5, 7.5, 10.5], "rotation": 180, "texture": "#1"}
			}
		},
		{
			"from": [5.7926, 6.74692, 6.5],
			"to": [6.2926, 7.74692, 7.5],
			"rotation": {"angle": 22.5, "axis": "z", "origin": [6.29451, 6.84676, 7]},
			"faces": {
				"north": {"uv": [6.5, 8.5, 7.5, 9], "rotation": 90, "texture": "#1"},
				"east": {"uv": [6.5, 8.5, 7.5, 9.5], "rotation": 90, "texture": "#1"},
				"south": {"uv": [6.5, 8.5, 7.5, 9], "rotation": 90, "texture": "#1"},
				"west": {"uv": [6.5, 8.5, 7.5, 9.5], "rotation": 270, "texture": "#1"},
				"up": {"uv": [6.5, 8.5, 7.5, 9], "rotation": 90, "texture": "#1"},
				"down": {"uv": [6.5, 8.5, 7.5, 9], "rotation": 90, "texture": "#1"}
			}
		},
		{
			"from": [5.7926, 6.74692, 10],
			"to": [6.2926, 7.74692, 11],
			"rotation": {"angle": 22.5, "axis": "z", "origin": [6.29451, 6.84676, 10.5]},
			"faces": {
				"north": {"uv": [6.5, 9, 7.5, 9.5], "rotation": 90, "texture": "#1"},
				"east": {"uv": [6.5, 9.5, 7.5, 10.5], "rotation": 90, "texture": "#1"},
				"south": {"uv": [7, 10, 8, 10.5], "rotation": 90, "texture": "#1"},
				"west": {"uv": [6.5, 9.5, 7.5, 10.5], "rotation": 270, "texture": "#1"},
				"up": {"uv": [7.5, 8.5, 8.5, 9], "rotation": 90, "texture": "#1"},
				"down": {"uv": [7.5, 8.5, 8.5, 9], "rotation": 90, "texture": "#1"}
			}
		},
		{
			"from": [10.23024, 8.00917, 6.5],
			"to": [10.73024, 9.00917, 7.5],
			"rotation": {"angle": 22.5, "axis": "z", "origin": [9.42253, 7.70337, 7]},
			"faces": {
				"north": {"uv": [6.5, 8.5, 7.5, 9], "rotation": 270, "texture": "#1"},
				"east": {"uv": [6.5, 8.5, 7.5, 9.5], "rotation": 90, "texture": "#1"},
				"south": {"uv": [6.5, 8.5, 7.5, 9], "rotation": 270, "texture": "#1"},
				"west": {"uv": [6.5, 8.5, 7.5, 9.5], "rotation": 270, "texture": "#1"},
				"up": {"uv": [6.5, 8.5, 7.5, 9], "rotation": 270, "texture": "#1"},
				"down": {"uv": [6.5, 8.5, 7.5, 9], "rotation": 270, "texture": "#1"}
			}
		},
		{
			"from": [10.23024, 8.00917, 10],
			"to": [10.73024, 9.00917, 11],
			"rotation": {"angle": 22.5, "axis": "z", "origin": [9.42253, 7.70337, 10.5]},
			"faces": {
				"north": {"uv": [6.5, 9, 7.5, 9.5], "rotation": 270, "texture": "#1"},
				"east": {"uv": [6.5, 9.5, 7.5, 10.5], "rotation": 90, "texture": "#1"},
				"south": {"uv": [7, 10, 8, 10.5], "rotation": 270, "texture": "#1"},
				"west": {"uv": [6.5, 9.5, 7.5, 10.5], "rotation": 270, "texture": "#1"},
				"up": {"uv": [7.5, 8.5, 8.5, 9], "rotation": 270, "texture": "#1"},
				"down": {"uv": [7.5, 8.5, 8.5, 9], "rotation": 270, "texture": "#1"}
			}
		},
		{
			"from": [5.81784, 8.28666, 6.5],
			"to": [6.31784, 9.28666, 7.5],
			"rotation": {"angle": -22.5, "axis": "z", "origin": [6.15399, 9.21979, 7]},
			"faces": {
				"north": {"uv": [6.5, 8.5, 7.5, 9], "rotation": 90, "texture": "#1"},
				"east": {"uv": [6.5, 8.5, 7.5, 9.5], "rotation": 90, "texture": "#1"},
				"south": {"uv": [6.5, 8.5, 7.5, 9], "rotation": 90, "texture": "#1"},
				"west": {"uv": [6.5, 8.5, 7.5, 9.5], "rotation": 270, "texture": "#1"},
				"up": {"uv": [6.5, 8.5, 7.5, 9], "rotation": 90, "texture": "#1"},
				"down": {"uv": [6.5, 8.5, 7.5, 9], "rotation": 90, "texture": "#1"}
			}
		},
		{
			"from": [5.81784, 8.28666, 10],
			"to": [6.31784, 9.28666, 11],
			"rotation": {"angle": -22.5, "axis": "z", "origin": [6.15399, 9.21979, 10.5]},
			"faces": {
				"north": {"uv": [6.5, 9, 7.5, 9.5], "rotation": 90, "texture": "#1"},
				"east": {"uv": [6.5, 9.5, 7.5, 10.5], "rotation": 90, "texture": "#1"},
				"south": {"uv": [7, 10, 8, 10.5], "rotation": 90, "texture": "#1"},
				"west": {"uv": [6.5, 9.5, 7.5, 10.5], "rotation": 270, "texture": "#1"},
				"up": {"uv": [7.5, 8.5, 8.5, 9], "rotation": 90, "texture": "#1"},
				"down": {"uv": [7.5, 8.5, 8.5, 9], "rotation": 90, "texture": "#1"}
			}
		},
		{
			"from": [10.01367, 6.92041, 6.5],
			"to": [10.51367, 7.92041, 7.5],
			"rotation": {"angle": -22.5, "axis": "z", "origin": [9.42253, 7.70337, 7]},
			"faces": {
				"north": {"uv": [6.5, 8.5, 7.5, 9], "rotation": 270, "texture": "#1"},
				"east": {"uv": [6.5, 8.5, 7.5, 9.5], "rotation": 90, "texture": "#1"},
				"south": {"uv": [6.5, 8.5, 7.5, 9], "rotation": 270, "texture": "#1"},
				"west": {"uv": [6.5, 8.5, 7.5, 9.5], "rotation": 270, "texture": "#1"},
				"up": {"uv": [6.5, 8.5, 7.5, 9], "rotation": 270, "texture": "#1"},
				"down": {"uv": [6.5, 8.5, 7.5, 9], "rotation": 270, "texture": "#1"}
			}
		},
		{
			"from": [10.01367, 6.92041, 10],
			"to": [10.51367, 7.92041, 11],
			"rotation": {"angle": -22.5, "axis": "z", "origin": [9.42253, 7.70337, 10.5]},
			"faces": {
				"north": {"uv": [6.5, 9, 7.5, 9.5], "rotation": 270, "texture": "#1"},
				"east": {"uv": [6.5, 9.5, 7.5, 10.5], "rotation": 90, "texture": "#1"},
				"south": {"uv": [7, 10, 8, 10.5], "rotation": 270, "texture": "#1"},
				"west": {"uv": [6.5, 9.5, 7.5, 10.5], "rotation": 270, "texture": "#1"},
				"up": {"uv": [7.5, 8.5, 8.5, 9], "rotation": 270, "texture": "#1"},
				"down": {"uv": [7.5, 8.5, 8.5, 9], "rotation": 270, "texture": "#1"}
			}
		},
		{
			"from": [6.93408, 6.03858, 6.5],
			"to": [7.93408, 6.53858, 7.5],
			"rotation": {"angle": -22.5, "axis": "z", "origin": [6.29451, 6.84676, 7]},
			"faces": {
				"north": {"uv": [6.5, 8.5, 7.5, 9], "rotation": 180, "texture": "#1"},
				"east": {"uv": [6.5, 8.5, 7.5, 9], "rotation": 180, "texture": "#1"},
				"south": {"uv": [6.5, 8.5, 7.5, 9], "rotation": 180, "texture": "#1"},
				"west": {"uv": [6.5, 8.5, 7.5, 9], "rotation": 180, "texture": "#1"},
				"up": {"uv": [6.5, 8.5, 7.5, 9.5], "rotation": 180, "texture": "#1"},
				"down": {"uv": [6.5, 8.5, 7.5, 9.5], "rotation": 180, "texture": "#1"}
			}
		},
		{
			"from": [6.93408, 6.03858, 10],
			"to": [7.93408, 6.53858, 11],
			"rotation": {"angle": -22.5, "axis": "z", "origin": [6.29451, 6.84676, 10.5]},
			"faces": {
				"north": {"uv": [7.5, 8.5, 8.5, 9], "rotation": 180, "texture": "#1"},
				"east": {"uv": [7.5, 8.5, 8.5, 9], "rotation": 180, "texture": "#1"},
				"south": {"uv": [7, 10, 8, 10.5], "rotation": 180, "texture": "#1"},
				"west": {"uv": [7.5, 8.5, 8.5, 9], "rotation": 180, "texture": "#1"},
				"up": {"uv": [6.5, 9.5, 7.5, 10.5], "texture": "#1"},
				"down": {"uv": [6.5, 9.5, 7.5, 10.5], "rotation": 180, "texture": "#1"}
			}
		},
		{
			"from": [7.5, 9.43408, 6.5],
			"to": [8.5, 9.93408, 7.5],
			"rotation": {"angle": -22.5, "axis": "z", "origin": [9.42253, 7.70337, 7]},
			"faces": {
				"north": {"uv": [6.5, 8.5, 7.5, 9], "texture": "#1"},
				"east": {"uv": [6.5, 8.5, 7.5, 9], "texture": "#1"},
				"south": {"uv": [6.5, 8.5, 7.5, 9], "texture": "#1"},
				"west": {"uv": [6.5, 8.5, 7.5, 9], "texture": "#1"},
				"up": {"uv": [6.5, 8.5, 7.5, 9.5], "texture": "#1"},
				"down": {"uv": [6.5, 8.5, 7.5, 9.5], "texture": "#1"}
			}
		},
		{
			"from": [7.5, 9.43408, 10],
			"to": [8.5, 9.93408, 11],
			"rotation": {"angle": -22.5, "axis": "z", "origin": [9.42253, 7.70337, 10.5]},
			"faces": {
				"north": {"uv": [7.5, 8.5, 8.5, 9], "texture": "#1"},
				"east": {"uv": [7.5, 8.5, 8.5, 9], "texture": "#1"},
				"south": {"uv": [7, 10, 8, 10.5], "texture": "#1"},
				"west": {"uv": [7.5, 8.5, 8.5, 9], "texture": "#1"},
				"up": {"uv": [6.5, 9.5, 7.5, 10.5], "texture": "#1"},
				"down": {"uv": [6.5, 9.5, 7.5, 10.5], "rotation": 180, "texture": "#1"}
			}
		}
	],
	"display": {
		"thirdperson_righthand": {
			"rotation": [0, 0, -61],
			"translation": [0, -2.25, 1.5],
			"scale": [1.2, 1.2, 1.2]
		},
		"thirdperson_lefthand": {
			"rotation": [0, 0, -61],
			"translation": [0, -2.25, 1.5],
			"scale": [1.2, 1.2, 1.2]
		},
		"firstperson_righthand": {
			"rotation": [-3, 0, 24],
			"translation": [-0.5, 3, 2.75],
			"scale": [1.2, 1.2, 1.2]
		},
		"firstperson_lefthand": {
			"rotation": [-3, 0, 20],
			"translation": [-0.5, 3, 2.75],
			"scale": [1.2, 1.2, 1.2]
		},
		"gui": {
			"rotation": [65, -42, -20],
			"translation": [-2, -1.75, 0],
			"scale": [1.4, 1.4, 1.4]
		}
	}
}