{
	"credit": "Made with Blockbench",
	"textures": {
		"0": "skins/monster",
		"particle": "skins/monster"
	},
	"elements": [
		{
			"from": [7.2369, 7.22183, 9.59758],
			"to": [8.7369, 8.22183, 11.59758],
			"rotation": {"angle": 0, "axis": "x", "origin": [7.9869, 5.91671, 11.40627]},
			"faces": {
				"north": {"uv": [4.5, 7, 5.5, 9], "rotation": 90, "texture": "#0"},
				"east": {"uv": [4.5, 7, 5.5, 9], "rotation": 270, "texture": "#0"},
				"south": {"uv": [4.5, 7, 5.5, 9], "rotation": 90, "texture": "#0"},
				"west": {"uv": [4.5, 7, 5.5, 9], "rotation": 90, "texture": "#0"},
				"up": {"uv": [4.5, 7, 5.5, 9], "rotation": 180, "texture": "#0"},
				"down": {"uv": [4.5, 7, 5.5, 9], "texture": "#0"}
			}
		},
		{
			"from": [7.2369, -8.37817, 7.00242],
			"to": [8.7369, -7.37817, 9.00242],
			"rotation": {"angle": -22.5, "axis": "x", "origin": [7.9869, -9.75394, 7.12129]},
			"faces": {
				"north": {"uv": [4, 6, 6, 7], "rotation": 180, "texture": "#0"},
				"east": {"uv": [4, 6, 6, 7], "rotation": 180, "texture": "#0"},
				"south": {"uv": [4, 6, 6, 7], "rotation": 180, "texture": "#0"},
				"west": {"uv": [4, 6, 6, 7], "rotation": 180, "texture": "#0"},
				"up": {"uv": [4, 6, 5.5, 8], "texture": "#0"},
				"down": {"uv": [4, 6, 5.5, 8], "rotation": 180, "texture": "#0"}
			}
		},
		{
			"from": [7.2619, 13.34101, 10.08317],
			"to": [8.7119, 14.29101, 11.13317],
			"rotation": {"angle": 0, "axis": "x", "origin": [7.9869, 14.77318, 11.447]},
			"faces": {
				"north": {"uv": [5, 3, 6.1, 4], "texture": "#0"},
				"east": {"uv": [5, 3, 6.1, 4], "texture": "#0"},
				"south": {"uv": [5, 3, 6.1, 4], "texture": "#0"},
				"west": {"uv": [5, 3, 6.1, 4], "texture": "#0"},
				"up": {"uv": [5, 3, 6.1, 4], "texture": "#0"},
				"down": {"uv": [5, 3, 6.1, 4], "texture": "#0"}
			}
		},
		{
			"from": [7.2369, 8.65439, 6.11641],
			"to": [8.7369, 9.65439, 8.11641],
			"rotation": {"angle": 22.5, "axis": "x", "origin": [7.9869, 9.33845, 6.15853]},
			"faces": {
				"north": {"uv": [4.5, 5, 6.5, 6], "texture": "#0"},
				"east": {"uv": [4.5, 5, 6.5, 6], "texture": "#0"},
				"south": {"uv": [4.5, 5, 6.5, 6], "texture": "#0"},
				"west": {"uv": [4.5, 5, 6.5, 6], "texture": "#0"},
				"up": {"uv": [4.5, 5, 6.5, 6], "texture": "#0"},
				"down": {"uv": [4.5, 5, 6.5, 6], "texture": "#0"}
			}
		},
		{
			"from": [7.2369, 5.4869, 8.99679],
			"to": [8.7369, 6.6869, 9.99679],
			"rotation": {"angle": 0, "axis": "x", "origin": [7.9869, 5.91671, 11.40627]},
			"faces": {
				"north": {"uv": [5, 7.5, 5.9, 8.4], "rotation": 90, "texture": "#0"},
				"east": {"uv": [5, 7.5, 5.9, 8.4], "rotation": 90, "texture": "#0"},
				"south": {"uv": [5, 7.5, 5.9, 8.4], "rotation": 90, "texture": "#0"},
				"west": {"uv": [5, 7.5, 5.9, 8.4], "rotation": 90, "texture": "#0"},
				"up": {"uv": [5, 7.5, 5.9, 8.4], "rotation": 90, "texture": "#0"},
				"down": {"uv": [5, 7.5, 5.9, 8.4], "rotation": 90, "texture": "#0"}
			}
		},
		{
			"from": [7.2369, -10.1131, 8.60321],
			"to": [8.7369, -8.9131, 9.60321],
			"rotation": {"angle": -22.5, "axis": "x", "origin": [7.9869, -9.75394, 7.12129]},
			"faces": {
				"north": {"uv": [5, 5.5, 6.2, 6.5], "rotation": 90, "texture": "#0"},
				"east": {"uv": [5, 5.5, 6.2, 6.5], "rotation": 90, "texture": "#0"},
				"south": {"uv": [5, 5.5, 6.2, 6.5], "rotation": 90, "texture": "#0"},
				"west": {"uv": [5, 5.5, 6.2, 6.5], "rotation": 90, "texture": "#0"},
				"up": {"uv": [5, 5.5, 6.2, 6.5], "rotation": 90, "texture": "#0"},
				"down": {"uv": [5, 5.5, 6.2, 6.5], "rotation": 90, "texture": "#0"}
			}
		},
		{
			"from": [7.1369, -9.1631, 8.45321],
			"to": [8.8369, -7.2131, 9.75321],
			"rotation": {"angle": -22.5, "axis": "x", "origin": [7.9869, -9.75394, 7.12129]},
			"faces": {
				"north": {"uv": [3.5, 7.5, 5.45, 8.8], "rotation": 90, "texture": "#0"},
				"east": {"uv": [5, 7, 6.95, 8.3], "rotation": 90, "texture": "#0"},
				"south": {"uv": [5, 6.5, 6.7, 8.45], "rotation": 180, "texture": "#0"},
				"west": {"uv": [5, 7, 6.95, 8.3], "rotation": 90, "texture": "#0"},
				"up": {"uv": [5, 7, 6.95, 8.3], "rotation": 90, "texture": "#0"},
				"down": {"uv": [5, 7, 6.95, 8.3], "rotation": 90, "texture": "#0"}
			}
		},
		{
			"from": [7.2369, 6.4869, 4.79679],
			"to": [8.7369, 7.6869, 5.79679],
			"rotation": {"angle": 45, "axis": "x", "origin": [7.9869, 5.24689, 6.62482]},
			"faces": {
				"north": {"uv": [4.5, 6.5, 5.7, 7.5], "rotation": 90, "texture": "#0"},
				"east": {"uv": [4.5, 6.5, 5.7, 7.5], "rotation": 90, "texture": "#0"},
				"south": {"uv": [4.5, 6.5, 5.7, 7.5], "rotation": 90, "texture": "#0"},
				"west": {"uv": [4.5, 6.5, 5.7, 7.5], "rotation": 90, "texture": "#0"},
				"up": {"uv": [4.5, 6.5, 5.7, 7.5], "rotation": 90, "texture": "#0"},
				"down": {"uv": [4.5, 6.5, 5.7, 7.5], "rotation": 90, "texture": "#0"}
			}
		},
		{
			"from": [6.8869, 5.60528, 5.833],
			"to": [9.0869, 7.80528, 10.033],
			"rotation": {"angle": 22.5, "axis": "x", "origin": [7.9869, 5.91671, 11.40627]},
			"faces": {
				"north": {"uv": [4, 3.5, 6.2, 5.7], "texture": "#0"},
				"east": {"uv": [5.5, 4.5, 7.7, 8.7], "rotation": 90, "texture": "#0"},
				"south": {"uv": [1.5, 7, 3.5, 9], "rotation": 270, "texture": "#0"},
				"west": {"uv": [3, 4.5, 5.2, 8.7], "rotation": 270, "texture": "#0"},
				"up": {"uv": [4.5, 5, 6.7, 9.2], "texture": "#0"},
				"down": {"uv": [3, 4.5, 5.2, 8.7], "rotation": 180, "texture": "#0"}
			}
		},
		{
			"from": [6.9869, 5.27358, 7.09791],
			"to": [8.9869, 7.27358, 9.59791],
			"rotation": {"angle": -45, "axis": "x", "origin": [7.9869, 6.77358, 8.09791]},
			"faces": {
				"north": {"uv": [4, 4.5, 6.5, 6.5], "rotation": 270, "texture": "#0"},
				"east": {"uv": [4.5, 6, 6.5, 8.5], "rotation": 90, "texture": "#0"},
				"south": {"uv": [4.5, 6, 7, 8], "rotation": 270, "texture": "#0"},
				"west": {"uv": [4.5, 6, 7, 8], "rotation": 270, "texture": "#0"},
				"up": {"uv": [4, 4, 6.5, 6], "rotation": 270, "texture": "#0"},
				"down": {"uv": [1.5, 7, 4, 9], "rotation": 180, "texture": "#0"}
			}
		},
		{
			"from": [6.9869, 6.69968, 8.34916],
			"to": [8.9869, 9.54968, 10.59916],
			"rotation": {"angle": -22.5, "axis": "x", "origin": [7.9869, 8.39968, 8.49916]},
			"faces": {
				"north": {"uv": [3, 8, 5, 5], "rotation": 180, "texture": "#0"},
				"east": {"uv": [3, 8, 5, 5], "rotation": 180, "texture": "#0"},
				"south": {"uv": [3, 8, 5, 5], "rotation": 180, "texture": "#0"},
				"west": {"uv": [3, 8, 5, 5], "rotation": 180, "texture": "#0"},
				"up": {"uv": [3, 6.5, 5, 3.5], "rotation": 180, "texture": "#0"},
				"down": {"uv": [3, 8, 5, 5], "texture": "#0"}
			}
		},
		{
			"from": [7.1869, 11.97392, 9.48423],
			"to": [8.7869, 13.47392, 10.73423],
			"rotation": {"angle": -22.5, "axis": "x", "origin": [7.9869, 14.32001, 9.55244]},
			"faces": {
				"north": {"uv": [5, 2.5, 6.25, 4], "texture": "#0"},
				"east": {"uv": [5, 2.5, 6.25, 4], "texture": "#0"},
				"south": {"uv": [5, 2.5, 6.25, 4], "texture": "#0"},
				"west": {"uv": [5, 2.5, 6.25, 4], "texture": "#0"},
				"up": {"uv": [5, 2.5, 6.25, 4], "texture": "#0"},
				"down": {"uv": [5, 2.5, 6.25, 4], "texture": "#0"}
			}
		},
		{
			"from": [7.0869, 9.76799, 10.27686],
			"to": [8.8869, 11.46799, 11.92686],
			"rotation": {"angle": 22.5, "axis": "x", "origin": [7.9869, 11.32464, 11.00619]},
			"faces": {
				"north": {"uv": [3, 4, 4.65, 5.7], "texture": "#0"},
				"east": {"uv": [3, 4, 4.65, 5.7], "texture": "#0"},
				"south": {"uv": [3, 4, 4.65, 5.7], "texture": "#0"},
				"west": {"uv": [3, 4, 4.65, 5.7], "texture": "#0"},
				"up": {"uv": [3, 4, 4.65, 5.7], "texture": "#0"},
				"down": {"uv": [3, 4, 4.65, 5.7], "texture": "#0"}
			}
		},
		{
			"from": [7.2869, 13.82283, 8.24197],
			"to": [8.6869, 14.97283, 9.74197],
			"rotation": {"angle": 22.5, "axis": "x", "origin": [7.9869, 14.32001, 9.55244]},
			"faces": {
				"north": {"uv": [5.5, 7, 6.5, 8], "rotation": 90, "texture": "#0"},
				"east": {"uv": [4.5, 7, 5.5, 5.5], "rotation": 90, "texture": "#0"},
				"south": {"uv": [4.5, 5.5, 5.5, 7], "rotation": 90, "texture": "#0"},
				"west": {"uv": [4.5, 5.5, 5.5, 7], "rotation": 90, "texture": "#0"},
				"up": {"uv": [3.5, 5, 5, 6], "rotation": 90, "texture": "#0"},
				"down": {"uv": [4.5, 5.5, 5.5, 7], "rotation": 90, "texture": "#0"}
			}
		},
		{
			"from": [7.0369, 7.9823, 9.34113],
			"to": [8.9369, 9.8323, 11.24113],
			"rotation": {"angle": -45, "axis": "x", "origin": [7.9869, 8.9823, 9.49113]},
			"faces": {
				"north": {"uv": [3.5, 3.5, 5.4, 5.4], "rotation": 270, "texture": "#0"},
				"east": {"uv": [3.5, 3.5, 5.4, 5.4], "rotation": 270, "texture": "#0"},
				"south": {"uv": [3.5, 3.5, 5.4, 5.4], "rotation": 270, "texture": "#0"},
				"west": {"uv": [3.5, 3.5, 5.4, 5.4], "rotation": 270, "texture": "#0"},
				"up": {"uv": [3.5, 3.5, 5.4, 5.4], "rotation": 270, "texture": "#0"},
				"down": {"uv": [3.5, 3.5, 5.4, 5.4], "rotation": 270, "texture": "#0"}
			}
		},
		{
			"from": [7.2369, 13.00953, 9.05527],
			"to": [8.7369, 14.50953, 10.30527],
			"rotation": {"angle": -45, "axis": "x", "origin": [7.9869, 14.32001, 9.55244]},
			"faces": {
				"north": {"uv": [4, 4.5, 5.5, 6], "rotation": 90, "texture": "#0"},
				"east": {"uv": [4, 4.5, 5.5, 6], "rotation": 90, "texture": "#0"},
				"south": {"uv": [4, 4.5, 5.5, 6], "rotation": 90, "texture": "#0"},
				"west": {"uv": [4, 4.5, 5.5, 6], "rotation": 90, "texture": "#0"},
				"up": {"uv": [4, 4.5, 5.5, 6], "rotation": 90, "texture": "#0"},
				"down": {"uv": [4, 4.5, 5.5, 6], "rotation": 90, "texture": "#0"}
			}
		},
		{
			"from": [7.1369, 11.18129, 10.27686],
			"to": [8.8369, 12.68129, 11.62686],
			"rotation": {"angle": 0, "axis": "x", "origin": [7.9869, 11.32464, 11.00619]},
			"faces": {
				"north": {"uv": [3, 2.5, 4.7, 4], "texture": "#0"},
				"east": {"uv": [2.5, 2, 3.85, 3.5], "texture": "#0"},
				"south": {"uv": [2.5, 2, 3.85, 3.5], "texture": "#0"},
				"west": {"uv": [2.5, 2, 3.85, 3.5], "texture": "#0"},
				"up": {"uv": [2.5, 2, 3.85, 3.5], "texture": "#0"},
				"down": {"uv": [2.5, 2, 3.85, 3.5], "texture": "#0"}
			}
		},
		{
			"from": [7.3869, 14.2518, 7.20635],
			"to": [8.5869, 15.2018, 8.70635],
			"rotation": {"angle": 0, "axis": "x", "origin": [7.9869, 14.32001, 9.55244]},
			"faces": {
				"north": {"uv": [5.5, 6.5, 6.45, 8], "rotation": 90, "texture": "#0"},
				"east": {"uv": [5.5, 6.5, 6.45, 8], "rotation": 270, "texture": "#0"},
				"south": {"uv": [5.5, 6.5, 6.45, 8], "rotation": 90, "texture": "#0"},
				"west": {"uv": [5.5, 6.5, 6.45, 8], "rotation": 90, "texture": "#0"},
				"up": {"uv": [5.5, 6.5, 6.45, 8], "rotation": 180, "texture": "#0"},
				"down": {"uv": [5.5, 6.5, 6.45, 8], "texture": "#0"}
			}
		},
		{
			"from": [7.2869, 7.16957, 10.65089],
			"to": [8.6869, 8.06957, 11.55089],
			"rotation": {"angle": 22.5, "axis": "x", "origin": [7.9869, 5.91671, 11.40627]},
			"faces": {
				"north": {"uv": [4, 6, 5, 7], "texture": "#0"},
				"east": {"uv": [4, 6, 5, 7], "texture": "#0"},
				"south": {"uv": [4, 6, 5, 7], "texture": "#0"},
				"west": {"uv": [4, 6, 5, 7], "rotation": 90, "texture": "#0"},
				"up": {"uv": [4, 6, 5, 7], "rotation": 180, "texture": "#0"},
				"down": {"uv": [1, 7.5, 2, 8.5], "texture": "#0"}
			}
		},
		{
			"from": [7.2869, -9.8046, 4.93088],
			"to": [8.6869, -8.9046, 5.83088],
			"rotation": {"angle": 45, "axis": "x", "origin": [7.9869, -9.75394, 7.12129]},
			"faces": {
				"north": {"uv": [4.5, 4.5, 5.4, 5.4], "rotation": 90, "texture": "#0"},
				"east": {"uv": [4.5, 4.5, 5.4, 5.4], "rotation": 90, "texture": "#0"},
				"south": {"uv": [4.5, 4.5, 5.4, 5.4], "rotation": 90, "texture": "#0"},
				"west": {"uv": [4.5, 4.5, 5.4, 5.4], "rotation": 90, "texture": "#0"},
				"up": {"uv": [4.5, 4.5, 5.4, 5.4], "rotation": 90, "texture": "#0"},
				"down": {"uv": [4.5, 4.5, 5.4, 5.4], "rotation": 90, "texture": "#0"}
			}
		},
		{
			"from": [7.2869, 2.32506, 6.68659],
			"to": [8.6869, 3.22506, 7.88659],
			"rotation": {"angle": 45, "axis": "x", "origin": [7.9869, 1.80433, 6.59922]},
			"faces": {
				"north": {"uv": [4, 5, 5.2, 5.9], "rotation": 180, "texture": "#0"},
				"east": {"uv": [4, 5, 5.2, 5.9], "rotation": 180, "texture": "#0"},
				"south": {"uv": [4, 5, 5.2, 5.9], "rotation": 180, "texture": "#0"},
				"west": {"uv": [4, 5, 5.2, 5.9], "rotation": 180, "texture": "#0"},
				"up": {"uv": [4, 5, 5.2, 5.9], "rotation": 180, "texture": "#0"},
				"down": {"uv": [4, 5, 5.2, 5.9], "rotation": 180, "texture": "#0"}
			}
		},
		{
			"from": [7.2369, 0.62506, 7.58659],
			"to": [8.7369, 1.62506, 8.58659],
			"rotation": {"angle": 45, "axis": "x", "origin": [7.9869, 0.20433, 7.39922]},
			"faces": {
				"north": {"uv": [3, 2.5, 4.5, 3.5], "rotation": 180, "texture": "#0"},
				"east": {"uv": [3, 2.5, 4, 3.5], "rotation": 180, "texture": "#0"},
				"south": {"uv": [3, 2.5, 4.5, 3.5], "rotation": 180, "texture": "#0"},
				"west": {"uv": [3, 2.5, 4, 3.5], "rotation": 180, "texture": "#0"},
				"up": {"uv": [3, 2.5, 4.5, 3.5], "rotation": 180, "texture": "#0"},
				"down": {"uv": [3, 2.5, 4.5, 3.5], "rotation": 180, "texture": "#0"}
			}
		},
		{
			"from": [7.74474, -3.98599, 7.25703],
			"to": [8.74474, -2.98599, 8.75703],
			"rotation": {"angle": 45, "axis": "z", "origin": [7.9869, -2.9953, 8.00703]},
			"faces": {
				"north": {"uv": [3, 2.5, 4, 3.5], "texture": "#0"},
				"east": {"uv": [3, 2.5, 4.5, 3.5], "texture": "#0"},
				"south": {"uv": [3, 2.5, 4, 3.5], "texture": "#0"},
				"west": {"uv": [3, 2.5, 4.5, 3.5], "texture": "#0"},
				"up": {"uv": [3, 2.5, 4.5, 3.5], "rotation": 270, "texture": "#0"},
				"down": {"uv": [3, 2.5, 4.5, 3.5], "rotation": 90, "texture": "#0"}
			}
		},
		{
			"from": [7.2869, 13.58746, 10.57253],
			"to": [8.6869, 14.48746, 11.47253],
			"rotation": {"angle": -22.5, "axis": "x", "origin": [7.9869, 14.77318, 11.447]},
			"faces": {
				"north": {"uv": [0.5, 3.5, 1.9, 4.4], "texture": "#0"},
				"east": {"uv": [0.5, 3.5, 1.9, 4.4], "texture": "#0"},
				"south": {"uv": [0.5, 3.5, 1.9, 4.4], "texture": "#0"},
				"west": {"uv": [0.5, 3.5, 1.9, 4.4], "texture": "#0"},
				"up": {"uv": [0.5, 3.5, 1.9, 4.4], "texture": "#0"},
				"down": {"uv": [0.5, 3.5, 1.9, 4.4], "texture": "#0"}
			}
		},
		{
			"from": [7.3869, 8.74035, 5.5314],
			"to": [8.4869, 9.64035, 6.4314],
			"rotation": {"angle": 45, "axis": "x", "origin": [7.9869, 9.33845, 6.15853]},
			"faces": {
				"north": {"uv": [4.5, 5, 5.4, 5.9], "texture": "#0"},
				"east": {"uv": [4.5, 5, 5.4, 5.9], "texture": "#0"},
				"south": {"uv": [4.5, 5, 5.4, 5.9], "texture": "#0"},
				"west": {"uv": [4.5, 5, 5.4, 5.9], "texture": "#0"},
				"up": {"uv": [4.5, 5, 5.4, 5.9], "texture": "#0"},
				"down": {"uv": [4.5, 5, 5.4, 5.9], "texture": "#0"}
			}
		},
		{
			"from": [7.2879, 14.93518, 8.06732],
			"to": [8.6859, 15.83318, 8.96532],
			"rotation": {"angle": 45, "axis": "x", "origin": [7.9869, 15.72452, 7.88738]},
			"faces": {
				"north": {"uv": [4, 6, 4.9, 6.9], "texture": "#0"},
				"east": {"uv": [4, 6, 4.9, 6.9], "rotation": 90, "texture": "#0"},
				"south": {"uv": [4, 6, 4.9, 6.9], "texture": "#0"},
				"west": {"uv": [4, 6, 4.9, 6.9], "texture": "#0"},
				"up": {"uv": [3.5, 5, 4.4, 5.9], "rotation": 270, "texture": "#0"},
				"down": {"uv": [5.5, 7, 6.4, 7.9], "texture": "#0"}
			}
		},
		{
			"from": [7.2869, 5.55258, 9.05958],
			"to": [8.6869, 6.45258, 9.95958],
			"rotation": {"angle": -22.5, "axis": "x", "origin": [7.9869, 5.91671, 11.40627]},
			"faces": {
				"north": {"uv": [4.5, 6.5, 5.4, 7.4], "rotation": 90, "texture": "#0"},
				"east": {"uv": [4.5, 6.5, 5.4, 7.4], "rotation": 90, "texture": "#0"},
				"south": {"uv": [4.5, 6.5, 5.4, 7.4], "rotation": 90, "texture": "#0"},
				"west": {"uv": [4.5, 6.5, 5.4, 7.4], "rotation": 90, "texture": "#0"},
				"up": {"uv": [4.5, 6.5, 5.4, 7.4], "rotation": 90, "texture": "#0"},
				"down": {"uv": [4.5, 6.5, 5.4, 7.4], "rotation": 90, "texture": "#0"}
			}
		},
		{
			"from": [7.2869, -10.02508, 8.60787],
			"to": [8.6869, -9.12508, 9.50787],
			"rotation": {"angle": 0, "axis": "x", "origin": [7.9869, -9.75394, 7.12129]},
			"faces": {
				"north": {"uv": [4, 4, 4.9, 4.9], "rotation": 90, "texture": "#0"},
				"east": {"uv": [4, 4, 4.9, 4.9], "rotation": 90, "texture": "#0"},
				"south": {"uv": [4, 4, 4.9, 4.9], "rotation": 90, "texture": "#0"},
				"west": {"uv": [4, 4, 4.9, 4.9], "rotation": 90, "texture": "#0"},
				"up": {"uv": [4, 4, 4.9, 4.9], "rotation": 90, "texture": "#0"},
				"down": {"uv": [4, 4, 4.9, 4.9], "rotation": 90, "texture": "#0"}
			}
		},
		{
			"from": [7.2869, 6.20296, 5.45433],
			"to": [8.6869, 7.10296, 6.35433],
			"rotation": {"angle": 22.5, "axis": "x", "origin": [7.9869, 5.24689, 6.62482]},
			"faces": {
				"north": {"uv": [5.5, 7, 6.4, 7.9], "rotation": 90, "texture": "#0"},
				"east": {"uv": [5.5, 7, 6.4, 7.9], "rotation": 90, "texture": "#0"},
				"south": {"uv": [5.5, 7, 6.4, 7.9], "rotation": 90, "texture": "#0"},
				"west": {"uv": [5.5, 7, 6.4, 7.9], "rotation": 90, "texture": "#0"},
				"up": {"uv": [5.5, 7, 6.4, 7.9], "rotation": 90, "texture": "#0"},
				"down": {"uv": [5.5, 7, 6.4, 7.9], "rotation": 90, "texture": "#0"}
			}
		},
		{
			"from": [7.3369, 7.11105, 10.66602],
			"to": [8.6369, 7.91105, 11.46602],
			"rotation": {"angle": 45, "axis": "x", "origin": [7.9869, 5.91671, 11.40627]},
			"faces": {
				"north": {"uv": [4, 5, 5, 6], "rotation": 90, "texture": "#0"},
				"east": {"uv": [4, 5, 5, 6], "rotation": 90, "texture": "#0"},
				"south": {"uv": [4, 5, 5, 6], "rotation": 90, "texture": "#0"},
				"west": {"uv": [4, 5, 5, 6], "rotation": 90, "texture": "#0"},
				"up": {"uv": [4, 5, 5, 6], "rotation": 90, "texture": "#0"},
				"down": {"uv": [4, 5, 5, 6], "rotation": 90, "texture": "#0"}
			}
		},
		{
			"from": [7.3369, -9.7125, 5.12822],
			"to": [8.6369, -8.9125, 5.92822],
			"rotation": {"angle": 22.5, "axis": "x", "origin": [7.9869, -9.75394, 7.12129]},
			"faces": {
				"north": {"uv": [4.5, 5, 5.3, 5.8], "texture": "#0"},
				"east": {"uv": [4.5, 5, 5.3, 5.8], "texture": "#0"},
				"south": {"uv": [4.5, 5, 5.3, 5.8], "texture": "#0"},
				"west": {"uv": [4.5, 5, 5.3, 5.8], "texture": "#0"},
				"up": {"uv": [4.5, 5, 5.3, 5.8], "texture": "#0"},
				"down": {"uv": [4.5, 5, 5.3, 5.8], "texture": "#0"}
			}
		},
		{
			"from": [7.3369, 2.23348, 6.47363],
			"to": [8.6369, 3.03348, 7.27363],
			"rotation": {"angle": 22.5, "axis": "x", "origin": [7.9869, 1.80433, 6.59922]},
			"faces": {
				"north": {"uv": [4, 4, 4.8, 4.8], "rotation": 90, "texture": "#0"},
				"east": {"uv": [4, 4, 4.8, 4.8], "rotation": 90, "texture": "#0"},
				"south": {"uv": [4, 4, 4.8, 4.8], "rotation": 90, "texture": "#0"},
				"west": {"uv": [4, 4, 4.8, 4.8], "rotation": 90, "texture": "#0"},
				"up": {"uv": [4, 4, 4.8, 4.8], "rotation": 90, "texture": "#0"},
				"down": {"uv": [4, 4, 4.8, 4.8], "rotation": 90, "texture": "#0"}
			}
		},
		{
			"from": [7.3369, 14.29301, 11.70224],
			"to": [8.6369, 15.09301, 12.50224],
			"rotation": {"angle": 45, "axis": "x", "origin": [7.9869, 14.77318, 11.447]},
			"faces": {
				"north": {"uv": [0, 2.5, 0.8, 3.3], "texture": "#0"},
				"east": {"uv": [0, 2.5, 0.8, 3.3], "texture": "#0"},
				"south": {"uv": [0, 2.5, 0.8, 3.3], "texture": "#0"},
				"west": {"uv": [0, 2.5, 0.8, 3.3], "texture": "#0"},
				"up": {"uv": [0, 2.5, 0.8, 3.3], "texture": "#0"},
				"down": {"uv": [0, 2.5, 0.8, 3.3], "texture": "#0"}
			}
		},
		{
			"from": [7.4369, 7.03895, 5.31596],
			"to": [8.4369, 10.43895, 6.21596],
			"rotation": {"angle": -22.5, "axis": "x", "origin": [7.9869, 9.33845, 6.15853]},
			"faces": {
				"north": {"uv": [4, 3.5, 4.9, 6.9], "texture": "#0"},
				"east": {"uv": [4, 3.5, 4.9, 6.9], "texture": "#0"},
				"south": {"uv": [4, 3.5, 4.9, 6.9], "texture": "#0"},
				"west": {"uv": [4, 3.5, 4.9, 6.9], "texture": "#0"},
				"up": {"uv": [4, 3.5, 4.9, 6.9], "texture": "#0"},
				"down": {"uv": [4, 3.5, 4.9, 6.9], "texture": "#0"}
			}
		},
		{
			"from": [7.3379, 15.20775, 7.27668],
			"to": [8.6359, 16.00575, 8.07468],
			"rotation": {"angle": -22.5, "axis": "x", "origin": [7.9869, 15.72452, 7.88738]},
			"faces": {
				"north": {"uv": [3.5, 5, 4.5, 6], "rotation": 270, "texture": "#0"},
				"east": {"uv": [5, 5.5, 6, 6.5], "texture": "#0"},
				"south": {"uv": [4.5, 4.5, 5.5, 5.5], "texture": "#0"},
				"west": {"uv": [5, 5.5, 6, 6.5], "rotation": 90, "texture": "#0"},
				"up": {"uv": [5, 5.5, 6, 6.5], "texture": "#0"},
				"down": {"uv": [5, 5.5, 6, 6.5], "texture": "#0"}
			}
		},
		{
			"from": [7.3379, 14.89911, 8.88407],
			"to": [8.6359, 15.69711, 9.68207],
			"rotation": {"angle": 0, "axis": "x", "origin": [7.9869, 15.65298, 9.51936]},
			"faces": {
				"north": {"uv": [3.5, 5, 4.5, 6], "rotation": 90, "texture": "#0"},
				"east": {"uv": [4.5, 6, 5.5, 7], "rotation": 270, "texture": "#0"},
				"south": {"uv": [3.5, 5, 4.5, 6], "rotation": 270, "texture": "#0"},
				"west": {"uv": [4.5, 6, 5.5, 7], "texture": "#0"},
				"up": {"uv": [4.5, 5, 5.5, 6], "texture": "#0"},
				"down": {"uv": [4.5, 6, 5.5, 7], "texture": "#0"}
			}
		},
		{
			"from": [7.3369, 3.65931, 10.79464],
			"to": [8.6369, 4.45931, 11.59464],
			"rotation": {"angle": 45, "axis": "x", "origin": [7.9869, 5.91671, 11.40627]},
			"faces": {
				"north": {"uv": [4.5, 5, 5.3, 5.8], "rotation": 90, "texture": "#0"},
				"east": {"uv": [4.5, 5, 5.3, 5.8], "rotation": 90, "texture": "#0"},
				"south": {"uv": [4.5, 5, 5.3, 5.8], "rotation": 90, "texture": "#0"},
				"west": {"uv": [4.5, 5, 5.3, 5.8], "rotation": 90, "texture": "#0"},
				"up": {"uv": [4.5, 5, 5.3, 5.8], "rotation": 90, "texture": "#0"},
				"down": {"uv": [4.5, 5, 5.3, 5.8], "rotation": 90, "texture": "#0"}
			}
		},
		{
			"from": [7.3369, -9.84113, 8.57996],
			"to": [8.6369, -9.04113, 9.37996],
			"rotation": {"angle": 22.5, "axis": "x", "origin": [7.9869, -9.75394, 7.12129]},
			"faces": {
				"north": {"uv": [4.5, 4, 5.3, 4.8], "texture": "#0"},
				"east": {"uv": [4.5, 4, 5.3, 4.8], "texture": "#0"},
				"south": {"uv": [4.5, 4, 5.3, 4.8], "texture": "#0"},
				"west": {"uv": [4.5, 4, 5.3, 4.8], "texture": "#0"},
				"up": {"uv": [4.5, 4, 5.3, 4.8], "texture": "#0"},
				"down": {"uv": [4.5, 4, 5.3, 4.8], "texture": "#0"}
			}
		},
		{
			"from": [7.3369, 5.82811, 5.9593],
			"to": [8.6369, 6.62811, 6.7593],
			"rotation": {"angle": 0, "axis": "x", "origin": [7.9869, 5.24689, 6.62482]},
			"faces": {
				"north": {"uv": [5, 6, 5.3, 6.3], "texture": "#0"},
				"east": {"uv": [5, 6, 5.3, 6.3], "texture": "#0"},
				"south": {"uv": [5, 6, 5.3, 6.3], "texture": "#0"},
				"west": {"uv": [5, 6, 5.3, 6.3], "texture": "#0"},
				"up": {"uv": [5, 6, 5.3, 6.3], "texture": "#0"},
				"down": {"uv": [5, 6, 5.3, 6.3], "texture": "#0"}
			}
		},
		{
			"from": [7.3869, 6.53467, 12.10872],
			"to": [8.5869, 7.23467, 12.80872],
			"rotation": {"angle": 0, "axis": "x", "origin": [7.9869, 5.91671, 11.40627]},
			"faces": {
				"north": {"uv": [4.5, 4, 5.2, 4.7], "rotation": 270, "texture": "#0"},
				"east": {"uv": [4.5, 4, 5.2, 4.7], "rotation": 270, "texture": "#0"},
				"south": {"uv": [4.5, 4, 5.2, 4.7], "rotation": 270, "texture": "#0"},
				"west": {"uv": [4.5, 4, 5.2, 4.7], "rotation": 270, "texture": "#0"},
				"up": {"uv": [4.5, 4, 5.2, 4.7], "rotation": 270, "texture": "#0"},
				"down": {"uv": [4.5, 4, 5.2, 4.7], "rotation": 270, "texture": "#0"}
			}
		},
		{
			"from": [7.3869, -9.06533, 5.79128],
			"to": [8.5869, -8.36533, 6.49128],
			"rotation": {"angle": -22.5, "axis": "x", "origin": [7.9869, -9.75394, 7.12129]},
			"faces": {
				"north": {"uv": [4.5, 4, 4.7, 4.2], "rotation": 270, "texture": "#0"},
				"east": {"uv": [4.5, 4, 4.7, 4.2], "rotation": 270, "texture": "#0"},
				"south": {"uv": [4.5, 4, 4.7, 4.2], "rotation": 270, "texture": "#0"},
				"west": {"uv": [4.5, 4, 4.7, 4.2], "rotation": 270, "texture": "#0"},
				"up": {"uv": [4.5, 4, 4.7, 4.2], "rotation": 270, "texture": "#0"},
				"down": {"uv": [4.5, 4, 4.7, 4.2], "rotation": 270, "texture": "#0"}
			}
		},
		{
			"from": [7.3869, 2.01228, 6.62956],
			"to": [8.5869, 2.71228, 7.32956],
			"rotation": {"angle": -22.5, "axis": "x", "origin": [7.9869, 1.80433, 6.59922]},
			"faces": {
				"north": {"uv": [4.5, 3.5, 5.2, 4.2], "rotation": 180, "texture": "#0"},
				"east": {"uv": [4.5, 3.5, 5.2, 4.2], "rotation": 180, "texture": "#0"},
				"south": {"uv": [4.5, 3.5, 5.2, 4.2], "rotation": 180, "texture": "#0"},
				"west": {"uv": [4.5, 3.5, 5.2, 4.2], "rotation": 180, "texture": "#0"},
				"up": {"uv": [4.5, 3.5, 5.2, 4.2], "rotation": 180, "texture": "#0"},
				"down": {"uv": [4.5, 3.5, 5.2, 4.2], "rotation": 180, "texture": "#0"}
			}
		},
		{
			"from": [7.3869, 14.30317, 11.66931],
			"to": [8.5869, 15.00317, 12.36931],
			"rotation": {"angle": 0, "axis": "x", "origin": [7.9869, 14.77318, 11.447]},
			"faces": {
				"north": {"uv": [1, 2, 2, 3], "rotation": 90, "texture": "#0"},
				"east": {"uv": [1, 2, 2, 3], "rotation": 90, "texture": "#0"},
				"south": {"uv": [1, 2, 2, 3], "rotation": 90, "texture": "#0"},
				"west": {"uv": [1, 2, 2, 3], "rotation": 90, "texture": "#0"},
				"up": {"uv": [1, 2, 2, 3], "rotation": 90, "texture": "#0"},
				"down": {"uv": [1, 2, 2, 3], "rotation": 90, "texture": "#0"}
			}
		},
		{
			"from": [7.3879, 15.54255, 7.30627],
			"to": [8.5859, 16.24055, 8.00427],
			"rotation": {"angle": 22.5, "axis": "x", "origin": [7.9869, 15.72452, 7.88738]},
			"faces": {
				"north": {"uv": [5, 5, 5.7, 5.7], "rotation": 90, "texture": "#0"},
				"east": {"uv": [5, 5, 5.7, 5.7], "rotation": 90, "texture": "#0"},
				"south": {"uv": [5, 5, 5.7, 5.7], "rotation": 90, "texture": "#0"},
				"west": {"uv": [5, 5, 5.7, 5.7], "rotation": 90, "texture": "#0"},
				"up": {"uv": [5, 5, 5.7, 5.7], "rotation": 90, "texture": "#0"},
				"down": {"uv": [5, 5, 5.7, 5.7], "rotation": 90, "texture": "#0"}
			}
		},
		{
			"from": [7.3879, 15.28597, 9.08852],
			"to": [8.5859, 15.98397, 9.78652],
			"rotation": {"angle": 45, "axis": "x", "origin": [7.9869, 15.65298, 9.51936]},
			"faces": {
				"north": {"uv": [4.5, 5, 5.2, 5.7], "rotation": 90, "texture": "#0"},
				"east": {"uv": [4.5, 5, 5.2, 5.7], "rotation": 90, "texture": "#0"},
				"south": {"uv": [4.5, 5, 5.2, 5.7], "rotation": 90, "texture": "#0"},
				"west": {"uv": [4.5, 5, 5.2, 5.7], "rotation": 90, "texture": "#0"},
				"up": {"uv": [4.5, 5, 5.2, 5.7], "rotation": 90, "texture": "#0"},
				"down": {"uv": [4.5, 5, 5.2, 5.7], "rotation": 90, "texture": "#0"}
			}
		},
		{
			"from": [7.3869, 4.23728, 9.99324],
			"to": [8.5869, 4.93728, 10.79324],
			"rotation": {"angle": 0, "axis": "x", "origin": [7.9869, 5.91671, 11.40627]},
			"faces": {
				"north": {"uv": [4.5, 5, 5.3, 5.8], "texture": "#0"},
				"east": {"uv": [4.5, 5, 5.3, 5.8], "texture": "#0"},
				"south": {"uv": [4.5, 5, 5.3, 5.8], "texture": "#0"},
				"west": {"uv": [4.5, 5, 5.3, 5.8], "texture": "#0"},
				"up": {"uv": [4.5, 5, 5.3, 5.8], "texture": "#0"},
				"down": {"uv": [4.5, 5, 5.3, 5.8], "texture": "#0"}
			}
		},
		{
			"from": [7.3869, -11.36272, 7.80676],
			"to": [8.5869, -10.66272, 8.60676],
			"rotation": {"angle": -22.5, "axis": "x", "origin": [7.9869, -9.75394, 7.12129]},
			"faces": {
				"north": {"uv": [4.5, 3.5, 5.3, 4.2], "texture": "#0"},
				"east": {"uv": [4.5, 3.5, 5.3, 4.2], "texture": "#0"},
				"south": {"uv": [4.5, 3.5, 5.3, 4.2], "texture": "#0"},
				"west": {"uv": [4.5, 3.5, 5.3, 4.2], "texture": "#0"},
				"up": {"uv": [4.5, 3.5, 5.3, 4.2], "texture": "#0"},
				"down": {"uv": [4.5, 3.5, 5.3, 4.2], "texture": "#0"}
			}
		},
		{
			"from": [7.3869, 5.23728, 5.79324],
			"to": [8.5869, 5.93728, 6.59324],
			"rotation": {"angle": 45, "axis": "x", "origin": [7.9869, 5.24689, 6.62482]},
			"faces": {
				"north": {"uv": [4.5, 5.5, 4.8, 5.7], "texture": "#0"},
				"east": {"uv": [4.5, 5.5, 4.8, 5.7], "texture": "#0"},
				"south": {"uv": [4.5, 5.5, 4.8, 5.7], "texture": "#0"},
				"west": {"uv": [4.5, 5.5, 4.8, 5.7], "texture": "#0"},
				"up": {"uv": [4.5, 5.5, 4.8, 5.7], "texture": "#0"},
				"down": {"uv": [4.5, 5.5, 4.8, 5.7], "texture": "#0"}
			}
		},
		{
			"from": [7.3879, 11.34291, 10.83588],
			"to": [8.5859, 12.04091, 11.63388],
			"rotation": {"angle": 22.5, "axis": "x", "origin": [7.9869, 10.98957, 12.08991]},
			"faces": {
				"north": {"uv": [4.5, 4, 5.3, 4.7], "texture": "#0"},
				"east": {"uv": [4.5, 4, 5.3, 4.7], "texture": "#0"},
				"south": {"uv": [4.5, 4, 5.3, 4.7], "texture": "#0"},
				"west": {"uv": [4.5, 4, 5.3, 4.7], "texture": "#0"},
				"up": {"uv": [4.5, 4, 5.3, 4.7], "texture": "#0"},
				"down": {"uv": [4.5, 4, 5.3, 4.7], "texture": "#0"}
			}
		},
		{
			"from": [7.4369, 6.46374, 11.80819],
			"to": [8.5369, 7.06374, 12.40819],
			"rotation": {"angle": 22.5, "axis": "x", "origin": [7.9869, 5.91671, 11.40627]},
			"faces": {
				"north": {"uv": [4.5, 4, 5.1, 4.6], "rotation": 270, "texture": "#0"},
				"east": {"uv": [4.5, 4, 5.1, 4.6], "rotation": 270, "texture": "#0"},
				"south": {"uv": [4.5, 4, 5.1, 4.6], "rotation": 270, "texture": "#0"},
				"west": {"uv": [4.5, 4, 5.1, 4.6], "rotation": 270, "texture": "#0"},
				"up": {"uv": [4.5, 4, 5.1, 4.6], "rotation": 270, "texture": "#0"},
				"down": {"uv": [4.5, 4, 5.1, 4.6], "rotation": 270, "texture": "#0"}
			}
		},
		{
			"from": [7.4369, -10.6619, 5.93671],
			"to": [8.5369, -10.0619, 6.53671],
			"rotation": {"angle": 45, "axis": "x", "origin": [7.9869, -9.75394, 7.12129]},
			"faces": {
				"north": {"uv": [6.5, 4, 6.6, 4.6], "rotation": 180, "texture": "#0"},
				"east": {"uv": [6.5, 4, 6.6, 4.6], "rotation": 180, "texture": "#0"},
				"south": {"uv": [6.5, 4, 6.6, 4.6], "rotation": 180, "texture": "#0"},
				"west": {"uv": [6.5, 4, 6.6, 4.6], "rotation": 180, "texture": "#0"},
				"up": {"uv": [6.5, 4, 6.6, 4.6], "rotation": 180, "texture": "#0"},
				"down": {"uv": [6.5, 4, 6.6, 4.6], "rotation": 180, "texture": "#0"}
			}
		},
		{
			"from": [7.4369, 1.61923, 5.82929],
			"to": [8.5369, 2.21923, 6.42929],
			"rotation": {"angle": 45, "axis": "x", "origin": [7.9869, 1.80433, 6.59922]},
			"faces": {
				"north": {"uv": [2, 2.5, 2.6, 3.1], "rotation": 270, "texture": "#0"},
				"east": {"uv": [2, 2.5, 2.6, 3.1], "rotation": 270, "texture": "#0"},
				"south": {"uv": [2, 2.5, 2.6, 3.1], "rotation": 270, "texture": "#0"},
				"west": {"uv": [2, 2.5, 2.6, 3.1], "rotation": 270, "texture": "#0"},
				"up": {"uv": [2, 2.5, 2.6, 3.1], "rotation": 270, "texture": "#0"},
				"down": {"uv": [2, 2.5, 2.6, 3.1], "rotation": 270, "texture": "#0"}
			}
		},
		{
			"from": [7.4369, 14.59329, 11.72983],
			"to": [8.5369, 15.19329, 12.32983],
			"rotation": {"angle": -22.5, "axis": "x", "origin": [7.9869, 14.77318, 11.447]},
			"faces": {
				"north": {"uv": [3.5, 1.5, 3.6, 1.6], "rotation": 90, "texture": "#0"},
				"east": {"uv": [3.5, 1.5, 3.6, 1.6], "rotation": 90, "texture": "#0"},
				"south": {"uv": [3.5, 1.5, 3.6, 1.6], "rotation": 90, "texture": "#0"},
				"west": {"uv": [3.5, 1.5, 3.6, 1.6], "rotation": 90, "texture": "#0"},
				"up": {"uv": [3.5, 1.5, 3.6, 1.6], "rotation": 90, "texture": "#0"},
				"down": {"uv": [3.5, 1.5, 3.6, 1.6], "rotation": 90, "texture": "#0"}
			}
		},
		{
			"from": [7.4379, 15.94101, 7.21002],
			"to": [8.5359, 16.53901, 7.80802],
			"rotation": {"angle": 45, "axis": "x", "origin": [7.9869, 15.72452, 7.88738]},
			"faces": {
				"north": {"uv": [5.5, 5, 6, 5.5], "rotation": 90, "texture": "#0"},
				"east": {"uv": [5.5, 5, 6, 5.5], "rotation": 90, "texture": "#0"},
				"south": {"uv": [5.5, 5, 6, 5.5], "rotation": 90, "texture": "#0"},
				"west": {"uv": [5.5, 5, 6, 5.5], "rotation": 90, "texture": "#0"},
				"up": {"uv": [5.5, 5, 6, 5.5], "rotation": 90, "texture": "#0"},
				"down": {"uv": [5.5, 5, 6, 5.5], "rotation": 90, "texture": "#0"}
			}
		},
		{
			"from": [7.4379, 15.52269, 9.62241],
			"to": [8.5359, 16.12069, 10.22041],
			"rotation": {"angle": -22.5, "axis": "x", "origin": [7.9869, 15.65298, 9.51936]},
			"faces": {
				"north": {"uv": [4.5, 4, 5, 4.5], "texture": "#0"},
				"east": {"uv": [4.5, 4, 5, 4.5], "texture": "#0"},
				"south": {"uv": [4.5, 4, 5, 4.5], "texture": "#0"},
				"west": {"uv": [4.5, 4, 5, 4.5], "texture": "#0"},
				"up": {"uv": [4.5, 4, 5, 4.5], "texture": "#0"},
				"down": {"uv": [4.5, 4, 5, 4.5], "texture": "#0"}
			}
		},
		{
			"from": [7.4369, 4.14016, 11.16133],
			"to": [8.5369, 4.74016, 11.76133],
			"rotation": {"angle": 22.5, "axis": "x", "origin": [7.9869, 5.91671, 11.40627]},
			"faces": {
				"north": {"uv": [4.5, 5, 5.1, 5.6], "rotation": 180, "texture": "#0"},
				"east": {"uv": [4.5, 5, 5.1, 5.6], "rotation": 180, "texture": "#0"},
				"south": {"uv": [4.5, 5, 5.1, 5.6], "rotation": 180, "texture": "#0"},
				"west": {"uv": [4.5, 5, 5.1, 5.6], "rotation": 180, "texture": "#0"},
				"up": {"uv": [4.5, 5, 5.1, 5.6], "rotation": 180, "texture": "#0"},
				"down": {"uv": [4.5, 5, 5.1, 5.6], "rotation": 180, "texture": "#0"}
			}
		},
		{
			"from": [7.4369, -10.01503, 8.26029],
			"to": [8.5369, -9.41503, 8.86029],
			"rotation": {"angle": 45, "axis": "x", "origin": [7.9869, -9.75394, 7.12129]},
			"faces": {
				"north": {"uv": [0.5, 4.5, 0.6, 4.6], "rotation": 90, "texture": "#0"},
				"east": {"uv": [0.5, 4.5, 0.6, 4.6], "rotation": 90, "texture": "#0"},
				"south": {"uv": [0.5, 4.5, 0.6, 4.6], "rotation": 90, "texture": "#0"},
				"west": {"uv": [0.5, 4.5, 0.6, 4.6], "rotation": 90, "texture": "#0"},
				"up": {"uv": [0.5, 4.5, 0.6, 4.6], "rotation": 90, "texture": "#0"},
				"down": {"uv": [0.5, 4.5, 0.6, 4.6], "rotation": 90, "texture": "#0"}
			}
		},
		{
			"from": [7.4369, 4.99366, 6.61349],
			"to": [8.5369, 5.59366, 7.21349],
			"rotation": {"angle": -22.5, "axis": "x", "origin": [7.9869, 5.24689, 6.62482]},
			"faces": {
				"north": {"uv": [3, 4, 3.1, 4.1], "rotation": 90, "texture": "#0"},
				"east": {"uv": [3, 4, 3.1, 4.1], "rotation": 90, "texture": "#0"},
				"south": {"uv": [3, 4, 3.1, 4.1], "rotation": 90, "texture": "#0"},
				"west": {"uv": [3, 4, 3.1, 4.1], "rotation": 90, "texture": "#0"},
				"up": {"uv": [3, 4, 3.1, 4.1], "rotation": 90, "texture": "#0"},
				"down": {"uv": [3, 4, 3.1, 4.1], "rotation": 90, "texture": "#0"}
			}
		},
		{
			"from": [7.4369, 11.15059, 10.21342],
			"to": [8.5369, 11.75059, 11.81342],
			"rotation": {"angle": 45, "axis": "x", "origin": [7.9869, 10.98957, 12.08991]},
			"faces": {
				"north": {"uv": [5, 3.5, 5.1, 3.6], "rotation": 180, "texture": "#0"},
				"east": {"uv": [5, 3.5, 5.1, 3.6], "rotation": 180, "texture": "#0"},
				"south": {"uv": [5, 3.5, 5.1, 3.6], "rotation": 180, "texture": "#0"},
				"west": {"uv": [5, 3.5, 5.1, 3.6], "rotation": 180, "texture": "#0"},
				"up": {"uv": [5, 3.5, 5.1, 3.6], "rotation": 180, "texture": "#0"},
				"down": {"uv": [5, 3.5, 5.1, 3.6], "rotation": 180, "texture": "#0"}
			}
		},
		{
			"from": [7.4469, 6.21553, 11.53258],
			"to": [8.5269, 6.79553, 12.11258],
			"rotation": {"angle": 45, "axis": "x", "origin": [7.9869, 5.91671, 11.40627]},
			"faces": {
				"north": {"uv": [6.5, 4.5, 6.578, 4.578], "rotation": 270, "texture": "#0"},
				"east": {"uv": [6.5, 4.5, 6.578, 4.578], "rotation": 270, "texture": "#0"},
				"south": {"uv": [6.5, 4.5, 6.578, 4.578], "rotation": 270, "texture": "#0"},
				"west": {"uv": [6.5, 4.5, 6.578, 4.578], "rotation": 270, "texture": "#0"},
				"up": {"uv": [6.5, 4.5, 6.578, 4.578], "rotation": 270, "texture": "#0"},
				"down": {"uv": [6.5, 4.5, 6.578, 4.578], "rotation": 270, "texture": "#0"}
			}
		},
		{
			"from": [7.4469, -10.35906, 6.24374],
			"to": [8.5269, -9.77906, 6.82374],
			"rotation": {"angle": 22.5, "axis": "x", "origin": [7.9869, -9.75394, 7.12129]},
			"faces": {
				"north": {"uv": [6.5, 4, 6.579, 4.579], "rotation": 180, "texture": "#0"},
				"east": {"uv": [6.5, 4, 6.579, 4.579], "rotation": 180, "texture": "#0"},
				"south": {"uv": [6.5, 4, 6.579, 4.579], "rotation": 180, "texture": "#0"},
				"west": {"uv": [6.5, 4, 6.579, 4.579], "rotation": 180, "texture": "#0"},
				"up": {"uv": [6.5, 4, 6.579, 4.579], "rotation": 180, "texture": "#0"},
				"down": {"uv": [6.5, 4, 6.579, 4.579], "rotation": 180, "texture": "#0"}
			}
		},
		{
			"from": [7.4469, 1.33796, 5.82707],
			"to": [8.5269, 1.91796, 6.40707],
			"rotation": {"angle": 22.5, "axis": "x", "origin": [7.9869, 1.80433, 6.59922]},
			"faces": {
				"north": {"uv": [2, 2.5, 2.579, 3.079], "rotation": 270, "texture": "#0"},
				"east": {"uv": [2, 2.5, 2.579, 3.079], "rotation": 270, "texture": "#0"},
				"south": {"uv": [2, 2.5, 2.579, 3.079], "rotation": 270, "texture": "#0"},
				"west": {"uv": [2, 2.5, 2.579, 3.079], "rotation": 270, "texture": "#0"},
				"up": {"uv": [2, 2.5, 2.579, 3.079], "rotation": 270, "texture": "#0"},
				"down": {"uv": [2, 2.5, 2.579, 3.079], "rotation": 270, "texture": "#0"}
			}
		},
		{
			"from": [7.4469, 15.15957, 10.80672],
			"to": [8.5269, 15.73957, 11.38672],
			"rotation": {"angle": 45, "axis": "x", "origin": [7.9869, 14.77318, 11.447]},
			"faces": {
				"north": {"uv": [3.5, 1, 4.5, 1.5], "rotation": 180, "texture": "#0"},
				"east": {"uv": [3, 1.5, 4, 2], "rotation": 180, "texture": "#0"},
				"south": {"uv": [3.5, 1, 4.5, 1.5], "rotation": 180, "texture": "#0"},
				"west": {"uv": [4.5, 0, 5, 0.5], "rotation": 180, "texture": "#0"},
				"up": {"uv": [3.5, 1, 4.5, 1.5], "rotation": 180, "texture": "#0"},
				"down": {"uv": [3.5, 1, 4.5, 1.5], "rotation": 180, "texture": "#0"}
			}
		},
		{
			"from": [7.4969, 14.01637, 6.48662],
			"to": [8.4769, 14.79637, 7.56662],
			"rotation": {"angle": -22.5, "axis": "x", "origin": [7.9869, 14.33124, 6.63673]},
			"faces": {
				"north": {"uv": [2, 8, 3.077, 8.777], "texture": "#0"},
				"east": {"uv": [5, 7.5, 6.079, 8.279], "rotation": 180, "texture": "#0"},
				"south": {"uv": [5, 7.5, 6.079, 8.279], "texture": "#0"},
				"west": {"uv": [5, 7.5, 6.079, 8.279], "texture": "#0"},
				"up": {"uv": [5, 7.5, 6.079, 8.279], "rotation": 90, "texture": "#0"},
				"down": {"uv": [5, 7.5, 6.079, 8.279], "rotation": 270, "texture": "#0"}
			}
		},
		{
			"from": [7.4469, 4.37559, 12.19455],
			"to": [8.5269, 4.95559, 13.07455],
			"rotation": {"angle": 45, "axis": "x", "origin": [7.9869, 5.91671, 11.40627]},
			"faces": {
				"north": {"uv": [5.5, 7.5, 6.378, 8.078], "texture": "#0"},
				"east": {"uv": [5.5, 7.5, 6.378, 8.078], "texture": "#0"},
				"south": {"uv": [5.5, 7.5, 6.378, 8.078], "texture": "#0"},
				"west": {"uv": [5.5, 7.5, 6.378, 8.078], "texture": "#0"},
				"up": {"uv": [5.5, 7.5, 6.378, 8.078], "texture": "#0"},
				"down": {"uv": [5.5, 7.5, 6.378, 8.078], "texture": "#0"}
			}
		},
		{
			"from": [7.4469, -11.32104, 8.08368],
			"to": [8.5269, -10.44104, 8.66368],
			"rotation": {"angle": 22.5, "axis": "x", "origin": [7.9869, -9.75394, 7.12129]},
			"faces": {
				"north": {"uv": [1, 3, 1.879, 4.079], "rotation": 180, "texture": "#0"},
				"east": {"uv": [1, 3, 1.879, 4.079], "rotation": 180, "texture": "#0"},
				"south": {"uv": [1, 3, 1.879, 4.079], "rotation": 180, "texture": "#0"},
				"west": {"uv": [1, 3, 1.879, 4.079], "rotation": 180, "texture": "#0"},
				"up": {"uv": [1, 3, 1.879, 4.079], "rotation": 180, "texture": "#0"},
				"down": {"uv": [1, 3, 1.879, 4.079], "rotation": 180, "texture": "#0"}
			}
		},
		{
			"from": [7.4469, 4.34821, 6.67558],
			"to": [8.5269, 5.22821, 7.25558],
			"rotation": {"angle": 0, "axis": "x", "origin": [7.9869, 5.24689, 6.62482]},
			"faces": {
				"north": {"uv": [3, 4, 3.379, 4.079], "rotation": 270, "texture": "#0"},
				"east": {"uv": [3, 4, 3.379, 4.079], "rotation": 270, "texture": "#0"},
				"south": {"uv": [3, 4, 3.379, 4.079], "rotation": 270, "texture": "#0"},
				"west": {"uv": [3, 4, 3.379, 4.079], "rotation": 270, "texture": "#0"},
				"up": {"uv": [3, 4, 3.379, 4.079], "rotation": 270, "texture": "#0"},
				"down": {"uv": [3, 4, 3.379, 4.079], "rotation": 270, "texture": "#0"}
			}
		},
		{
			"from": [7.4469, 10.89624, 12.09719],
			"to": [8.5269, 11.52624, 12.67719],
			"rotation": {"angle": -22.5, "axis": "x", "origin": [7.9869, 10.98957, 12.08991]},
			"faces": {
				"north": {"uv": [7.5, 2, 7.628, 2.578], "rotation": 270, "texture": "#0"},
				"east": {"uv": [7.5, 2, 7.628, 2.578], "rotation": 270, "texture": "#0"},
				"south": {"uv": [7.5, 2, 7.628, 2.578], "rotation": 270, "texture": "#0"},
				"west": {"uv": [7.5, 2, 7.628, 2.578], "rotation": 270, "texture": "#0"},
				"up": {"uv": [7.5, 2, 7.628, 2.578], "rotation": 270, "texture": "#0"},
				"down": {"uv": [7.5, 2, 7.628, 2.578], "rotation": 270, "texture": "#0"}
			}
		},
		{
			"from": [7.4569, 5.38851, 11.38262],
			"to": [8.5169, 5.94851, 11.94262],
			"rotation": {"angle": -22.5, "axis": "x", "origin": [7.9869, 5.91671, 11.40627]},
			"faces": {
				"north": {"uv": [6.5, 4.5, 6.56, 4.56], "rotation": 180, "texture": "#0"},
				"east": {"uv": [6.5, 4.5, 6.56, 4.56], "rotation": 180, "texture": "#0"},
				"south": {"uv": [6.5, 4.5, 6.56, 4.56], "rotation": 180, "texture": "#0"},
				"west": {"uv": [6.5, 4.5, 6.56, 4.56], "rotation": 180, "texture": "#0"},
				"up": {"uv": [6.5, 4.5, 6.56, 4.56], "rotation": 180, "texture": "#0"},
				"down": {"uv": [6.5, 4.5, 6.56, 4.56], "rotation": 180, "texture": "#0"}
			}
		},
		{
			"from": [7.4569, -10.18915, 6.62483],
			"to": [8.5169, -9.62915, 7.18483],
			"rotation": {"angle": 0, "axis": "x", "origin": [7.9869, -9.75394, 7.12129]},
			"faces": {
				"north": {"uv": [7, 2, 7.078, 2.578], "rotation": 180, "texture": "#0"},
				"east": {"uv": [7, 2, 7.078, 2.578], "rotation": 180, "texture": "#0"},
				"south": {"uv": [7, 2, 7.078, 2.578], "rotation": 180, "texture": "#0"},
				"west": {"uv": [7, 2, 7.078, 2.578], "rotation": 180, "texture": "#0"},
				"up": {"uv": [7, 2, 7.078, 2.578], "rotation": 180, "texture": "#0"},
				"down": {"uv": [7, 2, 7.078, 2.578], "rotation": 180, "texture": "#0"}
			}
		},
		{
			"from": [7.4569, 1.09895, 5.71737],
			"to": [8.5169, 1.65895, 6.27737],
			"rotation": {"angle": 0, "axis": "x", "origin": [7.9869, 1.80433, 6.59922]},
			"faces": {
				"north": {"uv": [5.5, 1, 6.06, 1.56], "rotation": 90, "texture": "#0"},
				"east": {"uv": [5.5, 1, 6.06, 1.56], "rotation": 90, "texture": "#0"},
				"south": {"uv": [5.5, 1, 6.06, 1.56], "rotation": 90, "texture": "#0"},
				"west": {"uv": [5.5, 1, 6.06, 1.56], "rotation": 90, "texture": "#0"},
				"up": {"uv": [5.5, 1, 6.06, 1.56], "rotation": 90, "texture": "#0"},
				"down": {"uv": [5.5, 1, 6.06, 1.56], "rotation": 90, "texture": "#0"}
			}
		},
		{
			"from": [7.4569, 15.34104, 10.65527],
			"to": [8.5169, 15.90104, 11.21527],
			"rotation": {"angle": 22.5, "axis": "x", "origin": [7.9869, 14.77318, 11.447]},
			"faces": {
				"north": {"uv": [3.5, 1, 3.56, 1.06], "texture": "#0"},
				"east": {"uv": [3.5, 1, 3.56, 1.06], "texture": "#0"},
				"south": {"uv": [3.5, 1, 3.56, 1.06], "texture": "#0"},
				"west": {"uv": [3.5, 1, 3.56, 1.06], "texture": "#0"},
				"up": {"uv": [3.5, 1, 3.56, 1.06], "texture": "#0"},
				"down": {"uv": [3.5, 1, 3.56, 1.06], "texture": "#0"}
			}
		},
		{
			"from": [7.6069, 14.05603, 5.66776],
			"to": [8.3669, 14.76603, 6.72776],
			"rotation": {"angle": -45, "axis": "x", "origin": [7.9869, 14.33124, 6.63673]},
			"faces": {
				"north": {"uv": [2, 8, 3.06, 8.71], "texture": "#0"},
				"east": {"uv": [2, 8, 3.06, 8.71], "texture": "#0"},
				"south": {"uv": [2, 8, 3.06, 8.71], "texture": "#0"},
				"west": {"uv": [2, 8, 3.06, 8.71], "texture": "#0"},
				"up": {"uv": [2, 8, 3.06, 8.71], "texture": "#0"},
				"down": {"uv": [2, 8, 3.06, 8.71], "texture": "#0"}
			}
		},
		{
			"from": [7.4569, 3.01478, 10.57193],
			"to": [8.5169, 4.07478, 11.13193],
			"rotation": {"angle": -22.5, "axis": "x", "origin": [7.9869, 5.91671, 11.40627]},
			"faces": {
				"north": {"uv": [5, 7.5, 6.06, 8.06], "rotation": 270, "texture": "#0"},
				"east": {"uv": [5, 7.5, 6.06, 8.06], "rotation": 270, "texture": "#0"},
				"south": {"uv": [5, 7.5, 6.06, 8.06], "rotation": 270, "texture": "#0"},
				"west": {"uv": [5, 7.5, 6.06, 8.06], "rotation": 270, "texture": "#0"},
				"up": {"uv": [5, 7.5, 6.06, 8.06], "rotation": 270, "texture": "#0"},
				"down": {"uv": [5, 7.5, 6.06, 8.06], "rotation": 270, "texture": "#0"}
			}
		},
		{
			"from": [7.4569, -12.56288, 7.43552],
			"to": [8.5169, -11.50288, 7.99552],
			"rotation": {"angle": 0, "axis": "x", "origin": [7.9869, -9.75394, 7.12129]},
			"faces": {
				"north": {"uv": [3.5, 0.5, 3.559, 1.5], "rotation": 180, "texture": "#0"},
				"east": {"uv": [3.5, 0.5, 3.559, 1.5], "rotation": 180, "texture": "#0"},
				"south": {"uv": [3.5, 0.5, 3.559, 1.5], "rotation": 180, "texture": "#0"},
				"west": {"uv": [3.5, 0.5, 3.559, 1.5], "rotation": 180, "texture": "#0"},
				"up": {"uv": [3.5, 0.5, 3.559, 1.5], "rotation": 180, "texture": "#0"},
				"down": {"uv": [3.5, 0.5, 3.559, 1.5], "rotation": 180, "texture": "#0"}
			}
		},
		{
			"from": [7.4569, 3.66516, 6.96668],
			"to": [8.5169, 4.72516, 7.52668],
			"rotation": {"angle": 22.5, "axis": "x", "origin": [7.9869, 5.24689, 6.62482]},
			"faces": {
				"north": {"uv": [5, 3.5, 5.06, 3.56], "rotation": 90, "texture": "#0"},
				"east": {"uv": [5, 3.5, 5.06, 3.56], "rotation": 90, "texture": "#0"},
				"south": {"uv": [5, 3.5, 5.06, 3.56], "rotation": 90, "texture": "#0"},
				"west": {"uv": [5, 3.5, 5.06, 3.56], "rotation": 90, "texture": "#0"},
				"up": {"uv": [5, 3.5, 5.06, 3.56], "rotation": 90, "texture": "#0"},
				"down": {"uv": [5, 3.5, 5.06, 3.56], "rotation": 90, "texture": "#0"}
			}
		},
		{
			"from": [7.4569, 10.35428, 12.07907],
			"to": [8.5169, 11.16428, 12.63907],
			"rotation": {"angle": 0, "axis": "x", "origin": [7.9869, 10.98957, 12.08991]},
			"faces": {
				"north": {"uv": [7, 1.5, 7.31, 1.56], "rotation": 90, "texture": "#0"},
				"east": {"uv": [7, 1.5, 7.31, 1.56], "rotation": 90, "texture": "#0"},
				"south": {"uv": [7, 1.5, 7.31, 1.56], "rotation": 90, "texture": "#0"},
				"west": {"uv": [7, 1.5, 7.31, 1.56], "rotation": 90, "texture": "#0"},
				"up": {"uv": [7, 1.5, 7.31, 1.56], "rotation": 90, "texture": "#0"},
				"down": {"uv": [7, 1.5, 7.31, 1.56], "rotation": 90, "texture": "#0"}
			}
		},
		{
			"from": [7.4569, 7.88341, 10.58223],
			"to": [8.5169, 8.44341, 11.14223],
			"rotation": {"angle": 45, "axis": "x", "origin": [7.9869, 5.91671, 11.40627]},
			"faces": {
				"north": {"uv": [4, 5, 4.56, 5.56], "rotation": 90, "texture": "#0"},
				"east": {"uv": [4, 5, 4.56, 5.56], "rotation": 90, "texture": "#0"},
				"south": {"uv": [4, 5, 4.56, 5.56], "rotation": 90, "texture": "#0"},
				"west": {"uv": [4, 5, 4.56, 5.56], "rotation": 90, "texture": "#0"},
				"up": {"uv": [4, 5, 4.56, 5.56], "rotation": 90, "texture": "#0"},
				"down": {"uv": [4, 5, 4.56, 5.56], "rotation": 90, "texture": "#0"}
			}
		},
		{
			"from": [7.4569, -9.38872, 4.59586],
			"to": [8.5169, -8.82872, 5.15586],
			"rotation": {"angle": 22.5, "axis": "x", "origin": [7.9869, -9.75394, 7.12129]},
			"faces": {
				"north": {"uv": [4.5, 4, 4.56, 4.06], "texture": "#0"},
				"east": {"uv": [4.5, 4, 4.56, 4.06], "texture": "#0"},
				"south": {"uv": [4.5, 4, 4.56, 4.06], "texture": "#0"},
				"west": {"uv": [4.5, 4, 4.56, 4.06], "texture": "#0"},
				"up": {"uv": [4.5, 4, 4.56, 4.06], "texture": "#0"},
				"down": {"uv": [4.5, 4, 4.56, 4.06], "texture": "#0"}
			}
		},
		{
			"from": [7.4669, 5.60804, 11.12721],
			"to": [8.5069, 6.14804, 11.66721],
			"rotation": {"angle": 22.5, "axis": "x", "origin": [7.9869, 5.91671, 11.40627]},
			"faces": {
				"north": {"uv": [7, 2, 7.54, 2.54], "rotation": 180, "texture": "#0"},
				"east": {"uv": [7, 2, 7.54, 2.54], "rotation": 180, "texture": "#0"},
				"south": {"uv": [7, 2, 7.54, 2.54], "rotation": 180, "texture": "#0"},
				"west": {"uv": [7, 2, 7.54, 2.54], "rotation": 180, "texture": "#0"},
				"up": {"uv": [7, 2, 7.54, 2.54], "rotation": 180, "texture": "#0"},
				"down": {"uv": [7, 2, 7.54, 2.54], "rotation": 180, "texture": "#0"}
			}
		},
		{
			"from": [7.4669, -9.92092, 6.85241],
			"to": [8.5069, -9.38092, 7.39241],
			"rotation": {"angle": 45, "axis": "x", "origin": [7.9869, -9.75394, 7.12129]},
			"faces": {
				"north": {"uv": [7, 2, 7.078, 2.578], "rotation": 90, "texture": "#0"},
				"east": {"uv": [7, 2, 7.078, 2.578], "rotation": 90, "texture": "#0"},
				"south": {"uv": [7, 2, 7.078, 2.578], "rotation": 90, "texture": "#0"},
				"west": {"uv": [7, 2, 7.078, 2.578], "rotation": 90, "texture": "#0"},
				"up": {"uv": [7, 2, 7.078, 2.578], "rotation": 90, "texture": "#0"},
				"down": {"uv": [7, 2, 7.078, 2.578], "rotation": 90, "texture": "#0"}
			}
		},
		{
			"from": [7.4669, 0.76353, 6.57027],
			"to": [8.5069, 1.30353, 7.11027],
			"rotation": {"angle": 45, "axis": "x", "origin": [7.9869, 1.80433, 6.59922]},
			"faces": {
				"north": {"uv": [4, 0, 4.54, 0.54], "rotation": 180, "texture": "#0"},
				"east": {"uv": [4, 0, 4.54, 0.54], "rotation": 180, "texture": "#0"},
				"south": {"uv": [4, 0, 4.54, 0.54], "rotation": 180, "texture": "#0"},
				"west": {"uv": [4, 0, 4.54, 0.54], "rotation": 180, "texture": "#0"},
				"up": {"uv": [4, 0, 4.54, 0.54], "rotation": 180, "texture": "#0"},
				"down": {"uv": [4, 0, 4.54, 0.54], "rotation": 180, "texture": "#0"}
			}
		},
		{
			"from": [7.4669, 15.50899, 11.04885],
			"to": [8.5069, 16.04899, 11.58885],
			"rotation": {"angle": -22.5, "axis": "x", "origin": [7.9869, 14.77318, 11.447]},
			"faces": {
				"north": {"uv": [3.5, 0, 4.56, 0.56], "texture": "#0"},
				"east": {"uv": [3.5, 0, 4.56, 0.56], "texture": "#0"},
				"south": {"uv": [3.5, 0, 4.56, 0.56], "texture": "#0"},
				"west": {"uv": [3.5, 0, 4.56, 0.56], "texture": "#0"},
				"up": {"uv": [3.5, 0, 4.56, 0.56], "texture": "#0"},
				"down": {"uv": [3.5, 0, 4.56, 0.56], "texture": "#0"}
			}
		},
		{
			"from": [7.4669, 2.58168, 11.71942],
			"to": [8.5069, 3.12168, 12.25942],
			"rotation": {"angle": 0, "axis": "x", "origin": [7.9869, 5.91671, 11.40627]},
			"faces": {
				"north": {"uv": [4.5, 8.5, 4.978, 8.978], "rotation": 90, "texture": "#0"},
				"east": {"uv": [4.5, 8.5, 4.978, 8.978], "rotation": 90, "texture": "#0"},
				"south": {"uv": [4.5, 8.5, 4.978, 8.978], "rotation": 90, "texture": "#0"},
				"west": {"uv": [4.5, 8.5, 4.978, 8.978], "rotation": 90, "texture": "#0"},
				"up": {"uv": [4.5, 8.5, 4.978, 8.978], "rotation": 90, "texture": "#0"},
				"down": {"uv": [4.5, 8.5, 4.978, 8.978], "rotation": 90, "texture": "#0"}
			}
		},
		{
			"from": [7.4669, -13.01832, 6.34058],
			"to": [8.5069, -12.47832, 6.88058],
			"rotation": {"angle": -22.5, "axis": "x", "origin": [7.9869, -9.75394, 7.12129]},
			"faces": {
				"north": {"uv": [3.5, 0, 3.979, 0.479], "rotation": 90, "texture": "#0"},
				"east": {"uv": [3.5, 0, 3.979, 0.479], "rotation": 90, "texture": "#0"},
				"south": {"uv": [3.5, 0, 3.979, 0.479], "rotation": 90, "texture": "#0"},
				"west": {"uv": [3.5, 0, 3.979, 0.479], "rotation": 90, "texture": "#0"},
				"up": {"uv": [3.5, 0, 3.979, 0.479], "rotation": 90, "texture": "#0"},
				"down": {"uv": [3.5, 0, 3.979, 0.479], "rotation": 90, "texture": "#0"}
			}
		},
		{
			"from": [7.4669, 3.58168, 7.51942],
			"to": [8.5069, 4.12168, 8.05942],
			"rotation": {"angle": 45, "axis": "x", "origin": [7.9869, 5.24689, 6.62482]},
			"faces": {
				"north": {"uv": [6, 2.5, 6.04, 2.54], "rotation": 90, "texture": "#0"},
				"east": {"uv": [6, 2.5, 6.04, 2.54], "rotation": 90, "texture": "#0"},
				"south": {"uv": [6, 2.5, 6.04, 2.54], "rotation": 90, "texture": "#0"},
				"west": {"uv": [6, 2.5, 6.04, 2.54], "rotation": 90, "texture": "#0"},
				"up": {"uv": [6, 2.5, 6.04, 2.54], "rotation": 90, "texture": "#0"},
				"down": {"uv": [6, 2.5, 6.04, 2.54], "rotation": 90, "texture": "#0"}
			}
		},
		{
			"from": [7.4669, 10.10997, 12.27733],
			"to": [8.5069, 10.64997, 12.81733],
			"rotation": {"angle": 22.5, "axis": "x", "origin": [7.9869, 10.98957, 12.08991]},
			"faces": {
				"north": {"uv": [7, 1.5, 7.04, 2.04], "rotation": 90, "texture": "#0"},
				"east": {"uv": [7, 1.5, 7.04, 2.04], "rotation": 90, "texture": "#0"},
				"south": {"uv": [7, 1.5, 7.04, 2.04], "rotation": 90, "texture": "#0"},
				"west": {"uv": [7, 1.5, 7.04, 2.04], "rotation": 90, "texture": "#0"},
				"up": {"uv": [7, 1.5, 7.04, 2.04], "rotation": 90, "texture": "#0"},
				"down": {"uv": [7, 1.5, 7.04, 2.04], "rotation": 90, "texture": "#0"}
			}
		},
		{
			"from": [7.4669, 7.98589, 12.38467],
			"to": [8.5069, 8.52589, 12.92467],
			"rotation": {"angle": 0, "axis": "x", "origin": [7.9869, 5.91671, 11.40627]},
			"faces": {
				"north": {"uv": [4.5, 4, 5, 5], "rotation": 90, "texture": "#0"},
				"east": {"uv": [4.5, 4, 5, 5], "rotation": 90, "texture": "#0"},
				"south": {"uv": [4.5, 4, 5, 5], "rotation": 90, "texture": "#0"},
				"west": {"uv": [4.5, 4, 5, 5], "rotation": 90, "texture": "#0"},
				"up": {"uv": [4.5, 4, 5, 5], "rotation": 90, "texture": "#0"},
				"down": {"uv": [4.5, 4, 5, 5], "rotation": 90, "texture": "#0"}
			}
		},
		{
			"from": [7.4669, -7.61411, 5.67533],
			"to": [8.5069, -7.07411, 6.21533],
			"rotation": {"angle": -22.5, "axis": "x", "origin": [7.9869, -9.75394, 7.12129]},
			"faces": {
				"north": {"uv": [6.5, 4, 6.54, 4.54], "rotation": 90, "texture": "#0"},
				"east": {"uv": [6.5, 4, 6.54, 4.54], "rotation": 90, "texture": "#0"},
				"south": {"uv": [6.5, 4, 6.54, 4.54], "rotation": 90, "texture": "#0"},
				"west": {"uv": [6.5, 4, 6.54, 4.54], "rotation": 90, "texture": "#0"},
				"up": {"uv": [6.5, 4, 6.54, 4.54], "rotation": 90, "texture": "#0"},
				"down": {"uv": [6.5, 4, 6.54, 4.54], "rotation": 90, "texture": "#0"}
			}
		},
		{
			"from": [7.4969, 5.57619, 10.77936],
			"to": [8.4769, 6.05619, 11.25936],
			"rotation": {"angle": 45, "axis": "x", "origin": [7.9869, 5.91671, 11.40627]},
			"faces": {
				"north": {"uv": [7, 2, 7.479, 2.479], "rotation": 180, "texture": "#0"},
				"east": {"uv": [7, 2, 7.479, 2.479], "rotation": 180, "texture": "#0"},
				"south": {"uv": [7, 2, 7.479, 2.479], "rotation": 180, "texture": "#0"},
				"west": {"uv": [7, 2, 7.479, 2.479], "rotation": 180, "texture": "#0"},
				"up": {"uv": [7, 2, 7.479, 2.479], "rotation": 180, "texture": "#0"},
				"down": {"uv": [7, 2, 7.479, 2.479], "rotation": 180, "texture": "#0"}
			}
		},
		{
			"from": [7.4969, -9.50584, 6.98308],
			"to": [8.4769, -9.02584, 7.46308],
			"rotation": {"angle": 22.5, "axis": "x", "origin": [7.9869, -9.75394, 7.12129]},
			"faces": {
				"north": {"uv": [3.5, 0, 3.979, 0.479], "rotation": 90, "texture": "#0"},
				"east": {"uv": [3.5, 0, 3.979, 0.479], "rotation": 90, "texture": "#0"},
				"south": {"uv": [3.5, 0, 3.979, 0.479], "rotation": 90, "texture": "#0"},
				"west": {"uv": [3.5, 0, 3.979, 0.479], "rotation": 90, "texture": "#0"},
				"up": {"uv": [3.5, 0, 3.979, 0.479], "rotation": 90, "texture": "#0"},
				"down": {"uv": [3.5, 0, 3.979, 0.479], "rotation": 90, "texture": "#0"}
			}
		},
		{
			"from": [7.4969, 0.69862, 6.68029],
			"to": [8.4769, 1.17862, 7.16029],
			"rotation": {"angle": 22.5, "axis": "x", "origin": [7.9869, 1.80433, 6.59922]},
			"faces": {
				"north": {"uv": [4, 0, 4.54, 0.54], "rotation": 180, "texture": "#0"},
				"east": {"uv": [4, 0, 4.54, 0.54], "rotation": 180, "texture": "#0"},
				"south": {"uv": [4, 0, 4.54, 0.54], "rotation": 180, "texture": "#0"},
				"west": {"uv": [4, 0, 4.54, 0.54], "rotation": 180, "texture": "#0"},
				"up": {"uv": [4, 0, 4.54, 0.54], "rotation": 180, "texture": "#0"},
				"down": {"uv": [4, 0, 4.54, 0.54], "rotation": 180, "texture": "#0"}
			}
		},
		{
			"from": [7.4969, 14.40635, 10.16738],
			"to": [8.4769, 14.88635, 10.64738],
			"rotation": {"angle": 45, "axis": "x", "origin": [7.9869, 14.77318, 11.447]},
			"faces": {
				"north": {"uv": [3.5, 0, 4.56, 0.56], "rotation": 90, "texture": "#0"},
				"east": {"uv": [3.5, 0, 4.56, 0.56], "rotation": 90, "texture": "#0"},
				"south": {"uv": [3.5, 0, 4.56, 0.56], "rotation": 90, "texture": "#0"},
				"west": {"uv": [3.5, 0, 4.56, 0.56], "rotation": 90, "texture": "#0"},
				"up": {"uv": [3.5, 0, 4.56, 0.56], "rotation": 90, "texture": "#0"},
				"down": {"uv": [3.5, 0, 4.56, 0.56], "rotation": 90, "texture": "#0"}
			}
		},
		{
			"from": [7.4969, 2.67481, 12.93929],
			"to": [8.4769, 3.15481, 13.41929],
			"rotation": {"angle": 22.5, "axis": "x", "origin": [7.9869, 5.91671, 11.40627]},
			"faces": {
				"north": {"uv": [4.5, 8.5, 4.978, 8.978], "rotation": 270, "texture": "#0"},
				"east": {"uv": [4.5, 8.5, 4.978, 8.978], "rotation": 270, "texture": "#0"},
				"south": {"uv": [4.5, 8.5, 4.978, 8.978], "rotation": 270, "texture": "#0"},
				"west": {"uv": [4.5, 8.5, 4.978, 8.978], "rotation": 270, "texture": "#0"},
				"up": {"uv": [4.5, 8.5, 4.978, 8.978], "rotation": 270, "texture": "#0"},
				"down": {"uv": [4.5, 8.5, 4.978, 8.978], "rotation": 270, "texture": "#0"}
			}
		},
		{
			"from": [7.4969, -11.673, 9.84564],
			"to": [8.4769, -11.193, 10.32564],
			"rotation": {"angle": 45, "axis": "x", "origin": [7.9869, -9.75394, 7.12129]},
			"faces": {
				"north": {"uv": [3.5, 0, 3.979, 0.479], "rotation": 180, "texture": "#0"},
				"east": {"uv": [3.5, 0, 3.979, 0.479], "rotation": 180, "texture": "#0"},
				"south": {"uv": [3.5, 0, 3.979, 0.479], "rotation": 180, "texture": "#0"},
				"west": {"uv": [3.5, 0, 3.979, 0.479], "rotation": 180, "texture": "#0"},
				"up": {"uv": [3.5, 0, 3.979, 0.479], "rotation": 180, "texture": "#0"},
				"down": {"uv": [3.5, 0, 3.979, 0.479], "rotation": 180, "texture": "#0"}
			}
		},
		{
			"from": [7.4969, 3.33569, 5.14813],
			"to": [8.4769, 3.81569, 5.62813],
			"rotation": {"angle": -22.5, "axis": "x", "origin": [7.9869, 5.24689, 6.62482]},
			"faces": {
				"north": {"uv": [7, 2, 7.479, 2.479], "rotation": 180, "texture": "#0"},
				"east": {"uv": [7, 2, 7.479, 2.479], "rotation": 180, "texture": "#0"},
				"south": {"uv": [7, 2, 7.479, 2.479], "rotation": 180, "texture": "#0"},
				"west": {"uv": [7, 2, 7.479, 2.479], "rotation": 180, "texture": "#0"},
				"up": {"uv": [7, 2, 7.479, 2.479], "rotation": 180, "texture": "#0"},
				"down": {"uv": [7, 2, 7.479, 2.479], "rotation": 180, "texture": "#0"}
			}
		},
		{
			"from": [7.4969, 9.96808, 12.56712],
			"to": [8.4769, 10.44808, 13.04712],
			"rotation": {"angle": 45, "axis": "x", "origin": [7.9869, 10.98957, 12.08991]},
			"faces": {
				"north": {"uv": [3.5, 0, 3.979, 0.479], "rotation": 270, "texture": "#0"},
				"east": {"uv": [3.5, 0, 3.979, 0.479], "rotation": 270, "texture": "#0"},
				"south": {"uv": [3.5, 0, 3.979, 0.479], "rotation": 270, "texture": "#0"},
				"west": {"uv": [3.5, 0, 3.979, 0.479], "rotation": 270, "texture": "#0"},
				"up": {"uv": [3.5, 0, 3.979, 0.479], "rotation": 270, "texture": "#0"},
				"down": {"uv": [3.5, 0, 3.979, 0.479], "rotation": 270, "texture": "#0"}
			}
		},
		{
			"from": [7.4969, 7.75343, 13.27613],
			"to": [8.4769, 8.23343, 13.75613],
			"rotation": {"angle": -22.5, "axis": "x", "origin": [7.9869, 5.91671, 11.40627]},
			"faces": {
				"north": {"uv": [4.5, 4.5, 4.979, 4.979], "rotation": 270, "texture": "#0"},
				"east": {"uv": [4.5, 4.5, 4.979, 4.979], "rotation": 270, "texture": "#0"},
				"south": {"uv": [4.5, 4.5, 4.979, 4.979], "rotation": 270, "texture": "#0"},
				"west": {"uv": [4.5, 4.5, 4.979, 4.979], "rotation": 270, "texture": "#0"},
				"up": {"uv": [4.5, 4.5, 4.979, 4.979], "rotation": 270, "texture": "#0"},
				"down": {"uv": [4.5, 4.5, 4.979, 4.979], "rotation": 270, "texture": "#0"}
			}
		},
		{
			"from": [7.4969, -7.82423, 4.81132],
			"to": [8.4769, -7.34423, 5.29132],
			"rotation": {"angle": 0, "axis": "x", "origin": [7.9869, -9.75394, 7.12129]},
			"faces": {
				"north": {"uv": [6.5, 4, 6.54, 4.54], "rotation": 270, "texture": "#0"},
				"east": {"uv": [6.5, 4, 6.54, 4.54], "rotation": 270, "texture": "#0"},
				"south": {"uv": [6.5, 4, 6.54, 4.54], "rotation": 270, "texture": "#0"},
				"west": {"uv": [6.5, 4, 6.54, 4.54], "rotation": 270, "texture": "#0"},
				"up": {"uv": [6.5, 4, 6.54, 4.54], "rotation": 270, "texture": "#0"},
				"down": {"uv": [6.5, 4, 6.54, 4.54], "rotation": 270, "texture": "#0"}
			}
		},
		{
			"from": [7.4, -7.6, 7.4],
			"to": [8.6, 6.6, 8.6],
			"rotation": {"angle": 0, "axis": "y", "origin": [15, -1, 15]},
			"faces": {
				"north": {"uv": [16, 0, 14, 16], "rotation": 180, "texture": "#0"},
				"east": {"uv": [14, 0, 16, 16], "rotation": 180, "texture": "#0"},
				"south": {"uv": [16, 0, 14, 16], "rotation": 180, "texture": "#0"},
				"west": {"uv": [14, 0, 16, 16], "rotation": 180, "texture": "#0"},
				"up": {"uv": [14, 0, 16, 16], "rotation": 180, "texture": "#0"},
				"down": {"uv": [14, 0, 16, 16], "rotation": 180, "texture": "#0"}
			}
		},
		{
			"from": [7.3, -3.1, 7.3],
			"to": [8.7, 0.3, 8.7],
			"rotation": {"angle": 0, "axis": "x", "origin": [8, -1.4, 8]},
			"faces": {
				"north": {"uv": [0, 9.5, 2.5, 15], "rotation": 180, "texture": "#0"},
				"east": {"uv": [0, 9.5, 2.5, 15], "rotation": 180, "texture": "#0"},
				"south": {"uv": [0, 9.5, 2.5, 15], "rotation": 180, "texture": "#0"},
				"west": {"uv": [0, 9.5, 2.5, 15], "rotation": 180, "texture": "#0"},
				"up": {"uv": [8.5, 3, 11, 5.5], "rotation": 180, "texture": "#0"},
				"down": {"uv": [8.5, 3, 11, 5.5], "rotation": 180, "texture": "#0"}
			}
		},
		{
			"from": [7.5, 2.3, 7],
			"to": [8.5, 7.3, 8],
			"rotation": {"angle": 22.5, "axis": "x", "origin": [7.5, 1.3, 8]},
			"faces": {
				"north": {"uv": [2, 4, 3, 9], "rotation": 180, "texture": "#0"},
				"east": {"uv": [3.5, 4, 4.5, 9], "rotation": 180, "texture": "#0"},
				"south": {"uv": [2, 4, 3, 9], "rotation": 180, "texture": "#0"},
				"west": {"uv": [4.5, 4, 5.5, 9], "rotation": 180, "texture": "#0"},
				"up": {"uv": [2, 4, 3, 9], "rotation": 180, "texture": "#0"},
				"down": {"uv": [2, 4, 3, 9], "rotation": 180, "texture": "#0"}
			}
		},
		{
			"from": [7.5, 0.22492, 7.57745],
			"to": [8.5, 3.22492, 8.67745],
			"rotation": {"angle": -22.5, "axis": "x", "origin": [8, 1.02492, 7.97745]},
			"faces": {
				"north": {"uv": [3, 4, 4.1, 7], "texture": "#0"},
				"east": {"uv": [3, 4, 4.1, 7], "texture": "#0"},
				"south": {"uv": [3, 4, 4.1, 7], "texture": "#0"},
				"west": {"uv": [3, 4, 4.1, 7], "texture": "#0"},
				"up": {"uv": [3, 4, 4, 5.1], "texture": "#0"},
				"down": {"uv": [3, 4, 4.1, 7], "texture": "#0"}
			}
		},
		{
			"from": [7.68647, 8.56411, 6.39076],
			"to": [8.28647, 9.86411, 7.01076],
			"rotation": {"angle": -22.5, "axis": "x", "origin": [7.98968, 10.03842, 6.92729]},
			"faces": {
				"north": {"uv": [9.5, 1.5, 10.12, 3], "texture": "#0"},
				"east": {"uv": [9.5, 1.5, 10.12, 3], "texture": "#0"},
				"south": {"uv": [9.5, 1.5, 10.12, 3], "texture": "#0"},
				"west": {"uv": [9.5, 1.5, 10.12, 3], "texture": "#0"},
				"up": {"uv": [9.5, 1.5, 10.1, 2], "texture": "#0"},
				"down": {"uv": [9.5, 1.5, 10.12, 3], "texture": "#0"}
			}
		},
		{
			"from": [7.68647, 14.03589, 6.19076],
			"to": [8.28647, 14.53589, 6.81076],
			"rotation": {"angle": 22.5, "axis": "x", "origin": [7.98968, 13.86158, 6.72729]},
			"faces": {
				"north": {"uv": [9.5, 3, 10.12, 1.5], "texture": "#0"},
				"east": {"uv": [9.5, 3, 10.12, 1.5], "texture": "#0"},
				"south": {"uv": [9.5, 3, 10.12, 1.5], "texture": "#0"},
				"west": {"uv": [9.5, 3, 10.12, 1.5], "texture": "#0"},
				"up": {"uv": [9.5, 3, 10.12, 1.5], "texture": "#0"},
				"down": {"uv": [9.5, 2, 10.1, 1.5], "texture": "#0"}
			}
		},
		{
			"from": [7.68647, 9.80014, 8.5453],
			"to": [8.28647, 10.42014, 9.8453],
			"rotation": {"angle": 22.5, "axis": "x", "origin": [7.98968, 10.29541, 8.40045]},
			"faces": {
				"north": {"uv": [9.5, 1.5, 10.1, 2], "rotation": 180, "texture": "#0"},
				"east": {"uv": [9.5, 1.5, 10.12, 3], "rotation": 90, "texture": "#0"},
				"south": {"uv": [9.5, 1.5, 10.12, 3], "texture": "#0"},
				"west": {"uv": [9.5, 1.5, 10.12, 3], "rotation": 270, "texture": "#0"},
				"up": {"uv": [9.5, 1.5, 10.12, 3], "texture": "#0"},
				"down": {"uv": [9.5, 1.5, 10.12, 3], "rotation": 180, "texture": "#0"}
			}
		},
		{
			"from": [7.68647, 13.47986, 8.3453],
			"to": [8.28647, 14.09986, 9.6453],
			"rotation": {"angle": -22.5, "axis": "x", "origin": [7.98968, 13.60459, 8.20045]},
			"faces": {
				"north": {"uv": [9.5, 2, 10.1, 1.5], "rotation": 180, "texture": "#0"},
				"east": {"uv": [10.12, 1.5, 9.5, 3], "rotation": 90, "texture": "#0"},
				"south": {"uv": [9.5, 3, 10.12, 1.5], "texture": "#0"},
				"west": {"uv": [10.12, 1.5, 9.5, 3], "rotation": 270, "texture": "#0"},
				"up": {"uv": [9.5, 3, 10.12, 1.5], "rotation": 180, "texture": "#0"},
				"down": {"uv": [9.5, 3, 10.12, 1.5], "texture": "#0"}
			}
		},
		{
			"from": [7.68647, 10.80014, 9.6453],
			"to": [8.28647, 11.42014, 10.9453],
			"rotation": {"angle": 0, "axis": "x", "origin": [7.98968, 11.29541, 9.50045]},
			"faces": {
				"north": {"uv": [9.5, 1.5, 10.1, 2], "rotation": 180, "texture": "#0"},
				"east": {"uv": [9.5, 1.5, 10.12, 3], "rotation": 90, "texture": "#0"},
				"south": {"uv": [9.5, 1.5, 10.12, 3], "texture": "#0"},
				"west": {"uv": [9.5, 1.5, 10.12, 3], "rotation": 270, "texture": "#0"},
				"up": {"uv": [9.5, 1.5, 10.12, 3], "texture": "#0"},
				"down": {"uv": [9.5, 1.5, 10.12, 3], "rotation": 180, "texture": "#0"}
			}
		},
		{
			"from": [7.68647, 12.47986, 9.4453],
			"to": [8.28647, 13.09986, 10.7453],
			"rotation": {"angle": 0, "axis": "x", "origin": [7.98968, 12.60459, 9.30045]},
			"faces": {
				"north": {"uv": [9.5, 2, 10.1, 1.5], "rotation": 180, "texture": "#0"},
				"east": {"uv": [10.12, 1.5, 9.5, 3], "rotation": 90, "texture": "#0"},
				"south": {"uv": [9.5, 3, 10.12, 1.5], "texture": "#0"},
				"west": {"uv": [10.12, 1.5, 9.5, 3], "rotation": 270, "texture": "#0"},
				"up": {"uv": [9.5, 3, 10.12, 1.5], "rotation": 180, "texture": "#0"},
				"down": {"uv": [9.5, 3, 10.12, 1.5], "texture": "#0"}
			}
		},
		{
			"from": [7.73647, 3.76055, 10.01395],
			"to": [8.23647, 4.36055, 10.53395],
			"rotation": {"angle": 22.5, "axis": "x", "origin": [7.98968, 3.1024, 10.49025]},
			"faces": {
				"north": {"uv": [9.5, 2, 10.5, 3], "rotation": 180, "texture": "#0"},
				"east": {"uv": [9.5, 2, 10.5, 3], "rotation": 180, "texture": "#0"},
				"south": {"uv": [9.5, 2, 10.5, 3], "rotation": 180, "texture": "#0"},
				"west": {"uv": [9.5, 2, 10.5, 3], "rotation": 180, "texture": "#0"},
				"up": {"uv": [9.5, 2, 10.5, 3], "rotation": 180, "texture": "#0"},
				"down": {"uv": [9.5, 2, 10.1, 2.5], "rotation": 180, "texture": "#0"}
			}
		},
		{
			"from": [7.73647, 2.40243, 10.72612],
			"to": [8.23647, 2.92243, 11.42612],
			"rotation": {"angle": -45, "axis": "x", "origin": [7.98968, 3.4024, 10.79025]},
			"faces": {
				"north": {"uv": [9, 1.5, 9.5, 2], "rotation": 270, "texture": "#0"},
				"east": {"uv": [9, 1.5, 10, 3], "rotation": 90, "texture": "#0"},
				"south": {"uv": [9, 1.5, 10, 3], "rotation": 270, "texture": "#0"},
				"west": {"uv": [9, 1.5, 10, 3], "rotation": 270, "texture": "#0"},
				"up": {"uv": [9, 1.5, 10, 3], "texture": "#0"},
				"down": {"uv": [9, 1.5, 10, 3], "rotation": 180, "texture": "#0"}
			}
		},
		{
			"from": [7.79117, 9.53543, 6.60884],
			"to": [8.19117, 10.63543, 7.02884],
			"rotation": {"angle": 0, "axis": "x", "origin": [7.98968, 10.03842, 6.92729]},
			"faces": {
				"north": {"uv": [9.5, 1, 10.5, 2.5], "texture": "#0"},
				"east": {"uv": [11, 1, 10, 2.5], "texture": "#0"},
				"south": {"uv": [8.5, 1, 9.5, 2.5], "texture": "#0"},
				"west": {"uv": [10, 1, 11, 2.5], "texture": "#0"},
				"up": {"uv": [10, 1, 10.4, 1.42], "texture": "#0"},
				"down": {"uv": [10, 1, 11, 2.5], "texture": "#0"}
			}
		},
		{
			"from": [7.79117, 13.26457, 6.40884],
			"to": [8.19117, 14.36457, 6.82884],
			"rotation": {"angle": 0, "axis": "x", "origin": [7.98968, 13.86158, 6.72729]},
			"faces": {
				"north": {"uv": [9.5, 2.5, 10.5, 1], "texture": "#0"},
				"east": {"uv": [11, 2.5, 10, 1], "texture": "#0"},
				"south": {"uv": [8.5, 2.5, 9.5, 1], "texture": "#0"},
				"west": {"uv": [10, 2.5, 11, 1], "texture": "#0"},
				"up": {"uv": [10, 2.5, 11, 1], "texture": "#0"},
				"down": {"uv": [10, 1.42, 10.4, 1], "texture": "#0"}
			}
		},
		{
			"from": [7.79117, 9.83543, 8.10884],
			"to": [8.19117, 10.93543, 8.52884],
			"rotation": {"angle": -45, "axis": "x", "origin": [7.98968, 10.29541, 8.40045]},
			"faces": {
				"north": {"uv": [9.5, 1, 10.5, 2.5], "texture": "#0"},
				"east": {"uv": [11, 1, 10, 2.5], "texture": "#0"},
				"south": {"uv": [8.5, 1, 9.5, 2.5], "texture": "#0"},
				"west": {"uv": [10, 1, 11, 2.5], "texture": "#0"},
				"up": {"uv": [10, 1, 10.4, 1.42], "texture": "#0"},
				"down": {"uv": [10, 1, 11, 2.5], "texture": "#0"}
			}
		},
		{
			"from": [7.79117, 12.96457, 7.90884],
			"to": [8.19117, 14.06457, 8.32884],
			"rotation": {"angle": 45, "axis": "x", "origin": [7.98968, 13.60459, 8.20045]},
			"faces": {
				"north": {"uv": [9.5, 2.5, 10.5, 1], "texture": "#0"},
				"east": {"uv": [11, 2.5, 10, 1], "texture": "#0"},
				"south": {"uv": [8.5, 2.5, 9.5, 1], "texture": "#0"},
				"west": {"uv": [10, 2.5, 11, 1], "texture": "#0"},
				"up": {"uv": [10, 2.5, 11, 1], "texture": "#0"},
				"down": {"uv": [10, 1.42, 10.4, 1], "texture": "#0"}
			}
		},
		{
			"from": [7.79117, 11.00381, 8.86043],
			"to": [8.19117, 11.42381, 9.96043],
			"rotation": {"angle": 22.5, "axis": "x", "origin": [7.98968, 11.29541, 9.50045]},
			"faces": {
				"north": {"uv": [10, 1, 10.4, 1.42], "rotation": 180, "texture": "#0"},
				"east": {"uv": [11, 1, 10, 2.5], "rotation": 90, "texture": "#0"},
				"south": {"uv": [10, 1, 11, 2.5], "texture": "#0"},
				"west": {"uv": [10, 1, 11, 2.5], "rotation": 270, "texture": "#0"},
				"up": {"uv": [8.5, 1, 9.5, 2.5], "texture": "#0"},
				"down": {"uv": [9.5, 1, 10.5, 2.5], "rotation": 180, "texture": "#0"}
			}
		},
		{
			"from": [7.79117, 12.47619, 8.66043],
			"to": [8.19117, 12.89619, 9.76043],
			"rotation": {"angle": -22.5, "axis": "x", "origin": [7.98968, 12.60459, 9.30045]},
			"faces": {
				"north": {"uv": [10, 1.42, 10.4, 1], "rotation": 180, "texture": "#0"},
				"east": {"uv": [10, 1, 11, 2.5], "rotation": 90, "texture": "#0"},
				"south": {"uv": [10, 2.5, 11, 1], "texture": "#0"},
				"west": {"uv": [11, 1, 10, 2.5], "rotation": 270, "texture": "#0"},
				"up": {"uv": [9.5, 2.5, 10.5, 1], "rotation": 180, "texture": "#0"},
				"down": {"uv": [8.5, 2.5, 9.5, 1], "texture": "#0"}
			}
		},
		{
			"from": [7.84117, 3.4091, 10.4746],
			"to": [8.14117, 3.7291, 11.1746],
			"rotation": {"angle": -45, "axis": "x", "origin": [7.98968, 3.1024, 10.49025]},
			"faces": {
				"north": {"uv": [9.5, 1.5, 9.92, 2.3], "rotation": 270, "texture": "#0"},
				"east": {"uv": [9.5, 1.5, 9.92, 2.3], "rotation": 90, "texture": "#0"},
				"south": {"uv": [9.5, 1.5, 9.92, 2.3], "rotation": 270, "texture": "#0"},
				"west": {"uv": [9.5, 1.5, 9.92, 2.3], "rotation": 270, "texture": "#0"},
				"up": {"uv": [9.5, 1.5, 9.92, 2.3], "texture": "#0"},
				"down": {"uv": [9.5, 1.5, 9.92, 2.3], "rotation": 180, "texture": "#0"}
			}
		},
		{
			"from": [7.84117, 2.54922, 10.47324],
			"to": [8.14117, 2.86922, 11.17324],
			"rotation": {"angle": -22.5, "axis": "x", "origin": [7.98968, 3.4024, 10.79025]},
			"faces": {
				"north": {"uv": [8.5, 0, 10, 1], "rotation": 180, "texture": "#0"},
				"east": {"uv": [8.5, 0, 10, 1], "rotation": 180, "texture": "#0"},
				"south": {"uv": [8.5, 0, 10, 1], "rotation": 180, "texture": "#0"},
				"west": {"uv": [8.5, 0, 10, 1], "texture": "#0"},
				"up": {"uv": [8.5, 0, 10, 1], "texture": "#0"},
				"down": {"uv": [8.5, 0, 10, 1], "rotation": 270, "texture": "#0"}
			}
		},
		{
			"from": [7.88639, 10.42453, 6.45777],
			"to": [8.09639, 10.83453, 6.73777],
			"rotation": {"angle": 22.5, "axis": "x", "origin": [7.98968, 10.03842, 6.92729]},
			"faces": {
				"north": {"uv": [10, 0, 10.54, 0.8], "rotation": 180, "texture": "#0"},
				"east": {"uv": [10, 0, 10.54, 0.8], "rotation": 180, "texture": "#0"},
				"south": {"uv": [10, 0, 10.54, 0.8], "rotation": 180, "texture": "#0"},
				"west": {"uv": [10, 0, 10.54, 0.8], "rotation": 180, "texture": "#0"},
				"up": {"uv": [10, 0, 10.54, 0.8], "rotation": 180, "texture": "#0"},
				"down": {"uv": [10, 0, 10.54, 0.8], "rotation": 180, "texture": "#0"}
			}
		},
		{
			"from": [7.88639, 13.06547, 6.25777],
			"to": [8.09639, 13.47547, 6.53777],
			"rotation": {"angle": -22.5, "axis": "x", "origin": [7.98968, 13.86158, 6.72729]},
			"faces": {
				"north": {"uv": [10, 0.8, 10.54, 0], "rotation": 180, "texture": "#0"},
				"east": {"uv": [10, 0.8, 10.54, 0], "rotation": 180, "texture": "#0"},
				"south": {"uv": [10, 0.8, 10.54, 0], "rotation": 180, "texture": "#0"},
				"west": {"uv": [10, 0.8, 10.54, 0], "rotation": 180, "texture": "#0"},
				"up": {"uv": [10, 0.8, 10.54, 0], "rotation": 180, "texture": "#0"},
				"down": {"uv": [10, 0.8, 10.54, 0], "rotation": 180, "texture": "#0"}
			}
		},
		{
			"from": [7.88639, 10.73152, 7.93927],
			"to": [8.09639, 11.14152, 8.21927],
			"rotation": {"angle": -22.5, "axis": "x", "origin": [7.98968, 10.29541, 8.40045]},
			"faces": {
				"north": {"uv": [10, 0, 10.54, 0.8], "rotation": 180, "texture": "#0"},
				"east": {"uv": [10, 0, 10.54, 0.8], "rotation": 180, "texture": "#0"},
				"south": {"uv": [10, 0, 10.54, 0.8], "rotation": 180, "texture": "#0"},
				"west": {"uv": [10, 0, 10.54, 0.8], "rotation": 180, "texture": "#0"},
				"up": {"uv": [10, 0, 10.54, 0.8], "rotation": 180, "texture": "#0"},
				"down": {"uv": [10, 0, 10.54, 0.8], "rotation": 180, "texture": "#0"}
			}
		},
		{
			"from": [7.88639, 12.75848, 7.73927],
			"to": [8.09639, 13.16848, 8.01927],
			"rotation": {"angle": 22.5, "axis": "x", "origin": [7.98968, 13.60459, 8.20045]},
			"faces": {
				"north": {"uv": [10, 0.8, 10.54, 0], "rotation": 180, "texture": "#0"},
				"east": {"uv": [10, 0.8, 10.54, 0], "rotation": 180, "texture": "#0"},
				"south": {"uv": [10, 0.8, 10.54, 0], "rotation": 180, "texture": "#0"},
				"west": {"uv": [10, 0.8, 10.54, 0], "rotation": 180, "texture": "#0"},
				"up": {"uv": [10, 0.8, 10.54, 0], "rotation": 180, "texture": "#0"},
				"down": {"uv": [10, 0.8, 10.54, 0], "rotation": 180, "texture": "#0"}
			}
		},
		{
			"from": [7.88639, 11.73152, 9.03927],
			"to": [8.09639, 12.14152, 9.31927],
			"rotation": {"angle": -45, "axis": "x", "origin": [7.98968, 11.29541, 9.50045]},
			"faces": {
				"north": {"uv": [10, 0, 10.54, 0.8], "rotation": 180, "texture": "#0"},
				"east": {"uv": [10, 0, 10.54, 0.8], "rotation": 180, "texture": "#0"},
				"south": {"uv": [10, 0, 10.54, 0.8], "rotation": 180, "texture": "#0"},
				"west": {"uv": [10, 0, 10.54, 0.8], "rotation": 180, "texture": "#0"},
				"up": {"uv": [10, 0, 10.54, 0.8], "rotation": 180, "texture": "#0"},
				"down": {"uv": [10, 0, 10.54, 0.8], "rotation": 180, "texture": "#0"}
			}
		},
		{
			"from": [7.88639, 11.75848, 8.83927],
			"to": [8.09639, 12.16848, 9.11927],
			"rotation": {"angle": 45, "axis": "x", "origin": [7.98968, 12.60459, 9.30045]},
			"faces": {
				"north": {"uv": [10, 0.8, 10.54, 0], "rotation": 180, "texture": "#0"},
				"east": {"uv": [10, 0.8, 10.54, 0], "rotation": 180, "texture": "#0"},
				"south": {"uv": [10, 0.8, 10.54, 0], "rotation": 180, "texture": "#0"},
				"west": {"uv": [10, 0.8, 10.54, 0], "rotation": 180, "texture": "#0"},
				"up": {"uv": [10, 0.8, 10.54, 0], "rotation": 180, "texture": "#0"},
				"down": {"uv": [10, 0.8, 10.54, 0], "rotation": 180, "texture": "#0"}
			}
		},
		{
			"from": [7.89139, 3.50778, 9.8428],
			"to": [8.09139, 3.77778, 10.3428],
			"rotation": {"angle": -22.5, "axis": "x", "origin": [7.98968, 3.3024, 10.74025]},
			"faces": {
				"north": {"uv": [8.5, 0, 9.5, 0.54], "rotation": 90, "texture": "#0"},
				"east": {"uv": [8.5, 0, 9.5, 0.54], "rotation": 90, "texture": "#0"},
				"south": {"uv": [8.5, 0, 9.5, 0.54], "rotation": 90, "texture": "#0"},
				"west": {"uv": [8.5, 0, 9.5, 0.54], "rotation": 90, "texture": "#0"},
				"up": {"uv": [8.5, 0, 9.5, 0.54], "rotation": 90, "texture": "#0"},
				"down": {"uv": [8.5, 0, 9.5, 0.54], "rotation": 90, "texture": "#0"}
			}
		},
		{
			"from": [7.89139, 2.52087, 10.45824],
			"to": [8.09139, 2.79087, 10.85824],
			"rotation": {"angle": 0, "axis": "x", "origin": [7.98968, 3.5024, 11.09025]},
			"faces": {
				"north": {"uv": [8.5, 0, 9.5, 0.54], "rotation": 90, "texture": "#0"},
				"east": {"uv": [8.5, 0, 9.5, 0.54], "rotation": 90, "texture": "#0"},
				"south": {"uv": [8.5, 0, 9.5, 0.54], "rotation": 90, "texture": "#0"},
				"west": {"uv": [8.5, 0, 9.5, 0.54], "rotation": 90, "texture": "#0"},
				"up": {"uv": [8.5, 0, 9.5, 0.54], "rotation": 90, "texture": "#0"},
				"down": {"uv": [8.5, 0, 9.5, 0.54], "rotation": 90, "texture": "#0"}
			}
		},
		{
			"from": [6.95, 8.7, 9.6],
			"to": [9, 10.2, 10.6],
			"rotation": {"angle": 45, "axis": "x", "origin": [8, 9.4, 10.1]},
			"faces": {
				"north": {"uv": [8.5, 2.5, 10.5, 5.5], "texture": "#0"},
				"east": {"uv": [9, 2.5, 11, 5.5], "texture": "#0"},
				"south": {"uv": [8.5, 2.5, 10.5, 5.5], "texture": "#0"},
				"west": {"uv": [8.5, 2.5, 10.5, 5.5], "texture": "#0"},
				"up": {"uv": [8.5, 2.5, 10.5, 5.5], "texture": "#0"},
				"down": {"uv": [8.5, 2.5, 10.5, 5.5], "texture": "#0"}
			}
		},
		{
			"from": [6.8, 6.9, 7.4],
			"to": [9.2, 8.9, 9.4],
			"rotation": {"angle": 45, "axis": "x", "origin": [8.05, 7.6, 7.9]},
			"faces": {
				"north": {"uv": [9, 6, 13, 10], "texture": "#0"},
				"east": {"uv": [9, 6, 13, 10], "texture": "#0"},
				"south": {"uv": [9, 6, 13, 10], "texture": "#0"},
				"west": {"uv": [9, 6, 13, 10], "texture": "#0"},
				"up": {"uv": [9, 6, 13, 10], "texture": "#0"},
				"down": {"uv": [9, 6, 13, 10], "texture": "#0"}
			}
		},
		{
			"from": [6.9, -6.9, 7.55],
			"to": [9.1, -5.65, 8.8],
			"rotation": {"angle": 45, "axis": "x", "origin": [8.05, -6.2, 7.9]},
			"faces": {
				"north": {"uv": [9.5, 6.5, 12.5, 9.5], "texture": "#0"},
				"east": {"uv": [9.5, 6.5, 12.5, 9.5], "texture": "#0"},
				"south": {"uv": [9.5, 6.5, 12.5, 9.5], "texture": "#0"},
				"west": {"uv": [9.5, 6.5, 12.5, 9.5], "texture": "#0"},
				"up": {"uv": [9.5, 6.5, 12.5, 9.5], "texture": "#0"},
				"down": {"uv": [9.5, 6.5, 12.5, 9.5], "texture": "#0"}
			}
		},
		{
			"from": [7.1, -7.4, 7.05],
			"to": [8.9, -5.15, 9.3],
			"rotation": {"angle": 45, "axis": "x", "origin": [8.25, -6.2, 7.9]},
			"faces": {
				"north": {"uv": [5, 4, 7, 6.5], "texture": "#0"},
				"east": {"uv": [5.5, 5.5, 8, 8], "rotation": 90, "texture": "#0"},
				"south": {"uv": [6, 5.5, 8, 8], "texture": "#0"},
				"west": {"uv": [5.5, 5.5, 8, 8], "texture": "#0"},
				"up": {"uv": [5.5, 3.5, 7.5, 6], "texture": "#0"},
				"down": {"uv": [5.5, 6.5, 7.5, 9], "rotation": 180, "texture": "#0"}
			}
		},
		{
			"from": [6.94, 9.36175, 10.47033],
			"to": [9.01, 11.48175, 10.99033],
			"rotation": {"angle": -22.5, "axis": "x", "origin": [7.975, 10.07175, 10.63033]},
			"faces": {
				"north": {"uv": [3, 4, 5.1, 4.5], "rotation": 270, "texture": "#0"},
				"east": {"uv": [3, 4, 5.1, 4.5], "rotation": 270, "texture": "#0"},
				"south": {"uv": [3, 4, 5.1, 4.5], "rotation": 270, "texture": "#0"},
				"west": {"uv": [3, 4, 5.1, 4.5], "rotation": 270, "texture": "#0"},
				"up": {"uv": [3, 4, 5.1, 4.5], "rotation": 180, "texture": "#0"},
				"down": {"uv": [3, 4, 5.1, 4.5], "rotation": 180, "texture": "#0"}
			}
		},
		{
			"from": [7.14, 11.87338, 10.82878],
			"to": [8.81, 13.99338, 11.34878],
			"rotation": {"angle": 22.5, "axis": "x", "origin": [7.975, 12.93338, 11.08878]},
			"faces": {
				"north": {"uv": [5.5, 2.5, 7.6, 3], "rotation": 270, "texture": "#0"},
				"east": {"uv": [5.5, 2.5, 7.6, 3], "rotation": 270, "texture": "#0"},
				"south": {"uv": [5.5, 2.5, 7.6, 3], "rotation": 270, "texture": "#0"},
				"west": {"uv": [5.5, 2.5, 7.6, 3], "rotation": 270, "texture": "#0"},
				"up": {"uv": [5.5, 2.5, 7.6, 3], "rotation": 270, "texture": "#0"},
				"down": {"uv": [5.5, 2.5, 7.6, 3], "rotation": 270, "texture": "#0"}
			}
		},
		{
			"from": [7.001, 9.98636, 10.43636],
			"to": [8.999, 11.48436, 11.43436],
			"rotation": {"angle": 0, "axis": "x", "origin": [8, 9.43536, 10.13536]},
			"faces": {
				"north": {"uv": [9, 2.5, 11, 5.5], "texture": "#0"},
				"east": {"uv": [9, 2.5, 11, 5.5], "rotation": 180, "texture": "#0"},
				"south": {"uv": [9, 0, 11, 3], "texture": "#0"},
				"west": {"uv": [9, 2.5, 11, 5.5], "texture": "#0"},
				"up": {"uv": [9, 2.5, 11, 5.5], "texture": "#0"},
				"down": {"uv": [9, 2.5, 11, 5.5], "texture": "#0"}
			}
		},
		{
			"from": [7.151, 12.68636, 10.23636],
			"to": [8.799, 14.18436, 11.23436],
			"rotation": {"angle": -22.5, "axis": "x", "origin": [8, 12.93536, 10.93536]},
			"faces": {
				"north": {"uv": [9, 2.5, 11, 5.5], "texture": "#0"},
				"east": {"uv": [11, 2.5, 9, 5.5], "texture": "#0"},
				"south": {"uv": [9, 0, 11, 3], "texture": "#0"},
				"west": {"uv": [9, 2.5, 11, 5.5], "texture": "#0"},
				"up": {"uv": [9, 2.5, 11, 5.5], "texture": "#0"},
				"down": {"uv": [9, 2.5, 11, 5.5], "texture": "#0"}
			}
		}
	],
	"display": {
		"thirdperson_righthand": {
			"translation": [0, 14, 1.5],
			"scale": [1.7, 1.7, 1.7]
		},
		"thirdperson_lefthand": {
			"translation": [0, 13.75, 1.5],
			"scale": [1.7, 1.7, 1.7]
		},
		"firstperson_righthand": {
			"rotation": [-11, 0, 0],
			"translation": [-1.5, 4.5, 1.5],
			"scale": [0.9, 1, 1]
		},
		"firstperson_lefthand": {
			"rotation": [-11, 0, 0],
			"translation": [-1.5, 4.5, 1.5],
			"scale": [0.9, 1, 1]
		},
		"ground": {
			"rotation": [45, -45, 0],
			"translation": [0, 7, 0],
			"scale": [0.8, 0.8, 0.8]
		},
		"gui": {
			"rotation": [-103, -41, -97],
			"translation": [3.25, 3, 0],
			"scale": [0.8, 0.8, 0.8]
		},
		"head": {
			"rotation": [-45, -180, 0],
			"translation": [0, 72, 0],
			"scale": [3, 3, 3]
		},
		"fixed": {
			"rotation": [0, 0, -90],
			"translation": [0.75, -4.25, -0.75],
			"scale": [1.1, 1.1, 1.1]
		}
	}
}