{
	"credit": "Made with Blockbench",
	"textures": {
		"0": "skins/olily",
		"particle": "skins/olily"
	},
	"elements": [
		{
			"from": [7.4, -7.7, 8.65],
			"to": [8.6, -5.5, 9.85],
			"rotation": {"angle": -45, "axis": "x", "origin": [7.96609, -7.5424, 8.74485]},
			"faces": {
				"north": {"uv": [3.5, 14, 6.5, 16], "rotation": 90, "texture": "#0"},
				"east": {"uv": [3.5, 14, 6.5, 16], "rotation": 90, "texture": "#0"},
				"south": {"uv": [3.5, 14, 6.5, 16], "rotation": 90, "texture": "#0"},
				"west": {"uv": [3.5, 14, 6.5, 16], "rotation": 90, "texture": "#0"},
				"up": {"uv": [3.5, 14, 5.5, 16], "rotation": 90, "texture": "#0"},
				"down": {"uv": [3.5, 14, 5.5, 16], "rotation": 90, "texture": "#0"}
			}
		},
		{
			"from": [7.4, 12.3, 9.95],
			"to": [8.6, 14.5, 11.15],
			"rotation": {"angle": 45, "axis": "x", "origin": [7.96609, 14.3424, 10.04485]},
			"faces": {
				"north": {"uv": [4, 5.5, 6, 8.5], "texture": "#0"},
				"east": {"uv": [4, 5.5, 6, 8.5], "texture": "#0"},
				"south": {"uv": [4, 5.5, 6, 8.5], "texture": "#0"},
				"west": {"uv": [4, 5.5, 6, 8.5], "texture": "#0"},
				"up": {"uv": [4, 5.5, 6, 8.5], "texture": "#0"},
				"down": {"uv": [4, 5.5, 6, 8.5], "texture": "#0"}
			}
		},
		{
			"from": [7.44916, -6.88987, 4.23152],
			"to": [8.54916, -5.78987, 7.33152],
			"rotation": {"angle": 22.5, "axis": "x", "origin": [7.96609, -7.5424, 8.74485]},
			"faces": {
				"north": {"uv": [3.5, 14, 5.5, 16], "rotation": 90, "texture": "#0"},
				"east": {"uv": [6, 14, 10, 16], "rotation": 180, "texture": "#0"},
				"south": {"uv": [3.5, 14, 5.5, 16], "rotation": 90, "texture": "#0"},
				"west": {"uv": [2.5, 14, 6.5, 16], "rotation": 180, "texture": "#0"},
				"up": {"uv": [3.5, 14, 7.5, 16], "rotation": 90, "texture": "#0"},
				"down": {"uv": [3.5, 14, 7.5, 16], "rotation": 90, "texture": "#0"}
			}
		},
		{
			"from": [7.44916, 12.58987, 5.53152],
			"to": [8.54916, 13.68987, 8.63152],
			"rotation": {"angle": -22.5, "axis": "x", "origin": [7.96609, 14.3424, 10.04485]},
			"faces": {
				"north": {"uv": [4, 5.5, 6, 9.5], "rotation": 270, "texture": "#0"},
				"east": {"uv": [0.5, 6.5, 4.5, 8.5], "texture": "#0"},
				"south": {"uv": [4, 5.5, 6, 9.5], "rotation": 270, "texture": "#0"},
				"west": {"uv": [5.5, 5.5, 9.5, 7.5], "texture": "#0"},
				"up": {"uv": [6, 5.5, 10, 7.5], "rotation": 270, "texture": "#0"},
				"down": {"uv": [12, 6.5, 16, 8.5], "rotation": 270, "texture": "#0"}
			}
		},
		{
			"from": [7.39989, -3.93988, 5.96417],
			"to": [8.59989, -0.73988, 7.16417],
			"rotation": {"angle": -22.5, "axis": "x", "origin": [7.96609, -7.5424, 8.74485]},
			"faces": {
				"north": {"uv": [3.5, 14, 7.5, 16], "rotation": 90, "texture": "#0"},
				"east": {"uv": [3.5, 14, 7.5, 16], "rotation": 90, "texture": "#0"},
				"south": {"uv": [3.5, 14, 7.5, 16], "rotation": 90, "texture": "#0"},
				"west": {"uv": [3.5, 14, 7.5, 16], "rotation": 90, "texture": "#0"},
				"up": {"uv": [3.5, 14, 5.5, 16], "rotation": 90, "texture": "#0"},
				"down": {"uv": [3.5, 14, 5.5, 16], "rotation": 90, "texture": "#0"}
			}
		},
		{
			"from": [7.39989, 7.53988, 7.26417],
			"to": [8.59989, 10.73988, 8.46417],
			"rotation": {"angle": 22.5, "axis": "x", "origin": [7.96609, 14.3424, 10.04485]},
			"faces": {
				"north": {"uv": [5.5, 5.5, 9.5, 7.5], "rotation": 90, "texture": "#0"},
				"east": {"uv": [0.5, 6.5, 4.5, 8.5], "rotation": 90, "texture": "#0"},
				"south": {"uv": [0.5, 6, 4.5, 8], "rotation": 90, "texture": "#0"},
				"west": {"uv": [4, 6, 8, 8], "rotation": 270, "texture": "#0"},
				"up": {"uv": [4, 5.5, 6, 9.5], "texture": "#0"},
				"down": {"uv": [4, 5.5, 6, 9.5], "texture": "#0"}
			}
		},
		{
			"from": [7.29776, -2.77646, 4.03654],
			"to": [8.69776, 0.62354, 5.43654],
			"rotation": {"angle": 22.5, "axis": "x", "origin": [7.97833, -1.08697, 4.74709]},
			"faces": {
				"north": {"uv": [10.5, 13.5, 14.5, 15.5], "rotation": 270, "texture": "#0"},
				"east": {"uv": [11.5, 14, 15.5, 16], "rotation": 270, "texture": "#0"},
				"south": {"uv": [12, 14, 16, 16], "rotation": 270, "texture": "#0"},
				"west": {"uv": [11.5, 13.5, 15.5, 15.5], "rotation": 270, "texture": "#0"},
				"up": {"uv": [3.5, 14, 5.5, 16], "rotation": 90, "texture": "#0"},
				"down": {"uv": [3.5, 14, 5.5, 16], "rotation": 90, "texture": "#0"}
			}
		},
		{
			"from": [7.39776, -0.27772, 5.74001],
			"to": [8.59776, 1.92228, 6.94001],
			"rotation": {"angle": 45, "axis": "x", "origin": [7.98147, 1.32111, 6.352]},
			"faces": {
				"north": {"uv": [13, 13, 16, 15], "rotation": 90, "texture": "#0"},
				"east": {"uv": [12, 13.5, 15, 15.5], "rotation": 90, "texture": "#0"},
				"south": {"uv": [13, 14, 16, 16], "rotation": 90, "texture": "#0"},
				"west": {"uv": [13, 14, 16, 16], "rotation": 90, "texture": "#0"},
				"up": {"uv": [13, 14, 16, 16], "rotation": 90, "texture": "#0"},
				"down": {"uv": [13, 14, 16, 16], "rotation": 90, "texture": "#0"}
			}
		},
		{
			"from": [7.29773, 4.70734, 5.64004],
			"to": [8.69773, 7.10734, 7.04004],
			"rotation": {"angle": -45, "axis": "x", "origin": [7.98144, 5.40851, 6.35203]},
			"faces": {
				"north": {"uv": [4, 5.5, 6, 8.5], "texture": "#0"},
				"east": {"uv": [4, 5.5, 6, 8.5], "texture": "#0"},
				"south": {"uv": [4, 5.5, 6, 8.5], "texture": "#0"},
				"west": {"uv": [4, 5.5, 6, 8.5], "texture": "#0"},
				"up": {"uv": [4, 5.5, 6, 8.5], "texture": "#0"},
				"down": {"uv": [4, 5.5, 6, 8.5], "texture": "#0"}
			}
		},
		{
			"from": [7.24389, 6.05742, 4.60004],
			"to": [8.74389, 9.55742, 6.10004],
			"rotation": {"angle": 0, "axis": "x", "origin": [7.99431, 7.31268, 5.34975]},
			"faces": {
				"north": {"uv": [4, 5.5, 6, 9.5], "texture": "#0"},
				"east": {"uv": [4, 5.5, 6, 9.5], "texture": "#0"},
				"south": {"uv": [4, 5.5, 6, 9.5], "texture": "#0"},
				"west": {"uv": [4, 5.5, 6, 9.5], "texture": "#0"},
				"up": {"uv": [4, 5.5, 6, 9.5], "texture": "#0"},
				"down": {"uv": [4, 5.5, 6, 9.5], "texture": "#0"}
			}
		},
		{
			"from": [7.30243, 1.37341, 6.35822],
			"to": [8.70243, 3.77341, 7.75822],
			"rotation": {"angle": 22.5, "axis": "x", "origin": [7.98666, 2.57964, 7.06937]},
			"faces": {
				"north": {"uv": [4, 5.5, 6, 8.5], "texture": "#0"},
				"east": {"uv": [4, 5.5, 6, 8.5], "texture": "#0"},
				"south": {"uv": [4, 5.5, 6, 8.5], "texture": "#0"},
				"west": {"uv": [4, 5.5, 6, 8.5], "texture": "#0"},
				"up": {"uv": [4, 5.5, 6, 8.5], "texture": "#0"},
				"down": {"uv": [4, 5.5, 6, 8.5], "texture": "#0"}
			}
		},
		{
			"from": [7.40239, 3.05621, 6.45826],
			"to": [8.60239, 5.25621, 7.65826],
			"rotation": {"angle": -22.5, "axis": "x", "origin": [7.98663, 4.14998, 7.06941]},
			"faces": {
				"north": {"uv": [4, 5.5, 6, 8.5], "texture": "#0"},
				"east": {"uv": [4, 5.5, 6, 8.5], "texture": "#0"},
				"south": {"uv": [4, 5.5, 6, 8.5], "texture": "#0"},
				"west": {"uv": [4, 5.5, 6, 8.5], "texture": "#0"},
				"up": {"uv": [4, 5.5, 6, 8.5], "texture": "#0"},
				"down": {"uv": [4, 5.5, 6, 8.5], "texture": "#0"}
			}
		},
		{
			"from": [7.49738, -7.58706, 8.8548],
			"to": [8.49738, -6.58706, 9.8548],
			"rotation": {"angle": 22.5, "axis": "x", "origin": [7.96609, -7.5424, 8.74485]},
			"faces": {
				"north": {"uv": [3.5, 14, 4.5, 15], "rotation": 90, "texture": "#0"},
				"east": {"uv": [3.5, 14, 4.5, 15], "rotation": 90, "texture": "#0"},
				"south": {"uv": [3.5, 14, 4.5, 15], "rotation": 90, "texture": "#0"},
				"west": {"uv": [3.5, 14, 4.5, 15], "rotation": 90, "texture": "#0"},
				"up": {"uv": [3.5, 14, 4.5, 15], "rotation": 90, "texture": "#0"},
				"down": {"uv": [3.5, 14, 4.5, 15], "rotation": 90, "texture": "#0"}
			}
		},
		{
			"from": [7.49738, 13.38706, 10.1548],
			"to": [8.49738, 14.38706, 11.1548],
			"rotation": {"angle": -22.5, "axis": "x", "origin": [7.96609, 14.3424, 10.04485]},
			"faces": {
				"north": {"uv": [4, 5.5, 5, 6.5], "rotation": 270, "texture": "#0"},
				"east": {"uv": [4, 5.5, 5, 6.5], "rotation": 270, "texture": "#0"},
				"south": {"uv": [4, 5.5, 5, 6.5], "rotation": 270, "texture": "#0"},
				"west": {"uv": [4, 5.5, 5, 6.5], "rotation": 270, "texture": "#0"},
				"up": {"uv": [4, 5.5, 5, 6.5], "rotation": 270, "texture": "#0"},
				"down": {"uv": [4, 5.5, 5, 6.5], "rotation": 270, "texture": "#0"}
			}
		},
		{
			"from": [7.54702, -7.9571, 9.70347],
			"to": [8.44702, -7.0571, 10.60347],
			"rotation": {"angle": 0, "axis": "x", "origin": [7.96609, -7.5424, 8.74485]},
			"faces": {
				"north": {"uv": [3.5, 14, 4.5, 15], "rotation": 90, "texture": "#0"},
				"east": {"uv": [3.5, 14, 4.5, 15], "rotation": 90, "texture": "#0"},
				"south": {"uv": [3.5, 14, 4.5, 15], "rotation": 90, "texture": "#0"},
				"west": {"uv": [3.5, 14, 4.5, 15], "rotation": 90, "texture": "#0"},
				"up": {"uv": [3.5, 14, 4.5, 15], "rotation": 90, "texture": "#0"},
				"down": {"uv": [3.5, 14, 4.5, 15], "rotation": 90, "texture": "#0"}
			}
		},
		{
			"from": [7.89702, -7.8071, 10.95347],
			"to": [8.09702, 14.3929, 11.15347],
			"rotation": {"angle": 0, "axis": "x", "origin": [7.96609, -7.7424, 9.64485]},
			"faces": {
				"north": {"uv": [8.5, 13.5, 9, 14], "rotation": 90, "texture": "#0"},
				"east": {"uv": [8.5, 13.5, 9, 14], "rotation": 90, "texture": "#0"},
				"south": {"uv": [8.5, 13.5, 9, 14], "rotation": 90, "texture": "#0"},
				"west": {"uv": [8.5, 13.5, 9, 14], "rotation": 90, "texture": "#0"},
				"up": {"uv": [8.5, 13.5, 9, 14], "rotation": 90, "texture": "#0"},
				"down": {"uv": [8.5, 13.5, 9, 14], "rotation": 90, "texture": "#0"}
			}
		},
		{
			"from": [7.54702, 13.8571, 11.00347],
			"to": [8.44702, 14.7571, 11.90347],
			"rotation": {"angle": 0, "axis": "x", "origin": [7.96609, 14.3424, 10.04485]},
			"faces": {
				"north": {"uv": [4, 5.5, 5, 6.5], "rotation": 270, "texture": "#0"},
				"east": {"uv": [4, 5.5, 5, 6.5], "rotation": 270, "texture": "#0"},
				"south": {"uv": [4, 5.5, 5, 6.5], "rotation": 270, "texture": "#0"},
				"west": {"uv": [4, 5.5, 5, 6.5], "rotation": 270, "texture": "#0"},
				"up": {"uv": [4, 5.5, 5, 6.5], "rotation": 270, "texture": "#0"},
				"down": {"uv": [4, 5.5, 5, 6.5], "rotation": 270, "texture": "#0"}
			}
		},
		{
			"from": [7.55298, -5.92892, 4.802],
			"to": [8.45298, -5.02892, 5.702],
			"rotation": {"angle": 0, "axis": "x", "origin": [7.96609, -7.5424, 8.74485]},
			"faces": {
				"north": {"uv": [3.5, 14, 4.5, 15], "rotation": 90, "texture": "#0"},
				"east": {"uv": [3.5, 14, 4.5, 15], "rotation": 90, "texture": "#0"},
				"south": {"uv": [3.5, 14, 4.5, 15], "rotation": 90, "texture": "#0"},
				"west": {"uv": [3.5, 14, 4.5, 15], "rotation": 90, "texture": "#0"},
				"up": {"uv": [3.5, 14, 4.5, 15], "rotation": 90, "texture": "#0"},
				"down": {"uv": [3.5, 14, 4.5, 15], "rotation": 90, "texture": "#0"}
			}
		},
		{
			"from": [7.55298, 6.26051, 4.40815],
			"to": [8.45298, 7.16051, 5.30815],
			"rotation": {"angle": -22.5, "axis": "x", "origin": [8.02641, 6.41272, 3.64979]},
			"faces": {
				"north": {"uv": [4, 5.5, 5, 6.5], "rotation": 90, "texture": "#0"},
				"east": {"uv": [4, 5.5, 5, 6.5], "rotation": 90, "texture": "#0"},
				"south": {"uv": [4, 5.5, 5, 6.5], "rotation": 90, "texture": "#0"},
				"west": {"uv": [4, 5.5, 5, 6.5], "rotation": 90, "texture": "#0"},
				"up": {"uv": [4, 5.5, 5, 6.5], "rotation": 90, "texture": "#0"},
				"down": {"uv": [4, 5.5, 5, 6.5], "rotation": 90, "texture": "#0"}
			}
		},
		{
			"from": [7.86805, 9.76051, 5.77636],
			"to": [8.76805, 10.66051, 6.67636],
			"rotation": {"angle": -22.5, "axis": "z", "origin": [9.52641, 9.91272, 6.24979]},
			"faces": {
				"north": {"uv": [4, 5.5, 5, 6.5], "texture": "#0"},
				"east": {"uv": [4, 5.5, 5, 6.5], "texture": "#0"},
				"south": {"uv": [4, 5.5, 5, 6.5], "texture": "#0"},
				"west": {"uv": [4, 5.5, 5, 6.5], "texture": "#0"},
				"up": {"uv": [4, 5.5, 5, 6.5], "texture": "#0"},
				"down": {"uv": [4, 5.5, 5, 6.5], "texture": "#0"}
			}
		},
		{
			"from": [6.51502, 12.54756, 6.57636],
			"to": [7.41502, 13.44756, 7.47636],
			"rotation": {"angle": 22.5, "axis": "z", "origin": [7.12359, 12.20099, 7.03561]},
			"faces": {
				"north": {"uv": [4, 5.5, 5, 6.5], "texture": "#0"},
				"east": {"uv": [4, 5.5, 5, 6.5], "texture": "#0"},
				"south": {"uv": [4, 5.5, 5, 6.5], "texture": "#0"},
				"west": {"uv": [4, 5.5, 5, 6.5], "texture": "#0"},
				"up": {"uv": [4, 5.5, 5, 6.5], "texture": "#0"},
				"down": {"uv": [4, 5.5, 5, 6.5], "texture": "#0"}
			}
		},
		{
			"from": [7.59665, -7.23154, 10.22605],
			"to": [8.39665, -6.43154, 11.02605],
			"rotation": {"angle": 22.5, "axis": "x", "origin": [7.96609, -7.5424, 8.74485]},
			"faces": {
				"north": {"uv": [3.5, 14, 4.5, 15], "rotation": 90, "texture": "#0"},
				"east": {"uv": [3.5, 14, 4.5, 15], "rotation": 90, "texture": "#0"},
				"south": {"uv": [3.5, 14, 4.5, 15], "rotation": 90, "texture": "#0"},
				"west": {"uv": [3.5, 14, 4.5, 15], "rotation": 90, "texture": "#0"},
				"up": {"uv": [3.5, 14, 4.5, 15], "rotation": 90, "texture": "#0"},
				"down": {"uv": [3.5, 14, 4.5, 15], "rotation": 90, "texture": "#0"}
			}
		},
		{
			"from": [7.59665, 13.23154, 11.52605],
			"to": [8.39665, 14.03154, 12.32605],
			"rotation": {"angle": -22.5, "axis": "x", "origin": [7.96609, 14.3424, 10.04485]},
			"faces": {
				"north": {"uv": [4, 5.5, 5, 6.5], "rotation": 270, "texture": "#0"},
				"east": {"uv": [4, 5.5, 5, 6.5], "rotation": 270, "texture": "#0"},
				"south": {"uv": [4, 5.5, 5, 6.5], "rotation": 270, "texture": "#0"},
				"west": {"uv": [4, 5.5, 5, 6.5], "rotation": 270, "texture": "#0"},
				"up": {"uv": [4, 5.5, 5, 6.5], "rotation": 270, "texture": "#0"},
				"down": {"uv": [4, 5.5, 5, 6.5], "rotation": 270, "texture": "#0"}
			}
		},
		{
			"from": [7.60335, -5.29265, 5.76836],
			"to": [8.40335, -4.49265, 6.56836],
			"rotation": {"angle": -22.5, "axis": "x", "origin": [7.96609, -7.5424, 8.74485]},
			"faces": {
				"north": {"uv": [3.5, 14, 4.5, 15], "rotation": 90, "texture": "#0"},
				"east": {"uv": [3.5, 14, 4.5, 15], "rotation": 90, "texture": "#0"},
				"south": {"uv": [3.5, 14, 4.5, 15], "rotation": 90, "texture": "#0"},
				"west": {"uv": [3.5, 14, 4.5, 15], "rotation": 90, "texture": "#0"},
				"up": {"uv": [3.5, 14, 4.5, 15], "rotation": 90, "texture": "#0"},
				"down": {"uv": [3.5, 14, 4.5, 15], "rotation": 90, "texture": "#0"}
			}
		},
		{
			"from": [7.60335, 6.64975, 3.2979],
			"to": [8.40335, 7.44975, 4.0979],
			"rotation": {"angle": 45, "axis": "x", "origin": [8.02641, 6.41272, 3.64979]},
			"faces": {
				"north": {"uv": [4, 5.5, 5, 6.5], "texture": "#0"},
				"east": {"uv": [4, 5.5, 5, 6.5], "texture": "#0"},
				"south": {"uv": [4, 5.5, 5, 6.5], "texture": "#0"},
				"west": {"uv": [4, 5.5, 5, 6.5], "texture": "#0"},
				"up": {"uv": [4, 5.5, 5, 6.5], "texture": "#0"},
				"down": {"uv": [4, 5.5, 5, 6.5], "texture": "#0"}
			}
		},
		{
			"from": [9.0783, 10.14975, 5.82672],
			"to": [9.8783, 10.94975, 6.62672],
			"rotation": {"angle": 45, "axis": "z", "origin": [9.52641, 9.91272, 6.24979]},
			"faces": {
				"north": {"uv": [4, 5.5, 5, 6.5], "texture": "#0"},
				"east": {"uv": [4, 5.5, 5, 6.5], "texture": "#0"},
				"south": {"uv": [4, 5.5, 5, 6.5], "texture": "#0"},
				"west": {"uv": [4, 5.5, 5, 6.5], "texture": "#0"},
				"up": {"uv": [4, 5.5, 5, 6.5], "texture": "#0"},
				"down": {"uv": [4, 5.5, 5, 6.5], "texture": "#0"}
			}
		},
		{
			"from": [6.74274, 12.0043, 6.62672],
			"to": [7.54274, 12.8043, 7.42672],
			"rotation": {"angle": 45, "axis": "z", "origin": [7.12359, 12.20099, 7.03561]},
			"faces": {
				"north": {"uv": [4, 5.5, 5, 6.5], "texture": "#0"},
				"east": {"uv": [4, 5.5, 5, 6.5], "texture": "#0"},
				"south": {"uv": [4, 5.5, 5, 6.5], "texture": "#0"},
				"west": {"uv": [4, 5.5, 5, 6.5], "texture": "#0"},
				"up": {"uv": [4, 5.5, 5, 6.5], "texture": "#0"},
				"down": {"uv": [4, 5.5, 5, 6.5], "texture": "#0"}
			}
		},
		{
			"from": [7.64576, -9.87463, 9.89523],
			"to": [8.34576, -9.17463, 10.59523],
			"rotation": {"angle": -45, "axis": "x", "origin": [7.96609, -7.5424, 8.74485]},
			"faces": {
				"north": {"uv": [3.5, 14, 4.5, 15], "rotation": 90, "texture": "#0"},
				"east": {"uv": [3.5, 14, 4.5, 15], "rotation": 90, "texture": "#0"},
				"south": {"uv": [3.5, 14, 4.5, 15], "rotation": 90, "texture": "#0"},
				"west": {"uv": [3.5, 14, 4.5, 15], "rotation": 90, "texture": "#0"},
				"up": {"uv": [3.5, 14, 4.5, 15], "rotation": 90, "texture": "#0"},
				"down": {"uv": [3.5, 14, 4.5, 15], "rotation": 90, "texture": "#0"}
			}
		},
		{
			"from": [7.65424, -6.88486, 5.14753],
			"to": [8.35424, -6.18486, 5.84753],
			"rotation": {"angle": 0, "axis": "x", "origin": [7.96609, -7.5424, 8.74485]},
			"faces": {
				"north": {"uv": [3.5, 14, 4.5, 15], "rotation": 90, "texture": "#0"},
				"east": {"uv": [3.5, 14, 4.5, 15], "rotation": 90, "texture": "#0"},
				"south": {"uv": [3.5, 14, 4.5, 15], "rotation": 90, "texture": "#0"},
				"west": {"uv": [3.5, 14, 4.5, 15], "rotation": 90, "texture": "#0"},
				"up": {"uv": [3.5, 14, 4.5, 15], "rotation": 90, "texture": "#0"},
				"down": {"uv": [3.5, 14, 4.5, 15], "rotation": 90, "texture": "#0"}
			}
		},
		{
			"from": [7.65424, 6.11498, 3.45221],
			"to": [8.35424, 6.81498, 4.15221],
			"rotation": {"angle": -22.5, "axis": "x", "origin": [8.02641, 6.41272, 3.64979]},
			"faces": {
				"north": {"uv": [4, 5.5, 5, 6.5], "rotation": 90, "texture": "#0"},
				"east": {"uv": [4, 5.5, 5, 6.5], "rotation": 90, "texture": "#0"},
				"south": {"uv": [4, 5.5, 5, 6.5], "rotation": 90, "texture": "#0"},
				"west": {"uv": [4, 5.5, 5, 6.5], "rotation": 90, "texture": "#0"},
				"up": {"uv": [4, 5.5, 5, 6.5], "rotation": 90, "texture": "#0"},
				"down": {"uv": [4, 5.5, 5, 6.5], "rotation": 90, "texture": "#0"}
			}
		},
		{
			"from": [9.02399, 9.61498, 5.87761],
			"to": [9.72399, 10.31498, 6.57761],
			"rotation": {"angle": -22.5, "axis": "z", "origin": [9.52641, 9.91272, 6.24979]},
			"faces": {
				"north": {"uv": [4, 5.5, 5, 6.5], "texture": "#0"},
				"east": {"uv": [4, 5.5, 5, 6.5], "texture": "#0"},
				"south": {"uv": [4, 5.5, 5, 6.5], "texture": "#0"},
				"west": {"uv": [4, 5.5, 5, 6.5], "texture": "#0"},
				"up": {"uv": [4, 5.5, 5, 6.5], "texture": "#0"},
				"down": {"uv": [4, 5.5, 5, 6.5], "texture": "#0"}
			}
		},
		{
			"from": [6.86055, 11.59162, 6.67761],
			"to": [7.56055, 12.29162, 7.37761],
			"rotation": {"angle": 22.5, "axis": "z", "origin": [7.12359, 12.20099, 7.03561]},
			"faces": {
				"north": {"uv": [4, 5.5, 5, 6.5], "texture": "#0"},
				"east": {"uv": [4, 5.5, 5, 6.5], "texture": "#0"},
				"south": {"uv": [4, 5.5, 5, 6.5], "texture": "#0"},
				"west": {"uv": [4, 5.5, 5, 6.5], "texture": "#0"},
				"up": {"uv": [4, 5.5, 5, 6.5], "texture": "#0"},
				"down": {"uv": [4, 5.5, 5, 6.5], "texture": "#0"}
			}
		},
		{
			"from": [7.64576, -7.81598, 9.76571],
			"to": [8.34576, -7.11598, 10.46571],
			"rotation": {"angle": 22.5, "axis": "x", "origin": [7.96609, -7.5424, 8.74485]},
			"faces": {
				"north": {"uv": [3.5, 14, 4.5, 15], "rotation": 90, "texture": "#0"},
				"east": {"uv": [3.5, 14, 4.5, 15], "rotation": 90, "texture": "#0"},
				"south": {"uv": [3.5, 14, 4.5, 15], "rotation": 90, "texture": "#0"},
				"west": {"uv": [3.5, 14, 4.5, 15], "rotation": 90, "texture": "#0"},
				"up": {"uv": [3.5, 14, 4.5, 15], "rotation": 90, "texture": "#0"},
				"down": {"uv": [3.5, 14, 4.5, 15], "rotation": 90, "texture": "#0"}
			}
		},
		{
			"from": [7.69461, -9.5388, 10.69785],
			"to": [8.29461, -8.9388, 11.29785],
			"rotation": {"angle": -22.5, "axis": "x", "origin": [7.96609, -7.5424, 8.74485]},
			"faces": {
				"north": {"uv": [3.5, 14, 4.5, 15], "rotation": 90, "texture": "#0"},
				"east": {"uv": [3.5, 14, 4.5, 15], "rotation": 90, "texture": "#0"},
				"south": {"uv": [3.5, 14, 4.5, 15], "rotation": 90, "texture": "#0"},
				"west": {"uv": [3.5, 14, 4.5, 15], "rotation": 90, "texture": "#0"},
				"up": {"uv": [3.5, 14, 4.5, 15], "rotation": 90, "texture": "#0"},
				"down": {"uv": [3.5, 14, 4.5, 15], "rotation": 90, "texture": "#0"}
			}
		},
		{
			"from": [7.70539, -6.10808, 5.72203],
			"to": [8.30539, -5.50808, 6.32203],
			"rotation": {"angle": -22.5, "axis": "x", "origin": [7.96609, -7.5424, 8.74485]},
			"faces": {
				"north": {"uv": [3.5, 14, 4.5, 15], "rotation": 90, "texture": "#0"},
				"east": {"uv": [3.5, 14, 4.5, 15], "rotation": 90, "texture": "#0"},
				"south": {"uv": [3.5, 14, 4.5, 15], "rotation": 90, "texture": "#0"},
				"west": {"uv": [3.5, 14, 4.5, 15], "rotation": 90, "texture": "#0"},
				"up": {"uv": [3.5, 14, 4.5, 15], "rotation": 90, "texture": "#0"},
				"down": {"uv": [3.5, 14, 4.5, 15], "rotation": 90, "texture": "#0"}
			}
		},
		{
			"from": [7.70539, 5.83431, 3.25158],
			"to": [8.30539, 6.43431, 3.85158],
			"rotation": {"angle": 45, "axis": "x", "origin": [8.02641, 6.41272, 3.64979]},
			"faces": {
				"north": {"uv": [4, 5.5, 5, 6.5], "texture": "#0"},
				"east": {"uv": [4, 5.5, 5, 6.5], "texture": "#0"},
				"south": {"uv": [4, 5.5, 5, 6.5], "texture": "#0"},
				"west": {"uv": [4, 5.5, 5, 6.5], "texture": "#0"},
				"up": {"uv": [4, 5.5, 5, 6.5], "texture": "#0"},
				"down": {"uv": [4, 5.5, 5, 6.5], "texture": "#0"}
			}
		},
		{
			"from": [9.32463, 9.33431, 5.92877],
			"to": [9.92463, 9.93431, 6.52877],
			"rotation": {"angle": 45, "axis": "z", "origin": [9.52641, 9.91272, 6.24979]},
			"faces": {
				"north": {"uv": [4, 5.5, 5, 6.5], "texture": "#0"},
				"east": {"uv": [4, 5.5, 5, 6.5], "texture": "#0"},
				"south": {"uv": [4, 5.5, 5, 6.5], "texture": "#0"},
				"west": {"uv": [4, 5.5, 5, 6.5], "texture": "#0"},
				"up": {"uv": [4, 5.5, 5, 6.5], "texture": "#0"},
				"down": {"uv": [4, 5.5, 5, 6.5], "texture": "#0"}
			}
		},
		{
			"from": [9.62463, 6.83431, 6.62877],
			"to": [12.62463, 9.83431, 6.63877],
			"rotation": {"angle": -22.5, "axis": "y", "origin": [11.12095, 8.34268, 6.62909]},
			"faces": {
				"north": {"uv": [10.5, 8.5, 5.5, 13], "rotation": 270, "texture": "#0"},
				"east": {"uv": [5.5, 9, 5.51, 12], "texture": "#0"},
				"south": {"uv": [5.5, 8.5, 10.5, 13], "rotation": 90, "texture": "#0"},
				"west": {"uv": [0, 0, 0.01, 3], "texture": "#0"},
				"up": {"uv": [2, 2, 2.01, 5], "rotation": 90, "texture": "#0"},
				"down": {"uv": [2, 2, 2.01, 5], "rotation": 270, "texture": "#0"}
			}
		},
		{
			"from": [7.50539, 2.53431, 0.05158],
			"to": [7.51539, 5.53431, 3.05158],
			"rotation": {"angle": -22.5, "axis": "z", "origin": [7.50589, 4.04595, 1.54447]},
			"faces": {
				"north": {"uv": [5.5, 9, 5.51, 12], "texture": "#0"},
				"east": {"uv": [5.5, 8.5, 10.5, 13], "rotation": 90, "texture": "#0"},
				"south": {"uv": [0, 0, 0.01, 3], "texture": "#0"},
				"west": {"uv": [10.5, 8.5, 5.5, 13], "rotation": 270, "texture": "#0"},
				"up": {"uv": [2, 2, 2.01, 5], "texture": "#0"},
				"down": {"uv": [2, 2, 2.01, 5], "texture": "#0"}
			}
		},
		{
			"from": [6.69641, 11.18886, 6.72877],
			"to": [7.29641, 11.78886, 7.32877],
			"rotation": {"angle": 45, "axis": "z", "origin": [7.12359, 12.20099, 7.03561]},
			"faces": {
				"north": {"uv": [4.5, 7, 5.5, 8], "texture": "#0"},
				"east": {"uv": [1, 0, 2, 1], "texture": "#0"},
				"south": {"uv": [4, 7, 5, 8], "texture": "#0"},
				"west": {"uv": [7.5, 6.5, 8.5, 7.5], "texture": "#0"},
				"up": {"uv": [2, 3, 3, 4], "rotation": 90, "texture": "#0"},
				"down": {"uv": [4, 7.5, 5, 8.5], "rotation": 270, "texture": "#0"}
			}
		},
		{
			"from": [7.69461, -8.73562, 9.63234],
			"to": [8.29461, -8.13562, 10.23234],
			"rotation": {"angle": 0, "axis": "x", "origin": [7.96609, -7.5424, 8.74485]},
			"faces": {
				"north": {"uv": [3.5, 14, 4.5, 15], "rotation": 90, "texture": "#0"},
				"east": {"uv": [3.5, 14, 4.5, 15], "rotation": 90, "texture": "#0"},
				"south": {"uv": [3.5, 14, 4.5, 15], "rotation": 90, "texture": "#0"},
				"west": {"uv": [3.5, 14, 4.5, 15], "rotation": 90, "texture": "#0"},
				"up": {"uv": [3.5, 14, 4.5, 15], "rotation": 90, "texture": "#0"},
				"down": {"uv": [3.5, 14, 4.5, 15], "rotation": 90, "texture": "#0"}
			}
		},
		{
			"from": [7.74344, -8.85966, 11.31833],
			"to": [8.24344, -8.35966, 11.81833],
			"rotation": {"angle": 0, "axis": "x", "origin": [7.96609, -7.5424, 8.74485]},
			"faces": {
				"north": {"uv": [3.5, 14, 4.5, 15], "rotation": 90, "texture": "#0"},
				"east": {"uv": [3.5, 14, 4.5, 15], "rotation": 90, "texture": "#0"},
				"south": {"uv": [3.5, 14, 4.5, 15], "rotation": 90, "texture": "#0"},
				"west": {"uv": [3.5, 14, 4.5, 15], "rotation": 90, "texture": "#0"},
				"up": {"uv": [3.5, 14, 4.5, 15], "rotation": 90, "texture": "#0"},
				"down": {"uv": [3.5, 14, 4.5, 15], "rotation": 90, "texture": "#0"}
			}
		},
		{
			"from": [7.75656, -5.5103, 6.55019],
			"to": [8.25656, -5.0103, 7.05019],
			"rotation": {"angle": -45, "axis": "x", "origin": [7.96609, -7.5424, 8.74485]},
			"faces": {
				"north": {"uv": [3.5, 14, 4.5, 15], "rotation": 90, "texture": "#0"},
				"east": {"uv": [3.5, 14, 4.5, 15], "rotation": 90, "texture": "#0"},
				"south": {"uv": [3.5, 14, 4.5, 15], "rotation": 90, "texture": "#0"},
				"west": {"uv": [3.5, 14, 4.5, 15], "rotation": 90, "texture": "#0"},
				"up": {"uv": [3.5, 14, 4.5, 15], "rotation": 90, "texture": "#0"},
				"down": {"uv": [3.5, 14, 4.5, 15], "rotation": 90, "texture": "#0"}
			}
		},
		{
			"from": [7.75656, 5.58091, 3.10971],
			"to": [8.25656, 6.08091, 3.60971],
			"rotation": {"angle": 22.5, "axis": "x", "origin": [8.02641, 6.41272, 3.64979]},
			"faces": {
				"north": {"uv": [4, 5.5, 5, 6.5], "texture": "#0"},
				"east": {"uv": [4, 5.5, 5, 6.5], "texture": "#0"},
				"south": {"uv": [4, 5.5, 5, 6.5], "texture": "#0"},
				"west": {"uv": [4, 5.5, 5, 6.5], "texture": "#0"},
				"up": {"uv": [4, 5.5, 5, 6.5], "texture": "#0"},
				"down": {"uv": [4, 5.5, 5, 6.5], "texture": "#0"}
			}
		},
		{
			"from": [7.74344, -9.43424, 9.15733],
			"to": [8.24344, -8.93424, 9.65733],
			"rotation": {"angle": -22.5, "axis": "x", "origin": [7.96609, -7.5424, 8.74485]},
			"faces": {
				"north": {"uv": [3.5, 14, 4.5, 15], "rotation": 90, "texture": "#0"},
				"east": {"uv": [3.5, 14, 4.5, 15], "rotation": 90, "texture": "#0"},
				"south": {"uv": [3.5, 14, 4.5, 15], "rotation": 90, "texture": "#0"},
				"west": {"uv": [3.5, 14, 4.5, 15], "rotation": 90, "texture": "#0"},
				"up": {"uv": [3.5, 14, 4.5, 15], "rotation": 90, "texture": "#0"},
				"down": {"uv": [3.5, 14, 4.5, 15], "rotation": 90, "texture": "#0"}
			}
		},
		{
			"from": [7.79251, -10.59437, 10.66899],
			"to": [8.19251, -9.69437, 11.06899],
			"rotation": {"angle": -22.5, "axis": "x", "origin": [7.96609, -7.5424, 8.74485]},
			"faces": {
				"north": {"uv": [3.5, 14, 5, 15], "rotation": 90, "texture": "#0"},
				"east": {"uv": [3.5, 14, 5, 15], "rotation": 90, "texture": "#0"},
				"south": {"uv": [3.5, 14, 5, 15], "rotation": 90, "texture": "#0"},
				"west": {"uv": [3.5, 14, 5, 15], "rotation": 90, "texture": "#0"},
				"up": {"uv": [3.5, 14, 4.5, 15], "rotation": 90, "texture": "#0"},
				"down": {"uv": [3.5, 14, 4.5, 15], "rotation": 90, "texture": "#0"}
			}
		},
		{
			"from": [7.80749, -7.16365, 5.95088],
			"to": [8.20749, -6.26365, 6.35088],
			"rotation": {"angle": -22.5, "axis": "x", "origin": [7.96609, -7.5424, 8.74485]},
			"faces": {
				"north": {"uv": [3.5, 14, 5, 15], "rotation": 90, "texture": "#0"},
				"east": {"uv": [3.5, 14, 5, 15], "rotation": 90, "texture": "#0"},
				"south": {"uv": [3.5, 14, 5, 15], "rotation": 90, "texture": "#0"},
				"west": {"uv": [3.5, 14, 5, 15], "rotation": 90, "texture": "#0"},
				"up": {"uv": [3.5, 14, 4.5, 15], "rotation": 90, "texture": "#0"},
				"down": {"uv": [3.5, 14, 4.5, 15], "rotation": 90, "texture": "#0"}
			}
		},
		{
			"from": [7.80749, 4.77874, 3.48043],
			"to": [8.20749, 5.67874, 3.88043],
			"rotation": {"angle": 45, "axis": "x", "origin": [8.02641, 6.41272, 3.64979]},
			"faces": {
				"north": {"uv": [4, 5.5, 5, 7], "texture": "#0"},
				"east": {"uv": [4, 5.5, 5, 7], "texture": "#0"},
				"south": {"uv": [4, 5.5, 5, 7], "texture": "#0"},
				"west": {"uv": [4, 5.5, 5, 7], "texture": "#0"},
				"up": {"uv": [4, 5.5, 5, 7], "texture": "#0"},
				"down": {"uv": [4, 5.5, 5, 7], "texture": "#0"}
			}
		},
		{
			"from": [7.79251, -9.79119, 9.8612],
			"to": [8.19251, -8.89119, 10.2612],
			"rotation": {"angle": 0, "axis": "x", "origin": [7.96609, -7.5424, 8.74485]},
			"faces": {
				"north": {"uv": [3.5, 14, 5, 15], "rotation": 90, "texture": "#0"},
				"east": {"uv": [3.5, 14, 5, 15], "rotation": 90, "texture": "#0"},
				"south": {"uv": [3.5, 14, 5, 15], "rotation": 90, "texture": "#0"},
				"west": {"uv": [3.5, 14, 5, 15], "rotation": 90, "texture": "#0"},
				"up": {"uv": [3.5, 14, 4.5, 15], "rotation": 90, "texture": "#0"},
				"down": {"uv": [3.5, 14, 4.5, 15], "rotation": 90, "texture": "#0"}
			}
		},
		{
			"from": [7.84251, -12.41658, 9.3776],
			"to": [8.14251, -11.11658, 9.6776],
			"rotation": {"angle": -45, "axis": "x", "origin": [7.96609, -7.5424, 8.74485]},
			"faces": {
				"north": {"uv": [3.5, 14, 5.5, 15], "rotation": 90, "texture": "#0"},
				"east": {"uv": [3.5, 14, 5.5, 15], "rotation": 90, "texture": "#0"},
				"south": {"uv": [3.5, 14, 5.5, 15], "rotation": 90, "texture": "#0"},
				"west": {"uv": [3.5, 14, 5.5, 15], "rotation": 90, "texture": "#0"},
				"up": {"uv": [3.5, 14, 4.5, 15], "rotation": 90, "texture": "#0"},
				"down": {"uv": [3.5, 14, 4.5, 15], "rotation": 90, "texture": "#0"}
			}
		},
		{
			"from": [7.84251, -10.72147, 8.95826],
			"to": [8.14251, -9.92147, 9.25826],
			"rotation": {"angle": -22.5, "axis": "x", "origin": [7.96609, -7.5424, 8.74485]},
			"faces": {
				"north": {"uv": [3.5, 14, 5, 15], "rotation": 90, "texture": "#0"},
				"east": {"uv": [3.5, 14, 5, 15], "rotation": 90, "texture": "#0"},
				"south": {"uv": [3.5, 14, 5, 15], "rotation": 90, "texture": "#0"},
				"west": {"uv": [3.5, 14, 5, 15], "rotation": 90, "texture": "#0"},
				"up": {"uv": [3.5, 14, 4.5, 15], "rotation": 90, "texture": "#0"},
				"down": {"uv": [3.5, 14, 4.5, 15], "rotation": 90, "texture": "#0"}
			}
		},
		{
			"from": [9.43622, 5.60742, 3.5622],
			"to": [9.68622, 6.60742, 4.5622],
			"rotation": {"angle": -45, "axis": "y", "origin": [9.55783, 7.21234, 4.05587]},
			"faces": {
				"north": {"uv": [3.5, 2.5, 3.7, 3.1], "texture": "#0"},
				"east": {"uv": [11, 2.5, 12, 3.5], "rotation": 270, "texture": "#0"},
				"south": {"uv": [3.5, 2.5, 3.7, 3.1], "texture": "#0"},
				"west": {"uv": [0, 3, 1, 4], "texture": "#0"},
				"up": {"uv": [5.5, 1.5, 6.1, 1.7], "rotation": 90, "texture": "#0"},
				"down": {"uv": [2, 4, 3, 4.25], "rotation": 270, "texture": "#0"}
			}
		},
		{
			"from": [9.7866, 5.20742, 3.36047],
			"to": [9.9866, 6.00742, 4.16047],
			"rotation": {"angle": 22.5, "axis": "z", "origin": [9.88753, 5.61204, 3.7568]},
			"faces": {
				"north": {"uv": [3.5, 2.5, 3.7, 3.1], "texture": "#0"},
				"east": {"uv": [11, 2.5, 12, 3.5], "rotation": 270, "texture": "#0"},
				"south": {"uv": [3.5, 2.5, 3.7, 3.1], "texture": "#0"},
				"west": {"uv": [0, 3, 0.8, 3.8], "texture": "#0"},
				"up": {"uv": [5.5, 1.5, 6.1, 1.7], "rotation": 90, "texture": "#0"},
				"down": {"uv": [2, 4, 2.8, 4.2], "rotation": 270, "texture": "#0"}
			}
		},
		{
			"from": [9.73953, 4.85543, 2.96047],
			"to": [9.93953, 5.45543, 3.56047],
			"rotation": {"angle": -22.5, "axis": "z", "origin": [9.83398, 5.05368, 3.35228]},
			"faces": {
				"north": {"uv": [3.5, 2.5, 3.7, 3.1], "texture": "#0"},
				"east": {"uv": [11, 2.5, 12, 3.5], "rotation": 270, "texture": "#0"},
				"south": {"uv": [3.5, 2.5, 3.7, 3.1], "texture": "#0"},
				"west": {"uv": [0, 4.4, 0.6, 5], "texture": "#0"},
				"up": {"uv": [5.5, 1.5, 6.1, 1.7], "rotation": 90, "texture": "#0"},
				"down": {"uv": [2, 4.4, 2.6, 4.6], "rotation": 270, "texture": "#0"}
			}
		},
		{
			"from": [9.68626, 4.65, 4.4183],
			"to": [9.88626, 5.65, 5.2183],
			"rotation": {"angle": 22.5, "axis": "z", "origin": [9.78753, 5.26204, 5.4568]},
			"faces": {
				"north": {"uv": [3.5, 2.5, 3.7, 3.1], "texture": "#0"},
				"east": {"uv": [8, 1.5, 9, 2.5], "rotation": 270, "texture": "#0"},
				"south": {"uv": [3.5, 2.5, 3.7, 3.1], "texture": "#0"},
				"west": {"uv": [7, 3, 8, 2], "texture": "#0"},
				"up": {"uv": [5.5, 1.5, 6.1, 1.7], "rotation": 90, "texture": "#0"},
				"down": {"uv": [2, 4.4, 2.8, 4.6], "rotation": 270, "texture": "#0"}
			}
		},
		{
			"from": [9.84256, 3.7985, 4.5683],
			"to": [9.94256, 4.6985, 5.0683],
			"rotation": {"angle": -22.5, "axis": "z", "origin": [10.0876, 4.44205, 4.80835]},
			"faces": {
				"north": {"uv": [3.5, 2.5, 3.7, 3.1], "texture": "#0"},
				"east": {"uv": [8, 1.5, 9, 2.5], "rotation": 270, "texture": "#0"},
				"south": {"uv": [3.5, 2.5, 3.7, 3.1], "texture": "#0"},
				"west": {"uv": [7, 3, 8, 2], "texture": "#0"},
				"up": {"uv": [5.5, 1.5, 6.1, 1.7], "rotation": 90, "texture": "#0"},
				"down": {"uv": [2, 4.4, 2.6, 4.6], "rotation": 270, "texture": "#0"}
			}
		},
		{
			"from": [9.23626, 5.4, 4.3183],
			"to": [9.48626, 6.4, 5.3183],
			"rotation": {"angle": 45, "axis": "z", "origin": [9.36169, 5.89385, 4.81259]},
			"faces": {
				"north": {"uv": [3.5, 2.5, 3.7, 3.1], "texture": "#0"},
				"east": {"uv": [11, 2.5, 12, 3.5], "rotation": 270, "texture": "#0"},
				"south": {"uv": [3.5, 2.5, 3.7, 3.1], "texture": "#0"},
				"west": {"uv": [0, 4, 1, 5], "texture": "#0"},
				"up": {"uv": [5.5, 1.5, 6.1, 1.7], "rotation": 90, "texture": "#0"},
				"down": {"uv": [2, 4.25, 3, 4.5], "rotation": 270, "texture": "#0"}
			}
		},
		{
			"from": [8.33622, 6.00742, 4.2122],
			"to": [9.53622, 7.20742, 5.4122],
			"rotation": {"angle": 0, "axis": "x", "origin": [8.93651, 7.11268, 4.81261]},
			"faces": {
				"north": {"uv": [13.5, 3, 15.5, 5], "texture": "#0"},
				"east": {"uv": [11.5, 1.5, 13.5, 3.5], "texture": "#0"},
				"south": {"uv": [13.5, 3, 15.5, 5], "texture": "#0"},
				"west": {"uv": [13.5, 3, 15.5, 5], "texture": "#0"},
				"up": {"uv": [13.5, 3, 15.5, 5], "texture": "#0"},
				"down": {"uv": [13.5, 3, 15.5, 5], "texture": "#0"}
			}
		},
		{
			"from": [9.23646, 6.70742, 5.27548],
			"to": [9.48646, 7.70742, 6.27548],
			"rotation": {"angle": 45, "axis": "y", "origin": [9.35783, 7.21234, 5.78074]},
			"faces": {
				"north": {"uv": [3.5, 2.5, 3.7, 3.1], "texture": "#0"},
				"east": {"uv": [11, 2.5, 12, 3.5], "rotation": 270, "texture": "#0"},
				"south": {"uv": [3.5, 2.5, 3.7, 3.1], "texture": "#0"},
				"west": {"uv": [1, 3, 2, 4], "texture": "#0"},
				"up": {"uv": [5.5, 1.5, 6.1, 1.7], "rotation": 90, "texture": "#0"},
				"down": {"uv": [3, 4, 4, 4.25], "rotation": 270, "texture": "#0"}
			}
		},
		{
			"from": [9.43622, 5.60742, 5.07441],
			"to": [9.68622, 6.60742, 6.07441],
			"rotation": {"angle": 45, "axis": "y", "origin": [9.55783, 7.21234, 5.58074]},
			"faces": {
				"north": {"uv": [3.5, 2.5, 3.7, 3.1], "texture": "#0"},
				"east": {"uv": [11, 2.5, 12, 3.5], "rotation": 270, "texture": "#0"},
				"south": {"uv": [3.5, 2.5, 3.7, 3.1], "texture": "#0"},
				"west": {"uv": [1, 3, 2, 4], "texture": "#0"},
				"up": {"uv": [5.5, 1.5, 6.1, 1.7], "rotation": 90, "texture": "#0"},
				"down": {"uv": [3, 4, 4, 4.25], "rotation": 270, "texture": "#0"}
			}
		},
		{
			"from": [9.7866, 5.20742, 5.47614],
			"to": [9.9866, 6.00742, 6.27614],
			"rotation": {"angle": 22.5, "axis": "z", "origin": [9.88753, 5.61204, 5.87981]},
			"faces": {
				"north": {"uv": [3.5, 2.5, 3.7, 3.1], "texture": "#0"},
				"east": {"uv": [11, 2.5, 12, 3.5], "rotation": 270, "texture": "#0"},
				"south": {"uv": [3.5, 2.5, 3.7, 3.1], "texture": "#0"},
				"west": {"uv": [0.8, 3, 1.6, 3.8], "texture": "#0"},
				"up": {"uv": [5.5, 1.5, 6.1, 1.7], "rotation": 90, "texture": "#0"},
				"down": {"uv": [2.8, 4, 3.6, 4.2], "rotation": 270, "texture": "#0"}
			}
		},
		{
			"from": [9.73953, 4.85543, 6.07614],
			"to": [9.93953, 5.45543, 6.67614],
			"rotation": {"angle": -22.5, "axis": "z", "origin": [9.83398, 5.05368, 6.28432]},
			"faces": {
				"north": {"uv": [3.5, 2.5, 3.7, 3.1], "texture": "#0"},
				"east": {"uv": [11, 2.5, 12, 3.5], "rotation": 270, "texture": "#0"},
				"south": {"uv": [3.5, 2.5, 3.7, 3.1], "texture": "#0"},
				"west": {"uv": [0.6, 4.4, 1.2, 5], "texture": "#0"},
				"up": {"uv": [5.5, 1.5, 6.1, 1.7], "rotation": 90, "texture": "#0"},
				"down": {"uv": [2.6, 4.4, 3.2, 4.6], "rotation": 270, "texture": "#0"}
			}
		},
		{
			"from": [9.5866, 7.39258, 5.67614],
			"to": [9.7866, 8.19258, 6.47614],
			"rotation": {"angle": -22.5, "axis": "z", "origin": [9.68753, 7.78796, 6.07981]},
			"faces": {
				"north": {"uv": [3.5, 2.5, 3.7, 3.1], "texture": "#0"},
				"east": {"uv": [11, 2.5, 12, 3.5], "rotation": 270, "texture": "#0"},
				"south": {"uv": [3.5, 2.5, 3.7, 3.1], "texture": "#0"},
				"west": {"uv": [0.8, 3.8, 1.6, 4.6], "texture": "#0"},
				"up": {"uv": [5.5, 1.5, 6.1, 1.7], "rotation": 90, "texture": "#0"},
				"down": {"uv": [2.8, 4.2, 3.6, 4.4], "rotation": 270, "texture": "#0"}
			}
		},
		{
			"from": [9.53953, 7.99457, 6.27614],
			"to": [9.73953, 8.59457, 6.87614],
			"rotation": {"angle": 22.5, "axis": "z", "origin": [9.63398, 8.39632, 6.48432]},
			"faces": {
				"north": {"uv": [3.5, 2.5, 3.7, 3.1], "texture": "#0"},
				"east": {"uv": [11, 2.5, 12, 3.5], "rotation": 270, "texture": "#0"},
				"south": {"uv": [3.5, 2.5, 3.7, 3.1], "texture": "#0"},
				"west": {"uv": [0.6, 3.8, 1.2, 4.4], "texture": "#0"},
				"up": {"uv": [5.5, 1.5, 6.1, 1.7], "rotation": 90, "texture": "#0"},
				"down": {"uv": [2.6, 4.2, 3.2, 4.4], "rotation": 270, "texture": "#0"}
			}
		},
		{
			"from": [9.93626, 7.6, 4.4183],
			"to": [10.13626, 8.6, 5.2183],
			"rotation": {"angle": -22.5, "axis": "z", "origin": [10.03753, 7.98796, 5.4568]},
			"faces": {
				"north": {"uv": [3.5, 2.5, 3.7, 3.1], "texture": "#0"},
				"east": {"uv": [11, 2.5, 12, 3.5], "rotation": 270, "texture": "#0"},
				"south": {"uv": [3.5, 2.5, 3.7, 3.1], "texture": "#0"},
				"west": {"uv": [0, 3.8, 0.8, 4.8], "texture": "#0"},
				"up": {"uv": [5.5, 1.5, 6.1, 1.7], "rotation": 90, "texture": "#0"},
				"down": {"uv": [2, 4.2, 2.8, 4.4], "rotation": 270, "texture": "#0"}
			}
		},
		{
			"from": [10.09256, 8.5515, 4.5683],
			"to": [10.19256, 9.4515, 5.0683],
			"rotation": {"angle": 22.5, "axis": "z", "origin": [10.3376, 8.80795, 4.80835]},
			"faces": {
				"north": {"uv": [3.5, 2.5, 3.7, 3.1], "texture": "#0"},
				"east": {"uv": [11, 2.5, 12, 3.5], "rotation": 270, "texture": "#0"},
				"south": {"uv": [3.5, 2.5, 3.7, 3.1], "texture": "#0"},
				"west": {"uv": [0, 3.8, 0.6, 4.8], "texture": "#0"},
				"up": {"uv": [5.5, 1.5, 6.1, 1.7], "rotation": 90, "texture": "#0"},
				"down": {"uv": [2, 4.2, 2.6, 4.4], "rotation": 270, "texture": "#0"}
			}
		},
		{
			"from": [9.48626, 6.85, 4.3183],
			"to": [9.73626, 7.85, 5.3183],
			"rotation": {"angle": -45, "axis": "z", "origin": [9.61169, 7.35615, 4.81259]},
			"faces": {
				"north": {"uv": [3.5, 2.5, 3.7, 3.1], "texture": "#0"},
				"east": {"uv": [11, 2.5, 12, 3.5], "rotation": 270, "texture": "#0"},
				"south": {"uv": [3.5, 2.5, 3.7, 3.1], "texture": "#0"},
				"west": {"uv": [0, 3, 1, 4], "texture": "#0"},
				"up": {"uv": [5.5, 1.5, 6.1, 1.7], "rotation": 90, "texture": "#0"},
				"down": {"uv": [2, 4, 3, 4.25], "rotation": 270, "texture": "#0"}
			}
		},
		{
			"from": [9.23646, 6.70742, 3.36113],
			"to": [9.48646, 7.70742, 4.36113],
			"rotation": {"angle": -45, "axis": "y", "origin": [9.35783, 7.21234, 3.85587]},
			"faces": {
				"north": {"uv": [3.5, 2.5, 3.7, 3.1], "texture": "#0"},
				"east": {"uv": [11, 2.5, 12, 3.5], "rotation": 270, "texture": "#0"},
				"south": {"uv": [3.5, 2.5, 3.7, 3.1], "texture": "#0"},
				"west": {"uv": [0, 3, 1, 4], "texture": "#0"},
				"up": {"uv": [5.5, 1.5, 6.1, 1.7], "rotation": 90, "texture": "#0"},
				"down": {"uv": [2, 4, 3, 4.25], "rotation": 270, "texture": "#0"}
			}
		},
		{
			"from": [9.5866, 7.39258, 3.16047],
			"to": [9.7866, 8.19258, 3.96047],
			"rotation": {"angle": -22.5, "axis": "z", "origin": [9.68753, 7.78796, 3.5568]},
			"faces": {
				"north": {"uv": [3.5, 2.5, 3.7, 3.1], "texture": "#0"},
				"east": {"uv": [11, 2.5, 12, 3.5], "rotation": 270, "texture": "#0"},
				"south": {"uv": [3.5, 2.5, 3.7, 3.1], "texture": "#0"},
				"west": {"uv": [0, 3.8, 0.8, 4.6], "texture": "#0"},
				"up": {"uv": [5.5, 1.5, 6.1, 1.7], "rotation": 90, "texture": "#0"},
				"down": {"uv": [2, 4.2, 2.8, 4.4], "rotation": 270, "texture": "#0"}
			}
		},
		{
			"from": [9.53953, 7.99457, 2.76047],
			"to": [9.73953, 8.59457, 3.36047],
			"rotation": {"angle": 22.5, "axis": "z", "origin": [9.63398, 8.39632, 3.15228]},
			"faces": {
				"north": {"uv": [3.5, 2.5, 3.7, 3.1], "texture": "#0"},
				"east": {"uv": [11, 2.5, 12, 3.5], "rotation": 270, "texture": "#0"},
				"south": {"uv": [3.5, 2.5, 3.7, 3.1], "texture": "#0"},
				"west": {"uv": [0, 3.8, 0.6, 4.4], "texture": "#0"},
				"up": {"uv": [5.5, 1.5, 6.1, 1.7], "rotation": 90, "texture": "#0"},
				"down": {"uv": [2, 4.2, 2.6, 4.4], "rotation": 270, "texture": "#0"}
			}
		},
		{
			"from": [6.31378, 7.00742, 3.5622],
			"to": [6.56378, 8.00742, 4.5622],
			"rotation": {"angle": 45, "axis": "y", "origin": [6.44217, 8.61234, 4.05587]},
			"faces": {
				"north": {"uv": [3.7, 2.5, 3.5, 3.1], "texture": "#0"},
				"east": {"uv": [1, 3, 0, 4], "texture": "#0"},
				"south": {"uv": [3.7, 2.5, 3.5, 3.1], "texture": "#0"},
				"west": {"uv": [7, 3, 8, 2], "rotation": 270, "texture": "#0"},
				"up": {"uv": [5.5, 1.7, 6.1, 1.5], "rotation": 90, "texture": "#0"},
				"down": {"uv": [2, 4.25, 3, 4], "rotation": 270, "texture": "#0"}
			}
		},
		{
			"from": [6.0134, 6.60742, 3.36047],
			"to": [6.2134, 7.40742, 4.16047],
			"rotation": {"angle": -22.5, "axis": "z", "origin": [6.11247, 7.01204, 3.7568]},
			"faces": {
				"north": {"uv": [3.7, 2.5, 3.5, 3.1], "texture": "#0"},
				"east": {"uv": [0.8, 3, 0, 3.8], "texture": "#0"},
				"south": {"uv": [3.7, 2.5, 3.5, 3.1], "texture": "#0"},
				"west": {"uv": [7, 3, 8, 2], "rotation": 270, "texture": "#0"},
				"up": {"uv": [5.5, 1.7, 6.1, 1.5], "rotation": 90, "texture": "#0"},
				"down": {"uv": [2, 4.2, 2.8, 4], "rotation": 270, "texture": "#0"}
			}
		},
		{
			"from": [6.06047, 6.25543, 2.96047],
			"to": [6.26047, 6.85543, 3.56047],
			"rotation": {"angle": 22.5, "axis": "z", "origin": [6.16602, 6.45368, 3.35228]},
			"faces": {
				"north": {"uv": [3.7, 2.5, 3.5, 3.1], "texture": "#0"},
				"east": {"uv": [0.6, 4.4, 0, 5], "texture": "#0"},
				"south": {"uv": [3.7, 2.5, 3.5, 3.1], "texture": "#0"},
				"west": {"uv": [7, 3, 8, 2], "rotation": 270, "texture": "#0"},
				"up": {"uv": [5.5, 1.7, 6.1, 1.5], "rotation": 90, "texture": "#0"},
				"down": {"uv": [2, 4.6, 2.6, 4.4], "rotation": 270, "texture": "#0"}
			}
		},
		{
			"from": [6.11374, 6.05, 4.4183],
			"to": [6.31374, 7.05, 5.2183],
			"rotation": {"angle": -22.5, "axis": "z", "origin": [6.21247, 6.66204, 5.4568]},
			"faces": {
				"north": {"uv": [3.7, 2.5, 3.5, 3.1], "texture": "#0"},
				"east": {"uv": [8, 1.5, 9, 2.5], "texture": "#0"},
				"south": {"uv": [3.7, 2.5, 3.5, 3.1], "texture": "#0"},
				"west": {"uv": [7, 3, 8, 2], "rotation": 270, "texture": "#0"},
				"up": {"uv": [5.5, 1.7, 6.1, 1.5], "rotation": 90, "texture": "#0"},
				"down": {"uv": [2, 4.6, 2.8, 4.4], "rotation": 270, "texture": "#0"}
			}
		},
		{
			"from": [6.05744, 5.1985, 4.5683],
			"to": [6.15744, 6.0985, 5.0683],
			"rotation": {"angle": 22.5, "axis": "z", "origin": [5.9124, 5.84205, 4.80835]},
			"faces": {
				"north": {"uv": [3.7, 2.5, 3.5, 3.1], "texture": "#0"},
				"east": {"uv": [8, 1.5, 9, 2.5], "texture": "#0"},
				"south": {"uv": [3.7, 2.5, 3.5, 3.1], "texture": "#0"},
				"west": {"uv": [7, 3, 8, 2], "rotation": 270, "texture": "#0"},
				"up": {"uv": [5.5, 1.7, 6.1, 1.5], "rotation": 90, "texture": "#0"},
				"down": {"uv": [2, 4.6, 2.6, 4.4], "rotation": 270, "texture": "#0"}
			}
		},
		{
			"from": [6.51374, 6.8, 4.3183],
			"to": [6.76374, 7.8, 5.3183],
			"rotation": {"angle": -45, "axis": "z", "origin": [6.63831, 7.29385, 4.81259]},
			"faces": {
				"north": {"uv": [3.7, 2.5, 3.5, 3.1], "texture": "#0"},
				"east": {"uv": [1, 4, 0, 5], "texture": "#0"},
				"south": {"uv": [3.7, 2.5, 3.5, 3.1], "texture": "#0"},
				"west": {"uv": [7, 3, 8, 2], "rotation": 270, "texture": "#0"},
				"up": {"uv": [5.5, 1.7, 6.1, 1.5], "rotation": 90, "texture": "#0"},
				"down": {"uv": [2, 4.5, 3, 4.25], "rotation": 270, "texture": "#0"}
			}
		},
		{
			"from": [6.46378, 7.40742, 4.2122],
			"to": [7.66378, 8.60742, 5.4122],
			"rotation": {"angle": 0, "axis": "x", "origin": [7.06349, 8.51268, 4.81261]},
			"faces": {
				"north": {"uv": [15.5, 3, 13.5, 5], "texture": "#0"},
				"east": {"uv": [15.5, 3, 13.5, 5], "texture": "#0"},
				"south": {"uv": [15.5, 3, 13.5, 5], "texture": "#0"},
				"west": {"uv": [11.5, 3.5, 13.5, 1.5], "texture": "#0"},
				"up": {"uv": [15.5, 3, 13.5, 5], "texture": "#0"},
				"down": {"uv": [15.5, 3, 13.5, 5], "texture": "#0"}
			}
		},
		{
			"from": [6.51354, 8.10742, 5.27548],
			"to": [6.76354, 9.10742, 6.27548],
			"rotation": {"angle": -45, "axis": "y", "origin": [6.64217, 8.61234, 5.78074]},
			"faces": {
				"north": {"uv": [3.7, 2.5, 3.5, 3.1], "texture": "#0"},
				"east": {"uv": [2, 3, 1, 4], "texture": "#0"},
				"south": {"uv": [3.7, 2.5, 3.5, 3.1], "texture": "#0"},
				"west": {"uv": [7, 3, 8, 2], "rotation": 270, "texture": "#0"},
				"up": {"uv": [5.5, 1.7, 6.1, 1.5], "rotation": 90, "texture": "#0"},
				"down": {"uv": [3, 4.25, 4, 4], "rotation": 270, "texture": "#0"}
			}
		},
		{
			"from": [6.31378, 7.00742, 5.07441],
			"to": [6.56378, 8.00742, 6.07441],
			"rotation": {"angle": -45, "axis": "y", "origin": [6.44217, 8.61234, 5.58074]},
			"faces": {
				"north": {"uv": [3.7, 2.5, 3.5, 3.1], "texture": "#0"},
				"east": {"uv": [2, 3, 1, 4], "texture": "#0"},
				"south": {"uv": [3.7, 2.5, 3.5, 3.1], "texture": "#0"},
				"west": {"uv": [7, 3, 8, 2], "rotation": 270, "texture": "#0"},
				"up": {"uv": [5.5, 1.7, 6.1, 1.5], "rotation": 90, "texture": "#0"},
				"down": {"uv": [3, 4.25, 4, 4], "rotation": 270, "texture": "#0"}
			}
		},
		{
			"from": [6.0134, 6.60742, 5.47614],
			"to": [6.2134, 7.40742, 6.27614],
			"rotation": {"angle": -22.5, "axis": "z", "origin": [6.11247, 7.01204, 5.87981]},
			"faces": {
				"north": {"uv": [3.7, 2.5, 3.5, 3.1], "texture": "#0"},
				"east": {"uv": [1.6, 3, 0.8, 3.8], "texture": "#0"},
				"south": {"uv": [3.7, 2.5, 3.5, 3.1], "texture": "#0"},
				"west": {"uv": [7, 3, 8, 2], "rotation": 270, "texture": "#0"},
				"up": {"uv": [5.5, 1.7, 6.1, 1.5], "rotation": 90, "texture": "#0"},
				"down": {"uv": [2.8, 4.2, 3.6, 4], "rotation": 270, "texture": "#0"}
			}
		},
		{
			"from": [6.06047, 6.25543, 6.07614],
			"to": [6.26047, 6.85543, 6.67614],
			"rotation": {"angle": 22.5, "axis": "z", "origin": [6.16602, 6.45368, 6.28432]},
			"faces": {
				"north": {"uv": [3.7, 2.5, 3.5, 3.1], "texture": "#0"},
				"east": {"uv": [1.2, 4.4, 0.6, 5], "texture": "#0"},
				"south": {"uv": [3.7, 2.5, 3.5, 3.1], "texture": "#0"},
				"west": {"uv": [7, 3, 8, 2], "rotation": 270, "texture": "#0"},
				"up": {"uv": [5.5, 1.7, 6.1, 1.5], "rotation": 90, "texture": "#0"},
				"down": {"uv": [2.6, 4.6, 3.2, 4.4], "rotation": 270, "texture": "#0"}
			}
		},
		{
			"from": [6.2134, 8.79258, 5.67614],
			"to": [6.4134, 9.59258, 6.47614],
			"rotation": {"angle": 22.5, "axis": "z", "origin": [6.31247, 9.18796, 6.07981]},
			"faces": {
				"north": {"uv": [3.7, 2.5, 3.5, 3.1], "texture": "#0"},
				"east": {"uv": [1.6, 3.8, 0.8, 4.6], "texture": "#0"},
				"south": {"uv": [3.7, 2.5, 3.5, 3.1], "texture": "#0"},
				"west": {"uv": [7, 3, 8, 2], "rotation": 270, "texture": "#0"},
				"up": {"uv": [5.5, 1.7, 6.1, 1.5], "rotation": 90, "texture": "#0"},
				"down": {"uv": [2.8, 4.4, 3.6, 4.2], "rotation": 270, "texture": "#0"}
			}
		},
		{
			"from": [6.26047, 9.39457, 6.27614],
			"to": [6.46047, 9.99457, 6.87614],
			"rotation": {"angle": -22.5, "axis": "z", "origin": [6.36602, 9.79632, 6.48432]},
			"faces": {
				"north": {"uv": [3.7, 2.5, 3.5, 3.1], "texture": "#0"},
				"east": {"uv": [1.2, 3.8, 0.6, 4.4], "texture": "#0"},
				"south": {"uv": [3.7, 2.5, 3.5, 3.1], "texture": "#0"},
				"west": {"uv": [7, 3, 8, 2], "rotation": 270, "texture": "#0"},
				"up": {"uv": [5.5, 1.7, 6.1, 1.5], "rotation": 90, "texture": "#0"},
				"down": {"uv": [2.6, 4.4, 3.2, 4.2], "rotation": 270, "texture": "#0"}
			}
		},
		{
			"from": [5.86374, 9, 4.4183],
			"to": [6.06374, 10, 5.2183],
			"rotation": {"angle": 22.5, "axis": "z", "origin": [5.96247, 9.38796, 5.4568]},
			"faces": {
				"north": {"uv": [3.7, 2.5, 3.5, 3.1], "texture": "#0"},
				"east": {"uv": [0.8, 3.8, 0, 4.8], "texture": "#0"},
				"south": {"uv": [3.7, 2.5, 3.5, 3.1], "texture": "#0"},
				"west": {"uv": [7, 3, 8, 2], "rotation": 270, "texture": "#0"},
				"up": {"uv": [5.5, 1.7, 6.1, 1.5], "rotation": 90, "texture": "#0"},
				"down": {"uv": [2, 4.4, 2.8, 4.2], "rotation": 270, "texture": "#0"}
			}
		},
		{
			"from": [5.80744, 9.9515, 4.5683],
			"to": [5.90744, 10.8515, 5.0683],
			"rotation": {"angle": -22.5, "axis": "z", "origin": [5.6624, 10.20795, 4.80835]},
			"faces": {
				"north": {"uv": [3.7, 2.5, 3.5, 3.1], "texture": "#0"},
				"east": {"uv": [0.6, 3.8, 0, 4.8], "texture": "#0"},
				"south": {"uv": [3.7, 2.5, 3.5, 3.1], "texture": "#0"},
				"west": {"uv": [7, 3, 8, 2], "rotation": 270, "texture": "#0"},
				"up": {"uv": [5.5, 1.7, 6.1, 1.5], "rotation": 90, "texture": "#0"},
				"down": {"uv": [2, 4.4, 2.6, 4.2], "rotation": 270, "texture": "#0"}
			}
		},
		{
			"from": [6.26374, 8.25, 4.3183],
			"to": [6.51374, 9.25, 5.3183],
			"rotation": {"angle": 45, "axis": "z", "origin": [6.38831, 8.75615, 4.81259]},
			"faces": {
				"north": {"uv": [3.7, 2.5, 3.5, 3.1], "texture": "#0"},
				"east": {"uv": [1, 3, 0, 4], "texture": "#0"},
				"south": {"uv": [3.7, 2.5, 3.5, 3.1], "texture": "#0"},
				"west": {"uv": [7, 3, 8, 2], "rotation": 270, "texture": "#0"},
				"up": {"uv": [5.5, 1.7, 6.1, 1.5], "rotation": 90, "texture": "#0"},
				"down": {"uv": [2, 4.25, 3, 4], "rotation": 270, "texture": "#0"}
			}
		},
		{
			"from": [6.51354, 8.10742, 3.36113],
			"to": [6.76354, 9.10742, 4.36113],
			"rotation": {"angle": 45, "axis": "y", "origin": [6.64217, 8.61234, 3.85587]},
			"faces": {
				"north": {"uv": [3.7, 2.5, 3.5, 3.1], "texture": "#0"},
				"east": {"uv": [1, 3, 0, 4], "texture": "#0"},
				"south": {"uv": [3.7, 2.5, 3.5, 3.1], "texture": "#0"},
				"west": {"uv": [7, 3, 8, 2], "rotation": 270, "texture": "#0"},
				"up": {"uv": [5.5, 1.7, 6.1, 1.5], "rotation": 90, "texture": "#0"},
				"down": {"uv": [2, 4.25, 3, 4], "rotation": 270, "texture": "#0"}
			}
		},
		{
			"from": [6.2134, 8.79258, 3.16047],
			"to": [6.4134, 9.59258, 3.96047],
			"rotation": {"angle": 22.5, "axis": "z", "origin": [6.31247, 9.18796, 3.5568]},
			"faces": {
				"north": {"uv": [3.7, 2.5, 3.5, 3.1], "texture": "#0"},
				"east": {"uv": [0.8, 3.8, 0, 4.6], "texture": "#0"},
				"south": {"uv": [3.7, 2.5, 3.5, 3.1], "texture": "#0"},
				"west": {"uv": [7, 3, 8, 2], "rotation": 270, "texture": "#0"},
				"up": {"uv": [5.5, 1.7, 6.1, 1.5], "rotation": 90, "texture": "#0"},
				"down": {"uv": [2, 4.4, 2.8, 4.2], "rotation": 270, "texture": "#0"}
			}
		},
		{
			"from": [6.26047, 9.39457, 2.76047],
			"to": [6.46047, 9.99457, 3.36047],
			"rotation": {"angle": -22.5, "axis": "z", "origin": [6.36602, 9.79632, 3.15228]},
			"faces": {
				"north": {"uv": [3.7, 2.5, 3.5, 3.1], "texture": "#0"},
				"east": {"uv": [0.6, 3.8, 0, 4.4], "texture": "#0"},
				"south": {"uv": [3.7, 2.5, 3.5, 3.1], "texture": "#0"},
				"west": {"uv": [7, 3, 8, 2], "rotation": 270, "texture": "#0"},
				"up": {"uv": [5.5, 1.7, 6.1, 1.5], "rotation": 90, "texture": "#0"},
				"down": {"uv": [2, 4.4, 2.6, 4.2], "rotation": 270, "texture": "#0"}
			}
		},
		{
			"from": [6.66274, 13.76606, 7.24954],
			"to": [7.66274, 14.01606, 8.24954],
			"rotation": {"angle": -45, "axis": "x", "origin": [6.05783, 13.88766, 7.75587]},
			"faces": {
				"north": {"uv": [3.7, 2.5, 3.5, 3.1], "rotation": 90, "texture": "#0"},
				"east": {"uv": [2, 4.25, 3, 4], "texture": "#0"},
				"south": {"uv": [3.7, 2.5, 3.5, 3.1], "rotation": 270, "texture": "#0"},
				"west": {"uv": [5.5, 1.7, 6.1, 1.5], "rotation": 180, "texture": "#0"},
				"up": {"uv": [12, 2.5, 11, 3.5], "texture": "#0"},
				"down": {"uv": [0, 4, 1, 3], "rotation": 90, "texture": "#0"}
			}
		},
		{
			"from": [7.26274, 14.11644, 7.65126],
			"to": [8.06274, 14.31644, 8.45126],
			"rotation": {"angle": 22.5, "axis": "z", "origin": [7.65813, 14.21737, 8.05494]},
			"faces": {
				"north": {"uv": [3.7, 2.5, 3.5, 3.1], "rotation": 90, "texture": "#0"},
				"east": {"uv": [2, 4.2, 2.8, 4], "texture": "#0"},
				"south": {"uv": [3.7, 2.5, 3.5, 3.1], "rotation": 270, "texture": "#0"},
				"west": {"uv": [5.5, 1.7, 6.1, 1.5], "rotation": 180, "texture": "#0"},
				"up": {"uv": [12, 2.5, 11, 3.5], "texture": "#0"},
				"down": {"uv": [0, 3.8, 0.8, 3], "rotation": 90, "texture": "#0"}
			}
		},
		{
			"from": [7.81474, 14.06936, 8.25126],
			"to": [8.41474, 14.26936, 8.85126],
			"rotation": {"angle": -22.5, "axis": "z", "origin": [8.21648, 14.16381, 8.45945]},
			"faces": {
				"north": {"uv": [3.7, 2.5, 3.5, 3.1], "rotation": 90, "texture": "#0"},
				"east": {"uv": [2, 4.6, 2.6, 4.4], "texture": "#0"},
				"south": {"uv": [3.7, 2.5, 3.5, 3.1], "rotation": 270, "texture": "#0"},
				"west": {"uv": [5.5, 1.7, 6.1, 1.5], "rotation": 180, "texture": "#0"},
				"up": {"uv": [12, 2.5, 11, 3.5], "texture": "#0"},
				"down": {"uv": [0, 5, 0.6, 4.4], "rotation": 90, "texture": "#0"}
			}
		},
		{
			"from": [7.62016, 14.0161, 6.59343],
			"to": [8.62016, 14.2161, 7.39343],
			"rotation": {"angle": 22.5, "axis": "z", "origin": [8.00813, 14.11737, 6.35494]},
			"faces": {
				"north": {"uv": [3.7, 2.5, 3.5, 3.1], "rotation": 90, "texture": "#0"},
				"east": {"uv": [2, 4.6, 2.8, 4.4], "texture": "#0"},
				"south": {"uv": [3.7, 2.5, 3.5, 3.1], "rotation": 270, "texture": "#0"},
				"west": {"uv": [5.5, 1.7, 6.1, 1.5], "rotation": 180, "texture": "#0"},
				"up": {"uv": [12, 2.5, 11, 3.5], "texture": "#0"},
				"down": {"uv": [0, 5.8, 0.8, 4.8], "rotation": 90, "texture": "#0"}
			}
		},
		{
			"from": [8.57166, 14.17239, 6.74343],
			"to": [9.47166, 14.27239, 7.24343],
			"rotation": {"angle": -22.5, "axis": "z", "origin": [8.82811, 14.41743, 7.00339]},
			"faces": {
				"north": {"uv": [3.7, 2.5, 3.5, 3.1], "rotation": 90, "texture": "#0"},
				"east": {"uv": [2, 4.6, 2.6, 4.4], "texture": "#0"},
				"south": {"uv": [3.7, 2.5, 3.5, 3.1], "rotation": 270, "texture": "#0"},
				"west": {"uv": [5.5, 1.7, 6.1, 1.5], "rotation": 180, "texture": "#0"},
				"up": {"uv": [12, 2.5, 11, 3.5], "texture": "#0"},
				"down": {"uv": [0, 5.8, 0.6, 4.8], "rotation": 90, "texture": "#0"}
			}
		},
		{
			"from": [6.87016, 13.5661, 6.49343],
			"to": [7.87016, 13.8161, 7.49343],
			"rotation": {"angle": 45, "axis": "z", "origin": [7.37632, 13.69152, 6.99915]},
			"faces": {
				"north": {"uv": [3.7, 2.5, 3.5, 3.1], "rotation": 90, "texture": "#0"},
				"east": {"uv": [2, 4.5, 3, 4.25], "texture": "#0"},
				"south": {"uv": [3.7, 2.5, 3.5, 3.1], "rotation": 270, "texture": "#0"},
				"west": {"uv": [5.5, 1.7, 6.1, 1.5], "rotation": 180, "texture": "#0"},
				"up": {"uv": [12, 2.5, 11, 3.5], "texture": "#0"},
				"down": {"uv": [0, 5, 1, 4], "rotation": 90, "texture": "#0"}
			}
		},
		{
			"from": [6.06274, 12.66606, 6.39954],
			"to": [7.26274, 13.86606, 7.59954],
			"rotation": {"angle": 0, "axis": "x", "origin": [6.15749, 13.26635, 6.99912]},
			"faces": {
				"north": {"uv": [15.5, 3, 13.5, 5], "rotation": 90, "texture": "#0"},
				"east": {"uv": [15.5, 3, 13.5, 5], "rotation": 90, "texture": "#0"},
				"south": {"uv": [15.5, 3, 13.5, 5], "rotation": 270, "texture": "#0"},
				"west": {"uv": [15.5, 3, 13.5, 5], "rotation": 90, "texture": "#0"},
				"up": {"uv": [11.5, 3.5, 13.5, 1.5], "rotation": 90, "texture": "#0"},
				"down": {"uv": [13.5, 5, 15.5, 3], "rotation": 90, "texture": "#0"}
			}
		},
		{
			"from": [5.56274, 13.56629, 5.53625],
			"to": [6.56274, 13.81629, 6.53625],
			"rotation": {"angle": 45, "axis": "x", "origin": [6.05783, 13.68766, 6.031]},
			"faces": {
				"north": {"uv": [3.7, 2.5, 3.5, 3.1], "rotation": 90, "texture": "#0"},
				"east": {"uv": [3, 4.25, 4, 4], "texture": "#0"},
				"south": {"uv": [3.7, 2.5, 3.5, 3.1], "rotation": 270, "texture": "#0"},
				"west": {"uv": [5.5, 1.7, 6.1, 1.5], "rotation": 180, "texture": "#0"},
				"up": {"uv": [12, 2.5, 11, 3.5], "texture": "#0"},
				"down": {"uv": [1, 4, 2, 3], "rotation": 90, "texture": "#0"}
			}
		},
		{
			"from": [6.66274, 13.76606, 5.73733],
			"to": [7.66274, 14.01606, 6.73733],
			"rotation": {"angle": 45, "axis": "x", "origin": [6.05783, 13.88766, 6.231]},
			"faces": {
				"north": {"uv": [3.7, 2.5, 3.5, 3.1], "rotation": 90, "texture": "#0"},
				"east": {"uv": [3, 4.25, 4, 4], "texture": "#0"},
				"south": {"uv": [3.7, 2.5, 3.5, 3.1], "rotation": 270, "texture": "#0"},
				"west": {"uv": [5.5, 1.7, 6.1, 1.5], "rotation": 180, "texture": "#0"},
				"up": {"uv": [12, 2.5, 11, 3.5], "texture": "#0"},
				"down": {"uv": [1, 4, 2, 3], "rotation": 90, "texture": "#0"}
			}
		},
		{
			"from": [7.26274, 14.11644, 5.5356],
			"to": [8.06274, 14.31644, 6.3356],
			"rotation": {"angle": 22.5, "axis": "z", "origin": [7.65813, 14.21737, 5.93193]},
			"faces": {
				"north": {"uv": [3.7, 2.5, 3.5, 3.1], "rotation": 90, "texture": "#0"},
				"east": {"uv": [2.8, 4.2, 3.6, 4], "texture": "#0"},
				"south": {"uv": [3.7, 2.5, 3.5, 3.1], "rotation": 270, "texture": "#0"},
				"west": {"uv": [5.5, 1.7, 6.1, 1.5], "rotation": 180, "texture": "#0"},
				"up": {"uv": [12, 2.5, 11, 3.5], "texture": "#0"},
				"down": {"uv": [0.8, 3.8, 1.6, 3], "rotation": 90, "texture": "#0"}
			}
		},
		{
			"from": [7.81474, 14.06936, 5.1356],
			"to": [8.41474, 14.26936, 5.7356],
			"rotation": {"angle": -22.5, "axis": "z", "origin": [8.21648, 14.16381, 5.52741]},
			"faces": {
				"north": {"uv": [3.7, 2.5, 3.5, 3.1], "rotation": 90, "texture": "#0"},
				"east": {"uv": [2.6, 4.6, 3.2, 4.4], "texture": "#0"},
				"south": {"uv": [3.7, 2.5, 3.5, 3.1], "rotation": 270, "texture": "#0"},
				"west": {"uv": [5.5, 1.7, 6.1, 1.5], "rotation": 180, "texture": "#0"},
				"up": {"uv": [12, 2.5, 11, 3.5], "texture": "#0"},
				"down": {"uv": [0.6, 5, 1.2, 4.4], "rotation": 90, "texture": "#0"}
			}
		},
		{
			"from": [5.07759, 13.91644, 5.3356],
			"to": [5.87759, 14.11644, 6.1356],
			"rotation": {"angle": -22.5, "axis": "z", "origin": [5.4822, 14.01737, 5.73193]},
			"faces": {
				"north": {"uv": [3.7, 2.5, 3.5, 3.1], "rotation": 90, "texture": "#0"},
				"east": {"uv": [2.8, 4.4, 3.6, 4.2], "texture": "#0"},
				"south": {"uv": [3.7, 2.5, 3.5, 3.1], "rotation": 270, "texture": "#0"},
				"west": {"uv": [5.5, 1.7, 6.1, 1.5], "rotation": 180, "texture": "#0"},
				"up": {"uv": [12, 2.5, 11, 3.5], "texture": "#0"},
				"down": {"uv": [0.8, 4.6, 1.6, 3.8], "rotation": 90, "texture": "#0"}
			}
		},
		{
			"from": [4.67559, 13.86936, 4.9356],
			"to": [5.27559, 14.06936, 5.5356],
			"rotation": {"angle": 22.5, "axis": "z", "origin": [4.87385, 13.96381, 5.32741]},
			"faces": {
				"north": {"uv": [3.7, 2.5, 3.5, 3.1], "rotation": 90, "texture": "#0"},
				"east": {"uv": [2.6, 4.4, 3.2, 4.2], "texture": "#0"},
				"south": {"uv": [3.7, 2.5, 3.5, 3.1], "rotation": 270, "texture": "#0"},
				"west": {"uv": [5.5, 1.7, 6.1, 1.5], "rotation": 180, "texture": "#0"},
				"up": {"uv": [12, 2.5, 11, 3.5], "texture": "#0"},
				"down": {"uv": [0.6, 4.4, 1.2, 3.8], "rotation": 90, "texture": "#0"}
			}
		},
		{
			"from": [4.67016, 14.2661, 6.59343],
			"to": [5.67016, 14.4661, 7.39343],
			"rotation": {"angle": -22.5, "axis": "z", "origin": [5.2822, 14.36737, 6.35494]},
			"faces": {
				"north": {"uv": [3.7, 2.5, 3.5, 3.1], "rotation": 90, "texture": "#0"},
				"east": {"uv": [2, 4.4, 2.8, 4.2], "texture": "#0"},
				"south": {"uv": [3.7, 2.5, 3.5, 3.1], "rotation": 270, "texture": "#0"},
				"west": {"uv": [5.5, 1.7, 6.1, 1.5], "rotation": 180, "texture": "#0"},
				"up": {"uv": [12, 2.5, 11, 3.5], "texture": "#0"},
				"down": {"uv": [0, 4.8, 0.8, 3.8], "rotation": 90, "texture": "#0"}
			}
		},
		{
			"from": [3.81867, 14.42239, 6.74343],
			"to": [4.71867, 14.52239, 7.24343],
			"rotation": {"angle": 22.5, "axis": "z", "origin": [4.46222, 14.66743, 7.00339]},
			"faces": {
				"north": {"uv": [3.7, 2.5, 3.5, 3.1], "rotation": 90, "texture": "#0"},
				"east": {"uv": [2, 4.4, 2.6, 4.2], "texture": "#0"},
				"south": {"uv": [3.7, 2.5, 3.5, 3.1], "rotation": 270, "texture": "#0"},
				"west": {"uv": [5.5, 1.7, 6.1, 1.5], "rotation": 180, "texture": "#0"},
				"up": {"uv": [12, 2.5, 11, 3.5], "texture": "#0"},
				"down": {"uv": [0, 4.8, 0.6, 3.8], "rotation": 90, "texture": "#0"}
			}
		},
		{
			"from": [5.42016, 13.8161, 6.49343],
			"to": [6.42016, 14.0661, 7.49343],
			"rotation": {"angle": -45, "axis": "z", "origin": [5.91401, 13.94152, 6.99915]},
			"faces": {
				"north": {"uv": [3.7, 2.5, 3.5, 3.1], "rotation": 90, "texture": "#0"},
				"east": {"uv": [2, 4.25, 3, 4], "texture": "#0"},
				"south": {"uv": [3.7, 2.5, 3.5, 3.1], "rotation": 270, "texture": "#0"},
				"west": {"uv": [5.5, 1.7, 6.1, 1.5], "rotation": 180, "texture": "#0"},
				"up": {"uv": [12, 2.5, 11, 3.5], "texture": "#0"},
				"down": {"uv": [0, 4, 1, 3], "rotation": 90, "texture": "#0"}
			}
		},
		{
			"from": [5.56274, 13.56629, 7.45061],
			"to": [6.56274, 13.81629, 8.45061],
			"rotation": {"angle": -45, "axis": "x", "origin": [6.05783, 13.68766, 7.95587]},
			"faces": {
				"north": {"uv": [3.7, 2.5, 3.5, 3.1], "rotation": 90, "texture": "#0"},
				"east": {"uv": [2, 4.25, 3, 4], "texture": "#0"},
				"south": {"uv": [3.7, 2.5, 3.5, 3.1], "rotation": 270, "texture": "#0"},
				"west": {"uv": [5.5, 1.7, 6.1, 1.5], "rotation": 180, "texture": "#0"},
				"up": {"uv": [12, 2.5, 11, 3.5], "texture": "#0"},
				"down": {"uv": [0, 4, 1, 3], "rotation": 90, "texture": "#0"}
			}
		},
		{
			"from": [5.07759, 13.91644, 7.85126],
			"to": [5.87759, 14.11644, 8.65126],
			"rotation": {"angle": -22.5, "axis": "z", "origin": [5.4822, 14.01737, 8.25494]},
			"faces": {
				"north": {"uv": [3.7, 2.5, 3.5, 3.1], "rotation": 90, "texture": "#0"},
				"east": {"uv": [2, 4.4, 2.8, 4.2], "texture": "#0"},
				"south": {"uv": [3.7, 2.5, 3.5, 3.1], "rotation": 270, "texture": "#0"},
				"west": {"uv": [5.5, 1.7, 6.1, 1.5], "rotation": 180, "texture": "#0"},
				"up": {"uv": [12, 2.5, 11, 3.5], "texture": "#0"},
				"down": {"uv": [0, 4.6, 0.8, 3.8], "rotation": 90, "texture": "#0"}
			}
		},
		{
			"from": [4.67559, 13.86936, 8.45126],
			"to": [5.27559, 14.06936, 9.05126],
			"rotation": {"angle": 22.5, "axis": "z", "origin": [4.87385, 13.96381, 8.65945]},
			"faces": {
				"north": {"uv": [3.7, 2.5, 3.5, 3.1], "rotation": 90, "texture": "#0"},
				"east": {"uv": [2, 4.4, 2.6, 4.2], "texture": "#0"},
				"south": {"uv": [3.7, 2.5, 3.5, 3.1], "rotation": 270, "texture": "#0"},
				"west": {"uv": [5.5, 1.7, 6.1, 1.5], "rotation": 180, "texture": "#0"},
				"up": {"uv": [12, 2.5, 11, 3.5], "texture": "#0"},
				"down": {"uv": [0, 4.4, 0.6, 3.8], "rotation": 90, "texture": "#0"}
			}
		}
	],
	"display": {
		"thirdperson_righthand": {
			"translation": [0, 5, 2.5],
			"scale": [1.3, 1.3, 1.3]
		},
		"thirdperson_lefthand": {
			"translation": [0, 5, 2.5],
			"scale": [1.3, 1.3, 1.3]
		},
		"firstperson_righthand": {
			"translation": [2, 9.75, 0],
			"scale": [0.8, 0.8, 0.8]
		},
		"firstperson_lefthand": {
			"translation": [2, 9.75, 0],
			"scale": [0.8, 0.8, 0.8]
		},
		"gui": {
			"rotation": [57, -126, 70],
			"translation": [2.5, 3, 0],
			"scale": [0.8, 0.8, 0.8]
		}
	},
	"groups": [0, 1, 2, 3, 4, 5, 6, 7, 8, 9, 10, 11, 12, 13, 14, 15, 16, 17, 18, 19, 20, 21, 22, 23, 24, 25, 26, 27, 28, 29, 30, 31, 32, 33, 34, 35, 36, 37, 38, 39, 40, 41, 42, 43, 44, 45, 46, 47, 48, 49, 50,
		{
			"name": "group",
			"origin": [9.63398, 8.39632, 3.15228],
			"children": [51, 52, 53, 54, 55, 56, 57, 58, 59, 60, 61, 62, 63, 64, 65, 66, 67, 68, 69]
		},
		{
			"name": "group",
			"origin": [9.63398, 8.39632, 3.15228],
			"children": [70, 71, 72, 73, 74, 75, 76, 77, 78, 79, 80, 81, 82, 83, 84, 85, 86, 87, 88]
		},
		{
			"name": "group",
			"origin": [9.63398, 8.39632, 3.15228],
			"children": [89, 90, 91, 92, 93, 94, 95, 96, 97, 98, 99, 100, 101, 102, 103, 104, 105, 106, 107]
		}
	]
}