{
	"credit": "Made with Blockbench",
	"texture_size": [24, 24],
	"textures": {
		"0": "skins/panic_zealot"
	},
	"elements": [
		{
			"name": "Base",
			"from": [7, -13, 10.93751],
			"to": [9, -5, 12.93751],
			"rotation": {"angle": -22.5, "axis": "x", "origin": [8, -2, 12]},
			"faces": {
				"north": {"uv": [0, 0, 0.66667, 0.66667], "texture": "#0"},
				"east": {"uv": [0, 0, 0.66667, 0.66667], "texture": "#0"},
				"south": {"uv": [0, 0, 0.66667, 0.66667], "texture": "#0"},
				"west": {"uv": [0, 0, 0.66667, 0.66667], "texture": "#0"},
				"up": {"uv": [0, 0, 0.66667, 0.66667], "texture": "#0"},
				"down": {"uv": [0, 0, 0.66667, 0.66667], "texture": "#0"}
			}
		},
		{
			"name": "Widen Start",
			"from": [5.999, -4, 14],
			"to": [10.001, 0, 18],
			"rotation": {"angle": 22.5, "axis": "x", "origin": [8, 5, 8]},
			"faces": {
				"north": {"uv": [0, 0, 0.66667, 0.66667], "texture": "#0"},
				"east": {"uv": [0, 0.66667, 2.66667, 3.33333], "rotation": 90, "texture": "#0"},
				"south": {"uv": [0, 0, 0.66667, 0.66667], "texture": "#0"},
				"west": {"uv": [0, 0.66667, 2.66667, 3.33333], "texture": "#0"},
				"up": {"uv": [0, 0, 0.66667, 0.66667], "texture": "#0"},
				"down": {"uv": [0, 0, 0.66667, 0.66667], "texture": "#0"}
			}
		},
		{
			"name": "Widen Core",
			"from": [6, -4.0179, 9.93751],
			"to": [10, 1.9821, 13.93751],
			"rotation": {"angle": -22.5, "axis": "x", "origin": [8, -2, 12]},
			"faces": {
				"north": {"uv": [3.33333, 3.33333, 6, 7.33333], "texture": "#0"},
				"east": {"uv": [4.66667, 3.33333, 7.33333, 7.33333], "texture": "#0"},
				"south": {"uv": [4, 3.33333, 6.66667, 7.33333], "texture": "#0"},
				"west": {"uv": [3.33333, 3.33333, 6, 7.33333], "texture": "#0"},
				"up": {"uv": [0, 0, 0.66667, 0.66667], "texture": "#0"},
				"down": {"uv": [0, 0, 0.66667, 0.66667], "texture": "#0"}
			}
		},
		{
			"name": "RT end",
			"from": [7.5, -4, 8],
			"to": [8.5, -3, 12],
			"rotation": {"angle": 22.5, "axis": "x", "origin": [8, 5, 8]},
			"faces": {
				"north": {"uv": [0.66667, 3.33333, 1.33333, 4], "rotation": 180, "texture": "#0"},
				"east": {"uv": [0.66667, 3.33333, 1.33333, 6], "rotation": 90, "texture": "#0"},
				"south": {"uv": [0.66667, 5.33333, 1.33333, 6], "texture": "#0"},
				"west": {"uv": [0.66667, 3.33333, 1.33333, 6], "rotation": 270, "texture": "#0"},
				"up": {"uv": [0.66667, 3.33333, 1.33333, 6], "texture": "#0"},
				"down": {"uv": [0.66667, 3.33333, 1.33333, 6], "rotation": 180, "texture": "#0"}
			}
		},
		{
			"name": "RT main",
			"from": [7.375, -3.125, 10],
			"to": [8.625, -1.875, 16.25],
			"rotation": {"angle": 22.5, "axis": "x", "origin": [8, 5, 8]},
			"faces": {
				"north": {"uv": [0, 6, 0.66667, 6.66667], "rotation": 180, "texture": "#0"},
				"east": {"uv": [0, 3.33333, 0.66667, 6.66667], "rotation": 270, "texture": "#0"},
				"south": {"uv": [0, 3.33333, 0.66667, 4], "texture": "#0"},
				"west": {"uv": [0, 3.33333, 0.66667, 6.66667], "rotation": 90, "texture": "#0"},
				"up": {"uv": [0, 3.33333, 0.66667, 6.66667], "rotation": 180, "texture": "#0"},
				"down": {"uv": [0, 3.33333, 0.66667, 6.66667], "texture": "#0"}
			}
		},
		{
			"name": "LT end",
			"from": [7.5, 1.5, 16.5],
			"to": [8.5, 5.5, 17.5],
			"rotation": {"angle": 22.5, "axis": "x", "origin": [8, 5, 8]},
			"faces": {
				"north": {"uv": [0.66667, 3.33333, 1.33333, 6], "texture": "#0"},
				"east": {"uv": [0.66667, 3.33333, 1.33333, 6], "texture": "#0"},
				"south": {"uv": [0.66667, 3.33333, 1.33333, 6], "texture": "#0"},
				"west": {"uv": [0.66667, 3.33333, 1.33333, 6], "texture": "#0"},
				"up": {"uv": [0.66667, 3.33333, 1.33333, 4], "texture": "#0"},
				"down": {"uv": [0.66667, 5.33333, 1.33333, 6], "texture": "#0"}
			}
		},
		{
			"name": "LT main",
			"from": [7.375, -2.75, 15.375],
			"to": [8.625, 3.5, 16.625],
			"rotation": {"angle": 22.5, "axis": "x", "origin": [8, 5, 8]},
			"faces": {
				"north": {"uv": [0, 3.33333, 0.66667, 6.66667], "rotation": 180, "texture": "#0"},
				"east": {"uv": [0, 3.33333, 0.66667, 6.66667], "rotation": 180, "texture": "#0"},
				"south": {"uv": [0, 3.33333, 0.66667, 6.66667], "rotation": 180, "texture": "#0"},
				"west": {"uv": [0, 3.33333, 0.66667, 6.66667], "rotation": 180, "texture": "#0"},
				"up": {"uv": [0, 6, 0.66667, 6.66667], "texture": "#0"},
				"down": {"uv": [0, 3.33333, 0.66667, 4], "texture": "#0"}
			}
		},
		{
			"name": "LB main",
			"from": [7.375, -8.25, 14.375],
			"to": [8.625, -2, 15.625],
			"rotation": {"angle": 22.5, "axis": "x", "origin": [8, 5, 8]},
			"faces": {
				"north": {"uv": [0, 3.33333, 0.66667, 6.66667], "texture": "#0"},
				"east": {"uv": [0, 3.33333, 0.66667, 6.66667], "texture": "#0"},
				"south": {"uv": [0, 3.33333, 0.66667, 6.66667], "texture": "#0"},
				"west": {"uv": [0, 3.33333, 0.66667, 6.66667], "texture": "#0"},
				"up": {"uv": [0, 3.33333, 0.66667, 4], "texture": "#0"},
				"down": {"uv": [0, 6, 0.66667, 6.66667], "texture": "#0"}
			}
		},
		{
			"name": "LB end",
			"from": [7.5, -10.25, 15.5],
			"to": [8.5, -6.25, 16.5],
			"rotation": {"angle": 22.5, "axis": "x", "origin": [8, 5, 8]},
			"faces": {
				"north": {"uv": [0.66667, 3.33333, 1.33333, 6], "rotation": 180, "texture": "#0"},
				"east": {"uv": [0.66667, 3.33333, 1.33333, 6], "rotation": 180, "texture": "#0"},
				"south": {"uv": [0.66667, 3.33333, 1.33333, 6], "rotation": 180, "texture": "#0"},
				"west": {"uv": [0.66667, 3.33333, 1.33333, 6], "rotation": 180, "texture": "#0"},
				"up": {"uv": [0.66667, 5.33333, 1.33333, 6], "texture": "#0"},
				"down": {"uv": [0.66667, 3.33333, 1.33333, 4], "texture": "#0"}
			}
		},
		{
			"name": "RB main",
			"from": [7.375, -2.125, 15.75],
			"to": [8.625, -0.875, 22],
			"rotation": {"angle": 22.5, "axis": "x", "origin": [8, 5, 8]},
			"faces": {
				"north": {"uv": [0, 3.33333, 0.66667, 4], "rotation": 180, "texture": "#0"},
				"east": {"uv": [0, 3.33333, 0.66667, 6.66667], "rotation": 90, "texture": "#0"},
				"south": {"uv": [0, 6, 0.66667, 6.66667], "texture": "#0"},
				"west": {"uv": [0, 3.33333, 0.66667, 6.66667], "rotation": 270, "texture": "#0"},
				"up": {"uv": [0, 3.33333, 0.66667, 6.66667], "texture": "#0"},
				"down": {"uv": [0, 3.33333, 0.66667, 6.66667], "rotation": 180, "texture": "#0"}
			}
		},
		{
			"name": "RB end",
			"from": [7.5, -3, 20],
			"to": [8.5, -2, 24],
			"rotation": {"angle": 22.5, "axis": "x", "origin": [8, 5, 8]},
			"faces": {
				"north": {"uv": [0.66667, 5.33333, 1.33333, 6], "rotation": 180, "texture": "#0"},
				"east": {"uv": [0.66667, 3.33333, 1.33333, 6], "rotation": 270, "texture": "#0"},
				"south": {"uv": [0.66667, 3.33333, 1.33333, 4], "texture": "#0"},
				"west": {"uv": [0.66667, 3.33333, 1.33333, 6], "rotation": 90, "texture": "#0"},
				"up": {"uv": [0.66667, 3.33333, 1.33333, 6], "rotation": 180, "texture": "#0"},
				"down": {"uv": [0.66667, 3.33333, 1.33333, 6], "texture": "#0"}
			}
		},
		{
			"name": "Core",
			"from": [5.5, 1, 7],
			"to": [10.5, 7, 13],
			"rotation": {"angle": 22.5, "axis": "x", "origin": [8, 5, 8]},
			"faces": {
				"north": {"uv": [3.33333, 3.33333, 6.66667, 7.33333], "texture": "#0"},
				"east": {"uv": [3.33333, 3.33333, 7.33333, 7.33333], "texture": "#0"},
				"south": {"uv": [3.33333, 3.33333, 6.66667, 7.33333], "texture": "#0"},
				"west": {"uv": [3.33333, 3.33333, 7.33333, 7.33333], "texture": "#0"},
				"up": {"uv": [3.33333, 3.33333, 6.66667, 7.33333], "texture": "#0"},
				"down": {"uv": [3.33333, 3.33333, 6.66667, 7.33333], "texture": "#0"}
			}
		},
		{
			"name": "Core LT",
			"from": [5.5, 1, 4],
			"to": [10.5, 7, 7],
			"rotation": {"angle": 22.5, "axis": "x", "origin": [8, 5, 8]},
			"faces": {
				"north": {"uv": [3.33333, 3.33333, 6.66667, 7.33333], "texture": "#0"},
				"east": {"uv": [3.33333, 3.33333, 5.33333, 7.33333], "texture": "#0"},
				"south": {"uv": [3.33333, 3.33333, 6.66667, 7.33333], "texture": "#0"},
				"west": {"uv": [3.33333, 3.33333, 5.33333, 7.33333], "texture": "#0"},
				"up": {"uv": [3.33333, 3.33333, 6.66667, 7.33333], "texture": "#0"},
				"down": {"uv": [3.33333, 3.33333, 6.66667, 5.33333], "texture": "#0"}
			}
		},
		{
			"name": "Core RT",
			"from": [5.5, 7, 7],
			"to": [10.5, 10, 13],
			"rotation": {"angle": 22.5, "axis": "x", "origin": [8, 5, 8]},
			"faces": {
				"north": {"uv": [3.33333, 3.33333, 6.66667, 7.33333], "texture": "#0"},
				"east": {"uv": [3.33333, 3.33333, 7.33333, 5.33333], "texture": "#0"},
				"south": {"uv": [3.33333, 3.33333, 6.66667, 5.33333], "texture": "#0"},
				"west": {"uv": [3.33333, 3.33333, 7.33333, 5.33333], "texture": "#0"},
				"up": {"uv": [3.33333, 3.33333, 6.66667, 7.33333], "texture": "#0"},
				"down": {"uv": [3.33333, 4.66667, 6.66667, 6.66667], "texture": "#0"}
			}
		},
		{
			"name": "Core RB",
			"from": [9, 0, 10],
			"to": [11, 2, 14],
			"rotation": {"angle": 22.5, "axis": "x", "origin": [8, 5, 8]},
			"faces": {
				"north": {"uv": [1.33333, 3.33333, 2.66667, 4.66667], "texture": "#0"},
				"east": {"uv": [1.33333, 3.33333, 2.66667, 6], "rotation": 90, "texture": "#0"},
				"south": {"uv": [2, 4.66667, 3.33333, 6], "texture": "#0"},
				"west": {"uv": [2.66667, 3.33333, 3.33333, 6], "rotation": 270, "texture": "#0"},
				"up": {"uv": [2, 3.33333, 3.33333, 6], "texture": "#0"},
				"down": {"uv": [2, 3.33333, 3.33333, 6], "rotation": 180, "texture": "#0"}
			}
		},
		{
			"name": "Core RB End",
			"from": [9, 0.99, 9.001],
			"to": [11, 1.99, 10.001],
			"rotation": {"angle": 22.5, "axis": "x", "origin": [8, 5, 8]},
			"faces": {
				"north": {"uv": [1.33333, 3.33333, 2, 4], "texture": "#0"},
				"east": {"uv": [2, 6, 1.33333, 6.66667], "texture": "#0"},
				"south": {"uv": [2, 3.33333, 2.66667, 4.66667], "rotation": 90, "texture": "#0"},
				"west": {"uv": [2, 3.33333, 3.33333, 4.66667], "texture": "#0"},
				"up": {"uv": [1.33333, 3.33333, 2, 4], "rotation": 90, "texture": "#0"},
				"down": {"uv": [2, 3.33333, 2.66667, 4.66667], "rotation": 90, "texture": "#0"}
			}
		},
		{
			"name": "Core LB End",
			"from": [9, 3.99, 12.001],
			"to": [11, 4.99, 13.001],
			"rotation": {"angle": 22.5, "axis": "x", "origin": [8, 5, 8]},
			"faces": {
				"north": {"uv": [1.33333, 4, 2, 4.66667], "texture": "#0"},
				"east": {"uv": [2, 6, 1.33333, 6.66667], "texture": "#0"},
				"south": {"uv": [2, 3.33333, 2.66667, 4.66667], "rotation": 90, "texture": "#0"},
				"west": {"uv": [2, 3.33333, 3.33333, 4.66667], "texture": "#0"},
				"up": {"uv": [1.33333, 4, 2, 4.66667], "rotation": 90, "texture": "#0"},
				"down": {"uv": [0, 0, 0.66667, 0.66667], "texture": "#0"}
			}
		},
		{
			"name": "Core LB",
			"from": [9, 2, 12],
			"to": [11, 4, 14],
			"rotation": {"angle": 22.5, "axis": "x", "origin": [8, 5, 8]},
			"faces": {
				"north": {"uv": [2.66667, 3.33333, 3.33333, 4.66667], "texture": "#0"},
				"east": {"uv": [2.66667, 3.33333, 1.33333, 4.66667], "texture": "#0"},
				"south": {"uv": [2, 3.33333, 3.33333, 4.66667], "rotation": 90, "texture": "#0"},
				"west": {"uv": [2, 3.33333, 3.33333, 4.66667], "texture": "#0"},
				"up": {"uv": [1.33333, 3.33333, 2.66667, 4.66667], "rotation": 90, "texture": "#0"},
				"down": {"uv": [0, 0, 0.66667, 0.66667], "texture": "#0"}
			}
		},
		{
			"name": "Core LB b",
			"from": [5, 0, 10],
			"to": [7, 2, 12],
			"rotation": {"angle": 22.5, "axis": "x", "origin": [8, 5, 8]},
			"faces": {
				"north": {"uv": [1.33333, 3.33333, 2.66667, 4.66667], "rotation": 90, "texture": "#0"},
				"east": {"uv": [2, 3.33333, 3.33333, 4.66667], "rotation": 90, "texture": "#0"},
				"south": {"uv": [0, 0, 0.66667, 0.66667], "rotation": 180, "texture": "#0"},
				"west": {"uv": [2.66667, 3.33333, 1.33333, 4.66667], "rotation": 270, "texture": "#0"},
				"up": {"uv": [2.66667, 3.33333, 3.33333, 4.66667], "texture": "#0"},
				"down": {"uv": [2, 3.33333, 3.33333, 4.66667], "rotation": 270, "texture": "#0"}
			}
		},
		{
			"name": "Core RB b",
			"from": [5, 0, 12],
			"to": [7, 4, 14],
			"rotation": {"angle": 22.5, "axis": "x", "origin": [8, 5, 8]},
			"faces": {
				"north": {"uv": [2, 3.33333, 3.33333, 6], "texture": "#0"},
				"east": {"uv": [2.66667, 3.33333, 3.33333, 6], "texture": "#0"},
				"south": {"uv": [2, 3.33333, 3.33333, 6], "texture": "#0"},
				"west": {"uv": [1.33333, 3.33333, 2.66667, 6], "texture": "#0"},
				"up": {"uv": [1.33333, 3.33333, 2.66667, 4.66667], "texture": "#0"},
				"down": {"uv": [2, 4.66667, 3.33333, 6], "rotation": 180, "texture": "#0"}
			}
		},
		{
			"name": "Core LB End b",
			"from": [5, 0.999, 9.01],
			"to": [7, 1.999, 10.01],
			"rotation": {"angle": 22.5, "axis": "x", "origin": [8, 5, 8]},
			"faces": {
				"north": {"uv": [1.33333, 4, 2, 4.66667], "rotation": 90, "texture": "#0"},
				"east": {"uv": [2, 3.33333, 3.33333, 4.66667], "rotation": 90, "texture": "#0"},
				"south": {"uv": [0, 0, 0.66667, 0.66667], "rotation": 180, "texture": "#0"},
				"west": {"uv": [2, 6, 1.33333, 6.66667], "rotation": 270, "texture": "#0"},
				"up": {"uv": [1.33333, 4, 2, 4.66667], "texture": "#0"},
				"down": {"uv": [2, 3.33333, 2.66667, 4.66667], "rotation": 270, "texture": "#0"}
			}
		},
		{
			"name": "Core RB End b",
			"from": [5, 3.999, 12.01],
			"to": [7, 4.999, 13.01],
			"rotation": {"angle": 22.5, "axis": "x", "origin": [8, 5, 8]},
			"faces": {
				"north": {"uv": [1.33333, 3.33333, 2, 4], "rotation": 90, "texture": "#0"},
				"east": {"uv": [2, 3.33333, 3.33333, 4.66667], "rotation": 90, "texture": "#0"},
				"south": {"uv": [2, 3.33333, 2.66667, 4.66667], "rotation": 270, "texture": "#0"},
				"west": {"uv": [2, 6, 1.33333, 6.66667], "rotation": 270, "texture": "#0"},
				"up": {"uv": [1.33333, 3.33333, 2, 4], "texture": "#0"},
				"down": {"uv": [2, 3.33333, 2.66667, 4.66667], "rotation": 270, "texture": "#0"}
			}
		},
		{
			"name": "Gem inset",
			"from": [8, 3, 6],
			"to": [11, 8, 11],
			"rotation": {"angle": 22.5, "axis": "x", "origin": [8, 5, 8]},
			"faces": {
				"north": {"uv": [6, 0, 8, 3.33333], "texture": "#0"},
				"east": {"uv": [2.66667, 0, 6, 3.33333], "texture": "#0"},
				"south": {"uv": [6.66667, 0, 8.66667, 3.33333], "texture": "#0"},
				"west": {"uv": [2.66667, 0, 6, 3.33333], "rotation": 270, "texture": "#0"},
				"up": {"uv": [8.66667, 0, 10.66667, 3.33333], "texture": "#0"},
				"down": {"uv": [8, 0, 10, 3.33333], "rotation": 180, "texture": "#0"}
			}
		},
		{
			"name": "Gem inset back",
			"from": [5, 3, 6],
			"to": [8, 8, 11],
			"rotation": {"angle": 22.5, "axis": "x", "origin": [8, 5, 8]},
			"faces": {
				"north": {"uv": [8.66667, 0, 10.66667, 3.33333], "texture": "#0"},
				"east": {"uv": [2.66667, 0, 6, 3.33333], "texture": "#0"},
				"south": {"uv": [8, 0, 10, 3.33333], "texture": "#0"},
				"west": {"uv": [2.66667, 0, 6, 3.33333], "rotation": 270, "texture": "#0"},
				"up": {"uv": [6, 0, 8, 3.33333], "texture": "#0"},
				"down": {"uv": [6.66667, 0, 8.66667, 3.33333], "rotation": 180, "texture": "#0"}
			}
		},
		{
			"name": "Gem",
			"from": [4, 4, 7],
			"to": [12, 7, 10],
			"rotation": {"angle": 22.5, "axis": "x", "origin": [8, 5, 8]},
			"faces": {
				"north": {"uv": [4.66667, 0.66667, 5.33333, 2.66667], "texture": "#0"},
				"east": {"uv": [3.33333, 0.66667, 5.33333, 2.66667], "texture": "#0"},
				"south": {"uv": [3.33333, 2, 5.33333, 2.66667], "rotation": 270, "texture": "#0"},
				"west": {"uv": [3.33333, 0.66667, 5.33333, 2.66667], "rotation": 270, "texture": "#0"},
				"up": {"uv": [4.66667, 0.66667, 5.33333, 2.66667], "texture": "#0"},
				"down": {"uv": [3.33333, 0.66667, 4, 2.66667], "rotation": 180, "texture": "#0"}
			}
		},
		{
			"name": "Shoulder LF",
			"from": [8, 2, 3],
			"to": [11, 11, 6],
			"rotation": {"angle": 22.5, "axis": "x", "origin": [8, 5, 8]},
			"faces": {
				"north": {"uv": [8.66667, 3.33333, 10.66667, 9.33333], "texture": "#0"},
				"east": {"uv": [8.66667, 9.33333, 10.66667, 3.33333], "rotation": 180, "texture": "#0"},
				"south": {"uv": [8.66667, 3.33333, 10.66667, 9.33333], "texture": "#0"},
				"west": {"uv": [8.66667, 3.33333, 10.66667, 9.33333], "texture": "#0"},
				"up": {"uv": [8.66667, 3.33333, 10.66667, 5.33333], "rotation": 90, "texture": "#0"},
				"down": {"uv": [8.66667, 7.33333, 10.66667, 9.33333], "texture": "#0"}
			}
		},
		{
			"name": "Shoulder RF",
			"from": [8, 8, 6],
			"to": [11, 11, 12],
			"rotation": {"angle": 22.5, "axis": "x", "origin": [8, 5, 8]},
			"faces": {
				"north": {"uv": [6, 0, 8, 3.33333], "texture": "#0"},
				"east": {"uv": [8.66667, 5.33333, 10.66667, 9.33333], "rotation": 90, "texture": "#0"},
				"south": {"uv": [8.66667, 7.33333, 10.66667, 9.33333], "rotation": 270, "texture": "#0"},
				"west": {"uv": [8.66667, 9.33333, 10.66667, 5.33333], "rotation": 90, "texture": "#0"},
				"up": {"uv": [8.66667, 9.33333, 10.66667, 5.33333], "rotation": 180, "texture": "#0"},
				"down": {"uv": [8.66667, 9.33333, 10.66667, 5.33333], "texture": "#0"}
			}
		},
		{
			"name": "Shoulder RB",
			"from": [5, 2, 3],
			"to": [8, 8, 6],
			"rotation": {"angle": 22.5, "axis": "x", "origin": [8, 5, 8]},
			"faces": {
				"north": {"uv": [8.66667, 9.33333, 10.66667, 5.33333], "rotation": 180, "texture": "#0"},
				"east": {"uv": [8.66667, 9.33333, 10.66667, 5.33333], "rotation": 180, "texture": "#0"},
				"south": {"uv": [8.66667, 9.33333, 10.66667, 5.33333], "rotation": 180, "texture": "#0"},
				"west": {"uv": [8.66667, 5.33333, 10.66667, 9.33333], "texture": "#0"},
				"up": {"uv": [6, 0, 8, 3.33333], "texture": "#0"},
				"down": {"uv": [8.66667, 7.33333, 10.66667, 9.33333], "rotation": 90, "texture": "#0"}
			}
		},
		{
			"name": "Shoulder LB",
			"from": [5, 8, 3],
			"to": [8, 11, 12],
			"rotation": {"angle": 22.5, "axis": "x", "origin": [8, 5, 8]},
			"faces": {
				"north": {"uv": [8.66667, 3.33333, 10.66667, 5.33333], "rotation": 90, "texture": "#0"},
				"east": {"uv": [8.66667, 3.33333, 10.66667, 9.33333], "rotation": 90, "texture": "#0"},
				"south": {"uv": [8.66667, 7.33333, 10.66667, 9.33333], "rotation": 180, "texture": "#0"},
				"west": {"uv": [8.66667, 9.33333, 10.66667, 3.33333], "rotation": 90, "texture": "#0"},
				"up": {"uv": [8.66667, 3.33333, 10.66667, 9.33333], "texture": "#0"},
				"down": {"uv": [8.66667, 3.33333, 10.66667, 9.33333], "rotation": 180, "texture": "#0"}
			}
		},
		{
			"name": "Big Arm R",
			"from": [7, 0, -5],
			"to": [9, 2, 6],
			"rotation": {"angle": 22.5, "axis": "x", "origin": [8, 5, 8]},
			"faces": {
				"north": {"uv": [12.66667, 6.66667, 14, 7.33333], "texture": "#0"},
				"east": {"uv": [12.66667, 0, 14, 7.33333], "rotation": 90, "texture": "#0"},
				"south": {"uv": [13.33333, 0, 14.66667, 0.66667], "texture": "#0"},
				"west": {"uv": [14, 0, 15.33333, 7.33333], "rotation": 270, "texture": "#0"},
				"up": {"uv": [12, 0, 13.33333, 7.33333], "texture": "#0"},
				"down": {"uv": [13.33333, 0, 14.66667, 7.33333], "rotation": 180, "texture": "#0"}
			}
		},
		{
			"name": "Big Arm R Middle",
			"from": [7, 1, -8],
			"to": [9, 2, -5],
			"rotation": {"angle": 22.5, "axis": "x", "origin": [8, 5, 8]},
			"faces": {
				"north": {"uv": [12, 3.33333, 13.33333, 4], "texture": "#0"},
				"east": {"uv": [12, 2.66667, 12.66667, 4.66667], "rotation": 90, "texture": "#0"},
				"south": {"uv": [0, 0, 2.66667, 1.33333], "texture": "#0"},
				"west": {"uv": [12.66667, 2.66667, 13.33333, 4.66667], "rotation": 270, "texture": "#0"},
				"up": {"uv": [12, 4.66667, 13.33333, 2.66667], "rotation": 180, "texture": "#0"},
				"down": {"uv": [12, 2.66667, 13.33333, 4.66667], "rotation": 180, "texture": "#0"}
			}
		},
		{
			"name": "Big Arm R end",
			"from": [7.5, 2, -11],
			"to": [8.5, 3, 0],
			"rotation": {"angle": 22.5, "axis": "x", "origin": [8, 5, 8]},
			"faces": {
				"north": {"uv": [15.33333, 0, 16, 0.66667], "texture": "#0"},
				"east": {"uv": [15.33333, 0, 16, 6.66667], "rotation": 90, "texture": "#0"},
				"south": {"uv": [15.33333, 6.66667, 16, 7.33333], "texture": "#0"},
				"west": {"uv": [15.33333, 0, 16, 7.33333], "rotation": 270, "texture": "#0"},
				"up": {"uv": [15.33333, 0, 16, 7.33333], "texture": "#0"},
				"down": {"uv": [15.33333, 0, 16, 7.33333], "rotation": 180, "texture": "#0"}
			}
		},
		{
			"name": "Big Arm L",
			"from": [7, 8, 11.975],
			"to": [9, 19, 13.975],
			"rotation": {"angle": 22.5, "axis": "x", "origin": [8, 5, 8]},
			"faces": {
				"north": {"uv": [12, 0, 13.33333, 7.33333], "texture": "#0"},
				"east": {"uv": [14, 0, 15.33333, 7.33333], "texture": "#0"},
				"south": {"uv": [13.33333, 0, 14.66667, 7.33333], "texture": "#0"},
				"west": {"uv": [12.66667, 0, 14, 7.33333], "texture": "#0"},
				"up": {"uv": [12.66667, 6.66667, 14, 7.33333], "texture": "#0"},
				"down": {"uv": [13.33333, 0, 14.66667, 0.66667], "rotation": 180, "texture": "#0"}
			}
		},
		{
			"name": "Big Arm L Middle",
			"from": [7, 19, 11.975],
			"to": [9, 22, 12.975],
			"rotation": {"angle": 22.5, "axis": "x", "origin": [8, 5, 8]},
			"faces": {
				"north": {"uv": [12, 4.66667, 13.33333, 2.66667], "rotation": 180, "texture": "#0"},
				"east": {"uv": [12.66667, 2.66667, 13.33333, 4.66667], "texture": "#0"},
				"south": {"uv": [12, 2.66667, 13.33333, 4.66667], "texture": "#0"},
				"west": {"uv": [12, 2.66667, 12.66667, 4.66667], "texture": "#0"},
				"up": {"uv": [12, 2.66667, 13.33333, 3.33333], "texture": "#0"},
				"down": {"uv": [0, 0, 2.66667, 1.33333], "rotation": 180, "texture": "#0"}
			}
		},
		{
			"name": "Big Arm L Eye",
			"from": [7.25, 15.5, 13.25],
			"to": [8.75, 17, 14.75],
			"rotation": {"angle": 22.5, "axis": "x", "origin": [8, 5, 8]},
			"faces": {
				"north": {"uv": [11.33333, 6.66667, 12, 7.33333], "texture": "#0"},
				"east": {"uv": [11.33333, 6.66667, 12, 7.33333], "texture": "#0"},
				"south": {"uv": [11.33333, 6.66667, 12, 7.33333], "texture": "#0"},
				"west": {"uv": [11.33333, 6.66667, 12, 7.33333], "texture": "#0"},
				"up": {"uv": [11.33333, 6.66667, 12, 7.33333], "texture": "#0"},
				"down": {"uv": [11.33333, 6.66667, 12, 7.33333], "texture": "#0"}
			}
		},
		{
			"name": "Big Arm L Halo",
			"from": [8, 10.5, 13],
			"to": [8, 21.5, 18],
			"rotation": {"angle": 22.5, "axis": "x", "origin": [8, 5, 8]},
			"faces": {
				"north": {"uv": [5.33333, 0, 11.33333, 0], "rotation": 90, "texture": "#0"},
				"east": {"uv": [2, 11.33333, 9.33333, 14.66667], "rotation": 90, "texture": "#0"},
				"south": {"uv": [5.33333, 0, 11.33333, 0], "rotation": 90, "texture": "#0"},
				"west": {"uv": [2, 14.66667, 9.33333, 11.33333], "rotation": 90, "texture": "#0"},
				"up": {"uv": [5.33333, 8.66667, 8.66667, 8.66667], "rotation": 90, "texture": "#0"},
				"down": {"uv": [5.33333, 2.66667, 8.66667, 2.66667], "rotation": 90, "texture": "#0"}
			}
		},
		{
			"name": "Big Arm R Halo",
			"from": [8, -4, -8],
			"to": [8, 1, 3],
			"rotation": {"angle": 22.5, "axis": "x", "origin": [8, 5, 8]},
			"faces": {
				"north": {"uv": [0, 11.33333, 10.66667, 16], "rotation": 270, "texture": "#0"},
				"east": {"uv": [2, 11.33333, 9.33333, 14.66667], "texture": "#0"},
				"south": {"uv": [0, 11.33333, 10.66667, 16], "rotation": 90, "texture": "#0"},
				"west": {"uv": [9.33333, 11.33333, 2, 14.66667], "texture": "#0"},
				"up": {"uv": [0, 11.33333, 10.66667, 16], "rotation": 270, "texture": "#0"},
				"down": {"uv": [0, 0, 16, 16], "rotation": 90, "texture": "#0"}
			}
		},
		{
			"name": "Big Arm R Eye",
			"from": [7.25, -0.75, -3],
			"to": [8.75, 0.75, -1.5],
			"rotation": {"angle": 22.5, "axis": "x", "origin": [8, 5, 8]},
			"faces": {
				"north": {"uv": [11.33333, 6.66667, 12, 7.33333], "texture": "#0"},
				"east": {"uv": [11.33333, 6.66667, 12, 7.33333], "texture": "#0"},
				"south": {"uv": [11.33333, 6.66667, 12, 7.33333], "texture": "#0"},
				"west": {"uv": [11.33333, 6.66667, 12, 7.33333], "texture": "#0"},
				"up": {"uv": [11.33333, 6.66667, 12, 7.33333], "texture": "#0"},
				"down": {"uv": [11.33333, 6.66667, 12, 7.33333], "texture": "#0"}
			}
		},
		{
			"name": "Big Arm L end",
			"from": [7.5, 14, 10.975],
			"to": [8.5, 25, 11.975],
			"rotation": {"angle": 22.5, "axis": "x", "origin": [8, 5, 8]},
			"faces": {
				"north": {"uv": [15.33333, 0, 16, 7.33333], "texture": "#0"},
				"east": {"uv": [15.33333, 0, 16, 7.33333], "texture": "#0"},
				"south": {"uv": [15.33333, 0, 16, 7.33333], "texture": "#0"},
				"west": {"uv": [15.33333, 0, 16, 6.66667], "texture": "#0"},
				"up": {"uv": [15.33333, 0, 16, 0.66667], "texture": "#0"},
				"down": {"uv": [15.33333, 6.66667, 16, 7.33333], "rotation": 180, "texture": "#0"}
			}
		},
		{
			"name": "Med Arm L Start",
			"from": [7.25, 8, 8.25],
			"to": [8.75, 18.5, 9.75],
			"rotation": {"angle": 22.5, "axis": "x", "origin": [8, 5, 8]},
			"faces": {
				"north": {"uv": [11.33333, 0.66667, 12, 5.33333], "rotation": 180, "texture": "#0"},
				"east": {"uv": [11.33333, 0.66667, 12, 5.33333], "rotation": 180, "texture": "#0"},
				"south": {"uv": [11.33333, 0.66667, 12, 5.33333], "rotation": 180, "texture": "#0"},
				"west": {"uv": [11.33333, 0.66667, 12, 5.33333], "rotation": 180, "texture": "#0"},
				"up": {"uv": [11.33333, 4.66667, 12, 5.33333], "rotation": 180, "texture": "#0"},
				"down": {"uv": [11.33333, 0.66667, 12, 5.33333], "rotation": 180, "texture": "#0"}
			}
		},
		{
			"name": "Med Arm L Mid",
			"from": [7.5, 13.5, 17.75],
			"to": [8.5, 18.5, 18.75],
			"rotation": {"angle": -22.5, "axis": "x", "origin": [8, 5, 8]},
			"faces": {
				"north": {"uv": [10.66667, 3.33333, 11.33333, 6.66667], "rotation": 180, "texture": "#0"},
				"east": {"uv": [10.66667, 3.33333, 11.33333, 6.66667], "rotation": 180, "texture": "#0"},
				"south": {"uv": [10.66667, 3.33333, 11.33333, 6.66667], "rotation": 180, "texture": "#0"},
				"west": {"uv": [10.66667, 3.33333, 11.33333, 6.66667], "rotation": 180, "texture": "#0"},
				"up": {"uv": [10.66667, 6, 11.33333, 6.66667], "rotation": 180, "texture": "#0"},
				"down": {"uv": [10.66667, 3.33333, 11.33333, 6.66667], "rotation": 180, "texture": "#0"}
			}
		},
		{
			"name": "Med Arm L End",
			"from": [7.75, 21.5, 3],
			"to": [8.25, 22, 6],
			"rotation": {"angle": 22.5, "axis": "x", "origin": [8, 5, 8]},
			"faces": {
				"north": {"uv": [10.66667, 9.33333, 11.33333, 10], "texture": "#0"},
				"east": {"uv": [10.66667, 6.66667, 11.33333, 10], "rotation": 270, "texture": "#0"},
				"south": {"uv": [10.66667, 6.66667, 11.33333, 10], "rotation": 180, "texture": "#0"},
				"west": {"uv": [10.66667, 6.66667, 11.33333, 10], "rotation": 90, "texture": "#0"},
				"up": {"uv": [10.66667, 6.66667, 11.33333, 10], "rotation": 180, "texture": "#0"},
				"down": {"uv": [10.66667, 6.66667, 11.33333, 10], "texture": "#0"}
			}
		},
		{
			"name": "Med Arm R End",
			"from": [7.75, 8, -8],
			"to": [8.25, 11, -7.5],
			"rotation": {"angle": 22.5, "axis": "x", "origin": [8, 5, 8]},
			"faces": {
				"north": {"uv": [10.66667, 6.66667, 11.33333, 10], "rotation": 180, "texture": "#0"},
				"east": {"uv": [10.66667, 6.66667, 11.33333, 10], "rotation": 180, "texture": "#0"},
				"south": {"uv": [10.66667, 6.66667, 11.33333, 10], "rotation": 180, "texture": "#0"},
				"west": {"uv": [10.66667, 6.66667, 11.33333, 10], "rotation": 180, "texture": "#0"},
				"up": {"uv": [10.66667, 9.33333, 11.33333, 10], "texture": "#0"},
				"down": {"uv": [10.66667, 6.66667, 11.33333, 10], "texture": "#0"}
			}
		},
		{
			"name": "Med Arm R Mid",
			"from": [7.5, 13.5, -1.25],
			"to": [8.5, 18.5, -0.25],
			"rotation": {"angle": -22.5, "axis": "x", "origin": [8, 5, 8]},
			"faces": {
				"north": {"uv": [10.66667, 3.33333, 11.33333, 6.66667], "rotation": 180, "texture": "#0"},
				"east": {"uv": [10.66667, 3.33333, 11.33333, 6.66667], "rotation": 180, "texture": "#0"},
				"south": {"uv": [10.66667, 3.33333, 11.33333, 6.66667], "rotation": 180, "texture": "#0"},
				"west": {"uv": [10.66667, 3.33333, 11.33333, 6.66667], "rotation": 180, "texture": "#0"},
				"up": {"uv": [10.66667, 6, 11.33333, 6.66667], "texture": "#0"},
				"down": {"uv": [10.66667, 3.33333, 11.33333, 6.66667], "texture": "#0"}
			}
		},
		{
			"name": "Med Arm R Start",
			"from": [7.25, 4.25, -4.5],
			"to": [8.75, 5.75, 6],
			"rotation": {"angle": 22.5, "axis": "x", "origin": [8, 5, 8]},
			"faces": {
				"north": {"uv": [11.33333, 4.66667, 12, 5.33333], "rotation": 180, "texture": "#0"},
				"east": {"uv": [11.33333, 0.66667, 12, 5.33333], "rotation": 270, "texture": "#0"},
				"south": {"uv": [11.33333, 0.66667, 12, 5.33333], "texture": "#0"},
				"west": {"uv": [11.33333, 0.66667, 12, 5.33333], "rotation": 90, "texture": "#0"},
				"up": {"uv": [11.33333, 0.66667, 12, 5.33333], "rotation": 180, "texture": "#0"},
				"down": {"uv": [11.33333, 0.66667, 12, 5.33333], "texture": "#0"}
			}
		},
		{
			"name": "Face Bottom",
			"from": [8, 8, 3.5],
			"to": [14, 14, 9.5],
			"rotation": {"angle": 22.5, "axis": "z", "origin": [8, 5, 8]},
			"faces": {
				"north": {"uv": [3.33333, 7.33333, 7.33333, 11.33333], "rotation": 270, "texture": "#0"},
				"east": {"uv": [3.33333, 11.33333, 7.33333, 7.33333], "rotation": 270, "texture": "#0"},
				"south": {"uv": [3.33333, 7.33333, 7.33333, 3.33333], "rotation": 90, "texture": "#0"},
				"west": {"uv": [3.33333, 7.33333, 7.33333, 3.33333], "rotation": 90, "texture": "#0"},
				"up": {"uv": [3.33333, 7.33333, 7.33333, 3.33333], "rotation": 90, "texture": "#0"},
				"down": {"uv": [3.33333, 7.33333, 7.33333, 3.33333], "rotation": 90, "texture": "#0"}
			}
		},
		{
			"name": "Eye L",
			"from": [13.25, 11.25, 4.75],
			"to": [14.25, 12.25, 5.75],
			"rotation": {"angle": 22.5, "axis": "z", "origin": [8, 5, 8]},
			"faces": {
				"north": {"uv": [11.33333, 7.33333, 12, 6.66667], "rotation": 270, "texture": "#0"},
				"east": {"uv": [11.33333, 7.33333, 12, 6.66667], "rotation": 270, "texture": "#0"},
				"south": {"uv": [11.33333, 7.33333, 12, 6.66667], "rotation": 270, "texture": "#0"},
				"west": {"uv": [11.33333, 7.33333, 12, 6.66667], "rotation": 270, "texture": "#0"},
				"up": {"uv": [11.33333, 7.33333, 12, 6.66667], "rotation": 270, "texture": "#0"},
				"down": {"uv": [11.33333, 7.33333, 12, 6.66667], "rotation": 270, "texture": "#0"}
			}
		},
		{
			"name": "Eye R",
			"from": [11.75, 11.25, 3.25],
			"to": [12.75, 12.25, 4.25],
			"rotation": {"angle": 22.5, "axis": "z", "origin": [8, 5, 8]},
			"faces": {
				"north": {"uv": [11.33333, 7.33333, 12, 6.66667], "rotation": 270, "texture": "#0"},
				"east": {"uv": [11.33333, 7.33333, 12, 6.66667], "rotation": 270, "texture": "#0"},
				"south": {"uv": [11.33333, 7.33333, 12, 6.66667], "rotation": 270, "texture": "#0"},
				"west": {"uv": [11.33333, 7.33333, 12, 6.66667], "rotation": 270, "texture": "#0"},
				"up": {"uv": [11.33333, 7.33333, 12, 6.66667], "rotation": 270, "texture": "#0"},
				"down": {"uv": [11.33333, 7.33333, 12, 6.66667], "rotation": 270, "texture": "#0"}
			}
		},
		{
			"name": "Nose",
			"from": [13.5, 9.5, 3],
			"to": [14.5, 12.5, 4],
			"rotation": {"angle": 22.5, "axis": "z", "origin": [8, 5, 8]},
			"faces": {
				"north": {"uv": [15.33333, 10.66667, 16, 8.66667], "rotation": 180, "texture": "#0"},
				"east": {"uv": [15.33333, 10.66667, 16, 8.66667], "rotation": 180, "texture": "#0"},
				"south": {"uv": [15.33333, 10.66667, 16, 8.66667], "rotation": 180, "texture": "#0"},
				"west": {"uv": [15.33333, 10.66667, 16, 8.66667], "rotation": 180, "texture": "#0"},
				"up": {"uv": [15.33333, 9.33333, 16, 8.66667], "rotation": 180, "texture": "#0"},
				"down": {"uv": [15.33333, 10.66667, 16, 10], "rotation": 180, "texture": "#0"}
			}
		},
		{
			"name": "Bridge L",
			"from": [13.5, 12.5, 4],
			"to": [14.5, 13.5, 5],
			"rotation": {"angle": 22.5, "axis": "z", "origin": [8, 5, 8]},
			"faces": {
				"north": {"uv": [14.66667, 8.66667, 15.33333, 8], "rotation": 270, "texture": "#0"},
				"east": {"uv": [14.66667, 8.66667, 15.33333, 8], "rotation": 270, "texture": "#0"},
				"south": {"uv": [14.66667, 8.66667, 15.33333, 8], "rotation": 270, "texture": "#0"},
				"west": {"uv": [14.66667, 8.66667, 15.33333, 8], "rotation": 270, "texture": "#0"},
				"up": {"uv": [14.66667, 8.66667, 15.33333, 8], "rotation": 270, "texture": "#0"},
				"down": {"uv": [14.66667, 8.66667, 15.33333, 8], "rotation": 270, "texture": "#0"}
			}
		},
		{
			"name": "Faceplate Bottom Tip L",
			"from": [13.5, 8.5, 5],
			"to": [14.5, 9.5, 7],
			"rotation": {"angle": 22.5, "axis": "z", "origin": [8, 5, 8]},
			"faces": {
				"north": {"uv": [14, 11.33333, 14.66667, 10.66667], "texture": "#0"},
				"east": {"uv": [13.33333, 11.33333, 14.66667, 10.66667], "texture": "#0"},
				"south": {"uv": [13.33333, 11.33333, 14, 10.66667], "texture": "#0"},
				"west": {"uv": [13.33333, 11.33333, 14.66667, 10.66667], "texture": "#0"},
				"up": {"uv": [13.33333, 11.33333, 14.66667, 10.66667], "texture": "#0"},
				"down": {"uv": [13.33333, 11.33333, 14.66667, 10.66667], "rotation": 90, "texture": "#0"}
			}
		},
		{
			"name": "Top Ridge L",
			"from": [13.5, 13.5, 4],
			"to": [14.5, 14.5, 10],
			"rotation": {"angle": 22.5, "axis": "z", "origin": [8, 5, 8]},
			"faces": {
				"north": {"uv": [14.66667, 8, 15.33333, 7.33333], "texture": "#0"},
				"east": {"uv": [11.33333, 8, 15.33333, 7.33333], "texture": "#0"},
				"south": {"uv": [11.33333, 8, 12, 7.33333], "texture": "#0"},
				"west": {"uv": [11.33333, 8, 15.33333, 7.33333], "rotation": 180, "texture": "#0"},
				"up": {"uv": [11.33333, 8, 15.33333, 7.33333], "rotation": 270, "texture": "#0"},
				"down": {"uv": [11.33333, 8, 15.33333, 7.33333], "rotation": 90, "texture": "#0"}
			}
		},
		{
			"name": "Mid Bridge",
			"from": [13.5, 12.5, 3],
			"to": [14.5, 14.5, 4],
			"rotation": {"angle": 22.5, "axis": "z", "origin": [8, 5, 8]},
			"faces": {
				"north": {"uv": [15.33333, 6, 16, 4.66667], "texture": "#0"},
				"east": {"uv": [15.33333, 6, 16, 4.66667], "texture": "#0"},
				"south": {"uv": [15.33333, 6, 16, 4.66667], "texture": "#0"},
				"west": {"uv": [15.33333, 6, 16, 4.66667], "texture": "#0"},
				"up": {"uv": [15.33333, 6, 16, 5.33333], "texture": "#0"},
				"down": {"uv": [15.33333, 6, 16, 4.66667], "texture": "#0"}
			}
		},
		{
			"name": "Top corner L",
			"from": [13.5, 12.5, 6],
			"to": [14.5, 13.5, 7],
			"rotation": {"angle": 22.5, "axis": "z", "origin": [8, 5, 8]},
			"faces": {
				"north": {"uv": [13.33333, 8.66667, 14, 8], "rotation": 270, "texture": "#0"},
				"east": {"uv": [13.33333, 8.66667, 14, 8], "rotation": 270, "texture": "#0"},
				"south": {"uv": [13.33333, 8.66667, 14, 8], "rotation": 270, "texture": "#0"},
				"west": {"uv": [13.33333, 8.66667, 14, 8], "rotation": 270, "texture": "#0"},
				"up": {"uv": [13.33333, 8.66667, 14, 8], "rotation": 270, "texture": "#0"},
				"down": {"uv": [13.33333, 8.66667, 14, 8], "rotation": 270, "texture": "#0"}
			}
		},
		{
			"name": "Faceplate Main L",
			"from": [13.5, 11.5, 7],
			"to": [14.5, 13.5, 9],
			"rotation": {"angle": 22.5, "axis": "z", "origin": [8, 5, 8]},
			"faces": {
				"north": {"uv": [12.66667, 9.33333, 13.33333, 8], "texture": "#0"},
				"east": {"uv": [12, 9.33333, 13.33333, 8], "texture": "#0"},
				"south": {"uv": [12, 9.33333, 12.66667, 8], "texture": "#0"},
				"west": {"uv": [12, 9.33333, 13.33333, 8], "texture": "#0"},
				"up": {"uv": [12, 9.33333, 13.33333, 8], "texture": "#0"},
				"down": {"uv": [12, 9.33333, 13.33333, 8], "texture": "#0"}
			}
		},
		{
			"name": "Faceplate Bottom L",
			"from": [13.5, 9.5, 6],
			"to": [14.5, 11.5, 8],
			"rotation": {"angle": 22.5, "axis": "z", "origin": [8, 5, 8]},
			"faces": {
				"north": {"uv": [13.33333, 10.66667, 14, 9.33333], "texture": "#0"},
				"east": {"uv": [12.66667, 10.66667, 14, 9.33333], "texture": "#0"},
				"south": {"uv": [12.66667, 10.66667, 13.33333, 9.33333], "texture": "#0"},
				"west": {"uv": [12.66667, 10.66667, 14, 9.33333], "texture": "#0"},
				"up": {"uv": [12.66667, 10.66667, 14, 9.33333], "texture": "#0"},
				"down": {"uv": [12.66667, 10.66667, 13.33333, 9.33333], "texture": "#0"}
			}
		},
		{
			"name": "Bridge L",
			"from": [12.5, 12.5, 3],
			"to": [13.5, 13.5, 4],
			"rotation": {"angle": 22.5, "axis": "z", "origin": [8, 5, 8]},
			"faces": {
				"north": {"uv": [14.66667, 8.66667, 15.33333, 8], "rotation": 270, "texture": "#0"},
				"east": {"uv": [14.66667, 8.66667, 15.33333, 8], "rotation": 270, "texture": "#0"},
				"south": {"uv": [14.66667, 8.66667, 15.33333, 8], "rotation": 270, "texture": "#0"},
				"west": {"uv": [14.66667, 8.66667, 15.33333, 8], "rotation": 270, "texture": "#0"},
				"up": {"uv": [14.66667, 8.66667, 15.33333, 8], "texture": "#0"},
				"down": {"uv": [14.66667, 8.66667, 15.33333, 8], "rotation": 180, "texture": "#0"}
			}
		},
		{
			"name": "Faceplate Bottom Tip L",
			"from": [10.5, 8.5, 3],
			"to": [12.5, 9.5, 4],
			"rotation": {"angle": 22.5, "axis": "z", "origin": [8, 5, 8]},
			"faces": {
				"north": {"uv": [13.33333, 11.33333, 14.66667, 10.66667], "rotation": 180, "texture": "#0"},
				"east": {"uv": [14, 11.33333, 14.66667, 10.66667], "texture": "#0"},
				"south": {"uv": [13.33333, 11.33333, 14.66667, 10.66667], "texture": "#0"},
				"west": {"uv": [13.33333, 11.33333, 14, 10.66667], "texture": "#0"},
				"up": {"uv": [13.33333, 11.33333, 14.66667, 10.66667], "rotation": 270, "texture": "#0"},
				"down": {"uv": [13.33333, 11.33333, 14.66667, 10.66667], "texture": "#0"}
			}
		},
		{
			"name": "Top Ridge L",
			"from": [7.5, 13.5, 3],
			"to": [13.5, 14.5, 4],
			"rotation": {"angle": 22.5, "axis": "z", "origin": [8, 5, 8]},
			"faces": {
				"north": {"uv": [11.33333, 8, 15.33333, 7.33333], "rotation": 180, "texture": "#0"},
				"east": {"uv": [14.66667, 8, 15.33333, 7.33333], "texture": "#0"},
				"south": {"uv": [11.33333, 8, 15.33333, 7.33333], "texture": "#0"},
				"west": {"uv": [11.33333, 8, 12, 7.33333], "texture": "#0"},
				"up": {"uv": [11.33333, 8, 15.33333, 7.33333], "texture": "#0"},
				"down": {"uv": [11.33333, 8, 15.33333, 7.33333], "texture": "#0"}
			}
		},
		{
			"name": "Top corner L",
			"from": [10.5, 12.5, 3],
			"to": [11.5, 13.5, 4],
			"rotation": {"angle": 22.5, "axis": "z", "origin": [8, 5, 8]},
			"faces": {
				"north": {"uv": [13.33333, 8.66667, 14, 8], "rotation": 270, "texture": "#0"},
				"east": {"uv": [13.33333, 8.66667, 14, 8], "rotation": 270, "texture": "#0"},
				"south": {"uv": [13.33333, 8.66667, 14, 8], "rotation": 270, "texture": "#0"},
				"west": {"uv": [13.33333, 8.66667, 14, 8], "rotation": 270, "texture": "#0"},
				"up": {"uv": [13.33333, 8.66667, 14, 8], "texture": "#0"},
				"down": {"uv": [13.33333, 8.66667, 14, 8], "rotation": 180, "texture": "#0"}
			}
		},
		{
			"name": "Faceplate Main L",
			"from": [8.5, 11.5, 3],
			"to": [10.5, 13.5, 4],
			"rotation": {"angle": 22.5, "axis": "z", "origin": [8, 5, 8]},
			"faces": {
				"north": {"uv": [12.66667, 9.33333, 14, 10.66667], "rotation": 180, "texture": "#0"},
				"east": {"uv": [12.66667, 8.66667, 13.33333, 8], "texture": "#0"},
				"south": {"uv": [12, 9.33333, 13.33333, 8], "texture": "#0"},
				"west": {"uv": [12, 9.33333, 12.66667, 8], "texture": "#0"},
				"up": {"uv": [12, 9.33333, 13.33333, 8], "rotation": 90, "texture": "#0"},
				"down": {"uv": [12, 9.33333, 13.33333, 8], "rotation": 270, "texture": "#0"}
			}
		},
		{
			"name": "Main",
			"from": [9.5, 13.5, 4],
			"to": [13.5, 14.5, 8],
			"rotation": {"angle": 22.5, "axis": "z", "origin": [8, 5, 8]},
			"faces": {
				"north": {"uv": [13.33333, 14, 16, 11.33333], "rotation": 270, "texture": "#0"},
				"east": {"uv": [13.33333, 14, 16, 11.33333], "rotation": 270, "texture": "#0"},
				"south": {"uv": [13.33333, 14, 14.66667, 13.33333], "rotation": 270, "texture": "#0"},
				"west": {"uv": [13.33333, 14, 14, 12.66667], "rotation": 270, "texture": "#0"},
				"up": {"uv": [13.33333, 14, 16, 11.33333], "rotation": 270, "texture": "#0"},
				"down": {"uv": [13.33333, 14, 16, 11.33333], "rotation": 270, "texture": "#0"}
			}
		},
		{
			"name": "Faceplate Bottom L",
			"from": [9.5, 9.5, 3],
			"to": [11.5, 11.5, 4],
			"rotation": {"angle": 22.5, "axis": "z", "origin": [8, 5, 8]},
			"faces": {
				"north": {"uv": [12.66667, 9.33333, 14, 10.66667], "rotation": 180, "texture": "#0"},
				"east": {"uv": [13.33333, 10.66667, 14, 9.33333], "texture": "#0"},
				"south": {"uv": [12.66667, 10.66667, 14, 9.33333], "texture": "#0"},
				"west": {"uv": [12.66667, 10.66667, 13.33333, 9.33333], "texture": "#0"},
				"up": {"uv": [12.66667, 10.66667, 14, 9.33333], "rotation": 270, "texture": "#0"},
				"down": {"uv": [12.66667, 10.66667, 13.33333, 9.33333], "rotation": 270, "texture": "#0"}
			}
		},
		{
			"name": "Corner L",
			"from": [11.5, 13.5, 8],
			"to": [13.5, 14.5, 9],
			"rotation": {"angle": 22.5, "axis": "z", "origin": [8, 5, 8]},
			"faces": {
				"north": {"uv": [13.33333, 6.66667, 16, 3.33333], "rotation": 270, "texture": "#0"},
				"east": {"uv": [13.33333, 6.66667, 16, 3.33333], "rotation": 270, "texture": "#0"},
				"south": {"uv": [14.66667, 14.66667, 16, 14], "rotation": 270, "texture": "#0"},
				"west": {"uv": [14.66667, 14.66667, 15.33333, 14], "rotation": 270, "texture": "#0"},
				"up": {"uv": [12.66667, 12.66667, 13.33333, 11.33333], "rotation": 270, "texture": "#0"},
				"down": {"uv": [13.33333, 6.66667, 16, 3.33333], "rotation": 180, "texture": "#0"}
			}
		},
		{
			"name": "Corner L",
			"from": [8.5, 13.5, 4],
			"to": [9.5, 14.5, 6],
			"rotation": {"angle": 22.5, "axis": "z", "origin": [8, 5, 8]},
			"faces": {
				"north": {"uv": [13.33333, 6.66667, 16, 3.33333], "rotation": 270, "texture": "#0"},
				"east": {"uv": [13.33333, 6.66667, 16, 3.33333], "rotation": 270, "texture": "#0"},
				"south": {"uv": [12.66667, 12.66667, 13.33333, 12], "rotation": 270, "texture": "#0"},
				"west": {"uv": [12.66667, 12.66667, 13.33333, 11.33333], "rotation": 270, "texture": "#0"},
				"up": {"uv": [12.66667, 12.66667, 13.33333, 11.33333], "rotation": 180, "texture": "#0"},
				"down": {"uv": [13.33333, 6.66667, 16, 3.33333], "rotation": 180, "texture": "#0"}
			}
		},
		{
			"name": "Small Horn TL",
			"from": [14.5, 16.6, 9],
			"to": [15.5, 19.6, 10],
			"rotation": {"angle": 22.5, "axis": "z", "origin": [8, 5, 8]},
			"faces": {
				"north": {"uv": [7.33333, 6.66667, 8, 4.66667], "texture": "#0"},
				"east": {"uv": [7.33333, 6.66667, 8, 4.66667], "texture": "#0"},
				"south": {"uv": [7.33333, 6.66667, 8, 4.66667], "texture": "#0"},
				"west": {"uv": [7.33333, 6.66667, 8, 4.66667], "texture": "#0"},
				"up": {"uv": [7.33333, 6.66667, 8, 6], "texture": "#0"},
				"down": {"uv": [7.33333, 6.66667, 8, 4.66667], "texture": "#0"}
			}
		},
		{
			"name": "Small Horn BL",
			"from": [9, 13.75, 3.25],
			"to": [10.5, 18.5, 4.75],
			"rotation": {"angle": 22.5, "axis": "x", "origin": [8, 5, 8]},
			"faces": {
				"north": {"uv": [8, 6.66667, 8.66667, 4.66667], "texture": "#0"},
				"east": {"uv": [8, 6.66667, 8.66667, 4.66667], "texture": "#0"},
				"south": {"uv": [8, 6.66667, 8.66667, 4.66667], "texture": "#0"},
				"west": {"uv": [8, 6.66667, 8.66667, 4.66667], "texture": "#0"},
				"up": {"uv": [8, 6.66667, 8.66667, 6], "texture": "#0"},
				"down": {"uv": [8, 6.66667, 8.66667, 4.66667], "texture": "#0"}
			}
		},
		{
			"name": "Small Horn BR",
			"from": [12, 12.75, 3.25],
			"to": [13.5, 16.75, 4.75],
			"rotation": {"angle": 45, "axis": "z", "origin": [8, 5, 8]},
			"faces": {
				"north": {"uv": [8, 6.66667, 8.66667, 4.66667], "texture": "#0"},
				"east": {"uv": [8, 6.66667, 8.66667, 4.66667], "texture": "#0"},
				"south": {"uv": [8, 6.66667, 8.66667, 4.66667], "texture": "#0"},
				"west": {"uv": [8, 6.66667, 8.66667, 4.66667], "texture": "#0"},
				"up": {"uv": [8, 6.66667, 8.66667, 6], "texture": "#0"},
				"down": {"uv": [8, 6.66667, 8.66667, 4.66667], "texture": "#0"}
			}
		},
		{
			"name": "Small Horn TR",
			"from": [7.5, 16.8, 3.5],
			"to": [8.5, 19.8, 4.5],
			"rotation": {"angle": 22.5, "axis": "z", "origin": [8, 5, 8]},
			"faces": {
				"north": {"uv": [7.33333, 6.66667, 8, 4.66667], "texture": "#0"},
				"east": {"uv": [7.33333, 6.66667, 8, 4.66667], "texture": "#0"},
				"south": {"uv": [7.33333, 6.66667, 8, 4.66667], "texture": "#0"},
				"west": {"uv": [7.33333, 6.66667, 8, 4.66667], "texture": "#0"},
				"up": {"uv": [7.33333, 6.66667, 8, 6], "texture": "#0"},
				"down": {"uv": [7.33333, 6.66667, 8, 4.66667], "texture": "#0"}
			}
		},
		{
			"name": "Large horn BL",
			"from": [8.75, 13.5, 1],
			"to": [10, 18.5, 2.25],
			"rotation": {"angle": 22.5, "axis": "x", "origin": [8, 5, 8]},
			"faces": {
				"north": {"uv": [8, 9.33333, 8.66667, 6.66667], "texture": "#0"},
				"east": {"uv": [8, 9.33333, 8.66667, 6.66667], "texture": "#0"},
				"south": {"uv": [8, 9.33333, 8.66667, 6.66667], "texture": "#0"},
				"west": {"uv": [8, 9.33333, 8.66667, 6.66667], "texture": "#0"},
				"up": {"uv": [8, 9.33333, 8.66667, 8.66667], "texture": "#0"},
				"down": {"uv": [8, 9.33333, 8.66667, 6.66667], "texture": "#0"}
			}
		},
		{
			"name": "Large horn TL",
			"from": [14.375, 17.75, 6.5],
			"to": [15.375, 22.75, 7.5],
			"rotation": {"angle": 22.5, "axis": "z", "origin": [8, 5, 8]},
			"faces": {
				"north": {"uv": [7.33333, 10, 8, 6.66667], "texture": "#0"},
				"east": {"uv": [7.33333, 10, 8, 6.66667], "texture": "#0"},
				"south": {"uv": [7.33333, 10, 8, 6.66667], "texture": "#0"},
				"west": {"uv": [7.33333, 10, 8, 6.66667], "texture": "#0"},
				"up": {"uv": [7.33333, 10, 8, 9.33333], "texture": "#0"},
				"down": {"uv": [7.33333, 10, 8, 6.66667], "texture": "#0"}
			}
		},
		{
			"name": "Large horn TR",
			"from": [4.25, 18.25, 3.625],
			"to": [5.25, 23.25, 4.625],
			"rotation": {"angle": 0, "axis": "y", "origin": [8, 5, 8]},
			"faces": {
				"north": {"uv": [7.33333, 10, 8, 6.66667], "texture": "#0"},
				"east": {"uv": [7.33333, 10, 8, 6.66667], "texture": "#0"},
				"south": {"uv": [7.33333, 10, 8, 6.66667], "texture": "#0"},
				"west": {"uv": [7.33333, 10, 8, 6.66667], "texture": "#0"},
				"up": {"uv": [7.33333, 10, 8, 9.33333], "texture": "#0"},
				"down": {"uv": [7.33333, 10, 8, 6.66667], "texture": "#0"}
			}
		},
		{
			"name": "Large horn BR",
			"from": [14.5, 12, 3.5],
			"to": [15.75, 17, 4.75],
			"rotation": {"angle": 45, "axis": "z", "origin": [8, 5, 8]},
			"faces": {
				"north": {"uv": [8, 9.33333, 8.66667, 6.66667], "texture": "#0"},
				"east": {"uv": [8, 9.33333, 8.66667, 6.66667], "texture": "#0"},
				"south": {"uv": [8, 9.33333, 8.66667, 6.66667], "texture": "#0"},
				"west": {"uv": [8, 9.33333, 8.66667, 6.66667], "texture": "#0"},
				"up": {"uv": [8, 9.33333, 8.66667, 8.66667], "texture": "#0"},
				"down": {"uv": [8, 9.33333, 8.66667, 6.66667], "texture": "#0"}
			}
		}
	],
	"display": {
		"thirdperson_righthand": {
			"rotation": [-22, -174, 0],
			"translation": [0.25, 7.5, 1.25],
			"scale": [0.58, 0.58, 0.58]
		},
		"thirdperson_lefthand": {
			"rotation": [-22, -174, 0],
			"translation": [0.25, 7.5, 1.25],
			"scale": [0.58, 0.58, 0.58]
		},
		"firstperson_righthand": {
			"rotation": [-39, -174, -5],
			"translation": [2.88, 4.7, -1.62],
			"scale": [0.5, 0.5, 0.5]
		},
		"firstperson_lefthand": {
			"rotation": [-5, 20, -16],
			"translation": [2.88, 4.7, -1.62],
			"scale": [0.5, 0.5, 0.5]
		},
		"gui": {
			"rotation": [65, -112, 73],
			"translation": [-0.25, 0.25, 0],
			"scale": [0.5, 0.5, 0.5]
		},
		"head": {
			"translation": [0, -1.75, -2.25],
			"scale": [0.5, 0.5, 0.5]
		},
		"fixed": {
			"rotation": [0, 90, 0],
			"translation": [0, 1, -1.5],
			"scale": [0.5, 0.5, 0.5]
		}
	},
	"groups": [
		{
			"name": "Handle",
			"origin": [8, 8, 8],
			"children": [0, 1, 2,
				{
					"name": "Spikes",
					"origin": [8, 8, 8],
					"children": [3, 4, 5, 6, 7, 8, 9, 10]
				}
			]
		},
		{
			"name": "Torso",
			"origin": [8, 8, 8],
			"children": [
				{
					"name": "Core",
					"origin": [8, 8, 8],
					"children": [11, 12, 13]
				},
				{
					"name": "Core Bottom Detail",
					"origin": [8, 0, 8],
					"children": [14, 15, 16, 17, 18, 19, 20, 21]
				},
				{
					"name": "Core Upper",
					"origin": [8, 8, 8],
					"children": [22, 23, 24, 25, 26, 27, 28]
				}
			]
		},
		{
			"name": "Arms",
			"origin": [8, -12, 8],
			"children": [
				{
					"name": "Big Arms",
					"origin": [8, -12, 8],
					"children": [29, 30, 31, 32, 33, 34, 35, 36, 37, 38]
				},
				{
					"name": "Medium Arms",
					"origin": [8, -12, 8],
					"children": [39, 40, 41, 42, 43, 44]
				}
			]
		},
		{
			"name": "Head",
			"origin": [8, 0, 8],
			"children": [45, 46, 47,
				{
					"name": "Face Details",
					"origin": [8, 0, 8],
					"children": [48,
						{
							"name": "Faceplate L",
							"origin": [8, 0, 8],
							"children": [49, 50, 51, 52, 53, 54, 55]
						},
						{
							"name": "Faceplate R",
							"origin": [8, 0, 8],
							"children": [56, 57, 58, 59, 60, 61, 62]
						},
						{
							"name": "Top Plate",
							"origin": [8, 0, 8],
							"children": [63, 64]
						}
					]
				},
				{
					"name": "Horns",
					"origin": [8, 0, 8],
					"children": [65, 66, 67, 68, 69, 70, 71, 72]
				}
			]
		}
	]
}