{
	"credit": "Made with Blockbench",
	"textures": {
		"0": "skins/plague",
		"particle": "skins/plague"
	},
	"elements": [
		{
			"from": [7.3, 0.3, 17.8],
			"to": [8.7, 1.7, 20.2],
			"rotation": {"angle": 0, "axis": "y", "origin": [15, 8, 12.5]},
			"faces": {
				"north": {"uv": [2.5, 13, 3.9, 14.4], "texture": "#0"},
				"east": {"uv": [2.5, 13, 4.9, 14.4], "texture": "#0"},
				"south": {"uv": [2.5, 13, 3.9, 14.4], "texture": "#0"},
				"west": {"uv": [2.5, 13, 4.9, 14.4], "texture": "#0"},
				"up": {"uv": [2.5, 13, 3.9, 15.4], "texture": "#0"},
				"down": {"uv": [2.5, 13, 3.9, 15.4], "texture": "#0"}
			}
		},
		{
			"from": [7.4, 0.4, 6.5],
			"to": [8.6, 1.6, 18.7],
			"rotation": {"angle": 0, "axis": "y", "origin": [15, 8, 8.1]},
			"faces": {
				"north": {"uv": [0, 8.5, 12, 10], "texture": "#0"},
				"east": {"uv": [0, 10.5, 12, 9], "rotation": 180, "texture": "#0"},
				"south": {"uv": [0, 8.5, 12, 10], "texture": "#0"},
				"west": {"uv": [0, 8.5, 12, 10], "texture": "#0"},
				"up": {"uv": [0, 8.5, 12, 10], "rotation": 90, "texture": "#0"},
				"down": {"uv": [0, 8.5, 12, 10], "rotation": 270, "texture": "#0"}
			}
		},
		{
			"from": [7.5, -0.8, 7],
			"to": [8.5, 0.2, 11.8],
			"rotation": {"angle": 0, "axis": "y", "origin": [15, 8.2, 10.5]},
			"faces": {
				"north": {"uv": [0, 13, 1, 14], "texture": "#0"},
				"east": {"uv": [0, 13, 5, 14], "texture": "#0"},
				"south": {"uv": [0, 13, 1.2, 14.2], "texture": "#0"},
				"west": {"uv": [0, 13, 5, 14], "texture": "#0"},
				"up": {"uv": [0, 11, 1, 16], "texture": "#0"},
				"down": {"uv": [0, 11, 1, 16], "texture": "#0"}
			}
		},
		{
			"from": [6.3, -0.7, 8.5],
			"to": [6.55, -0.45, 10.5],
			"rotation": {"angle": -45, "axis": "y", "origin": [6.43919, -0.32755, 10.28836]},
			"faces": {
				"north": {"uv": [10.5, 8.5, 11, 9], "texture": "#0"},
				"east": {"uv": [10.5, 8.5, 11, 10.5], "rotation": 90, "texture": "#0"},
				"south": {"uv": [10.5, 8.5, 11, 9], "texture": "#0"},
				"west": {"uv": [10.5, 8.5, 11, 10.5], "rotation": 270, "texture": "#0"},
				"up": {"uv": [10.5, 8.5, 11, 10.5], "texture": "#0"},
				"down": {"uv": [10.5, 8.5, 11, 10.5], "rotation": 180, "texture": "#0"}
			}
		},
		{
			"from": [9.45, -0.7, 8.5],
			"to": [9.7, -0.45, 10.5],
			"rotation": {"angle": 45, "axis": "y", "origin": [9.56081, -0.32755, 10.28836]},
			"faces": {
				"north": {"uv": [10.5, 8.5, 11, 9], "texture": "#0"},
				"east": {"uv": [10.5, 8.5, 11, 10.5], "rotation": 90, "texture": "#0"},
				"south": {"uv": [10.5, 8.5, 11, 9], "texture": "#0"},
				"west": {"uv": [10.5, 8.5, 11, 10.5], "rotation": 270, "texture": "#0"},
				"up": {"uv": [10.5, 8.5, 11, 10.5], "texture": "#0"},
				"down": {"uv": [10.5, 8.5, 11, 10.5], "rotation": 180, "texture": "#0"}
			}
		},
		{
			"from": [7.87475, -1.50277, 8.25143],
			"to": [8.12475, -1.25277, 10.25143],
			"rotation": {"angle": 22.5, "axis": "x", "origin": [8.01652, -1.68963, 10.10133]},
			"faces": {
				"north": {"uv": [10.5, 8.5, 11, 9], "rotation": 270, "texture": "#0"},
				"east": {"uv": [10.5, 8.5, 11, 10.5], "rotation": 90, "texture": "#0"},
				"south": {"uv": [10.5, 8.5, 11, 9], "rotation": 270, "texture": "#0"},
				"west": {"uv": [10.5, 8.5, 11, 10.5], "rotation": 270, "texture": "#0"},
				"up": {"uv": [10.5, 8.5, 11, 10.5], "texture": "#0"},
				"down": {"uv": [10.5, 8.5, 11, 10.5], "rotation": 180, "texture": "#0"}
			}
		},
		{
			"from": [6.2, -0.8, 10.15],
			"to": [6.65, -0.35, 10.35],
			"rotation": {"angle": -45, "axis": "y", "origin": [6.43919, -0.32755, 10.28836]},
			"faces": {
				"north": {"uv": [11.5, 4.5, 12, 5], "texture": "#0"},
				"east": {"uv": [11.5, 4.5, 12, 5], "texture": "#0"},
				"south": {"uv": [11.5, 4.5, 12, 5], "texture": "#0"},
				"west": {"uv": [11.5, 4.5, 12, 5], "texture": "#0"},
				"up": {"uv": [11.5, 4.5, 12, 5], "texture": "#0"},
				"down": {"uv": [11.5, 4.5, 12, 5], "texture": "#0"}
			}
		},
		{
			"from": [9.35, -0.8, 10.15],
			"to": [9.8, -0.35, 10.35],
			"rotation": {"angle": 45, "axis": "y", "origin": [9.56081, -0.32755, 10.28836]},
			"faces": {
				"north": {"uv": [11.5, 4.5, 12, 5], "texture": "#0"},
				"east": {"uv": [11.5, 4.5, 12, 5], "texture": "#0"},
				"south": {"uv": [11.5, 4.5, 12, 5], "texture": "#0"},
				"west": {"uv": [11.5, 4.5, 12, 5], "texture": "#0"},
				"up": {"uv": [11.5, 4.5, 12, 5], "texture": "#0"},
				"down": {"uv": [11.5, 4.5, 12, 5], "texture": "#0"}
			}
		},
		{
			"from": [7.77475, -1.60277, 9.90143],
			"to": [8.22475, -1.15277, 10.10143],
			"rotation": {"angle": 22.5, "axis": "x", "origin": [8.01652, -1.68963, 10.10133]},
			"faces": {
				"north": {"uv": [11.5, 4.5, 12, 5], "rotation": 270, "texture": "#0"},
				"east": {"uv": [11.5, 4.5, 12, 5], "rotation": 270, "texture": "#0"},
				"south": {"uv": [11.5, 4.5, 12, 5], "rotation": 270, "texture": "#0"},
				"west": {"uv": [11.5, 4.5, 12, 5], "rotation": 270, "texture": "#0"},
				"up": {"uv": [11.5, 4.5, 12, 5], "rotation": 270, "texture": "#0"},
				"down": {"uv": [11.5, 4.5, 12, 5], "rotation": 270, "texture": "#0"}
			}
		},
		{
			"from": [7.12538, -0.2, 9.62782],
			"to": [7.37538, 0.05, 11.62782],
			"rotation": {"angle": -22.5, "axis": "y", "origin": [7.25188, -0.32713, 10.60774]},
			"faces": {
				"north": {"uv": [10.5, 8.5, 11, 9], "texture": "#0"},
				"east": {"uv": [10.5, 8.5, 11, 10.5], "rotation": 90, "texture": "#0"},
				"south": {"uv": [10.5, 8.5, 11, 9], "texture": "#0"},
				"west": {"uv": [10.5, 8.5, 11, 10.5], "rotation": 270, "texture": "#0"},
				"up": {"uv": [10.5, 8.5, 11, 10.5], "texture": "#0"},
				"down": {"uv": [10.5, 8.5, 11, 10.5], "rotation": 180, "texture": "#0"}
			}
		},
		{
			"from": [8.62462, -0.2, 9.62782],
			"to": [8.87462, 0.05, 11.62782],
			"rotation": {"angle": 22.5, "axis": "y", "origin": [8.74812, -0.32713, 10.60774]},
			"faces": {
				"north": {"uv": [10.5, 8.5, 11, 9], "texture": "#0"},
				"east": {"uv": [10.5, 8.5, 11, 10.5], "rotation": 90, "texture": "#0"},
				"south": {"uv": [10.5, 8.5, 11, 9], "texture": "#0"},
				"west": {"uv": [10.5, 8.5, 11, 10.5], "rotation": 270, "texture": "#0"},
				"up": {"uv": [10.5, 8.5, 11, 10.5], "texture": "#0"},
				"down": {"uv": [10.5, 8.5, 11, 10.5], "rotation": 180, "texture": "#0"}
			}
		},
		{
			"from": [7.87475, -1.15364, 9.62782],
			"to": [8.12475, -0.90364, 11.62782],
			"rotation": {"angle": 22.5, "axis": "x", "origin": [8.00188, -1.02713, 10.60774]},
			"faces": {
				"north": {"uv": [10.5, 8.5, 11, 9], "rotation": 270, "texture": "#0"},
				"east": {"uv": [10.5, 8.5, 11, 10.5], "rotation": 90, "texture": "#0"},
				"south": {"uv": [10.5, 8.5, 11, 9], "rotation": 270, "texture": "#0"},
				"west": {"uv": [10.5, 8.5, 11, 10.5], "rotation": 270, "texture": "#0"},
				"up": {"uv": [10.5, 8.5, 11, 10.5], "texture": "#0"},
				"down": {"uv": [10.5, 8.5, 11, 10.5], "rotation": 180, "texture": "#0"}
			}
		},
		{
			"from": [7.02538, -0.3, 11.27782],
			"to": [7.47538, 0.15, 11.47782],
			"rotation": {"angle": -22.5, "axis": "y", "origin": [7.25188, -0.32713, 10.60774]},
			"faces": {
				"north": {"uv": [11.5, 4.5, 12, 5], "texture": "#0"},
				"east": {"uv": [11.5, 4.5, 12, 5], "texture": "#0"},
				"south": {"uv": [11.5, 4.5, 12, 5], "texture": "#0"},
				"west": {"uv": [11.5, 4.5, 12, 5], "texture": "#0"},
				"up": {"uv": [11.5, 4.5, 12, 5], "texture": "#0"},
				"down": {"uv": [11.5, 4.5, 12, 5], "texture": "#0"}
			}
		},
		{
			"from": [8.52462, -0.3, 11.27782],
			"to": [8.97462, 0.15, 11.47782],
			"rotation": {"angle": 22.5, "axis": "y", "origin": [8.74812, -0.32713, 10.60774]},
			"faces": {
				"north": {"uv": [11.5, 4.5, 12, 5], "texture": "#0"},
				"east": {"uv": [11.5, 4.5, 12, 5], "texture": "#0"},
				"south": {"uv": [11.5, 4.5, 12, 5], "texture": "#0"},
				"west": {"uv": [11.5, 4.5, 12, 5], "texture": "#0"},
				"up": {"uv": [11.5, 4.5, 12, 5], "texture": "#0"},
				"down": {"uv": [11.5, 4.5, 12, 5], "texture": "#0"}
			}
		},
		{
			"from": [7.77475, -1.25364, 11.27782],
			"to": [8.22475, -0.80364, 11.47782],
			"rotation": {"angle": 22.5, "axis": "x", "origin": [8.00188, -1.02713, 10.60774]},
			"faces": {
				"north": {"uv": [11.5, 4.5, 12, 5], "rotation": 270, "texture": "#0"},
				"east": {"uv": [11.5, 4.5, 12, 5], "rotation": 270, "texture": "#0"},
				"south": {"uv": [11.5, 4.5, 12, 5], "rotation": 270, "texture": "#0"},
				"west": {"uv": [11.5, 4.5, 12, 5], "rotation": 270, "texture": "#0"},
				"up": {"uv": [11.5, 4.5, 12, 5], "rotation": 270, "texture": "#0"},
				"down": {"uv": [11.5, 4.5, 12, 5], "rotation": 270, "texture": "#0"}
			}
		},
		{
			"from": [7.2, 0.2, 3.95],
			"to": [8.8, 1.8, 6.55],
			"rotation": {"angle": 0, "axis": "y", "origin": [15, 8, 5.75]},
			"faces": {
				"north": {"uv": [0, 12, 3, 14], "texture": "#0"},
				"east": {"uv": [0, 12, 3, 14], "texture": "#0"},
				"south": {"uv": [0, 12, 3, 14], "texture": "#0"},
				"west": {"uv": [0, 12, 3, 14], "texture": "#0"},
				"up": {"uv": [0, 12, 3, 14], "rotation": 90, "texture": "#0"},
				"down": {"uv": [0, 12, 3, 14], "rotation": 90, "texture": "#0"}
			}
		},
		{
			"from": [7.30001, 0.30001, 0.55001],
			"to": [8.69999, 0.59999, 4.94999],
			"rotation": {"angle": 0, "axis": "y", "origin": [15, 8, 2.25]},
			"faces": {
				"north": {"uv": [2, 14, 2.5, 15], "rotation": 270, "texture": "#0"},
				"east": {"uv": [1, 8, 1.5, 12.5], "rotation": 270, "texture": "#0"},
				"south": {"uv": [0, 8, 1.6, 8.5], "rotation": 180, "texture": "#0"},
				"west": {"uv": [1, 8, 1.5, 12.6], "rotation": 90, "texture": "#0"},
				"up": {"uv": [0, 13.5, 4.5, 15], "rotation": 90, "texture": "#0"},
				"down": {"uv": [0, 8, 1.6, 12.6], "texture": "#0"}
			}
		},
		{
			"from": [8.402, 0.302, 0.552],
			"to": [8.698, 1.698, 4.948],
			"rotation": {"angle": 0, "axis": "z", "origin": [8, 1, 2.75]},
			"faces": {
				"north": {"uv": [2, 14, 2.5, 15], "rotation": 180, "texture": "#0"},
				"east": {"uv": [1.5, 8, 0, 12.5], "rotation": 270, "texture": "#0"},
				"south": {"uv": [0, 8, 0.5, 9.6], "rotation": 180, "texture": "#0"},
				"west": {"uv": [0, 13.5, 4.5, 15], "rotation": 180, "texture": "#0"},
				"up": {"uv": [0, 8, 0.5, 12.6], "rotation": 180, "texture": "#0"},
				"down": {"uv": [0, 8, 0.5, 12.6], "rotation": 180, "texture": "#0"}
			}
		},
		{
			"from": [7.30001, 1.40001, 0.55001],
			"to": [8.69999, 1.69999, 4.94999],
			"rotation": {"angle": 0, "axis": "y", "origin": [15, 8, 2.25]},
			"faces": {
				"north": {"uv": [2, 14, 2.5, 15], "rotation": 90, "texture": "#0"},
				"east": {"uv": [0, 8, 0.5, 12.5], "rotation": 270, "texture": "#0"},
				"south": {"uv": [0, 8, 1.6, 8.5], "rotation": 180, "texture": "#0"},
				"west": {"uv": [0, 8, 0.5, 12.6], "rotation": 90, "texture": "#0"},
				"up": {"uv": [0, 8, 1.5, 12.6], "rotation": 180, "texture": "#0"},
				"down": {"uv": [0, 13.5, 4.5, 15], "rotation": 90, "texture": "#0"}
			}
		},
		{
			"from": [7.302, 0.302, 0.552],
			"to": [7.598, 1.698, 4.948],
			"rotation": {"angle": 0, "axis": "z", "origin": [8, 1, 2.75]},
			"faces": {
				"north": {"uv": [2, 14, 2.5, 15], "texture": "#0"},
				"east": {"uv": [0, 13.5, 4.5, 15], "rotation": 180, "texture": "#0"},
				"south": {"uv": [0, 8, 0.5, 9.6], "rotation": 180, "texture": "#0"},
				"west": {"uv": [0, 8, 1.5, 12.6], "rotation": 90, "texture": "#0"},
				"up": {"uv": [0, 8, 0.5, 12.6], "rotation": 180, "texture": "#0"},
				"down": {"uv": [0, 8, 0.5, 12.6], "rotation": 180, "texture": "#0"}
			}
		},
		{
			"from": [7.01746, 0, 13.25699],
			"to": [9.01746, 2, 17.50699],
			"rotation": {"angle": 0, "axis": "y", "origin": [8.00524, 1.007, 14.01223]},
			"faces": {
				"north": {"uv": [2.5, 2.5, 4.5, 4.5], "rotation": 180, "texture": "#0"},
				"east": {"uv": [2, 3, 6, 5], "rotation": 180, "texture": "#0"},
				"south": {"uv": [1.5, 4.5, 3.5, 6.5], "rotation": 180, "texture": "#0"},
				"west": {"uv": [2, 2.5, 6, 4.5], "rotation": 180, "texture": "#0"},
				"up": {"uv": [4, 2, 6, 6], "rotation": 180, "texture": "#0"},
				"down": {"uv": [3.5, 1.5, 5.5, 5.5], "rotation": 180, "texture": "#0"}
			}
		},
		{
			"from": [6.05507, 0, 14.52002],
			"to": [10.05507, 2, 16.52002],
			"rotation": {"angle": 0, "axis": "y", "origin": [8.04278, 0.98695, 15.4947]},
			"faces": {
				"north": {"uv": [1, 3.5, 5, 5.5], "texture": "#0"},
				"east": {"uv": [6, 3, 8, 5], "rotation": 180, "texture": "#0"},
				"south": {"uv": [1.5, 1.5, 5.5, 3.5], "texture": "#0"},
				"west": {"uv": [6, 3, 8, 5], "texture": "#0"},
				"up": {"uv": [6, 2, 8, 6], "rotation": 270, "texture": "#0"},
				"down": {"uv": [6, 2, 8, 6], "rotation": 270, "texture": "#0"}
			}
		},
		{
			"from": [7.0674, -1.03835, 14.52002],
			"to": [9.0674, 2.96165, 16.52002],
			"rotation": {"angle": 0, "axis": "z", "origin": [8.08041, 0.98699, 15.50766]},
			"faces": {
				"north": {"uv": [2, 2, 6, 4], "rotation": 90, "texture": "#0"},
				"east": {"uv": [6, 1.5, 8, 5.5], "rotation": 180, "texture": "#0"},
				"south": {"uv": [2, 3, 6, 5], "rotation": 90, "texture": "#0"},
				"west": {"uv": [6, 2, 8, 6], "texture": "#0"},
				"up": {"uv": [6, 2, 8, 4], "rotation": 90, "texture": "#0"},
				"down": {"uv": [6, 2.5, 8, 4.5], "rotation": 270, "texture": "#0"}
			}
		},
		{
			"from": [6.52973, -0.50076, 14.02002],
			"to": [9.52973, 2.49924, 17.02002],
			"rotation": {"angle": 0, "axis": "z", "origin": [8.04278, 0.98695, 15.4947]},
			"faces": {
				"north": {"uv": [2, 1.5, 5, 4.5], "rotation": 180, "texture": "#0"},
				"east": {"uv": [5.5, 2.5, 8.5, 5.5], "rotation": 180, "texture": "#0"},
				"south": {"uv": [2.5, 2, 5.5, 5], "rotation": 180, "texture": "#0"},
				"west": {"uv": [5.5, 2.5, 8.5, 5.5], "texture": "#0"},
				"up": {"uv": [5.5, 2.5, 8.5, 5.5], "rotation": 90, "texture": "#0"},
				"down": {"uv": [5.5, 2.5, 8.5, 5.5], "rotation": 270, "texture": "#0"}
			}
		},
		{
			"from": [7.11746, 0.1, 12.45699],
			"to": [8.91746, 1.9, 13.25699],
			"rotation": {"angle": 0, "axis": "y", "origin": [8.00524, 1.007, 12.11223]},
			"faces": {
				"north": {"uv": [10, 2.5, 12, 4.5], "texture": "#0"},
				"east": {"uv": [11.5, 3, 10.5, 5], "texture": "#0"},
				"south": {"uv": [10, 1.5, 12, 3.5], "texture": "#0"},
				"west": {"uv": [10, 3, 11, 5], "texture": "#0"},
				"up": {"uv": [10, 3.5, 12, 4.5], "rotation": 180, "texture": "#0"},
				"down": {"uv": [9.5, 3.5, 10.5, 5.5], "rotation": 90, "texture": "#0"}
			}
		},
		{
			"from": [7.11746, -3.9, 13.55699],
			"to": [9.11746, -0.1, 13.60699],
			"rotation": {"angle": -22.5, "axis": "x", "origin": [8.14169, -2.00654, 12.46429]},
			"faces": {
				"north": {"uv": [13, 0, 16, 6.5], "texture": "#0"},
				"south": {"uv": [16, 0, 13, 6.5], "texture": "#0"}
			}
		},
		{
			"from": [7.06592, -3.1, 2.47159],
			"to": [9.06592, 0.7, 2.52159],
			"rotation": {"angle": -22.5, "axis": "x", "origin": [8.04169, -1.20654, 3.61429]},
			"faces": {
				"north": {"uv": [16, 0, 13, 6.5], "texture": "#0"},
				"south": {"uv": [13, 0, 16, 6.5], "texture": "#0"}
			}
		},
		{
			"from": [7.11746, 0.3, 10.35699],
			"to": [8.91746, 1.7, 11.15699],
			"rotation": {"angle": 0, "axis": "y", "origin": [8.00524, 1.207, 13.51223]},
			"faces": {
				"north": {"uv": [13.5, 7.5, 14.5, 9], "texture": "#0"},
				"east": {"uv": [14, 8.5, 13, 10], "texture": "#0"},
				"south": {"uv": [13.5, 8, 15.5, 9.5], "texture": "#0"},
				"west": {"uv": [13.5, 8, 14.5, 9.5], "texture": "#0"},
				"up": {"uv": [12.5, 7.5, 14.5, 8.5], "rotation": 180, "texture": "#0"},
				"down": {"uv": [15, 9, 16, 11], "rotation": 90, "texture": "#0"}
			}
		},
		{
			"from": [7.10746, 0.29, 7.59699],
			"to": [8.92746, 1.71, 8.41699],
			"rotation": {"angle": 0, "axis": "y", "origin": [8.00524, 1.207, 13.51223]},
			"faces": {
				"north": {"uv": [13.5, 7.5, 14.5, 9], "texture": "#0"},
				"east": {"uv": [14, 8.5, 13, 10], "texture": "#0"},
				"south": {"uv": [13.5, 8, 15.5, 9.5], "texture": "#0"},
				"west": {"uv": [13.5, 8, 14.5, 9.5], "texture": "#0"},
				"up": {"uv": [12.5, 7.5, 14.5, 8.5], "rotation": 180, "texture": "#0"},
				"down": {"uv": [15, 9, 16, 11], "rotation": 90, "texture": "#0"}
			}
		},
		{
			"from": [7.31846, -0.919, 10.35799],
			"to": [8.71646, 0.879, 11.15599],
			"rotation": {"angle": 0, "axis": "y", "origin": [8.00524, 1.207, 13.51223]},
			"faces": {
				"north": {"uv": [14, 9, 15, 10.5], "texture": "#0"},
				"east": {"uv": [15.5, 9, 14.5, 10.5], "texture": "#0"},
				"south": {"uv": [14.5, 9, 16, 10.5], "texture": "#0"},
				"west": {"uv": [14, 9, 15, 10.5], "texture": "#0"},
				"up": {"uv": [14, 9, 15, 10.5], "texture": "#0"},
				"down": {"uv": [14.5, 10, 16, 11], "rotation": 180, "texture": "#0"}
			}
		},
		{
			"from": [7.31846, -0.919, 7.60799],
			"to": [8.71646, 0.879, 8.40599],
			"rotation": {"angle": 0, "axis": "y", "origin": [8.00524, 1.207, 13.51223]},
			"faces": {
				"north": {"uv": [14, 9, 15, 10.5], "texture": "#0"},
				"east": {"uv": [15.5, 9, 14.5, 10.5], "texture": "#0"},
				"south": {"uv": [14.5, 9, 16, 10.5], "texture": "#0"},
				"west": {"uv": [14, 9, 15, 10.5], "texture": "#0"},
				"up": {"uv": [14, 9, 15, 10.5], "texture": "#0"},
				"down": {"uv": [14.5, 10, 16, 11], "rotation": 180, "texture": "#0"}
			}
		},
		{
			"from": [7.01746, 0, 1.50699],
			"to": [9.01746, 2, 2.50699],
			"rotation": {"angle": 0, "axis": "y", "origin": [8.00524, 1.007, 11.66223]},
			"faces": {
				"north": {"uv": [10, 4, 12, 5], "rotation": 90, "texture": "#0"},
				"east": {"uv": [10, 4, 12, 5], "rotation": 90, "texture": "#0"},
				"south": {"uv": [10, 4, 12, 5], "rotation": 90, "texture": "#0"},
				"west": {"uv": [10, 4, 12, 5], "rotation": 90, "texture": "#0"},
				"up": {"uv": [10, 4, 12, 5], "rotation": 180, "texture": "#0"},
				"down": {"uv": [10, 4, 12, 5], "rotation": 180, "texture": "#0"}
			}
		},
		{
			"from": [7.01746, 0, 19.00699],
			"to": [9.01746, 2, 20.00699],
			"rotation": {"angle": 0, "axis": "y", "origin": [8.00524, 1.007, 29.16223]},
			"faces": {
				"north": {"uv": [10, 4, 12, 5], "rotation": 90, "texture": "#0"},
				"east": {"uv": [10, 4, 12, 5], "rotation": 90, "texture": "#0"},
				"south": {"uv": [10, 4, 12, 5], "rotation": 90, "texture": "#0"},
				"west": {"uv": [10, 4, 12, 5], "rotation": 90, "texture": "#0"},
				"up": {"uv": [10, 4, 12, 5], "rotation": 180, "texture": "#0"},
				"down": {"uv": [10, 4, 12, 5], "rotation": 180, "texture": "#0"}
			}
		},
		{
			"from": [7.41746, 0.4, 1.20699],
			"to": [8.61746, 1.6, 1.40699],
			"rotation": {"angle": 0, "axis": "y", "origin": [8.00524, 1.007, 10.96223]},
			"faces": {
				"north": {"uv": [0, 6, 1, 7], "rotation": 90, "texture": "#0"},
				"east": {"uv": [0, 6, 1, 7], "rotation": 90, "texture": "#0"},
				"south": {"uv": [0, 6, 1, 7], "rotation": 90, "texture": "#0"},
				"west": {"uv": [0, 6, 1, 7], "rotation": 90, "texture": "#0"},
				"up": {"uv": [0, 6, 1, 7], "rotation": 90, "texture": "#0"},
				"down": {"uv": [0, 6, 1, 7], "rotation": 90, "texture": "#0"}
			}
		},
		{
			"from": [7.21746, 1.25, 11.25699],
			"to": [7.61746, 3.15, 11.65699],
			"rotation": {"angle": 0, "axis": "x", "origin": [7.43161, 1.9462, 11.44664]},
			"faces": {
				"north": {"uv": [8.5, 13, 8.9, 14.9], "rotation": 180, "texture": "#0"},
				"east": {"uv": [8.5, 13, 8.9, 14.9], "rotation": 180, "texture": "#0"},
				"south": {"uv": [8.5, 13, 8.9, 14.9], "rotation": 180, "texture": "#0"},
				"west": {"uv": [8.5, 13, 8.9, 14.9], "rotation": 180, "texture": "#0"},
				"up": {"uv": [8.5, 13, 8.9, 14.9], "rotation": 180, "texture": "#0"},
				"down": {"uv": [8.5, 13, 8.9, 14.9], "rotation": 180, "texture": "#0"}
			}
		},
		{
			"from": [8.38254, 1.25, 11.25699],
			"to": [8.78254, 3.15, 11.65699],
			"rotation": {"angle": 0, "axis": "x", "origin": [8.56839, 1.9462, 11.44664]},
			"faces": {
				"north": {"uv": [8.9, 13, 8.5, 14.9], "rotation": 180, "texture": "#0"},
				"east": {"uv": [8.9, 13, 8.5, 14.9], "rotation": 180, "texture": "#0"},
				"south": {"uv": [8.9, 13, 8.5, 14.9], "rotation": 180, "texture": "#0"},
				"west": {"uv": [8.9, 13, 8.5, 14.9], "rotation": 180, "texture": "#0"},
				"up": {"uv": [8.9, 13, 8.5, 14.9], "rotation": 180, "texture": "#0"},
				"down": {"uv": [8.9, 13, 8.5, 14.9], "rotation": 180, "texture": "#0"}
			}
		},
		{
			"from": [7.33746, 0.82, 11.32699],
			"to": [7.59746, 1.33, 11.58699],
			"rotation": {"angle": 22.5, "axis": "z", "origin": [7.48157, 1.0712, 11.44668]},
			"faces": {
				"north": {"uv": [9.5, 13, 9.76, 13.51], "rotation": 180, "texture": "#0"},
				"east": {"uv": [9.5, 13, 9.76, 13.51], "rotation": 180, "texture": "#0"},
				"south": {"uv": [9.5, 13, 9.76, 13.51], "rotation": 180, "texture": "#0"},
				"west": {"uv": [9.5, 13, 9.76, 13.51], "rotation": 180, "texture": "#0"},
				"up": {"uv": [9.5, 13, 9.76, 13.51], "rotation": 180, "texture": "#0"},
				"down": {"uv": [9.5, 13, 9.76, 13.51], "rotation": 180, "texture": "#0"}
			}
		},
		{
			"from": [8.40254, 0.82, 11.32699],
			"to": [8.66254, 1.33, 11.58699],
			"rotation": {"angle": -22.5, "axis": "z", "origin": [8.51843, 1.0712, 11.44668]},
			"faces": {
				"north": {"uv": [9.76, 13, 9.5, 13.51], "rotation": 180, "texture": "#0"},
				"east": {"uv": [9.76, 13, 9.5, 13.51], "rotation": 180, "texture": "#0"},
				"south": {"uv": [9.76, 13, 9.5, 13.51], "rotation": 180, "texture": "#0"},
				"west": {"uv": [9.76, 13, 9.5, 13.51], "rotation": 180, "texture": "#0"},
				"up": {"uv": [9.76, 13, 9.5, 13.51], "rotation": 180, "texture": "#0"},
				"down": {"uv": [9.76, 13, 9.5, 13.51], "rotation": 180, "texture": "#0"}
			}
		},
		{
			"from": [7.28746, 0.63, 9.52699],
			"to": [7.54746, 1.14, 9.78699],
			"rotation": {"angle": 22.5, "axis": "z", "origin": [7.43157, 0.9212, 11.34668]},
			"faces": {
				"north": {"uv": [8.5, 12.5, 8.92, 13.42], "rotation": 180, "texture": "#0"},
				"east": {"uv": [8.5, 12.5, 8.92, 13.42], "rotation": 180, "texture": "#0"},
				"south": {"uv": [8.5, 12.5, 8.92, 13.42], "rotation": 180, "texture": "#0"},
				"west": {"uv": [8.5, 12.5, 8.92, 13.42], "rotation": 180, "texture": "#0"},
				"up": {"uv": [8.5, 13, 8.76, 13.26], "rotation": 180, "texture": "#0"},
				"down": {"uv": [8.5, 12.5, 8.92, 13.42], "rotation": 180, "texture": "#0"}
			}
		},
		{
			"from": [8.45254, 0.63, 9.52699],
			"to": [8.71254, 1.14, 9.78699],
			"rotation": {"angle": -22.5, "axis": "z", "origin": [8.56843, 0.9212, 11.34668]},
			"faces": {
				"north": {"uv": [8.92, 12.5, 8.5, 13.42], "rotation": 180, "texture": "#0"},
				"east": {"uv": [8.92, 12.5, 8.5, 13.42], "rotation": 180, "texture": "#0"},
				"south": {"uv": [8.92, 12.5, 8.5, 13.42], "rotation": 180, "texture": "#0"},
				"west": {"uv": [8.92, 12.5, 8.5, 13.42], "rotation": 180, "texture": "#0"},
				"up": {"uv": [8.76, 13, 8.5, 13.26], "rotation": 180, "texture": "#0"},
				"down": {"uv": [8.92, 12.5, 8.5, 13.42], "rotation": 180, "texture": "#0"}
			}
		},
		{
			"from": [7.28746, 0.48, 6.87699],
			"to": [7.54746, 0.99, 7.13699],
			"rotation": {"angle": 22.5, "axis": "z", "origin": [7.43157, 0.7712, 8.69668]},
			"faces": {
				"north": {"uv": [8.5, 12.5, 8.92, 13.42], "rotation": 180, "texture": "#0"},
				"east": {"uv": [8.5, 12.5, 8.92, 13.42], "rotation": 180, "texture": "#0"},
				"south": {"uv": [8.5, 12.5, 8.92, 13.42], "rotation": 180, "texture": "#0"},
				"west": {"uv": [8.5, 12.5, 8.92, 13.42], "rotation": 180, "texture": "#0"},
				"up": {"uv": [8.5, 12.5, 8.92, 13.42], "rotation": 180, "texture": "#0"},
				"down": {"uv": [8.5, 12.5, 8.92, 13.42], "rotation": 180, "texture": "#0"}
			}
		},
		{
			"from": [8.45254, 0.48, 6.87699],
			"to": [8.71254, 0.99, 7.13699],
			"rotation": {"angle": -22.5, "axis": "z", "origin": [8.56843, 0.7712, 8.69668]},
			"faces": {
				"north": {"uv": [8.92, 12.5, 8.5, 13.42], "rotation": 180, "texture": "#0"},
				"east": {"uv": [8.92, 12.5, 8.5, 13.42], "rotation": 180, "texture": "#0"},
				"south": {"uv": [8.92, 12.5, 8.5, 13.42], "rotation": 180, "texture": "#0"},
				"west": {"uv": [8.92, 12.5, 8.5, 13.42], "rotation": 180, "texture": "#0"},
				"up": {"uv": [8.92, 12.5, 8.5, 13.42], "rotation": 180, "texture": "#0"},
				"down": {"uv": [8.92, 12.5, 8.5, 13.42], "rotation": 180, "texture": "#0"}
			}
		},
		{
			"from": [7.11746, 1.15, 10.15699],
			"to": [7.71746, 3.75, 10.75699],
			"rotation": {"angle": 45, "axis": "x", "origin": [7.42769, 2.19619, 10.45057]},
			"faces": {
				"north": {"uv": [15.5, 13.5, 16, 16], "texture": "#0"},
				"east": {"uv": [15.5, 13.5, 16, 16], "texture": "#0"},
				"south": {"uv": [15.5, 13.5, 16, 16], "texture": "#0"},
				"west": {"uv": [15.5, 13.5, 16, 16], "texture": "#0"},
				"up": {"uv": [15.5, 13.5, 16.1, 14], "texture": "#0"},
				"down": {"uv": [15.5, 13.5, 16, 16], "texture": "#0"}
			}
		},
		{
			"from": [8.28254, 1.15, 10.15699],
			"to": [8.88254, 3.75, 10.75699],
			"rotation": {"angle": 45, "axis": "x", "origin": [8.57231, 2.19619, 10.45057]},
			"faces": {
				"north": {"uv": [16, 13.5, 15.5, 16], "texture": "#0"},
				"east": {"uv": [16, 13.5, 15.5, 16], "texture": "#0"},
				"south": {"uv": [16, 13.5, 15.5, 16], "texture": "#0"},
				"west": {"uv": [16, 13.5, 15.5, 16], "texture": "#0"},
				"up": {"uv": [16.1, 13.5, 15.5, 14], "texture": "#0"},
				"down": {"uv": [16, 13.5, 15.5, 16], "texture": "#0"}
			}
		},
		{
			"from": [7.16746, 1.72611, 9.18055],
			"to": [7.66746, 2.72611, 9.68055],
			"rotation": {"angle": -22.5, "axis": "x", "origin": [7.42787, 2.66875, 9.52654]},
			"faces": {
				"north": {"uv": [15.5, 15, 16, 16], "texture": "#0"},
				"east": {"uv": [15.5, 15, 16, 16], "texture": "#0"},
				"south": {"uv": [15.5, 15, 16, 16], "texture": "#0"},
				"west": {"uv": [15.5, 15, 16, 16], "texture": "#0"},
				"up": {"uv": [15.5, 15, 16, 15.5], "texture": "#0"},
				"down": {"uv": [15.5, 15, 16, 16], "texture": "#0"}
			}
		},
		{
			"from": [8.33254, 1.72611, 9.18055],
			"to": [8.83254, 2.72611, 9.68055],
			"rotation": {"angle": -22.5, "axis": "x", "origin": [8.57213, 2.66875, 9.52654]},
			"faces": {
				"north": {"uv": [16, 15, 15.5, 16], "texture": "#0"},
				"east": {"uv": [16, 15, 15.5, 16], "texture": "#0"},
				"south": {"uv": [16, 15, 15.5, 16], "texture": "#0"},
				"west": {"uv": [16, 15, 15.5, 16], "texture": "#0"},
				"up": {"uv": [16, 15, 15.5, 15.5], "texture": "#0"},
				"down": {"uv": [16, 15, 15.5, 16], "texture": "#0"}
			}
		},
		{
			"from": [7.16746, 1.22611, 8.18055],
			"to": [7.66746, 2.72611, 8.68055],
			"rotation": {"angle": -22.5, "axis": "x", "origin": [7.42787, 2.66875, 8.52654]},
			"faces": {
				"north": {"uv": [15.5, 14.5, 16, 16], "rotation": 180, "texture": "#0"},
				"east": {"uv": [15.5, 14.5, 16, 16], "rotation": 180, "texture": "#0"},
				"south": {"uv": [15.5, 14.5, 16, 16], "rotation": 180, "texture": "#0"},
				"west": {"uv": [15.5, 14.5, 16, 16], "rotation": 180, "texture": "#0"},
				"up": {"uv": [15.5, 14.5, 16, 15], "rotation": 180, "texture": "#0"},
				"down": {"uv": [15.5, 14.5, 16, 16], "rotation": 180, "texture": "#0"}
			}
		},
		{
			"from": [8.33254, 1.22611, 8.18055],
			"to": [8.83254, 2.72611, 8.68055],
			"rotation": {"angle": -22.5, "axis": "x", "origin": [8.57213, 2.66875, 8.52654]},
			"faces": {
				"north": {"uv": [16, 14.5, 15.5, 16], "rotation": 180, "texture": "#0"},
				"east": {"uv": [16, 14.5, 15.5, 16], "rotation": 180, "texture": "#0"},
				"south": {"uv": [16, 14.5, 15.5, 16], "rotation": 180, "texture": "#0"},
				"west": {"uv": [16, 14.5, 15.5, 16], "rotation": 180, "texture": "#0"},
				"up": {"uv": [16, 14.5, 15.5, 15], "rotation": 180, "texture": "#0"},
				"down": {"uv": [16, 14.5, 15.5, 16], "rotation": 180, "texture": "#0"}
			}
		},
		{
			"from": [7.16746, 1.53898, 7.2512],
			"to": [7.66746, 2.53898, 7.7512],
			"rotation": {"angle": 45, "axis": "x", "origin": [7.42342, 1.79485, 7.49422]},
			"faces": {
				"north": {"uv": [15.5, 15, 16, 16], "texture": "#0"},
				"east": {"uv": [15.5, 15, 16, 16], "texture": "#0"},
				"south": {"uv": [15.5, 15, 16, 16], "texture": "#0"},
				"west": {"uv": [15.5, 15, 16, 16], "texture": "#0"},
				"up": {"uv": [15.5, 15, 16, 16], "texture": "#0"},
				"down": {"uv": [15.5, 15, 16, 16], "texture": "#0"}
			}
		},
		{
			"from": [8.33254, 1.53898, 7.2512],
			"to": [8.83254, 2.53898, 7.7512],
			"rotation": {"angle": 45, "axis": "x", "origin": [8.57658, 1.79485, 7.49422]},
			"faces": {
				"north": {"uv": [16, 15, 15.5, 16], "texture": "#0"},
				"east": {"uv": [16, 15, 15.5, 16], "texture": "#0"},
				"south": {"uv": [16, 15, 15.5, 16], "texture": "#0"},
				"west": {"uv": [16, 15, 15.5, 16], "texture": "#0"},
				"up": {"uv": [16, 15, 15.5, 16], "texture": "#0"},
				"down": {"uv": [16, 15, 15.5, 16], "texture": "#0"}
			}
		},
		{
			"from": [7.51746, 3.06322, 6.85995],
			"to": [7.71746, 4.26322, 7.05995],
			"rotation": {"angle": 22.5, "axis": "z", "origin": [7.62045, 3.41533, 6.96601]},
			"faces": {
				"north": {"uv": [10.5, 9.5, 11, 11], "texture": "#0"},
				"east": {"uv": [10.5, 9.5, 11, 11], "texture": "#0"},
				"south": {"uv": [10.5, 9.5, 11, 11], "texture": "#0"},
				"west": {"uv": [10.5, 9.5, 11, 11], "texture": "#0"},
				"up": {"uv": [10.5, 9.5, 10.7, 9.7], "texture": "#0"},
				"down": {"uv": [10.5, 9.5, 11, 11], "texture": "#0"}
			}
		},
		{
			"from": [8.28254, 3.06322, 6.85995],
			"to": [8.48254, 4.26322, 7.05995],
			"rotation": {"angle": -22.5, "axis": "z", "origin": [8.37955, 3.41533, 6.96601]},
			"faces": {
				"north": {"uv": [10.5, 9.5, 11, 11], "texture": "#0"},
				"east": {"uv": [10.5, 9.5, 11, 11], "texture": "#0"},
				"south": {"uv": [10.5, 9.5, 11, 11], "texture": "#0"},
				"west": {"uv": [10.5, 9.5, 11, 11], "texture": "#0"},
				"up": {"uv": [10.5, 9.5, 10.7, 9.7], "texture": "#0"},
				"down": {"uv": [10.5, 9.5, 11, 11], "texture": "#0"}
			}
		},
		{
			"from": [7.41746, 1.48898, 6.8512],
			"to": [8.51746, 3.08898, 8.9512],
			"rotation": {"angle": 45, "axis": "x", "origin": [7.22342, 2.04485, 7.39422]},
			"faces": {
				"north": {"uv": [10.5, 13.5, 12, 14.5], "rotation": 270, "texture": "#0"},
				"east": {"uv": [10.5, 13.5, 12.5, 15.5], "rotation": 270, "texture": "#0"},
				"south": {"uv": [10.5, 13.5, 12.5, 15.5], "rotation": 270, "texture": "#0"},
				"west": {"uv": [10.5, 13.5, 12.5, 15.5], "rotation": 270, "texture": "#0"},
				"up": {"uv": [10.5, 13.5, 12.5, 14.5], "rotation": 270, "texture": "#0"},
				"down": {"uv": [10.5, 13.5, 12.5, 15.5], "rotation": 270, "texture": "#0"}
			}
		},
		{
			"from": [7.56746, 1.61784, 6.52572],
			"to": [8.36746, 2.91784, 8.32572],
			"rotation": {"angle": 22.5, "axis": "x", "origin": [7.97308, 2.26388, 7.41484]},
			"faces": {
				"north": {"uv": [9, 14, 10.3, 15.8], "rotation": 90, "texture": "#0"},
				"east": {"uv": [9, 14, 10.3, 15.8], "rotation": 90, "texture": "#0"},
				"south": {"uv": [9, 14, 10.3, 15.8], "rotation": 90, "texture": "#0"},
				"west": {"uv": [9, 14, 10.3, 15.8], "rotation": 90, "texture": "#0"},
				"up": {"uv": [9, 14, 10.3, 15.8], "rotation": 90, "texture": "#0"},
				"down": {"uv": [9, 14, 10.3, 15.8], "rotation": 90, "texture": "#0"}
			}
		},
		{
			"from": [7.46746, 2.42697, 6.56979],
			"to": [7.86746, 3.02697, 6.96979],
			"rotation": {"angle": 22.5, "axis": "x", "origin": [7.67452, 2.72512, 6.7612]},
			"faces": {
				"north": {"uv": [2, 14.5, 3, 15.5], "texture": "#0"},
				"east": {"uv": [2, 14.5, 3, 15.5], "texture": "#0"},
				"south": {"uv": [2, 14.5, 3, 15.5], "texture": "#0"},
				"west": {"uv": [2, 14.5, 3, 15.5], "texture": "#0"},
				"up": {"uv": [2, 14.5, 3, 15.5], "texture": "#0"},
				"down": {"uv": [2, 14.5, 3, 15.5], "texture": "#0"}
			}
		},
		{
			"from": [8.13254, 2.42697, 6.56979],
			"to": [8.53254, 3.02697, 6.96979],
			"rotation": {"angle": 22.5, "axis": "x", "origin": [8.32548, 2.72512, 6.7612]},
			"faces": {
				"north": {"uv": [3, 14.5, 2, 15.5], "texture": "#0"},
				"east": {"uv": [3, 14.5, 2, 15.5], "texture": "#0"},
				"south": {"uv": [3, 14.5, 2, 15.5], "texture": "#0"},
				"west": {"uv": [3, 14.5, 2, 15.5], "texture": "#0"},
				"up": {"uv": [3, 14.5, 2, 15.5], "texture": "#0"},
				"down": {"uv": [3, 14.5, 2, 15.5], "texture": "#0"}
			}
		},
		{
			"from": [7.46746, 2.42697, 6.56979],
			"to": [7.86746, 3.02697, 6.96979],
			"rotation": {"angle": 22.5, "axis": "x", "origin": [7.67452, 2.72512, 6.7612]},
			"faces": {
				"north": {"uv": [2, 14.5, 3, 15.5], "texture": "#0"},
				"east": {"uv": [2, 14.5, 3, 15.5], "texture": "#0"},
				"south": {"uv": [2, 14.5, 3, 15.5], "texture": "#0"},
				"west": {"uv": [2, 14.5, 3, 15.5], "texture": "#0"},
				"up": {"uv": [2, 14.5, 3, 15.5], "texture": "#0"},
				"down": {"uv": [2, 14.5, 3, 15.5], "texture": "#0"}
			}
		},
		{
			"from": [7.61746, 1.55246, 8.16974],
			"to": [8.36746, 2.55246, 10.66974],
			"rotation": {"angle": 0, "axis": "x", "origin": [7.87465, 1.56248, 7.91467]},
			"faces": {
				"north": {"uv": [10.5, 13, 11.5, 15.5], "rotation": 180, "texture": "#0"},
				"east": {"uv": [10.5, 13, 13, 14], "rotation": 180, "texture": "#0"},
				"south": {"uv": [10.5, 13, 11.5, 15.5], "rotation": 180, "texture": "#0"},
				"west": {"uv": [10.5, 13, 13, 14], "rotation": 180, "texture": "#0"},
				"up": {"uv": [10.5, 13, 11.5, 15.5], "rotation": 180, "texture": "#0"},
				"down": {"uv": [10.5, 13, 11.5, 15.5], "rotation": 180, "texture": "#0"}
			}
		},
		{
			"from": [7.66746, 1.95246, 10.36974],
			"to": [8.26746, 2.55246, 12.96974],
			"rotation": {"angle": 0, "axis": "x", "origin": [7.97465, 1.86248, 7.66467]},
			"faces": {
				"north": {"uv": [2, 12.5, 3, 15.5], "rotation": 270, "texture": "#0"},
				"east": {"uv": [2, 12.5, 3, 15.5], "rotation": 270, "texture": "#0"},
				"south": {"uv": [2, 12.5, 3, 15.5], "rotation": 270, "texture": "#0"},
				"west": {"uv": [2, 12.5, 3, 15.5], "rotation": 270, "texture": "#0"},
				"up": {"uv": [2, 12.5, 4.6, 13.1], "rotation": 270, "texture": "#0"},
				"down": {"uv": [2, 12.5, 3, 15.5], "rotation": 270, "texture": "#0"}
			}
		},
		{
			"from": [7.56746, 1.95246, 8.06974],
			"to": [7.81746, 2.95246, 13.06974],
			"rotation": {"angle": -22.5, "axis": "z", "origin": [7.70593, 2.44833, 9.6604]},
			"faces": {
				"north": {"uv": [3.5, 10, 8.5, 11], "texture": "#0"},
				"east": {"uv": [16, 11, 8, 12.5], "texture": "#0"},
				"south": {"uv": [15, 11, 15.25, 12.5], "texture": "#0"},
				"west": {"uv": [8, 11, 15.5, 12.5], "texture": "#0"},
				"up": {"uv": [8, 11, 16, 11.5], "rotation": 90, "texture": "#0"},
				"down": {"uv": [8, 12, 16, 12.5], "rotation": 270, "texture": "#0"}
			}
		},
		{
			"from": [8.18254, 1.95246, 8.06974],
			"to": [8.43254, 2.95246, 13.06974],
			"rotation": {"angle": 22.5, "axis": "z", "origin": [8.29407, 2.44833, 9.6604]},
			"faces": {
				"north": {"uv": [8.5, 10, 3.5, 11], "texture": "#0"},
				"east": {"uv": [15.5, 11, 8, 12.5], "texture": "#0"},
				"south": {"uv": [15.25, 11, 15, 12.5], "texture": "#0"},
				"west": {"uv": [8, 11, 16, 12.5], "texture": "#0"},
				"up": {"uv": [8, 11.5, 16, 11], "rotation": 90, "texture": "#0"},
				"down": {"uv": [8, 12.5, 16, 12], "rotation": 270, "texture": "#0"}
			}
		},
		{
			"from": [7.21746, 1.37611, 8.73055],
			"to": [7.61746, 2.77611, 9.13055],
			"rotation": {"angle": -22.5, "axis": "x", "origin": [7.42787, 2.66875, 9.02654]},
			"faces": {
				"north": {"uv": [15, 12.5, 15.4, 14], "texture": "#0"},
				"east": {"uv": [15, 12.5, 15.4, 14], "texture": "#0"},
				"south": {"uv": [15, 12.5, 15.4, 14], "texture": "#0"},
				"west": {"uv": [15, 12.5, 15.4, 14], "texture": "#0"},
				"up": {"uv": [15, 12.5, 15.4, 12.9], "texture": "#0"},
				"down": {"uv": [15, 12.5, 15.4, 14], "texture": "#0"}
			}
		},
		{
			"from": [8.38254, 1.37611, 8.73055],
			"to": [8.78254, 2.77611, 9.13055],
			"rotation": {"angle": -22.5, "axis": "x", "origin": [8.57213, 2.66875, 9.02654]},
			"faces": {
				"north": {"uv": [15.4, 12.5, 15, 14], "texture": "#0"},
				"east": {"uv": [15.4, 12.5, 15, 14], "texture": "#0"},
				"south": {"uv": [15.4, 12.5, 15, 14], "texture": "#0"},
				"west": {"uv": [15.4, 12.5, 15, 14], "texture": "#0"},
				"up": {"uv": [15.4, 12.5, 15, 12.9], "texture": "#0"},
				"down": {"uv": [15.4, 12.5, 15, 14], "texture": "#0"}
			}
		},
		{
			"from": [7.21746, 1.37611, 7.73055],
			"to": [7.61746, 2.77611, 8.13055],
			"rotation": {"angle": -22.5, "axis": "x", "origin": [7.42787, 2.66875, 8.02654]},
			"faces": {
				"north": {"uv": [15, 12.5, 15.4, 13.9], "texture": "#0"},
				"east": {"uv": [15, 12.5, 15.4, 13.9], "texture": "#0"},
				"south": {"uv": [15, 12.5, 15.4, 13.9], "texture": "#0"},
				"west": {"uv": [15, 12.5, 15.4, 13.9], "texture": "#0"},
				"up": {"uv": [15, 12.5, 15.4, 12.9], "texture": "#0"},
				"down": {"uv": [15, 12.5, 15.4, 13.9], "texture": "#0"}
			}
		},
		{
			"from": [8.38254, 1.37611, 7.73055],
			"to": [8.78254, 2.77611, 8.13055],
			"rotation": {"angle": -22.5, "axis": "x", "origin": [8.57213, 2.66875, 8.02654]},
			"faces": {
				"north": {"uv": [15.4, 12.5, 15, 13.9], "texture": "#0"},
				"east": {"uv": [15.4, 12.5, 15, 13.9], "texture": "#0"},
				"south": {"uv": [15.4, 12.5, 15, 13.9], "texture": "#0"},
				"west": {"uv": [15.4, 12.5, 15, 13.9], "texture": "#0"},
				"up": {"uv": [15.4, 12.5, 15, 12.9], "texture": "#0"},
				"down": {"uv": [15.4, 12.5, 15, 13.9], "texture": "#0"}
			}
		},
		{
			"from": [7.20746, 1.1325, 9.14955],
			"to": [7.62746, 1.5525, 10.06955],
			"rotation": {"angle": 22.5, "axis": "x", "origin": [7.42581, 2.08468, 9.15611]},
			"faces": {
				"north": {"uv": [8.5, 13.5, 8.92, 14.42], "rotation": 90, "texture": "#0"},
				"east": {"uv": [8.5, 13.5, 8.92, 14.42], "rotation": 90, "texture": "#0"},
				"south": {"uv": [8.5, 13.5, 8.92, 13.92], "rotation": 90, "texture": "#0"},
				"west": {"uv": [8.5, 13.5, 8.92, 14.42], "rotation": 90, "texture": "#0"},
				"up": {"uv": [8.5, 13.5, 8.92, 14.42], "rotation": 180, "texture": "#0"},
				"down": {"uv": [8.5, 13.5, 8.92, 14.42], "rotation": 90, "texture": "#0"}
			}
		},
		{
			"from": [8.37254, 1.1325, 9.14955],
			"to": [8.79254, 1.5525, 10.06955],
			"rotation": {"angle": 22.5, "axis": "x", "origin": [8.57419, 2.08468, 9.15611]},
			"faces": {
				"north": {"uv": [8.5, 14.42, 8.92, 13.5], "rotation": 90, "texture": "#0"},
				"east": {"uv": [8.5, 14.42, 8.92, 13.5], "rotation": 90, "texture": "#0"},
				"south": {"uv": [8.5, 13.92, 8.92, 13.5], "rotation": 90, "texture": "#0"},
				"west": {"uv": [8.5, 14.42, 8.92, 13.5], "rotation": 90, "texture": "#0"},
				"up": {"uv": [8.92, 13.5, 8.5, 14.42], "rotation": 180, "texture": "#0"},
				"down": {"uv": [8.5, 14.42, 8.92, 13.5], "rotation": 90, "texture": "#0"}
			}
		},
		{
			"from": [7.20746, 0.80726, 6.97323],
			"to": [7.62746, 1.72726, 7.39323],
			"rotation": {"angle": 22.5, "axis": "x", "origin": [7.42578, 1.27719, 7.18098]},
			"faces": {
				"north": {"uv": [8.5, 13.5, 8.92, 14.42], "rotation": 180, "texture": "#0"},
				"east": {"uv": [8.5, 13.5, 8.92, 14.42], "rotation": 180, "texture": "#0"},
				"south": {"uv": [8.5, 13.5, 8.92, 14.42], "rotation": 180, "texture": "#0"},
				"west": {"uv": [8.5, 13.5, 8.92, 14.42], "rotation": 180, "texture": "#0"},
				"up": {"uv": [8.5, 13.5, 8.92, 14.42], "rotation": 180, "texture": "#0"},
				"down": {"uv": [8.5, 13.5, 8.92, 14.42], "rotation": 180, "texture": "#0"}
			}
		},
		{
			"from": [8.37254, 0.80726, 6.97323],
			"to": [8.79254, 1.72726, 7.39323],
			"rotation": {"angle": 22.5, "axis": "x", "origin": [8.57422, 1.27719, 7.18098]},
			"faces": {
				"north": {"uv": [8.92, 13.5, 8.5, 14.42], "rotation": 180, "texture": "#0"},
				"east": {"uv": [8.92, 13.5, 8.5, 14.42], "rotation": 180, "texture": "#0"},
				"south": {"uv": [8.92, 13.5, 8.5, 14.42], "rotation": 180, "texture": "#0"},
				"west": {"uv": [8.92, 13.5, 8.5, 14.42], "rotation": 180, "texture": "#0"},
				"up": {"uv": [8.92, 13.5, 8.5, 14.42], "rotation": 180, "texture": "#0"},
				"down": {"uv": [8.92, 13.5, 8.5, 14.42], "rotation": 180, "texture": "#0"}
			}
		}
	],
	"display": {
		"thirdperson_righthand": {
			"translation": [0, 8, -5.5]
		},
		"thirdperson_lefthand": {
			"translation": [0, 8, -5.5]
		},
		"firstperson_righthand": {
			"rotation": [8, 0, 0],
			"translation": [-8.9, 10.75, -4]
		},
		"firstperson_lefthand": {
			"translation": [-9.1, 8.5, -7.25]
		},
		"ground": {
			"translation": [0, 6.5, 0]
		},
		"gui": {
			"rotation": [63, -41, 43],
			"translation": [-2.5, 8.75, 0],
			"scale": [1.2, 1.2, 1.2]
		}
	}
}