{
	"credit": "Made with Blockbench",
	"texture_size": [8, 8],
	"textures": {
		"0": "skins/pure",
		"1": "skins/pure1",
		"2": "skins/pureswirl",
		"particle": "skins/pure"
	},
	"elements": [
		{
			"from": [7.5, -2.6, 7.5],
			"to": [8.5, 10.4, 8.5],
			"rotation": {"angle": 0, "axis": "y", "origin": [15.5, 6.3, 7.6]},
			"faces": {
				"north": {"uv": [16, 0, 15, 13], "texture": "#0"},
				"east": {"uv": [16, 0, 15, 13], "texture": "#0"},
				"south": {"uv": [16, 0, 15, 13], "texture": "#0"},
				"west": {"uv": [16, 0, 15, 13], "texture": "#0"},
				"up": {"uv": [15, 13, 16, 0], "texture": "#0"},
				"down": {"uv": [15, 13, 16, 0], "texture": "#0"}
			}
		},
		{
			"from": [7.4, 11, 6.7],
			"to": [8.6, 14.2, 7.9],
			"rotation": {"angle": 45, "axis": "x", "origin": [8, 11.8, 12]},
			"faces": {
				"north": {"uv": [8, 9, 6, 15], "texture": "#1"},
				"east": {"uv": [8, 9, 6, 15], "texture": "#1"},
				"south": {"uv": [8, 9, 6, 15], "texture": "#1"},
				"west": {"uv": [8, 7, 6, 13], "texture": "#1"},
				"up": {"uv": [6, 11, 8, 9], "texture": "#1"},
				"down": {"uv": [6, 15, 8, 9], "texture": "#1"}
			}
		},
		{
			"from": [7.4, 11, 8.1],
			"to": [8.6, 14.2, 9.3],
			"rotation": {"angle": -45, "axis": "x", "origin": [8, 11.8, 4]},
			"faces": {
				"north": {"uv": [8, 9, 6, 15], "texture": "#1"},
				"east": {"uv": [8, 7, 6, 13], "texture": "#1"},
				"south": {"uv": [8, 9, 6, 15], "texture": "#1"},
				"west": {"uv": [8, 9, 6, 15], "texture": "#1"},
				"up": {"uv": [8, 9, 6, 11], "texture": "#1"},
				"down": {"uv": [8, 9, 6, 15], "texture": "#1"}
			}
		},
		{
			"from": [7.5, 12.58909, 8.74228],
			"to": [8.5, 15.58909, 9.74228],
			"rotation": {"angle": 22.5, "axis": "x", "origin": [8, 15.58909, 9.24228]},
			"faces": {
				"north": {"uv": [8, 9, 6, 15], "texture": "#1"},
				"east": {"uv": [8, 9, 6, 15], "texture": "#1"},
				"south": {"uv": [8, 9, 6, 15], "texture": "#1"},
				"west": {"uv": [8, 9, 6, 15], "texture": "#1"},
				"up": {"uv": [6, 15, 8, 9], "texture": "#1"},
				"down": {"uv": [6, 15, 8, 9], "texture": "#1"}
			}
		},
		{
			"from": [7.5, 12.58909, 6.25772],
			"to": [8.5, 15.58909, 7.25772],
			"rotation": {"angle": -22.5, "axis": "x", "origin": [8, 15.58909, 6.75772]},
			"faces": {
				"north": {"uv": [8, 9, 6, 15], "texture": "#1"},
				"east": {"uv": [8, 9, 6, 15], "texture": "#1"},
				"south": {"uv": [8, 9, 6, 15], "texture": "#1"},
				"west": {"uv": [8, 9, 6, 15], "texture": "#1"},
				"up": {"uv": [8, 9, 6, 15], "texture": "#1"},
				"down": {"uv": [8, 9, 6, 15], "texture": "#1"}
			}
		},
		{
			"from": [8.1, 13.10327, 7.5],
			"to": [9.1, 15.60327, 8.5],
			"rotation": {"angle": -22.5, "axis": "z", "origin": [8.6, 14.60327, 7.96826]},
			"faces": {
				"north": {"uv": [4, 3, 2, 8], "texture": "#1"},
				"east": {"uv": [4, 3, 2, 8], "texture": "#1"},
				"south": {"uv": [4, 3, 2, 8], "texture": "#1"},
				"west": {"uv": [4, 3, 2, 8], "texture": "#1"},
				"up": {"uv": [2, 5, 4, 3], "texture": "#1"},
				"down": {"uv": [2, 8, 4, 3], "texture": "#1"}
			}
		},
		{
			"from": [6.9, 12.30327, 7.5],
			"to": [7.9, 14.80327, 8.5],
			"rotation": {"angle": 22.5, "axis": "z", "origin": [7.4, 13.80327, 7.96826]},
			"faces": {
				"north": {"uv": [4, 4, 2, 9], "texture": "#1"},
				"east": {"uv": [4, 4, 2, 9], "texture": "#1"},
				"south": {"uv": [4, 4, 2, 9], "texture": "#1"},
				"west": {"uv": [4, 4, 2, 9], "texture": "#1"},
				"up": {"uv": [2, 6, 4, 4], "texture": "#1"},
				"down": {"uv": [2, 9, 4, 4], "texture": "#1"}
			}
		},
		{
			"from": [7.6, 11.50327, 8.36826],
			"to": [8.4, 14.30327, 9.16826],
			"rotation": {"angle": 45, "axis": "x", "origin": [8, 12.90327, 8.76826]},
			"faces": {
				"north": {"uv": [2, 5, 0, 11], "texture": "#1"},
				"east": {"uv": [2, 5, 0, 11], "texture": "#1"},
				"south": {"uv": [2, 5, 0, 11], "texture": "#1"},
				"west": {"uv": [2, 5, 0, 11], "texture": "#1"},
				"up": {"uv": [0, 7, 2, 5], "texture": "#1"},
				"down": {"uv": [0, 11, 2, 5], "texture": "#1"}
			}
		},
		{
			"from": [7.6, 11.50327, 6.83174],
			"to": [8.4, 14.30327, 7.63174],
			"rotation": {"angle": -45, "axis": "x", "origin": [8, 12.90327, 7.23174]},
			"faces": {
				"north": {"uv": [4, 5, 2, 11], "texture": "#1"},
				"east": {"uv": [4, 5, 2, 11], "texture": "#1"},
				"south": {"uv": [4, 5, 2, 11], "texture": "#1"},
				"west": {"uv": [4, 5, 2, 11], "texture": "#1"},
				"up": {"uv": [4, 5, 2, 7], "texture": "#1"},
				"down": {"uv": [4, 5, 2, 11], "texture": "#1"}
			}
		},
		{
			"from": [7.6, 14.27366, 7.61393],
			"to": [8.4, 15.07366, 10.41393],
			"rotation": {"angle": -22.5, "axis": "x", "origin": [8, 14.77366, 9.31393]},
			"faces": {
				"north": {"uv": [6, 15, 8, 9], "rotation": 270, "texture": "#1"},
				"east": {"uv": [6, 15, 8, 9], "rotation": 90, "texture": "#1"},
				"south": {"uv": [6, 11, 8, 9], "rotation": 270, "texture": "#1"},
				"west": {"uv": [6, 15, 8, 9], "rotation": 270, "texture": "#1"},
				"up": {"uv": [6, 15, 8, 9], "texture": "#1"},
				"down": {"uv": [6, 15, 8, 9], "rotation": 180, "texture": "#1"}
			}
		},
		{
			"from": [7.6, 14.27366, 5.58607],
			"to": [8.4, 15.07366, 8.38607],
			"rotation": {"angle": 22.5, "axis": "x", "origin": [8, 14.77366, 6.68607]},
			"faces": {
				"north": {"uv": [6, 11, 8, 9], "rotation": 90, "texture": "#1"},
				"east": {"uv": [6, 15, 8, 9], "rotation": 270, "texture": "#1"},
				"south": {"uv": [6, 15, 8, 9], "rotation": 90, "texture": "#1"},
				"west": {"uv": [6, 15, 8, 9], "rotation": 90, "texture": "#1"},
				"up": {"uv": [6, 15, 8, 9], "rotation": 180, "texture": "#1"},
				"down": {"uv": [6, 15, 8, 9], "texture": "#1"}
			}
		},
		{
			"from": [8.1, 15.16646, 8.97504],
			"to": [8.7, 16.86646, 9.57504],
			"rotation": {"angle": -22.5, "axis": "z", "origin": [8.4, 15.56646, 9.27504]},
			"faces": {
				"north": {"uv": [2, 5, 0, 11], "texture": "#1"},
				"east": {"uv": [2, 5, 0, 11], "texture": "#1"},
				"south": {"uv": [2, 5, 0, 11], "texture": "#1"},
				"west": {"uv": [2, 5, 0, 11], "texture": "#1"},
				"up": {"uv": [0, 7, 2, 5], "texture": "#1"},
				"down": {"uv": [0, 11, 2, 5], "texture": "#1"}
			}
		},
		{
			"from": [7.3, 15.16646, 6.42496],
			"to": [7.9, 16.86646, 7.02496],
			"rotation": {"angle": 22.5, "axis": "z", "origin": [7.6, 15.56646, 6.72496]},
			"faces": {
				"north": {"uv": [2, 5, 0, 11], "texture": "#1"},
				"east": {"uv": [2, 5, 0, 11], "texture": "#1"},
				"south": {"uv": [2, 5, 0, 11], "texture": "#1"},
				"west": {"uv": [2, 5, 0, 11], "texture": "#1"},
				"up": {"uv": [2, 5, 0, 7], "texture": "#1"},
				"down": {"uv": [2, 5, 0, 11], "texture": "#1"}
			}
		},
		{
			"from": [7.3, 14.96646, 8.47504],
			"to": [7.9, 16.66646, 9.07504],
			"rotation": {"angle": 22.5, "axis": "z", "origin": [7.6, 15.36646, 8.77504]},
			"faces": {
				"north": {"uv": [6, 9, 4, 13.2], "texture": "#1"},
				"east": {"uv": [6, 9, 4, 13.2], "texture": "#1"},
				"south": {"uv": [6, 9, 4, 13.2], "texture": "#1"},
				"west": {"uv": [6, 9, 4, 13.2], "texture": "#1"},
				"up": {"uv": [4, 9, 6, 7], "texture": "#1"},
				"down": {"uv": [4, 13.2, 6, 9], "texture": "#1"}
			}
		},
		{
			"from": [8.1, 14.96646, 6.92496],
			"to": [8.7, 16.66646, 7.52496],
			"rotation": {"angle": -22.5, "axis": "z", "origin": [8.4, 15.36646, 7.22496]},
			"faces": {
				"north": {"uv": [6, 9, 4, 13.2], "texture": "#1"},
				"east": {"uv": [6, 9, 4, 13.2], "texture": "#1"},
				"south": {"uv": [6, 9, 4, 13.2], "texture": "#1"},
				"west": {"uv": [6, 9, 4, 13.2], "texture": "#1"},
				"up": {"uv": [6, 7, 4, 9], "texture": "#1"},
				"down": {"uv": [6, 9, 4, 13.2], "texture": "#1"}
			}
		},
		{
			"from": [7.6, 16.42002, 10.22859],
			"to": [8.4, 18.22002, 11.02859],
			"rotation": {"angle": 22.5, "axis": "x", "origin": [8, 17.32002, 10.62859]},
			"faces": {
				"north": {"uv": [6, 9, 4, 13.2], "texture": "#1"},
				"east": {"uv": [6, 9, 4, 13.2], "texture": "#1"},
				"south": {"uv": [6, 9, 4, 13.2], "texture": "#1"},
				"west": {"uv": [6, 9, 4, 13.2], "texture": "#1"},
				"up": {"uv": [4, 7, 6, 5], "texture": "#1"},
				"down": {"uv": [4, 13.2, 6, 9], "texture": "#1"}
			}
		},
		{
			"from": [7.6, 16.42002, 4.97141],
			"to": [8.4, 18.22002, 5.77141],
			"rotation": {"angle": -22.5, "axis": "x", "origin": [8, 17.32002, 5.37141]},
			"faces": {
				"north": {"uv": [6, 9, 4, 13.2], "texture": "#1"},
				"east": {"uv": [6, 9, 4, 13.2], "texture": "#1"},
				"south": {"uv": [6, 9, 4, 13.2], "texture": "#1"},
				"west": {"uv": [6, 9, 4, 13.2], "texture": "#1"},
				"up": {"uv": [6, 5, 4, 7], "texture": "#1"},
				"down": {"uv": [6, 9, 4, 13.2], "texture": "#1"}
			}
		},
		{
			"from": [7.7, 16.12002, 9.92859],
			"to": [8.3, 16.72002, 11.52859],
			"rotation": {"angle": -22.5, "axis": "x", "origin": [8, 16.42002, 10.72859]},
			"faces": {
				"north": {"uv": [2, 7, 4, 3], "rotation": 90, "texture": "#1"},
				"east": {"uv": [2, 7, 4, 3], "rotation": 90, "texture": "#1"},
				"south": {"uv": [2, 5, 4, 3], "rotation": 90, "texture": "#1"},
				"west": {"uv": [2, 7, 4, 3], "rotation": 90, "texture": "#1"},
				"up": {"uv": [2, 7, 4, 3], "rotation": 180, "texture": "#1"},
				"down": {"uv": [2, 7, 4, 3], "rotation": 180, "texture": "#1"}
			}
		},
		{
			"from": [7.7, 16.12002, 4.47141],
			"to": [8.3, 16.72002, 6.07141],
			"rotation": {"angle": 22.5, "axis": "x", "origin": [8, 16.42002, 5.27141]},
			"faces": {
				"north": {"uv": [0, 8, 2, 6], "rotation": 90, "texture": "#1"},
				"east": {"uv": [0, 10, 2, 6], "rotation": 90, "texture": "#1"},
				"south": {"uv": [0, 10, 2, 6], "rotation": 90, "texture": "#1"},
				"west": {"uv": [0, 10, 2, 6], "rotation": 90, "texture": "#1"},
				"up": {"uv": [0, 10, 2, 6], "rotation": 180, "texture": "#1"},
				"down": {"uv": [0, 10, 2, 6], "texture": "#1"}
			}
		},
		{
			"from": [7.3, 10.1, 7.3],
			"to": [8.7, 16.5, 8.7],
			"rotation": {"angle": 0, "axis": "y", "origin": [15.5, 6.3, 7.6]},
			"faces": {
				"north": {"uv": [8, 0, 6, 9], "texture": "#0"},
				"east": {"uv": [6, 0, 8, 9], "texture": "#0"},
				"south": {"uv": [8, 0, 6, 9], "texture": "#0"},
				"west": {"uv": [6, 0, 8, 9], "texture": "#0"},
				"up": {"uv": [6, 9, 8, 0], "texture": "#0"},
				"down": {"uv": [5, 8, 7, 6], "texture": "#0"}
			}
		},
		{
			"from": [7.4, -0.1, 7.4],
			"to": [8.6, 1.1, 8.6],
			"rotation": {"angle": 0, "axis": "y", "origin": [15, 7.5, 7.1]},
			"faces": {
				"north": {"uv": [8, 12, 4, 16], "texture": "#1"},
				"east": {"uv": [4, 12, 8, 16], "texture": "#1"},
				"south": {"uv": [8, 12, 4, 16], "texture": "#1"},
				"west": {"uv": [4, 12, 8, 16], "texture": "#1"},
				"up": {"uv": [8, 13, 4, 9], "texture": "#1"},
				"down": {"uv": [8, 16, 4, 12], "texture": "#1"}
			}
		},
		{
			"from": [7.4, 3.9, 7.4],
			"to": [8.6, 5.1, 8.6],
			"rotation": {"angle": 0, "axis": "y", "origin": [15, 11.5, 7.1]},
			"faces": {
				"north": {"uv": [8, 12, 4, 16], "texture": "#1"},
				"east": {"uv": [4, 12, 8, 16], "texture": "#1"},
				"south": {"uv": [8, 12, 4, 16], "texture": "#1"},
				"west": {"uv": [4, 12, 8, 16], "texture": "#1"},
				"up": {"uv": [8, 13, 4, 9], "texture": "#1"},
				"down": {"uv": [8, 16, 4, 12], "texture": "#1"}
			}
		},
		{
			"from": [7.4, 1.4, 7.4],
			"to": [8.6, 3.6, 8.6],
			"rotation": {"angle": 0, "axis": "y", "origin": [15, 9, 7.1]},
			"faces": {
				"north": {"uv": [4, 10, 8, 16], "texture": "#1"},
				"east": {"uv": [8, 10, 4, 16], "texture": "#1"},
				"south": {"uv": [4, 10, 8, 16], "texture": "#1"},
				"west": {"uv": [8, 10, 4, 16], "texture": "#1"},
				"up": {"uv": [4, 14, 8, 10], "texture": "#1"},
				"down": {"uv": [4, 16, 8, 12], "texture": "#1"}
			}
		},
		{
			"from": [7.3, -0.91851, 7.3],
			"to": [8.7, -0.41851, 8.7],
			"rotation": {"angle": 0, "axis": "x", "origin": [8.4869, 1.71938, 7.81926]},
			"faces": {
				"north": {"uv": [13, 10, 15, 11], "rotation": 90, "texture": "#1"},
				"east": {"uv": [13, 10, 15, 11], "rotation": 90, "texture": "#1"},
				"south": {"uv": [13, 10, 15, 11], "rotation": 90, "texture": "#1"},
				"west": {"uv": [13, 10, 15, 11], "rotation": 90, "texture": "#1"},
				"up": {"uv": [15, 11, 13, 10], "rotation": 90, "texture": "#1"},
				"down": {"uv": [15, 11, 13, 10], "rotation": 90, "texture": "#1"}
			}
		},
		{
			"from": [7.501, -2.66207, 8.34008],
			"to": [8.499, -0.81407, 9.13808],
			"rotation": {"angle": -22.5, "axis": "x", "origin": [8, -2.16609, 8.02978]},
			"faces": {
				"north": {"uv": [8, 5, 6, 9], "texture": "#1"},
				"east": {"uv": [8, 5, 6, 9], "texture": "#1"},
				"south": {"uv": [8, 5, 6, 9], "texture": "#1"},
				"west": {"uv": [8, 5, 6, 9], "texture": "#1"},
				"up": {"uv": [6, 9, 8, 5], "texture": "#1"},
				"down": {"uv": [6, 9, 8, 5], "texture": "#1"}
			}
		},
		{
			"from": [7.501, 17.83793, 8.34008],
			"to": [8.499, 19.68593, 9.13808],
			"rotation": {"angle": -22.5, "axis": "x", "origin": [8, 18.33391, 8.02978]},
			"faces": {
				"north": {"uv": [8, 5, 6, 9], "texture": "#1"},
				"east": {"uv": [8, 5, 6, 9], "texture": "#1"},
				"south": {"uv": [8, 5, 6, 9], "texture": "#1"},
				"west": {"uv": [8, 5, 6, 9], "texture": "#1"},
				"up": {"uv": [6, 9, 8, 5], "texture": "#1"},
				"down": {"uv": [6, 9, 8, 5], "texture": "#1"}
			}
		},
		{
			"from": [8.3103, -2.66207, 7.53078],
			"to": [9.1083, -0.81407, 8.52878],
			"rotation": {"angle": 22.5, "axis": "z", "origin": [8, -2.16609, 8.02978]},
			"faces": {
				"north": {"uv": [8, 5, 6, 9], "texture": "#1"},
				"east": {"uv": [6, 5, 8, 9], "texture": "#1"},
				"south": {"uv": [8, 5, 6, 9], "texture": "#1"},
				"west": {"uv": [8, 5, 6, 9], "texture": "#1"},
				"up": {"uv": [6, 9, 8, 5], "texture": "#1"},
				"down": {"uv": [6, 9, 8, 5], "texture": "#1"}
			}
		},
		{
			"from": [8.3103, 17.83793, 7.53078],
			"to": [9.1083, 19.68593, 8.52878],
			"rotation": {"angle": 22.5, "axis": "z", "origin": [8, 18.33391, 8.02978]},
			"faces": {
				"north": {"uv": [8, 5, 6, 9], "texture": "#1"},
				"east": {"uv": [6, 5, 8, 9], "texture": "#1"},
				"south": {"uv": [8, 5, 6, 9], "texture": "#1"},
				"west": {"uv": [8, 5, 6, 9], "texture": "#1"},
				"up": {"uv": [6, 9, 8, 5], "texture": "#1"},
				"down": {"uv": [6, 9, 8, 5], "texture": "#1"}
			}
		},
		{
			"from": [7.5, -2.66674, 6.91164],
			"to": [8.5, -0.71674, 7.71164],
			"rotation": {"angle": 22.5, "axis": "x", "origin": [8, -2.16609, 8.02978]},
			"faces": {
				"north": {"uv": [8, 5, 6, 9], "texture": "#1"},
				"east": {"uv": [8, 5, 6, 9], "texture": "#1"},
				"south": {"uv": [8, 5, 6, 9], "texture": "#1"},
				"west": {"uv": [8, 5, 6, 9], "texture": "#1"},
				"up": {"uv": [6, 9, 8, 5], "texture": "#1"},
				"down": {"uv": [6, 9, 8, 5], "texture": "#1"}
			}
		},
		{
			"from": [7.5, 17.83326, 6.91164],
			"to": [8.5, 19.68326, 7.71164],
			"rotation": {"angle": 22.5, "axis": "x", "origin": [8, 18.33391, 8.02978]},
			"faces": {
				"north": {"uv": [8, 5, 6, 9], "texture": "#1"},
				"east": {"uv": [8, 5, 6, 9], "texture": "#1"},
				"south": {"uv": [8, 5, 6, 9], "texture": "#1"},
				"west": {"uv": [8, 5, 6, 9], "texture": "#1"},
				"up": {"uv": [6, 9, 8, 5], "texture": "#1"},
				"down": {"uv": [6, 9, 8, 5], "texture": "#1"}
			}
		},
		{
			"from": [6.88186, -2.66674, 7.52978],
			"to": [7.68186, -0.71674, 8.52978],
			"rotation": {"angle": -22.5, "axis": "z", "origin": [8, -2.16609, 8.02978]},
			"faces": {
				"north": {"uv": [7, 6, 9, 10], "texture": "#1"},
				"east": {"uv": [8, 5, 6, 9], "texture": "#1"},
				"south": {"uv": [10, 7, 8, 11], "texture": "#1"},
				"west": {"uv": [9, 5, 7, 9], "texture": "#1"},
				"up": {"uv": [6, 9, 8, 5], "texture": "#1"},
				"down": {"uv": [6, 9, 8, 5], "texture": "#1"}
			}
		},
		{
			"from": [6.88186, 17.83326, 7.52978],
			"to": [7.68186, 19.68326, 8.52978],
			"rotation": {"angle": -22.5, "axis": "z", "origin": [8, 18.33391, 8.02978]},
			"faces": {
				"north": {"uv": [7, 6, 9, 10], "texture": "#1"},
				"east": {"uv": [8, 5, 6, 9], "texture": "#1"},
				"south": {"uv": [10, 7, 8, 11], "texture": "#1"},
				"west": {"uv": [9, 5, 7, 9], "texture": "#1"},
				"up": {"uv": [6, 9, 8, 5], "texture": "#1"},
				"down": {"uv": [6, 9, 8, 5], "texture": "#1"}
			}
		},
		{
			"from": [7.502, -3.48112, 8.3676],
			"to": [8.498, -1.73512, 9.1636],
			"rotation": {"angle": 22.5, "axis": "x", "origin": [8, -2.16609, 8.02978]},
			"faces": {
				"north": {"uv": [8, 10, 6, 14], "texture": "#1"},
				"east": {"uv": [8, 10, 6, 14], "texture": "#1"},
				"south": {"uv": [8, 10, 6, 14], "texture": "#1"},
				"west": {"uv": [8, 10, 6, 14], "texture": "#1"},
				"up": {"uv": [6, 14, 8, 10], "texture": "#1"},
				"down": {"uv": [6, 14, 8, 10], "texture": "#1"}
			}
		},
		{
			"from": [7.502, 17.01888, 8.3676],
			"to": [8.498, 18.76488, 9.1636],
			"rotation": {"angle": 22.5, "axis": "x", "origin": [8, 18.33391, 8.02978]},
			"faces": {
				"north": {"uv": [8, 10, 6, 14], "texture": "#1"},
				"east": {"uv": [8, 10, 6, 14], "texture": "#1"},
				"south": {"uv": [8, 10, 6, 14], "texture": "#1"},
				"west": {"uv": [8, 10, 6, 14], "texture": "#1"},
				"up": {"uv": [6, 14, 8, 10], "texture": "#1"},
				"down": {"uv": [6, 14, 8, 10], "texture": "#1"}
			}
		},
		{
			"from": [8.33782, -3.48112, 7.53178],
			"to": [9.13382, -1.73512, 8.52778],
			"rotation": {"angle": -22.5, "axis": "z", "origin": [8, -2.16609, 8.02978]},
			"faces": {
				"north": {"uv": [8, 10, 6, 14], "texture": "#1"},
				"east": {"uv": [8, 10, 6, 14], "texture": "#1"},
				"south": {"uv": [8, 10, 6, 14], "texture": "#1"},
				"west": {"uv": [8, 10, 6, 14], "texture": "#1"},
				"up": {"uv": [6, 14, 8, 10], "texture": "#1"},
				"down": {"uv": [6, 14, 8, 10], "texture": "#1"}
			}
		},
		{
			"from": [8.33782, 17.01888, 7.53178],
			"to": [9.13382, 18.76488, 8.52778],
			"rotation": {"angle": -22.5, "axis": "z", "origin": [8, 18.33391, 8.02978]},
			"faces": {
				"north": {"uv": [8, 10, 6, 14], "texture": "#1"},
				"east": {"uv": [8, 10, 6, 14], "texture": "#1"},
				"south": {"uv": [8, 10, 6, 14], "texture": "#1"},
				"west": {"uv": [8, 10, 6, 14], "texture": "#1"},
				"up": {"uv": [6, 14, 8, 10], "texture": "#1"},
				"down": {"uv": [6, 14, 8, 10], "texture": "#1"}
			}
		},
		{
			"from": [7.501, -3.47846, 6.88613],
			"to": [8.499, -1.73046, 7.68413],
			"rotation": {"angle": -22.5, "axis": "x", "origin": [8, -2.16609, 8.02978]},
			"faces": {
				"north": {"uv": [8, 10, 6, 14], "texture": "#1"},
				"east": {"uv": [8, 10, 6, 14], "texture": "#1"},
				"south": {"uv": [8, 10, 6, 14], "texture": "#1"},
				"west": {"uv": [8, 10, 6, 14], "texture": "#1"},
				"up": {"uv": [6, 14, 8, 10], "texture": "#1"},
				"down": {"uv": [6, 14, 8, 10], "texture": "#1"}
			}
		},
		{
			"from": [7.501, 17.02154, 6.88613],
			"to": [8.499, 18.76954, 7.68413],
			"rotation": {"angle": -22.5, "axis": "x", "origin": [8, 18.33391, 8.02978]},
			"faces": {
				"north": {"uv": [8, 10, 6, 14], "texture": "#1"},
				"east": {"uv": [8, 10, 6, 14], "texture": "#1"},
				"south": {"uv": [8, 10, 6, 14], "texture": "#1"},
				"west": {"uv": [8, 10, 6, 14], "texture": "#1"},
				"up": {"uv": [6, 14, 8, 10], "texture": "#1"},
				"down": {"uv": [6, 14, 8, 10], "texture": "#1"}
			}
		},
		{
			"from": [6.85634, -3.47846, 7.53078],
			"to": [7.65434, -1.73046, 8.52878],
			"rotation": {"angle": 22.5, "axis": "z", "origin": [8, -2.16609, 8.02978]},
			"faces": {
				"north": {"uv": [8, 10, 6, 14], "texture": "#1"},
				"east": {"uv": [8, 10, 6, 14], "texture": "#1"},
				"south": {"uv": [8, 10, 6, 14], "texture": "#1"},
				"west": {"uv": [8, 10, 6, 14], "texture": "#1"},
				"up": {"uv": [6, 14, 8, 10], "texture": "#1"},
				"down": {"uv": [6, 14, 8, 10], "texture": "#1"}
			}
		},
		{
			"from": [6.85634, 17.02154, 7.53078],
			"to": [7.65434, 18.76954, 8.52878],
			"rotation": {"angle": 22.5, "axis": "z", "origin": [8, 18.33391, 8.02978]},
			"faces": {
				"north": {"uv": [8, 10, 6, 14], "texture": "#1"},
				"east": {"uv": [8, 10, 6, 14], "texture": "#1"},
				"south": {"uv": [8, 10, 6, 14], "texture": "#1"},
				"west": {"uv": [8, 10, 6, 14], "texture": "#1"},
				"up": {"uv": [6, 14, 8, 10], "texture": "#1"},
				"down": {"uv": [6, 14, 8, 10], "texture": "#1"}
			}
		},
		{
			"from": [7.5, 20.1, 7.5],
			"to": [8.5, 20.85, 8.5],
			"rotation": {"angle": 0, "axis": "y", "origin": [15.5, 28.35, 0.5]},
			"faces": {
				"north": {"uv": [12, 0, 11, 1], "texture": "#0"},
				"east": {"uv": [12, 0, 11, 1], "texture": "#0"},
				"south": {"uv": [12, 0, 11, 1], "texture": "#0"},
				"west": {"uv": [12, 0, 11, 1], "texture": "#0"},
				"up": {"uv": [11, 1, 12, 0], "texture": "#0"},
				"down": {"uv": [11, 1, 12, 0], "texture": "#0"}
			}
		},
		{
			"from": [7.5, 17.83633, 5.48633],
			"to": [8.5, 18.83633, 6.23633],
			"rotation": {"angle": 0, "axis": "x", "origin": [8, 16.9138, 7.71704]},
			"faces": {
				"north": {"uv": [8, 10, 9, 9], "rotation": 270, "texture": "#0"},
				"east": {"uv": [8, 10, 9, 9], "rotation": 270, "texture": "#0"},
				"south": {"uv": [8, 10, 9, 9], "rotation": 270, "texture": "#0"},
				"west": {"uv": [8, 10, 9, 9], "rotation": 270, "texture": "#0"},
				"up": {"uv": [9, 9, 8, 10], "rotation": 270, "texture": "#0"},
				"down": {"uv": [9, 9, 8, 10], "rotation": 270, "texture": "#0"}
			}
		},
		{
			"from": [7.5, 17.83633, 9.76367],
			"to": [8.5, 18.83633, 10.51367],
			"rotation": {"angle": 0, "axis": "x", "origin": [8, 16.9138, 8.28296]},
			"faces": {
				"north": {"uv": [8, 9, 9, 10], "rotation": 270, "texture": "#0"},
				"east": {"uv": [8, 9, 9, 10], "rotation": 270, "texture": "#0"},
				"south": {"uv": [8, 9, 9, 10], "rotation": 270, "texture": "#0"},
				"west": {"uv": [8, 9, 9, 10], "rotation": 270, "texture": "#0"},
				"up": {"uv": [8, 9, 9, 10], "rotation": 270, "texture": "#0"},
				"down": {"uv": [8, 9, 9, 10], "rotation": 270, "texture": "#0"}
			}
		},
		{
			"from": [7.5, 19.15595, 6.08713],
			"to": [8.5, 19.90595, 7.08713],
			"rotation": {"angle": -45, "axis": "x", "origin": [8, 19.56979, 6.15399]},
			"faces": {
				"north": {"uv": [12, 3, 11, 3.5], "texture": "#0"},
				"east": {"uv": [12, 3, 11, 3.5], "texture": "#0"},
				"south": {"uv": [12, 3, 11, 3.5], "texture": "#0"},
				"west": {"uv": [12, 3, 11, 3.5], "texture": "#0"},
				"up": {"uv": [11, 3.5, 12, 3], "texture": "#0"},
				"down": {"uv": [11, 3.5, 12, 3], "texture": "#0"}
			}
		},
		{
			"from": [7.5, 19.15595, 8.91287],
			"to": [8.5, 19.90595, 9.91287],
			"rotation": {"angle": 45, "axis": "x", "origin": [8, 19.56979, 9.84601]},
			"faces": {
				"north": {"uv": [11, 3, 12, 3.5], "texture": "#0"},
				"east": {"uv": [11, 3, 12, 3.5], "texture": "#0"},
				"south": {"uv": [11, 3, 12, 3.5], "texture": "#0"},
				"west": {"uv": [11, 3, 12, 3.5], "texture": "#0"},
				"up": {"uv": [11, 3, 12, 3.5], "texture": "#0"},
				"down": {"uv": [11, 3, 12, 3.5], "texture": "#0"}
			}
		},
		{
			"from": [7.5, 17.2196, 6.40933],
			"to": [8.5, 18.2196, 7.15933],
			"rotation": {"angle": -45, "axis": "x", "origin": [8, 16.9138, 7.71704]},
			"faces": {
				"north": {"uv": [6, 16, 7, 15], "rotation": 270, "texture": "#0"},
				"east": {"uv": [6, 16, 7, 15], "rotation": 270, "texture": "#0"},
				"south": {"uv": [6, 16, 7, 15], "rotation": 270, "texture": "#0"},
				"west": {"uv": [6, 16, 7, 15], "rotation": 270, "texture": "#0"},
				"up": {"uv": [7, 15, 6, 16], "rotation": 270, "texture": "#0"},
				"down": {"uv": [7, 15, 6, 16], "rotation": 270, "texture": "#0"}
			}
		},
		{
			"from": [7.5, 17.2196, 8.84067],
			"to": [8.5, 18.2196, 9.59067],
			"rotation": {"angle": 45, "axis": "x", "origin": [8, 16.9138, 8.28296]},
			"faces": {
				"north": {"uv": [6, 15, 7, 16], "rotation": 270, "texture": "#0"},
				"east": {"uv": [6, 15, 7, 16], "rotation": 270, "texture": "#0"},
				"south": {"uv": [6, 15, 7, 16], "rotation": 270, "texture": "#0"},
				"west": {"uv": [6, 15, 7, 16], "rotation": 270, "texture": "#0"},
				"up": {"uv": [6, 15, 7, 16], "rotation": 270, "texture": "#0"},
				"down": {"uv": [6, 15, 7, 16], "rotation": 270, "texture": "#0"}
			}
		},
		{
			"from": [7.499, 19.92669, 6.63273],
			"to": [8.501, 20.67869, 7.63473],
			"rotation": {"angle": -22.5, "axis": "x", "origin": [8, 20.42769, 7.13373]},
			"faces": {
				"north": {"uv": [12, 1, 11, 2], "texture": "#0"},
				"east": {"uv": [12, 1, 11, 2], "texture": "#0"},
				"south": {"uv": [12, 1, 11, 2], "texture": "#0"},
				"west": {"uv": [12, 1, 11, 2], "texture": "#0"},
				"up": {"uv": [11, 2, 12, 1], "texture": "#0"},
				"down": {"uv": [11, 2, 12, 1], "texture": "#0"}
			}
		},
		{
			"from": [7.499, 19.92669, 8.36527],
			"to": [8.501, 20.67869, 9.36727],
			"rotation": {"angle": 22.5, "axis": "x", "origin": [8, 20.42769, 8.86627]},
			"faces": {
				"north": {"uv": [11, 1, 12, 2], "texture": "#0"},
				"east": {"uv": [11, 1, 12, 2], "texture": "#0"},
				"south": {"uv": [11, 1, 12, 2], "texture": "#0"},
				"west": {"uv": [11, 1, 12, 2], "texture": "#0"},
				"up": {"uv": [11, 1, 12, 2], "texture": "#0"},
				"down": {"uv": [11, 1, 12, 2], "texture": "#0"}
			}
		},
		{
			"from": [7.499, 17.61876, 6.00817],
			"to": [8.501, 18.62076, 6.76017],
			"rotation": {"angle": -22.5, "axis": "x", "origin": [8, 16.9138, 7.71704]},
			"faces": {
				"north": {"uv": [7, 13, 8, 12], "rotation": 270, "texture": "#0"},
				"east": {"uv": [7, 13, 8, 12], "rotation": 270, "texture": "#0"},
				"south": {"uv": [7, 13, 8, 12], "rotation": 270, "texture": "#0"},
				"west": {"uv": [7, 13, 8, 12], "rotation": 270, "texture": "#0"},
				"up": {"uv": [8, 12, 7, 13], "rotation": 270, "texture": "#0"},
				"down": {"uv": [8, 12, 7, 13], "rotation": 270, "texture": "#0"}
			}
		},
		{
			"from": [7.499, 17.61876, 9.23983],
			"to": [8.501, 18.62076, 9.99183],
			"rotation": {"angle": 22.5, "axis": "x", "origin": [8, 16.9138, 8.28296]},
			"faces": {
				"north": {"uv": [7, 12, 8, 13], "rotation": 270, "texture": "#0"},
				"east": {"uv": [7, 12, 8, 13], "rotation": 270, "texture": "#0"},
				"south": {"uv": [7, 12, 8, 13], "rotation": 270, "texture": "#0"},
				"west": {"uv": [7, 12, 8, 13], "rotation": 270, "texture": "#0"},
				"up": {"uv": [7, 12, 8, 13], "rotation": 270, "texture": "#0"},
				"down": {"uv": [7, 12, 8, 13], "rotation": 270, "texture": "#0"}
			}
		},
		{
			"from": [7.499, 18.63566, 5.81684],
			"to": [8.501, 19.63766, 6.56884],
			"rotation": {"angle": 22.5, "axis": "x", "origin": [8, 19.56979, 6.15399]},
			"faces": {
				"north": {"uv": [9, 7, 10, 6], "rotation": 270, "texture": "#0"},
				"east": {"uv": [9, 7, 10, 6], "rotation": 270, "texture": "#0"},
				"south": {"uv": [9, 7, 10, 6], "rotation": 270, "texture": "#0"},
				"west": {"uv": [9, 7, 10, 6], "rotation": 270, "texture": "#0"},
				"up": {"uv": [10, 6, 9, 7], "rotation": 270, "texture": "#0"},
				"down": {"uv": [10, 6, 9, 7], "rotation": 270, "texture": "#0"}
			}
		},
		{
			"from": [7.499, 18.63566, 9.43116],
			"to": [8.501, 19.63766, 10.18316],
			"rotation": {"angle": -22.5, "axis": "x", "origin": [8, 19.56979, 9.84601]},
			"faces": {
				"north": {"uv": [9, 6, 10, 7], "rotation": 270, "texture": "#0"},
				"east": {"uv": [9, 6, 10, 7], "rotation": 270, "texture": "#0"},
				"south": {"uv": [9, 6, 10, 7], "rotation": 270, "texture": "#0"},
				"west": {"uv": [9, 6, 10, 7], "rotation": 270, "texture": "#0"},
				"up": {"uv": [9, 6, 10, 7], "rotation": 270, "texture": "#0"},
				"down": {"uv": [9, 6, 10, 7], "rotation": 270, "texture": "#0"}
			}
		},
		{
			"from": [7.501, 15.65963, 6.679],
			"to": [8.501, 16.40963, 7.679],
			"rotation": {"angle": 22.5, "axis": "x", "origin": [8.001, 16.18808, 8.00131]},
			"faces": {
				"north": {"uv": [8, 15, 7, 16], "rotation": 180, "texture": "#0"},
				"east": {"uv": [8, 15, 7, 16], "rotation": 180, "texture": "#0"},
				"south": {"uv": [8, 15, 7, 16], "rotation": 180, "texture": "#0"},
				"west": {"uv": [8, 15, 7, 16], "rotation": 180, "texture": "#0"},
				"up": {"uv": [7, 16, 8, 15], "rotation": 180, "texture": "#0"},
				"down": {"uv": [7, 16, 8, 15], "rotation": 180, "texture": "#0"}
			}
		},
		{
			"from": [7.501, 15.65963, 8.321],
			"to": [8.501, 16.40963, 9.321],
			"rotation": {"angle": -22.5, "axis": "x", "origin": [8.001, 16.18808, 7.99869]},
			"faces": {
				"north": {"uv": [7, 15, 8, 16], "rotation": 180, "texture": "#0"},
				"east": {"uv": [7, 15, 8, 16], "rotation": 180, "texture": "#0"},
				"south": {"uv": [7, 15, 8, 16], "rotation": 180, "texture": "#0"},
				"west": {"uv": [7, 15, 8, 16], "rotation": 180, "texture": "#0"},
				"up": {"uv": [7, 15, 8, 16], "rotation": 180, "texture": "#0"},
				"down": {"uv": [7, 15, 8, 16], "rotation": 180, "texture": "#0"}
			}
		},
		{
			"from": [8, 11.25, 1],
			"to": [8.01, 25.25, 15],
			"rotation": {"angle": 0, "axis": "y", "origin": [16, 19.25, 7]},
			"faces": {
				"north": {"uv": [0.02, 0, 0, 16], "texture": "#2"},
				"east": {"uv": [0, 0, 16, 16], "texture": "#2"},
				"south": {"uv": [0.02, 0, 0, 16], "texture": "#2"},
				"west": {"uv": [16, 0, 0, 16], "texture": "#2"},
				"up": {"uv": [0, 16, 0.02, 0], "texture": "#2"},
				"down": {"uv": [0, 16, 0.02, 0], "texture": "#2"}
			}
		}
	],
	"display": {
		"thirdperson_righthand": {
			"translation": [0, 4, 1]
		},
		"thirdperson_lefthand": {
			"translation": [0, 4, 1]
		},
		"firstperson_righthand": {
			"rotation": [-15, 9, 0],
			"translation": [1.25, 1.75, 0.75],
			"scale": [0.8, 0.8, 0.8]
		},
		"firstperson_lefthand": {
			"rotation": [-15, 9, 0],
			"translation": [1.25, 1.75, 0.75],
			"scale": [0.8, 0.8, 0.8]
		},
		"ground": {
			"rotation": [45, -45, 0],
			"translation": [0, 7, 0],
			"scale": [0.8, 0.8, 0.8]
		},
		"gui": {
			"rotation": [63, 38, -61],
			"translation": [-1, -0.5, 0],
			"scale": [0.9, 0.9, 0.9]
		},
		"head": {
			"rotation": [-46, -22, -22],
			"translation": [0, 43, 0],
			"scale": [3, 3, 3]
		},
		"fixed": {
			"rotation": [0, 0, -90],
			"translation": [0.75, -4.25, -0.75],
			"scale": [1.1, 1.1, 1.1]
		}
	},
	"groups": [0, 1, 2, 3, 4, 5, 6, 7, 8, 9, 10, 11, 12, 13, 14, 15, 16, 17, 18, 19, 20, 21, 22,
		{
			"name": "weathered",
			"origin": [8, 8, 8],
			"children": [23, 24, 25, 26, 27, 28, 29, 30, 31, 32, 33, 34, 35, 36, 37, 38, 39]
		}, 40, 41, 42, 43, 44, 45, 46, 47, 48, 49, 50, 51, 52, 53, 54, 55]
}