{
	"credit": "Made with Blockbench",
	"textures": {
		"0": "skins/astraea",
		"1": "skins/air_swirl2",
		"2": "skins/pzealot_leather",
		"particle": "skins/air_swirl2"
	},
	"elements": [
		{
			"from": [7.25918, 13.52322, 7.2567],
			"to": [8.75918, 15.02322, 8.7567],
			"rotation": {"angle": 45, "axis": "x", "origin": [8.00918, 14.27322, 8.0067]},
			"faces": {
				"north": {"uv": [7, 13, 8.5, 14.5], "texture": "#0"},
				"east": {"uv": [7.5, 13.5, 9, 15], "rotation": 90, "texture": "#0"},
				"south": {"uv": [9.5, 14.5, 11, 16], "texture": "#0"},
				"west": {"uv": [8.5, 13.5, 10, 15], "texture": "#0"},
				"up": {"uv": [7, 13.5, 8.5, 15], "texture": "#0"},
				"down": {"uv": [9.5, 14.5, 11, 16], "rotation": 180, "texture": "#0"}
			}
		},
		{
			"from": [7.25918, -4.97678, 7.2567],
			"to": [8.75918, -3.47678, 8.7567],
			"rotation": {"angle": -45, "axis": "z", "origin": [8.00918, -4.22678, 8.0067]},
			"faces": {
				"north": {"uv": [7.5, 13.5, 9, 15], "rotation": 90, "texture": "#0"},
				"east": {"uv": [9.5, 14.5, 11, 16], "texture": "#0"},
				"south": {"uv": [8.5, 13.5, 10, 15], "texture": "#0"},
				"west": {"uv": [7, 13, 8.5, 14.5], "texture": "#0"},
				"up": {"uv": [7, 13.5, 8.5, 15], "rotation": 270, "texture": "#0"},
				"down": {"uv": [9.5, 14.5, 11, 16], "rotation": 270, "texture": "#0"}
			}
		},
		{
			"from": [7.71774, 15.27687, 5.71688],
			"to": [8.29574, 16.25487, 6.29488],
			"rotation": {"angle": -45, "axis": "x", "origin": [8.00674, 15.41587, 5.50588]},
			"faces": {
				"north": {"uv": [14, 7.5, 13, 8], "rotation": 90, "texture": "#0"},
				"east": {"uv": [14, 7.5, 13, 8], "rotation": 90, "texture": "#0"},
				"south": {"uv": [14, 7.5, 13, 8], "rotation": 90, "texture": "#0"},
				"west": {"uv": [14, 7.5, 13, 8], "rotation": 90, "texture": "#0"},
				"up": {"uv": [14, 7.5, 13, 8], "rotation": 180, "texture": "#0"},
				"down": {"uv": [14, 7.5, 13.5, 8], "texture": "#0"}
			}
		},
		{
			"from": [7.71774, 15.27687, 9.70512],
			"to": [8.29574, 16.25487, 10.28312],
			"rotation": {"angle": 45, "axis": "x", "origin": [8.00674, 15.41587, 10.49412]},
			"faces": {
				"north": {"uv": [14, 8, 13, 7.5], "rotation": 90, "texture": "#0"},
				"east": {"uv": [14, 8, 13, 7.5], "rotation": 90, "texture": "#0"},
				"south": {"uv": [14, 8, 13, 7.5], "rotation": 90, "texture": "#0"},
				"west": {"uv": [14, 8, 13, 7.5], "rotation": 90, "texture": "#0"},
				"up": {"uv": [14, 8, 13, 7.5], "rotation": 180, "texture": "#0"},
				"down": {"uv": [14, 8, 13.5, 7.5], "texture": "#0"}
			}
		},
		{
			"from": [7.45157, 19.14131, 4.05348],
			"to": [8.55157, 20.64131, 4.65348],
			"rotation": {"angle": -45, "axis": "x", "origin": [8.02741, 19.31361, 4.69778]},
			"faces": {
				"north": {"uv": [15.5, 9.5, 14, 10], "rotation": 270, "texture": "#0"},
				"east": {"uv": [15.5, 9.5, 14, 10], "rotation": 270, "texture": "#0"},
				"south": {"uv": [15.5, 9.5, 14, 10], "rotation": 270, "texture": "#0"},
				"west": {"uv": [15.5, 9.5, 14, 10], "rotation": 270, "texture": "#0"},
				"up": {"uv": [15.5, 9.5, 14, 10], "texture": "#0"},
				"down": {"uv": [15.5, 9.5, 14, 10], "rotation": 180, "texture": "#0"}
			}
		},
		{
			"from": [7.45157, 19.14131, 11.34652],
			"to": [8.55157, 20.64131, 11.94652],
			"rotation": {"angle": 45, "axis": "x", "origin": [8.02741, 19.31361, 11.30222]},
			"faces": {
				"north": {"uv": [15.5, 10, 14, 9.5], "rotation": 270, "texture": "#0"},
				"east": {"uv": [15.5, 10, 14, 9.5], "rotation": 270, "texture": "#0"},
				"south": {"uv": [15.5, 10, 14, 9.5], "rotation": 270, "texture": "#0"},
				"west": {"uv": [15.5, 10, 14, 9.5], "rotation": 270, "texture": "#0"},
				"up": {"uv": [15.5, 10, 14, 9.5], "texture": "#0"},
				"down": {"uv": [15.5, 10, 14, 9.5], "rotation": 180, "texture": "#0"}
			}
		},
		{
			"from": [7.45157, 20.41459, 5.45405],
			"to": [8.55157, 21.01459, 6.95405],
			"rotation": {"angle": 22.5, "axis": "x", "origin": [8.00138, 20.9394, 5.35299]},
			"faces": {
				"north": {"uv": [15.5, 9.5, 14, 10], "rotation": 180, "texture": "#0"},
				"east": {"uv": [15.5, 9.5, 14, 10], "texture": "#0"},
				"south": {"uv": [15.5, 9.5, 14, 10], "rotation": 180, "texture": "#0"},
				"west": {"uv": [15.5, 9.5, 14, 10], "rotation": 180, "texture": "#0"},
				"up": {"uv": [15.5, 9.5, 14, 10], "rotation": 270, "texture": "#0"},
				"down": {"uv": [15.5, 9.5, 14, 10], "rotation": 90, "texture": "#0"}
			}
		},
		{
			"from": [7.45157, 20.41459, 9.04595],
			"to": [8.55157, 21.01459, 10.54595],
			"rotation": {"angle": -22.5, "axis": "x", "origin": [8.00138, 20.9394, 10.64701]},
			"faces": {
				"north": {"uv": [14, 9.5, 15.5, 10], "rotation": 180, "texture": "#0"},
				"east": {"uv": [14, 9.5, 15.5, 10], "texture": "#0"},
				"south": {"uv": [14, 9.5, 15.5, 10], "rotation": 180, "texture": "#0"},
				"west": {"uv": [14, 9.5, 15.5, 10], "rotation": 180, "texture": "#0"},
				"up": {"uv": [14, 9.5, 15.5, 10], "rotation": 270, "texture": "#0"},
				"down": {"uv": [14, 9.5, 15.5, 10], "rotation": 90, "texture": "#0"}
			}
		},
		{
			"from": [7.50157, 17.98386, 4.2918],
			"to": [8.50157, 19.48386, 4.8918],
			"rotation": {"angle": 0, "axis": "z", "origin": [7.97327, 18.43304, 5.08689]},
			"faces": {
				"north": {"uv": [15, 10, 13.5, 9.5], "rotation": 90, "texture": "#0"},
				"east": {"uv": [15, 10, 13.5, 9.5], "rotation": 90, "texture": "#0"},
				"south": {"uv": [15, 10, 13.5, 9.5], "rotation": 90, "texture": "#0"},
				"west": {"uv": [15, 10, 13.5, 9.5], "rotation": 90, "texture": "#0"},
				"up": {"uv": [15, 10, 13.5, 9.5], "rotation": 90, "texture": "#0"},
				"down": {"uv": [15, 10, 13.5, 9.5], "rotation": 90, "texture": "#0"}
			}
		},
		{
			"from": [7.50157, 17.98386, 11.1082],
			"to": [8.50157, 19.48386, 11.7082],
			"rotation": {"angle": 0, "axis": "z", "origin": [7.97327, 18.43304, 10.91311]},
			"faces": {
				"north": {"uv": [15, 9.5, 13.5, 10], "rotation": 90, "texture": "#0"},
				"east": {"uv": [15, 9.5, 13.5, 10], "rotation": 90, "texture": "#0"},
				"south": {"uv": [15, 9.5, 13.5, 10], "rotation": 90, "texture": "#0"},
				"west": {"uv": [15, 9.5, 13.5, 10], "rotation": 90, "texture": "#0"},
				"up": {"uv": [13.5, 10, 15, 9.5], "rotation": 90, "texture": "#0"},
				"down": {"uv": [13.5, 10, 15, 9.5], "rotation": 90, "texture": "#0"}
			}
		},
		{
			"from": [7.3518, 18.65257, 4.61046],
			"to": [8.6518, 19.25257, 6.11046],
			"rotation": {"angle": 22.5, "axis": "x", "origin": [8.02741, 19.31361, 4.69778]},
			"faces": {
				"north": {"uv": [14.5, 10, 16, 10.5], "texture": "#0"},
				"east": {"uv": [14.5, 10, 16, 10.5], "rotation": 180, "texture": "#0"},
				"south": {"uv": [14.5, 10, 16, 10.5], "texture": "#0"},
				"west": {"uv": [14.5, 10, 16, 10.5], "texture": "#0"},
				"up": {"uv": [14.5, 10, 16, 10.5], "rotation": 90, "texture": "#0"},
				"down": {"uv": [14.5, 10, 16, 10.5], "rotation": 270, "texture": "#0"}
			}
		},
		{
			"from": [7.3518, 18.65257, 9.88954],
			"to": [8.6518, 19.25257, 11.38954],
			"rotation": {"angle": -22.5, "axis": "x", "origin": [8.02741, 19.31361, 11.30222]},
			"faces": {
				"north": {"uv": [16, 10, 14.5, 10.5], "texture": "#0"},
				"east": {"uv": [16, 10, 14.5, 10.5], "rotation": 180, "texture": "#0"},
				"south": {"uv": [16, 10, 14.5, 10.5], "texture": "#0"},
				"west": {"uv": [16, 10, 14.5, 10.5], "texture": "#0"},
				"up": {"uv": [16, 10, 14.5, 10.5], "rotation": 90, "texture": "#0"},
				"down": {"uv": [16, 10, 14.5, 10.5], "rotation": 270, "texture": "#0"}
			}
		},
		{
			"from": [7.6018, 19.09967, 3.95035],
			"to": [8.4018, 20.59967, 4.55035],
			"rotation": {"angle": 22.5, "axis": "x", "origin": [7.97327, 18.43304, 5.08689]},
			"faces": {
				"north": {"uv": [14, 9.5, 15.5, 9], "rotation": 90, "texture": "#0"},
				"east": {"uv": [14, 9.5, 15.5, 9], "rotation": 90, "texture": "#0"},
				"south": {"uv": [14, 9.5, 15.5, 9], "rotation": 90, "texture": "#0"},
				"west": {"uv": [14, 9.5, 15.5, 9], "rotation": 90, "texture": "#0"},
				"up": {"uv": [14, 9.5, 15.5, 9], "rotation": 90, "texture": "#0"},
				"down": {"uv": [14, 9.5, 15.5, 9], "rotation": 90, "texture": "#0"}
			}
		},
		{
			"from": [7.6018, 19.09967, 11.44965],
			"to": [8.4018, 20.59967, 12.04965],
			"rotation": {"angle": -22.5, "axis": "x", "origin": [7.97327, 18.43304, 10.91311]},
			"faces": {
				"north": {"uv": [14, 9, 15.5, 9.5], "rotation": 90, "texture": "#0"},
				"east": {"uv": [14, 9, 15.5, 9.5], "rotation": 90, "texture": "#0"},
				"south": {"uv": [14, 9, 15.5, 9.5], "rotation": 90, "texture": "#0"},
				"west": {"uv": [14, 9, 15.5, 9.5], "rotation": 90, "texture": "#0"},
				"up": {"uv": [15.5, 9.5, 14, 9], "rotation": 90, "texture": "#0"},
				"down": {"uv": [15.5, 9.5, 14, 9], "rotation": 90, "texture": "#0"}
			}
		},
		{
			"from": [7.55619, 20.5667, 4.93999],
			"to": [8.44619, 22.0567, 5.52999],
			"rotation": {"angle": -45, "axis": "x", "origin": [8.00138, 20.9394, 5.35299]},
			"faces": {
				"north": {"uv": [13.5, 8, 14.5, 8.5], "rotation": 90, "texture": "#0"},
				"east": {"uv": [13.5, 8, 14.5, 8.5], "rotation": 90, "texture": "#0"},
				"south": {"uv": [13.5, 8, 14.5, 8.5], "rotation": 90, "texture": "#0"},
				"west": {"uv": [13.5, 8, 14.5, 8.5], "rotation": 90, "texture": "#0"},
				"up": {"uv": [13.5, 8, 13.795, 8.445], "rotation": 90, "texture": "#0"},
				"down": {"uv": [13.5, 8, 14.5, 8.5], "rotation": 90, "texture": "#0"}
			}
		},
		{
			"from": [7.55619, 20.5667, 10.47001],
			"to": [8.44619, 22.0567, 11.06001],
			"rotation": {"angle": 45, "axis": "x", "origin": [8.00138, 20.9394, 10.64701]},
			"faces": {
				"north": {"uv": [13.5, 8.5, 14.5, 8], "rotation": 90, "texture": "#0"},
				"east": {"uv": [13.5, 8.5, 14.5, 8], "rotation": 90, "texture": "#0"},
				"south": {"uv": [13.5, 8.5, 14.5, 8], "rotation": 90, "texture": "#0"},
				"west": {"uv": [13.5, 8.5, 14.5, 8], "rotation": 90, "texture": "#0"},
				"up": {"uv": [13.795, 8, 13.5, 8.445], "rotation": 90, "texture": "#0"},
				"down": {"uv": [14.5, 8, 13.5, 8.5], "rotation": 90, "texture": "#0"}
			}
		},
		{
			"from": [7.55619, 20.26905, 3.61913],
			"to": [8.44619, 21.75905, 4.20913],
			"rotation": {"angle": -22.5, "axis": "x", "origin": [8.02741, 19.31361, 4.69778]},
			"faces": {
				"north": {"uv": [13.5, 8, 14.5, 8.5], "rotation": 90, "texture": "#0"},
				"east": {"uv": [13.5, 8, 14.5, 8.5], "rotation": 90, "texture": "#0"},
				"south": {"uv": [13.5, 8, 14.5, 8.5], "rotation": 90, "texture": "#0"},
				"west": {"uv": [13.5, 8, 14.5, 8.5], "rotation": 90, "texture": "#0"},
				"up": {"uv": [13.5, 8, 13.795, 8.445], "rotation": 90, "texture": "#0"},
				"down": {"uv": [13.5, 8, 14.5, 8.5], "rotation": 90, "texture": "#0"}
			}
		},
		{
			"from": [7.55619, 20.26905, 11.79087],
			"to": [8.44619, 21.75905, 12.38087],
			"rotation": {"angle": 22.5, "axis": "x", "origin": [8.02741, 19.31361, 11.30222]},
			"faces": {
				"north": {"uv": [13.5, 8.5, 14.5, 8], "rotation": 90, "texture": "#0"},
				"east": {"uv": [13.5, 8.5, 14.5, 8], "rotation": 90, "texture": "#0"},
				"south": {"uv": [13.5, 8.5, 14.5, 8], "rotation": 90, "texture": "#0"},
				"west": {"uv": [13.5, 8.5, 14.5, 8], "rotation": 90, "texture": "#0"},
				"up": {"uv": [13.795, 8, 13.5, 8.445], "rotation": 90, "texture": "#0"},
				"down": {"uv": [14.5, 8, 13.5, 8.5], "rotation": 90, "texture": "#0"}
			}
		},
		{
			"from": [7.65619, 21.27713, 4.13355],
			"to": [8.34619, 22.76713, 4.62355],
			"rotation": {"angle": -22.5, "axis": "x", "origin": [8.00119, 21.82213, 3.97855]},
			"faces": {
				"north": {"uv": [13.5, 8.5, 12.5, 8], "rotation": 270, "texture": "#0"},
				"east": {"uv": [13.5, 8, 12.5, 7.5], "rotation": 270, "texture": "#0"},
				"south": {"uv": [13.5, 8.5, 12.5, 8], "rotation": 270, "texture": "#0"},
				"west": {"uv": [13.5, 8, 12.5, 7.5], "rotation": 270, "texture": "#0"},
				"up": {"uv": [12.5, 8, 12.745, 8.345], "rotation": 270, "texture": "#0"},
				"down": {"uv": [12.5, 8, 13.5, 8.5], "rotation": 270, "texture": "#0"}
			}
		},
		{
			"from": [7.65619, 21.27713, 11.37645],
			"to": [8.34619, 22.76713, 11.86645],
			"rotation": {"angle": 22.5, "axis": "x", "origin": [8.00119, 21.82213, 12.02145]},
			"faces": {
				"north": {"uv": [13.5, 8, 12.5, 8.5], "rotation": 270, "texture": "#0"},
				"east": {"uv": [13.5, 7.5, 12.5, 8], "rotation": 270, "texture": "#0"},
				"south": {"uv": [13.5, 8, 12.5, 8.5], "rotation": 270, "texture": "#0"},
				"west": {"uv": [13.5, 7.5, 12.5, 8], "rotation": 270, "texture": "#0"},
				"up": {"uv": [12.745, 8, 12.5, 8.345], "rotation": 270, "texture": "#0"},
				"down": {"uv": [13.5, 8, 12.5, 8.5], "rotation": 270, "texture": "#0"}
			}
		},
		{
			"from": [7.60619, 16.32734, 4.18507],
			"to": [8.39619, 18.31734, 4.77507],
			"rotation": {"angle": -22.5, "axis": "x", "origin": [7.97327, 18.43304, 5.08689]},
			"faces": {
				"north": {"uv": [13.5, 8.5, 15, 8], "rotation": 270, "texture": "#0"},
				"east": {"uv": [13.5, 8.5, 15, 8], "rotation": 270, "texture": "#0"},
				"south": {"uv": [13.5, 8.5, 15, 8], "rotation": 270, "texture": "#0"},
				"west": {"uv": [13.5, 8.5, 15, 8], "rotation": 270, "texture": "#0"},
				"up": {"uv": [13.5, 8.5, 15, 8], "texture": "#0"},
				"down": {"uv": [13.5, 8.5, 15, 8], "rotation": 180, "texture": "#0"}
			}
		},
		{
			"from": [7.60619, 16.32734, 11.22493],
			"to": [8.39619, 18.31734, 11.81493],
			"rotation": {"angle": 22.5, "axis": "x", "origin": [7.97327, 18.43304, 10.91311]},
			"faces": {
				"north": {"uv": [13.5, 8, 15, 8.5], "rotation": 270, "texture": "#0"},
				"east": {"uv": [13.5, 8, 15, 8.5], "rotation": 270, "texture": "#0"},
				"south": {"uv": [13.5, 8, 15, 8.5], "rotation": 270, "texture": "#0"},
				"west": {"uv": [13.5, 8, 15, 8.5], "rotation": 270, "texture": "#0"},
				"up": {"uv": [13.5, 8, 15, 8.5], "texture": "#0"},
				"down": {"uv": [13.5, 8, 15, 8.5], "rotation": 180, "texture": "#0"}
			}
		},
		{
			"from": [7.35338, 17.91468, 5.56254],
			"to": [8.65338, 18.91468, 6.16254],
			"rotation": {"angle": -45, "axis": "x", "origin": [8.00552, 18.33969, 8.00366]},
			"faces": {
				"north": {"uv": [14.5, 10, 13.5, 10.5], "rotation": 90, "texture": "#0"},
				"east": {"uv": [14.5, 10, 13.5, 10.5], "rotation": 90, "texture": "#0"},
				"south": {"uv": [14.5, 10, 13.5, 10.5], "rotation": 90, "texture": "#0"},
				"west": {"uv": [14.5, 10, 13.5, 10.5], "rotation": 90, "texture": "#0"},
				"up": {"uv": [14.5, 10, 13.5, 10.5], "rotation": 90, "texture": "#0"},
				"down": {"uv": [14.5, 10, 13.5, 10.5], "rotation": 90, "texture": "#0"}
			}
		},
		{
			"from": [9.57878, 17.80203, 7.34741],
			"to": [10.17878, 18.80203, 8.64741],
			"rotation": {"angle": -45, "axis": "z", "origin": [8.00582, 17.96425, 7.99986]},
			"faces": {
				"north": {"uv": [14.5, 10, 13.5, 10.5], "rotation": 90, "texture": "#0"},
				"east": {"uv": [14.5, 10, 13.5, 10.5], "rotation": 90, "texture": "#0"},
				"south": {"uv": [14.5, 10, 13.5, 10.5], "rotation": 90, "texture": "#0"},
				"west": {"uv": [14.5, 10, 13.5, 10.5], "rotation": 90, "texture": "#0"},
				"up": {"uv": [14.5, 10, 13.5, 10.5], "rotation": 180, "texture": "#0"},
				"down": {"uv": [14.5, 10, 13.5, 10.5], "texture": "#0"}
			}
		},
		{
			"from": [7.35338, 17.91468, 9.83746],
			"to": [8.65338, 18.91468, 10.43746],
			"rotation": {"angle": 45, "axis": "x", "origin": [8.00552, 18.33969, 7.99634]},
			"faces": {
				"north": {"uv": [14.5, 10.5, 13.5, 10], "rotation": 90, "texture": "#0"},
				"east": {"uv": [14.5, 10.5, 13.5, 10], "rotation": 90, "texture": "#0"},
				"south": {"uv": [14.5, 10.5, 13.5, 10], "rotation": 90, "texture": "#0"},
				"west": {"uv": [14.5, 10.5, 13.5, 10], "rotation": 90, "texture": "#0"},
				"up": {"uv": [13.5, 10, 14.5, 10.5], "rotation": 90, "texture": "#0"},
				"down": {"uv": [13.5, 10, 14.5, 10.5], "rotation": 90, "texture": "#0"}
			}
		},
		{
			"from": [5.83266, 17.80223, 7.34741],
			"to": [6.43266, 18.80223, 8.64741],
			"rotation": {"angle": 45, "axis": "z", "origin": [8.00582, 17.96425, 7.99986]},
			"faces": {
				"north": {"uv": [14.5, 10.5, 13.5, 10], "rotation": 90, "texture": "#0"},
				"east": {"uv": [14.5, 10.5, 13.5, 10], "rotation": 90, "texture": "#0"},
				"south": {"uv": [14.5, 10.5, 13.5, 10], "rotation": 90, "texture": "#0"},
				"west": {"uv": [14.5, 10.5, 13.5, 10], "rotation": 90, "texture": "#0"},
				"up": {"uv": [13.5, 10, 14.5, 10.5], "rotation": 180, "texture": "#0"},
				"down": {"uv": [13.5, 10, 14.5, 10.5], "texture": "#0"}
			}
		},
		{
			"from": [7.36323, 20.32136, 7.57961],
			"to": [8.66323, 20.92136, 8.67961],
			"rotation": {"angle": -45, "axis": "x", "origin": [8.00552, 18.33969, 8.00366]},
			"faces": {
				"north": {"uv": [14.5, 10, 15.5, 9.5], "texture": "#0"},
				"east": {"uv": [14.5, 10, 15.5, 9.5], "rotation": 180, "texture": "#0"},
				"south": {"uv": [14.5, 10, 15.5, 9.5], "texture": "#0"},
				"west": {"uv": [14.5, 10, 15.5, 9.5], "texture": "#0"},
				"up": {"uv": [14.5, 10, 15.5, 9.5], "rotation": 90, "texture": "#0"},
				"down": {"uv": [14.5, 10, 15.5, 9.5], "rotation": 270, "texture": "#0"}
			}
		},
		{
			"from": [7.06171, 20.20871, 7.35726],
			"to": [8.16171, 20.80871, 8.65726],
			"rotation": {"angle": -45, "axis": "z", "origin": [8.00582, 17.96425, 7.99986]},
			"faces": {
				"north": {"uv": [14.5, 10, 15.5, 9.5], "texture": "#0"},
				"east": {"uv": [14.5, 10, 15.5, 9.5], "texture": "#0"},
				"south": {"uv": [14.5, 10, 15.5, 9.5], "rotation": 180, "texture": "#0"},
				"west": {"uv": [14.5, 10, 15.5, 9.5], "texture": "#0"},
				"up": {"uv": [14.5, 10, 15.5, 9.5], "rotation": 180, "texture": "#0"},
				"down": {"uv": [14.5, 10, 15.5, 9.5], "rotation": 180, "texture": "#0"}
			}
		},
		{
			"from": [7.36323, 20.32136, 7.32039],
			"to": [8.66323, 20.92136, 8.42039],
			"rotation": {"angle": 45, "axis": "x", "origin": [8.00552, 18.33969, 7.99634]},
			"faces": {
				"north": {"uv": [15.5, 10, 14.5, 9.5], "texture": "#0"},
				"east": {"uv": [15.5, 10, 14.5, 9.5], "rotation": 180, "texture": "#0"},
				"south": {"uv": [15.5, 10, 14.5, 9.5], "texture": "#0"},
				"west": {"uv": [15.5, 10, 14.5, 9.5], "texture": "#0"},
				"up": {"uv": [15.5, 10, 14.5, 9.5], "rotation": 90, "texture": "#0"},
				"down": {"uv": [15.5, 10, 14.5, 9.5], "rotation": 270, "texture": "#0"}
			}
		},
		{
			"from": [7.84973, 20.20891, 7.35726],
			"to": [8.94973, 20.80891, 8.65726],
			"rotation": {"angle": 45, "axis": "z", "origin": [8.00582, 17.96425, 7.99986]},
			"faces": {
				"north": {"uv": [15.5, 10, 14.5, 9.5], "texture": "#0"},
				"east": {"uv": [15.5, 10, 14.5, 9.5], "texture": "#0"},
				"south": {"uv": [15.5, 10, 14.5, 9.5], "rotation": 180, "texture": "#0"},
				"west": {"uv": [15.5, 10, 14.5, 9.5], "texture": "#0"},
				"up": {"uv": [15.5, 10, 14.5, 9.5], "rotation": 180, "texture": "#0"},
				"down": {"uv": [15.5, 10, 14.5, 9.5], "rotation": 180, "texture": "#0"}
			}
		},
		{
			"from": [7.35603, 17.94449, 5.49139],
			"to": [8.65603, 18.94449, 6.09139],
			"rotation": {"angle": 0, "axis": "z", "origin": [8.00552, 18.33969, 8.00366]},
			"faces": {
				"north": {"uv": [15, 10.5, 16, 10], "rotation": 270, "texture": "#0"},
				"east": {"uv": [15, 10.5, 16, 10], "rotation": 270, "texture": "#0"},
				"south": {"uv": [15, 10.5, 16, 10], "rotation": 270, "texture": "#0"},
				"west": {"uv": [15, 10.5, 16, 10], "rotation": 270, "texture": "#0"},
				"up": {"uv": [15, 10.5, 16, 10], "rotation": 270, "texture": "#0"},
				"down": {"uv": [15, 10.5, 16, 10], "rotation": 270, "texture": "#0"}
			}
		},
		{
			"from": [9.91429, 17.94449, 7.35006],
			"to": [10.51429, 18.94449, 8.65006],
			"rotation": {"angle": 0, "axis": "z", "origin": [8.00582, 17.96425, 7.99986]},
			"faces": {
				"north": {"uv": [15, 10.5, 16, 10], "rotation": 270, "texture": "#0"},
				"east": {"uv": [15, 10.5, 16, 10], "rotation": 270, "texture": "#0"},
				"south": {"uv": [15, 10.5, 16, 10], "rotation": 270, "texture": "#0"},
				"west": {"uv": [15, 10.5, 16, 10], "rotation": 270, "texture": "#0"},
				"up": {"uv": [15, 10.5, 16, 10], "texture": "#0"},
				"down": {"uv": [15, 10.5, 16, 10], "rotation": 180, "texture": "#0"}
			}
		},
		{
			"from": [7.35603, 17.94449, 9.90861],
			"to": [8.65603, 18.94449, 10.50861],
			"rotation": {"angle": 0, "axis": "z", "origin": [8.00552, 18.33969, 7.99634]},
			"faces": {
				"north": {"uv": [15, 10, 16, 10.5], "rotation": 270, "texture": "#0"},
				"east": {"uv": [15, 10, 16, 10.5], "rotation": 270, "texture": "#0"},
				"south": {"uv": [15, 10, 16, 10.5], "rotation": 270, "texture": "#0"},
				"west": {"uv": [15, 10, 16, 10.5], "rotation": 270, "texture": "#0"},
				"up": {"uv": [16, 10.5, 15, 10], "rotation": 270, "texture": "#0"},
				"down": {"uv": [16, 10.5, 15, 10], "rotation": 270, "texture": "#0"}
			}
		},
		{
			"from": [5.49707, 17.94449, 7.35006],
			"to": [6.09707, 18.94449, 8.65006],
			"rotation": {"angle": 0, "axis": "z", "origin": [8.00582, 17.96425, 7.99986]},
			"faces": {
				"north": {"uv": [15, 10, 16, 10.5], "rotation": 270, "texture": "#0"},
				"east": {"uv": [15, 10, 16, 10.5], "rotation": 270, "texture": "#0"},
				"south": {"uv": [15, 10, 16, 10.5], "rotation": 270, "texture": "#0"},
				"west": {"uv": [15, 10, 16, 10.5], "rotation": 270, "texture": "#0"},
				"up": {"uv": [16, 10.5, 15, 10], "texture": "#0"},
				"down": {"uv": [16, 10.5, 15, 10], "rotation": 180, "texture": "#0"}
			}
		},
		{
			"from": [7.35378, 17.93654, 5.52857],
			"to": [8.65378, 18.93654, 6.12857],
			"rotation": {"angle": -22.5, "axis": "x", "origin": [8.00552, 18.33969, 8.00366]},
			"faces": {
				"north": {"uv": [14.5, 10.5, 15.5, 10], "rotation": 270, "texture": "#0"},
				"east": {"uv": [14.5, 10.5, 15.5, 10], "rotation": 270, "texture": "#0"},
				"south": {"uv": [14.5, 10.5, 15.5, 10], "rotation": 270, "texture": "#0"},
				"west": {"uv": [14.5, 10.5, 15.5, 10], "rotation": 270, "texture": "#0"},
				"up": {"uv": [14.5, 10.5, 15.5, 10], "rotation": 270, "texture": "#0"},
				"down": {"uv": [14.5, 10.5, 15.5, 10], "rotation": 270, "texture": "#0"}
			}
		},
		{
			"from": [9.73372, 17.90651, 7.34781],
			"to": [10.33372, 18.90651, 8.64781],
			"rotation": {"angle": -22.5, "axis": "z", "origin": [8.00582, 17.96425, 7.99986]},
			"faces": {
				"north": {"uv": [14.5, 10.5, 15.5, 10], "rotation": 270, "texture": "#0"},
				"east": {"uv": [14.5, 10.5, 15.5, 10], "rotation": 270, "texture": "#0"},
				"south": {"uv": [14.5, 10.5, 15.5, 10], "rotation": 270, "texture": "#0"},
				"west": {"uv": [14.5, 10.5, 15.5, 10], "rotation": 270, "texture": "#0"},
				"up": {"uv": [14.5, 10.5, 15.5, 10], "texture": "#0"},
				"down": {"uv": [14.5, 10.5, 15.5, 10], "rotation": 180, "texture": "#0"}
			}
		},
		{
			"from": [7.35378, 17.93654, 9.87143],
			"to": [8.65378, 18.93654, 10.47143],
			"rotation": {"angle": 22.5, "axis": "x", "origin": [8.00552, 18.33969, 7.99634]},
			"faces": {
				"north": {"uv": [14.5, 10, 15.5, 10.5], "rotation": 270, "texture": "#0"},
				"east": {"uv": [14.5, 10, 15.5, 10.5], "rotation": 270, "texture": "#0"},
				"south": {"uv": [14.5, 10, 15.5, 10.5], "rotation": 270, "texture": "#0"},
				"west": {"uv": [14.5, 10, 15.5, 10.5], "rotation": 270, "texture": "#0"},
				"up": {"uv": [15.5, 10.5, 14.5, 10], "rotation": 270, "texture": "#0"},
				"down": {"uv": [15.5, 10.5, 14.5, 10], "rotation": 270, "texture": "#0"}
			}
		},
		{
			"from": [5.67765, 17.90662, 7.34781],
			"to": [6.27765, 18.90662, 8.64781],
			"rotation": {"angle": 22.5, "axis": "z", "origin": [8.00582, 17.96425, 7.99986]},
			"faces": {
				"north": {"uv": [14.5, 10, 15.5, 10.5], "rotation": 270, "texture": "#0"},
				"east": {"uv": [14.5, 10, 15.5, 10.5], "rotation": 270, "texture": "#0"},
				"south": {"uv": [14.5, 10, 15.5, 10.5], "rotation": 270, "texture": "#0"},
				"west": {"uv": [14.5, 10, 15.5, 10.5], "rotation": 270, "texture": "#0"},
				"up": {"uv": [15.5, 10.5, 14.5, 10], "texture": "#0"},
				"down": {"uv": [15.5, 10.5, 14.5, 10], "rotation": 180, "texture": "#0"}
			}
		},
		{
			"from": [7.35643, 17.93685, 5.45144],
			"to": [8.65643, 18.93685, 6.05144],
			"rotation": {"angle": 22.5, "axis": "x", "origin": [8.00552, 18.33969, 8.00366]},
			"faces": {
				"north": {"uv": [15, 10, 16, 9.5], "rotation": 90, "texture": "#0"},
				"east": {"uv": [15, 10, 16, 9.5], "rotation": 90, "texture": "#0"},
				"south": {"uv": [15, 10, 16, 9.5], "rotation": 90, "texture": "#0"},
				"west": {"uv": [15, 10, 16, 9.5], "rotation": 90, "texture": "#0"},
				"up": {"uv": [15, 10, 16, 9.5], "rotation": 90, "texture": "#0"},
				"down": {"uv": [15, 10, 16, 9.5], "rotation": 90, "texture": "#0"}
			}
		},
		{
			"from": [10.0982, 17.90973, 7.35046],
			"to": [10.6982, 18.90973, 8.65046],
			"rotation": {"angle": 22.5, "axis": "z", "origin": [8.00582, 17.96425, 7.99986]},
			"faces": {
				"north": {"uv": [15, 10, 16, 9.5], "rotation": 90, "texture": "#0"},
				"east": {"uv": [15, 10, 16, 9.5], "rotation": 90, "texture": "#0"},
				"south": {"uv": [15, 10, 16, 9.5], "rotation": 90, "texture": "#0"},
				"west": {"uv": [15, 10, 16, 9.5], "rotation": 90, "texture": "#0"},
				"up": {"uv": [15, 10, 16, 9.5], "rotation": 180, "texture": "#0"},
				"down": {"uv": [15, 10, 16, 9.5], "texture": "#0"}
			}
		},
		{
			"from": [7.35643, 17.93685, 9.94856],
			"to": [8.65643, 18.93685, 10.54856],
			"rotation": {"angle": -22.5, "axis": "x", "origin": [8.00552, 18.33969, 7.99634]},
			"faces": {
				"north": {"uv": [15, 9.5, 16, 10], "rotation": 90, "texture": "#0"},
				"east": {"uv": [15, 9.5, 16, 10], "rotation": 90, "texture": "#0"},
				"south": {"uv": [15, 9.5, 16, 10], "rotation": 90, "texture": "#0"},
				"west": {"uv": [15, 9.5, 16, 10], "rotation": 90, "texture": "#0"},
				"up": {"uv": [16, 10, 15, 9.5], "rotation": 90, "texture": "#0"},
				"down": {"uv": [16, 10, 15, 9.5], "rotation": 90, "texture": "#0"}
			}
		},
		{
			"from": [5.31318, 17.90962, 7.35046],
			"to": [5.91318, 18.90962, 8.65046],
			"rotation": {"angle": -22.5, "axis": "z", "origin": [8.00582, 17.96425, 7.99986]},
			"faces": {
				"north": {"uv": [15, 9.5, 16, 10], "rotation": 90, "texture": "#0"},
				"east": {"uv": [15, 9.5, 16, 10], "rotation": 90, "texture": "#0"},
				"south": {"uv": [15, 9.5, 16, 10], "rotation": 90, "texture": "#0"},
				"west": {"uv": [15, 9.5, 16, 10], "rotation": 90, "texture": "#0"},
				"up": {"uv": [16, 10, 15, 9.5], "rotation": 180, "texture": "#0"},
				"down": {"uv": [16, 10, 15, 9.5], "texture": "#0"}
			}
		},
		{
			"from": [7.35438, 15.92277, 7.46307],
			"to": [8.65238, 16.52077, 8.46107],
			"rotation": {"angle": 22.5, "axis": "x", "origin": [8.00552, 18.33969, 8.00366]},
			"faces": {
				"north": {"uv": [14, 9, 13, 9.5], "texture": "#0"},
				"east": {"uv": [14, 9, 13, 9.5], "texture": "#0"},
				"south": {"uv": [14, 9, 13, 9.5], "texture": "#0"},
				"west": {"uv": [14, 9, 13, 9.5], "texture": "#0"},
				"up": {"uv": [14, 9, 13, 9.5], "texture": "#0"},
				"down": {"uv": [14, 9, 13, 9.5], "texture": "#0"}
			}
		},
		{
			"from": [7.68857, 15.89565, 7.34841],
			"to": [8.68657, 16.49365, 8.64641],
			"rotation": {"angle": 22.5, "axis": "z", "origin": [8.00582, 17.96425, 7.99986]},
			"faces": {
				"north": {"uv": [14, 9, 13, 9.5], "texture": "#0"},
				"east": {"uv": [14, 9, 13, 9.5], "texture": "#0"},
				"south": {"uv": [14, 9, 13, 9.5], "texture": "#0"},
				"west": {"uv": [14, 9, 13, 9.5], "texture": "#0"},
				"up": {"uv": [14, 9, 13, 9.5], "rotation": 90, "texture": "#0"},
				"down": {"uv": [14, 9, 13, 9.5], "rotation": 270, "texture": "#0"}
			}
		},
		{
			"from": [7.35438, 15.92277, 7.53893],
			"to": [8.65238, 16.52077, 8.53693],
			"rotation": {"angle": -22.5, "axis": "x", "origin": [8.00552, 18.33969, 7.99634]},
			"faces": {
				"north": {"uv": [13, 9, 14, 9.5], "texture": "#0"},
				"east": {"uv": [13, 9, 14, 9.5], "texture": "#0"},
				"south": {"uv": [13, 9, 14, 9.5], "texture": "#0"},
				"west": {"uv": [13, 9, 14, 9.5], "texture": "#0"},
				"up": {"uv": [14, 9.5, 13, 9], "texture": "#0"},
				"down": {"uv": [14, 9.5, 13, 9], "texture": "#0"}
			}
		},
		{
			"from": [7.32481, 15.89554, 7.34841],
			"to": [8.32281, 16.49354, 8.64641],
			"rotation": {"angle": -22.5, "axis": "z", "origin": [8.00582, 17.96425, 7.99986]},
			"faces": {
				"north": {"uv": [13, 9, 14, 9.5], "texture": "#0"},
				"east": {"uv": [13, 9, 14, 9.5], "texture": "#0"},
				"south": {"uv": [13, 9, 14, 9.5], "texture": "#0"},
				"west": {"uv": [13, 9, 14, 9.5], "texture": "#0"},
				"up": {"uv": [14, 9.5, 13, 9], "rotation": 90, "texture": "#0"},
				"down": {"uv": [14, 9.5, 13, 9], "rotation": 270, "texture": "#0"}
			}
		},
		{
			"from": [8, 20.25, 4.5],
			"to": [8.01, 27.25, 11.5],
			"rotation": {"angle": 0, "axis": "y", "origin": [16, 28.75, 12.25]},
			"faces": {
				"north": {"uv": [0, 0, 0.005, 3.5], "texture": "#1"},
				"east": {"uv": [0, 0, 16, 16], "texture": "#1"},
				"south": {"uv": [0, 0, 0.005, 3.5], "texture": "#1"},
				"west": {"uv": [16, 0, 0, 16], "texture": "#1"},
				"up": {"uv": [0, 0, 0.005, 3.5], "texture": "#1"},
				"down": {"uv": [0, 0, 0.005, 3.5], "texture": "#1"}
			}
		},
		{
			"from": [7, 23.25, 7.5],
			"to": [9, 24.25, 8.5],
			"rotation": {"angle": 0, "axis": "y", "origin": [8, 23.75, 8]},
			"faces": {
				"north": {"uv": [9, 9, 11.5, 10], "texture": "#0"},
				"east": {"uv": [9, 9, 11.5, 10], "texture": "#0"},
				"south": {"uv": [9, 9, 11.5, 10], "texture": "#0"},
				"west": {"uv": [9, 9, 11.5, 10], "texture": "#0"},
				"up": {"uv": [9, 9, 11.5, 10], "rotation": 270, "texture": "#0"},
				"down": {"uv": [9, 9, 11.5, 10], "rotation": 90, "texture": "#0"}
			}
		},
		{
			"from": [7.25, 23, 7.25],
			"to": [8.75, 24.5, 8.75],
			"rotation": {"angle": 0, "axis": "y", "origin": [8, 23.25, 7.5]},
			"faces": {
				"north": {"uv": [9, 9, 11.5, 10], "texture": "#0"},
				"east": {"uv": [9, 9, 11.5, 10], "texture": "#0"},
				"south": {"uv": [9, 9, 11.5, 10], "texture": "#0"},
				"west": {"uv": [9, 9, 11.5, 10], "texture": "#0"},
				"up": {"uv": [9, 9, 11.5, 10], "rotation": 270, "texture": "#0"},
				"down": {"uv": [9, 9, 11.5, 10], "rotation": 90, "texture": "#0"}
			}
		},
		{
			"from": [7.5, 23.25, 7],
			"to": [8.5, 24.25, 9],
			"rotation": {"angle": 0, "axis": "y", "origin": [8, 23.75, 8]},
			"faces": {
				"north": {"uv": [9, 9, 11.5, 10], "texture": "#0"},
				"east": {"uv": [9, 9, 11.5, 10], "texture": "#0"},
				"south": {"uv": [9, 9, 11.5, 10], "texture": "#0"},
				"west": {"uv": [9, 9, 11.5, 10], "texture": "#0"},
				"up": {"uv": [9, 9, 11.5, 10], "rotation": 180, "texture": "#0"},
				"down": {"uv": [9, 9, 11.5, 10], "rotation": 180, "texture": "#0"}
			}
		},
		{
			"from": [7.5, 22.75, 7.5],
			"to": [8.5, 24.75, 8.5],
			"rotation": {"angle": 0, "axis": "y", "origin": [8, 23.75, 8]},
			"faces": {
				"north": {"uv": [9, 9, 11.5, 10], "texture": "#0"},
				"east": {"uv": [9, 9, 11.5, 10], "rotation": 270, "texture": "#0"},
				"south": {"uv": [9, 9, 11.5, 10], "rotation": 180, "texture": "#0"},
				"west": {"uv": [9, 9, 11.5, 10], "rotation": 90, "texture": "#0"},
				"up": {"uv": [9, 9, 11.5, 10], "rotation": 180, "texture": "#0"},
				"down": {"uv": [9, 9, 11.5, 10], "texture": "#0"}
			}
		},
		{
			"from": [7.45, 6.55, 7.45],
			"to": [8.55, 10.65, 8.55],
			"rotation": {"angle": 0, "axis": "y", "origin": [8, 14.6, 8]},
			"faces": {
				"north": {"uv": [8, 11.5, 9.5, 16], "texture": "#0"},
				"east": {"uv": [7, 11.5, 8.5, 16], "texture": "#0"},
				"south": {"uv": [5.5, 11.5, 7, 16], "texture": "#0"},
				"west": {"uv": [11, 11.5, 12.5, 16], "texture": "#0"},
				"up": {"uv": [11.5, 13, 13, 14.5], "texture": "#0"},
				"down": {"uv": [4.5, 13.5, 6, 15], "texture": "#0"}
			}
		},
		{
			"from": [7.35, 10.95, 7.35],
			"to": [8.65, 11.75, 8.65],
			"rotation": {"angle": 0, "axis": "y", "origin": [8, 14.6, 8]},
			"faces": {
				"north": {"uv": [8, 11.5, 9.5, 12.5], "texture": "#0"},
				"east": {"uv": [7, 11.5, 8.5, 12.5], "texture": "#0"},
				"south": {"uv": [5.5, 11.5, 7, 12.5], "texture": "#0"},
				"west": {"uv": [11, 11.5, 12.5, 12.5], "texture": "#0"},
				"up": {"uv": [11.5, 13, 13, 14.5], "texture": "#0"},
				"down": {"uv": [4.5, 13.5, 6, 15], "texture": "#0"}
			}
		},
		{
			"from": [7.35, 5.45, 7.35],
			"to": [8.65, 6.25, 8.65],
			"rotation": {"angle": 0, "axis": "x", "origin": [8, 11.35, 8]},
			"faces": {
				"north": {"uv": [11, 11.5, 12.5, 12.5], "rotation": 180, "texture": "#0"},
				"east": {"uv": [5.5, 11.5, 7, 12.5], "rotation": 180, "texture": "#0"},
				"south": {"uv": [7, 11.5, 8.5, 12.5], "rotation": 180, "texture": "#0"},
				"west": {"uv": [8, 11.5, 9.5, 12.5], "rotation": 180, "texture": "#0"},
				"up": {"uv": [4.5, 13.5, 6, 15], "rotation": 90, "texture": "#0"},
				"down": {"uv": [11.5, 13, 13, 14.5], "rotation": 270, "texture": "#0"}
			}
		},
		{
			"from": [7.45, 4.65, 7.45],
			"to": [8.55, 5.25, 8.55],
			"rotation": {"angle": 0, "axis": "y", "origin": [8, 4.95, 8]},
			"faces": {
				"north": {"uv": [5.5, 11.5, 7, 12.5], "rotation": 180, "texture": "#0"},
				"east": {"uv": [7, 11.5, 8.5, 12.5], "rotation": 180, "texture": "#0"},
				"south": {"uv": [10, 14, 11.5, 15], "rotation": 180, "texture": "#0"},
				"west": {"uv": [11, 11.5, 12.5, 12.5], "rotation": 180, "texture": "#0"},
				"up": {"uv": [4.5, 13.5, 6, 15], "texture": "#0"},
				"down": {"uv": [11.5, 13, 13, 14.5], "texture": "#0"}
			}
		},
		{
			"from": [7.55, 2.7, 7.55],
			"to": [8.45, 12.35, 8.45],
			"rotation": {"angle": 0, "axis": "y", "origin": [8, 14.6, 8]},
			"faces": {
				"north": {"uv": [13.5, 11.5, 14, 16], "rotation": 180, "texture": "#2"},
				"east": {"uv": [13.5, 11.5, 14, 16], "rotation": 180, "texture": "#2"},
				"south": {"uv": [13.5, 11.5, 14, 16], "rotation": 180, "texture": "#2"},
				"west": {"uv": [13.5, 11.5, 14, 16], "rotation": 180, "texture": "#2"},
				"up": {"uv": [13.5, 11.5, 14.4, 12.4], "rotation": 180, "texture": "#2"},
				"down": {"uv": [13.5, 11.5, 14, 16], "rotation": 180, "texture": "#2"}
			}
		},
		{
			"from": [7.65, -2.65, 7.65],
			"to": [8.35, 3.05, 8.35],
			"rotation": {"angle": 0, "axis": "y", "origin": [8, 14.6, 8]},
			"faces": {
				"north": {"uv": [13, 12.25, 13.75, 15.5], "texture": "#2"},
				"east": {"uv": [13, 12.25, 13.75, 15.5], "texture": "#2"},
				"south": {"uv": [13, 12.25, 13.75, 15.5], "texture": "#2"},
				"west": {"uv": [13, 12.25, 13.75, 15.5], "texture": "#2"},
				"up": {"uv": [13, 12.25, 13.75, 15.5], "texture": "#2"},
				"down": {"uv": [13, 12.25, 13.75, 15.5], "texture": "#2"}
			}
		},
		{
			"from": [7.6, 12.45, 7.625],
			"to": [8.4, 12.95, 8.375],
			"rotation": {"angle": 0, "axis": "y", "origin": [15.6, 20.45, 15.625]},
			"faces": {
				"north": {"uv": [15, 9.5, 15.375, 9.75], "texture": "#0"},
				"east": {"uv": [15, 9.5, 15.375, 9.75], "texture": "#0"},
				"south": {"uv": [15, 9.5, 15.375, 9.75], "texture": "#0"},
				"west": {"uv": [15, 9.5, 15.375, 9.75], "texture": "#0"},
				"up": {"uv": [15, 9.5, 15.375, 9.75], "texture": "#0"},
				"down": {"uv": [15, 9.5, 15.375, 9.75], "texture": "#0"}
			}
		},
		{
			"from": [7.625, 12.45, 7.6],
			"to": [8.375, 12.95, 8.4],
			"rotation": {"angle": 0, "axis": "y", "origin": [8, 14.33525, 8]},
			"faces": {
				"north": {"uv": [15, 9.5, 15.375, 9.75], "texture": "#0"},
				"east": {"uv": [15, 9.5, 15.375, 9.75], "texture": "#0"},
				"south": {"uv": [15, 9.5, 15.375, 9.75], "texture": "#0"},
				"west": {"uv": [15, 9.5, 15.375, 9.75], "texture": "#0"},
				"up": {"uv": [15, 9.5, 15.375, 9.75], "rotation": 90, "texture": "#0"},
				"down": {"uv": [15, 9.5, 15.375, 9.75], "rotation": 270, "texture": "#0"}
			}
		},
		{
			"from": [7.6, -2.67591, 7.62487],
			"to": [8.4, -2.17591, 8.37487],
			"rotation": {"angle": 0, "axis": "x", "origin": [8.00261, -5.68795, 7.99994]},
			"faces": {
				"north": {"uv": [15, 9.5, 15.375, 9.75], "rotation": 180, "texture": "#0"},
				"east": {"uv": [15, 9.5, 15.375, 9.75], "rotation": 180, "texture": "#0"},
				"south": {"uv": [15, 9.5, 15.375, 9.75], "rotation": 180, "texture": "#0"},
				"west": {"uv": [15, 9.5, 15.375, 9.75], "rotation": 180, "texture": "#0"},
				"up": {"uv": [15, 9.5, 15.375, 9.75], "texture": "#0"},
				"down": {"uv": [15, 9.5, 15.375, 9.75], "texture": "#0"}
			}
		},
		{
			"from": [7.62768, -2.67591, 7.59733],
			"to": [8.37768, -2.17591, 8.39733],
			"rotation": {"angle": 0, "axis": "x", "origin": [8.00261, -5.68795, 7.99994]},
			"faces": {
				"north": {"uv": [15, 9.5, 15.375, 9.75], "rotation": 180, "texture": "#0"},
				"east": {"uv": [15, 9.5, 15.375, 9.75], "rotation": 180, "texture": "#0"},
				"south": {"uv": [15, 9.5, 15.375, 9.75], "rotation": 180, "texture": "#0"},
				"west": {"uv": [15, 9.5, 15.375, 9.75], "rotation": 180, "texture": "#0"},
				"up": {"uv": [15, 9.5, 15.375, 9.75], "rotation": 90, "texture": "#0"},
				"down": {"uv": [15, 9.5, 15.375, 9.75], "rotation": 270, "texture": "#0"}
			}
		},
		{
			"from": [7.6, 13.96025, 6.11475],
			"to": [8.4, 14.71025, 6.61475],
			"rotation": {"angle": 0, "axis": "x", "origin": [8, 15.15847, 6.76797]},
			"faces": {
				"north": {"uv": [15, 9.5, 15.375, 9.75], "rotation": 270, "texture": "#0"},
				"east": {"uv": [15, 9.5, 15.375, 9.75], "rotation": 270, "texture": "#0"},
				"south": {"uv": [15, 9.5, 15.375, 9.75], "rotation": 270, "texture": "#0"},
				"west": {"uv": [15, 9.5, 15.375, 9.75], "rotation": 270, "texture": "#0"},
				"up": {"uv": [15, 9.5, 15.375, 9.75], "rotation": 270, "texture": "#0"},
				"down": {"uv": [15, 9.5, 15.375, 9.75], "rotation": 270, "texture": "#0"}
			}
		},
		{
			"from": [9.38525, 13.96025, 7.6],
			"to": [9.88525, 14.71025, 8.4],
			"rotation": {"angle": 0, "axis": "x", "origin": [8, 14.33525, 8]},
			"faces": {
				"north": {"uv": [15, 9.5, 15.375, 9.75], "rotation": 270, "texture": "#0"},
				"east": {"uv": [15, 9.5, 15.375, 9.75], "rotation": 270, "texture": "#0"},
				"south": {"uv": [15, 9.5, 15.375, 9.75], "rotation": 270, "texture": "#0"},
				"west": {"uv": [15, 9.5, 15.375, 9.75], "rotation": 270, "texture": "#0"},
				"up": {"uv": [15, 9.5, 15.375, 9.75], "texture": "#0"},
				"down": {"uv": [15, 9.5, 15.375, 9.75], "rotation": 180, "texture": "#0"}
			}
		},
		{
			"from": [7.6, -4.43616, 9.38512],
			"to": [8.4, -3.68616, 9.88512],
			"rotation": {"angle": 0, "axis": "x", "origin": [8.00261, -5.68795, 7.99994]},
			"faces": {
				"north": {"uv": [15, 9.5, 15.375, 9.75], "rotation": 90, "texture": "#0"},
				"east": {"uv": [15, 9.5, 15.375, 9.75], "rotation": 90, "texture": "#0"},
				"south": {"uv": [15, 9.5, 15.375, 9.75], "rotation": 90, "texture": "#0"},
				"west": {"uv": [15, 9.5, 15.375, 9.75], "rotation": 90, "texture": "#0"},
				"up": {"uv": [15, 9.5, 15.375, 9.75], "rotation": 270, "texture": "#0"},
				"down": {"uv": [15, 9.5, 15.375, 9.75], "rotation": 270, "texture": "#0"}
			}
		},
		{
			"from": [6.11743, -4.43616, 7.59733],
			"to": [6.61743, -3.68616, 8.39733],
			"rotation": {"angle": 0, "axis": "x", "origin": [8.00261, -5.68795, 7.99994]},
			"faces": {
				"north": {"uv": [15, 9.5, 15.375, 9.75], "rotation": 90, "texture": "#0"},
				"east": {"uv": [15, 9.5, 15.375, 9.75], "rotation": 90, "texture": "#0"},
				"south": {"uv": [15, 9.5, 15.375, 9.75], "rotation": 90, "texture": "#0"},
				"west": {"uv": [15, 9.5, 15.375, 9.75], "rotation": 90, "texture": "#0"},
				"up": {"uv": [15, 9.5, 15.375, 9.75], "texture": "#0"},
				"down": {"uv": [15, 9.5, 15.375, 9.75], "rotation": 180, "texture": "#0"}
			}
		},
		{
			"from": [7.6, 13.96025, 9.38525],
			"to": [8.4, 14.71025, 9.88525],
			"rotation": {"angle": 0, "axis": "x", "origin": [8, 14.53966, 9.02762]},
			"faces": {
				"north": {"uv": [15, 9.5, 15.375, 9.75], "rotation": 90, "texture": "#0"},
				"east": {"uv": [15, 9.5, 15.375, 9.75], "rotation": 90, "texture": "#0"},
				"south": {"uv": [15, 9.5, 15.375, 9.75], "rotation": 90, "texture": "#0"},
				"west": {"uv": [15, 9.5, 15.375, 9.75], "rotation": 90, "texture": "#0"},
				"up": {"uv": [15, 9.5, 15.375, 9.75], "rotation": 90, "texture": "#0"},
				"down": {"uv": [15, 9.5, 15.375, 9.75], "rotation": 90, "texture": "#0"}
			}
		},
		{
			"from": [6.11475, 13.96025, 7.6],
			"to": [6.61475, 14.71025, 8.4],
			"rotation": {"angle": 0, "axis": "x", "origin": [8, 14.33525, 8]},
			"faces": {
				"north": {"uv": [15, 9.5, 15.375, 9.75], "rotation": 90, "texture": "#0"},
				"east": {"uv": [15, 9.5, 15.375, 9.75], "rotation": 90, "texture": "#0"},
				"south": {"uv": [15, 9.5, 15.375, 9.75], "rotation": 90, "texture": "#0"},
				"west": {"uv": [15, 9.5, 15.375, 9.75], "rotation": 90, "texture": "#0"},
				"up": {"uv": [15, 9.5, 15.375, 9.75], "rotation": 180, "texture": "#0"},
				"down": {"uv": [15, 9.5, 15.375, 9.75], "texture": "#0"}
			}
		},
		{
			"from": [7.6, -4.43616, 6.11462],
			"to": [8.4, -3.68616, 6.61462],
			"rotation": {"angle": 0, "axis": "x", "origin": [8.00261, -5.68795, 7.99994]},
			"faces": {
				"north": {"uv": [15, 9.5, 15.375, 9.75], "rotation": 270, "texture": "#0"},
				"east": {"uv": [15, 9.5, 15.375, 9.75], "rotation": 270, "texture": "#0"},
				"south": {"uv": [15, 9.5, 15.375, 9.75], "rotation": 270, "texture": "#0"},
				"west": {"uv": [15, 9.5, 15.375, 9.75], "rotation": 270, "texture": "#0"},
				"up": {"uv": [15, 9.5, 15.375, 9.75], "rotation": 90, "texture": "#0"},
				"down": {"uv": [15, 9.5, 15.375, 9.75], "rotation": 90, "texture": "#0"}
			}
		},
		{
			"from": [9.38793, -4.43616, 7.59733],
			"to": [9.88793, -3.68616, 8.39733],
			"rotation": {"angle": 0, "axis": "x", "origin": [8.00261, -5.68795, 7.99994]},
			"faces": {
				"north": {"uv": [15, 9.5, 15.375, 9.75], "rotation": 270, "texture": "#0"},
				"east": {"uv": [15, 9.5, 15.375, 9.75], "rotation": 270, "texture": "#0"},
				"south": {"uv": [15, 9.5, 15.375, 9.75], "rotation": 270, "texture": "#0"},
				"west": {"uv": [15, 9.5, 15.375, 9.75], "rotation": 270, "texture": "#0"},
				"up": {"uv": [15, 9.5, 15.375, 9.75], "rotation": 180, "texture": "#0"},
				"down": {"uv": [15, 9.5, 15.375, 9.75], "texture": "#0"}
			}
		},
		{
			"from": [7.6, 12.75632, 6.35422],
			"to": [8.4, 13.50632, 6.85422],
			"rotation": {"angle": -45, "axis": "x", "origin": [8, 13.44421, 6.66646]},
			"faces": {
				"north": {"uv": [15.5, 10, 15.875, 10.25], "rotation": 270, "texture": "#0"},
				"east": {"uv": [15.5, 10, 15.875, 10.25], "rotation": 270, "texture": "#0"},
				"south": {"uv": [15.5, 10, 15.875, 10.25], "rotation": 270, "texture": "#0"},
				"west": {"uv": [15.5, 10, 15.875, 10.25], "rotation": 270, "texture": "#0"},
				"up": {"uv": [15.5, 10, 15.875, 10.25], "rotation": 270, "texture": "#0"},
				"down": {"uv": [15.5, 10, 15.875, 10.25], "rotation": 270, "texture": "#0"}
			}
		},
		{
			"from": [9.38526, 13.96026, 7.6],
			"to": [9.88526, 14.71026, 8.4],
			"rotation": {"angle": -45, "axis": "z", "origin": [8, 14.33525, 8]},
			"faces": {
				"north": {"uv": [15.5, 10, 15.875, 10.25], "rotation": 270, "texture": "#0"},
				"east": {"uv": [15.5, 10, 15.875, 10.25], "rotation": 270, "texture": "#0"},
				"south": {"uv": [15.5, 10, 15.875, 10.25], "rotation": 270, "texture": "#0"},
				"west": {"uv": [15.5, 10, 15.875, 10.25], "rotation": 270, "texture": "#0"},
				"up": {"uv": [15.5, 10, 15.875, 10.25], "texture": "#0"},
				"down": {"uv": [15.5, 10, 15.875, 10.25], "rotation": 180, "texture": "#0"}
			}
		},
		{
			"from": [7.6, -3.15243, 6.47457],
			"to": [8.4, -2.65243, 7.22457],
			"rotation": {"angle": 45, "axis": "x", "origin": [8.00261, -5.68795, 7.99994]},
			"faces": {
				"north": {"uv": [15.5, 10, 15.875, 10.25], "rotation": 90, "texture": "#0"},
				"east": {"uv": [15.5, 10, 15.875, 10.25], "rotation": 180, "texture": "#0"},
				"south": {"uv": [15.5, 10, 15.875, 10.25], "rotation": 270, "texture": "#0"},
				"west": {"uv": [15.5, 10, 15.875, 10.25], "texture": "#0"},
				"up": {"uv": [15.5, 10, 15.875, 10.25], "rotation": 90, "texture": "#0"},
				"down": {"uv": [15.5, 10, 15.875, 10.25], "rotation": 270, "texture": "#0"}
			}
		},
		{
			"from": [8.77798, -3.15243, 7.59733],
			"to": [9.52798, -2.65243, 8.39733],
			"rotation": {"angle": 45, "axis": "z", "origin": [8.00261, -5.68795, 7.99994]},
			"faces": {
				"north": {"uv": [15.5, 10, 15.875, 10.25], "texture": "#0"},
				"east": {"uv": [15.5, 10, 15.875, 10.25], "rotation": 90, "texture": "#0"},
				"south": {"uv": [15.5, 10, 15.875, 10.25], "rotation": 180, "texture": "#0"},
				"west": {"uv": [15.5, 10, 15.875, 10.25], "rotation": 270, "texture": "#0"},
				"up": {"uv": [15.5, 10, 15.875, 10.25], "rotation": 180, "texture": "#0"},
				"down": {"uv": [15.5, 10, 15.875, 10.25], "rotation": 180, "texture": "#0"}
			}
		},
		{
			"from": [7.6, 15.05374, 8.07052],
			"to": [8.4, 15.55374, 8.82052],
			"rotation": {"angle": 45, "axis": "x", "origin": [8, 14.53966, 9.02762]},
			"faces": {
				"north": {"uv": [14, 9, 14.375, 9.25], "rotation": 180, "texture": "#0"},
				"east": {"uv": [14, 9, 14.375, 9.25], "rotation": 180, "texture": "#0"},
				"south": {"uv": [14, 9, 14.375, 9.25], "rotation": 180, "texture": "#0"},
				"west": {"uv": [14, 9, 14.375, 9.25], "rotation": 180, "texture": "#0"},
				"up": {"uv": [14, 9, 14.375, 9.25], "rotation": 180, "texture": "#0"},
				"down": {"uv": [14, 9, 14.375, 9.25], "rotation": 180, "texture": "#0"}
			}
		},
		{
			"from": [7.625, 15.72051, 7.6],
			"to": [8.375, 16.22051, 8.4],
			"rotation": {"angle": 45, "axis": "z", "origin": [8, 14.33525, 8]},
			"faces": {
				"north": {"uv": [14, 9, 14.375, 9.25], "rotation": 180, "texture": "#0"},
				"east": {"uv": [14, 9, 14.375, 9.25], "rotation": 180, "texture": "#0"},
				"south": {"uv": [14, 9, 14.375, 9.25], "rotation": 180, "texture": "#0"},
				"west": {"uv": [14, 9, 14.375, 9.25], "rotation": 180, "texture": "#0"},
				"up": {"uv": [14, 9, 14.375, 9.25], "rotation": 270, "texture": "#0"},
				"down": {"uv": [14, 9, 14.375, 9.25], "rotation": 90, "texture": "#0"}
			}
		},
		{
			"from": [7.6, -6.42293, 6.47457],
			"to": [8.4, -5.92293, 8.72457],
			"rotation": {"angle": 45, "axis": "x", "origin": [8.00261, -5.68795, 7.99994]},
			"faces": {
				"north": {"uv": [14, 9, 14.375, 9.25], "texture": "#0"},
				"east": {"uv": [14, 9, 14.375, 9.25], "texture": "#0"},
				"south": {"uv": [14, 9, 14.375, 9.25], "texture": "#0"},
				"west": {"uv": [14, 9, 14.375, 9.25], "texture": "#0"},
				"up": {"uv": [14, 9, 14.375, 9.25], "rotation": 180, "texture": "#0"},
				"down": {"uv": [14, 9, 14.375, 9.25], "rotation": 180, "texture": "#0"}
			}
		},
		{
			"from": [7.82798, -6.42293, 7.59733],
			"to": [9.52798, -5.92293, 8.39733],
			"rotation": {"angle": 45, "axis": "z", "origin": [8.00261, -5.68795, 7.99994]},
			"faces": {
				"north": {"uv": [14, 9, 14.375, 9.25], "texture": "#0"},
				"east": {"uv": [14, 9, 14.375, 9.25], "texture": "#0"},
				"south": {"uv": [14, 9, 14.375, 9.25], "texture": "#0"},
				"west": {"uv": [14, 9, 14.375, 9.25], "texture": "#0"},
				"up": {"uv": [14, 9, 14.375, 9.25], "rotation": 270, "texture": "#0"},
				"down": {"uv": [14, 9, 14.375, 9.25], "rotation": 90, "texture": "#0"}
			}
		},
		{
			"from": [7.6, 15.07254, 6.336],
			"to": [8.4, 15.82254, 6.836],
			"rotation": {"angle": 45, "axis": "x", "origin": [8, 15.15847, 6.76797]},
			"faces": {
				"north": {"uv": [14, 9, 14.375, 9.25], "rotation": 270, "texture": "#0"},
				"east": {"uv": [14, 9, 14.375, 9.25], "rotation": 270, "texture": "#0"},
				"south": {"uv": [14, 9, 14.375, 9.25], "rotation": 270, "texture": "#0"},
				"west": {"uv": [14, 9, 14.375, 9.25], "rotation": 270, "texture": "#0"},
				"up": {"uv": [14, 9, 14.375, 9.25], "rotation": 270, "texture": "#0"},
				"down": {"uv": [14, 9, 14.375, 9.25], "rotation": 270, "texture": "#0"}
			}
		},
		{
			"from": [9.38525, 13.96025, 7.6],
			"to": [9.88525, 14.71025, 8.4],
			"rotation": {"angle": 45, "axis": "z", "origin": [8, 14.33525, 8]},
			"faces": {
				"north": {"uv": [14, 9, 14.375, 9.25], "rotation": 270, "texture": "#0"},
				"east": {"uv": [14, 9, 14.375, 9.25], "rotation": 270, "texture": "#0"},
				"south": {"uv": [14, 9, 14.375, 9.25], "rotation": 270, "texture": "#0"},
				"west": {"uv": [14, 9, 14.375, 9.25], "rotation": 270, "texture": "#0"},
				"up": {"uv": [14, 9, 14.375, 9.25], "texture": "#0"},
				"down": {"uv": [14, 9, 14.375, 9.25], "rotation": 180, "texture": "#0"}
			}
		},
		{
			"from": [7.6, -5.96268, 8.23483],
			"to": [8.4, -4.16268, 8.73483],
			"rotation": {"angle": 45, "axis": "x", "origin": [8.00261, -5.68795, 7.99994]},
			"faces": {
				"north": {"uv": [14, 9, 14.375, 9.25], "rotation": 90, "texture": "#0"},
				"east": {"uv": [14, 9, 14.375, 9.25], "rotation": 90, "texture": "#0"},
				"south": {"uv": [14, 9, 14.375, 9.25], "rotation": 90, "texture": "#0"},
				"west": {"uv": [14, 9, 14.375, 9.25], "rotation": 90, "texture": "#0"},
				"up": {"uv": [14, 9, 14.375, 9.25], "rotation": 270, "texture": "#0"},
				"down": {"uv": [14, 9, 14.375, 9.25], "rotation": 270, "texture": "#0"}
			}
		},
		{
			"from": [7.26772, -5.86268, 7.59733],
			"to": [7.76772, -4.16268, 8.39733],
			"rotation": {"angle": 45, "axis": "z", "origin": [8.00261, -5.68795, 7.99994]},
			"faces": {
				"north": {"uv": [14, 9, 14.375, 9.25], "rotation": 90, "texture": "#0"},
				"east": {"uv": [14, 9, 14.375, 9.25], "rotation": 90, "texture": "#0"},
				"south": {"uv": [14, 9, 14.375, 9.25], "rotation": 90, "texture": "#0"},
				"west": {"uv": [14, 9, 14.375, 9.25], "rotation": 90, "texture": "#0"},
				"up": {"uv": [14, 9, 14.375, 9.25], "texture": "#0"},
				"down": {"uv": [14, 9, 14.375, 9.25], "rotation": 180, "texture": "#0"}
			}
		},
		{
			"from": [7.6, 13.29348, 9.83077],
			"to": [8.4, 14.04348, 10.33077],
			"rotation": {"angle": 45, "axis": "x", "origin": [8, 14.53966, 9.02762]},
			"faces": {
				"north": {"uv": [15.5, 10, 15.875, 10.25], "rotation": 90, "texture": "#0"},
				"east": {"uv": [15.5, 10, 15.875, 10.25], "rotation": 90, "texture": "#0"},
				"south": {"uv": [15.5, 10, 15.875, 10.25], "rotation": 90, "texture": "#0"},
				"west": {"uv": [15.5, 10, 15.875, 10.25], "rotation": 90, "texture": "#0"},
				"up": {"uv": [15.5, 10, 15.875, 10.25], "rotation": 90, "texture": "#0"},
				"down": {"uv": [15.5, 10, 15.875, 10.25], "rotation": 90, "texture": "#0"}
			}
		},
		{
			"from": [6.11475, 13.96025, 7.6],
			"to": [6.61475, 14.71025, 8.4],
			"rotation": {"angle": 45, "axis": "z", "origin": [8, 14.33525, 8]},
			"faces": {
				"north": {"uv": [15.5, 10, 15.875, 10.25], "rotation": 90, "texture": "#0"},
				"east": {"uv": [15.5, 10, 15.875, 10.25], "rotation": 90, "texture": "#0"},
				"south": {"uv": [15.5, 10, 15.875, 10.25], "rotation": 90, "texture": "#0"},
				"west": {"uv": [15.5, 10, 15.875, 10.25], "rotation": 90, "texture": "#0"},
				"up": {"uv": [15.5, 10, 15.875, 10.25], "rotation": 180, "texture": "#0"},
				"down": {"uv": [15.5, 10, 15.875, 10.25], "texture": "#0"}
			}
		},
		{
			"from": [7.6, -4.91268, 4.96432],
			"to": [8.4, -4.16268, 5.46432],
			"rotation": {"angle": 45, "axis": "x", "origin": [8.00261, -5.68795, 7.99994]},
			"faces": {
				"north": {"uv": [15.5, 10, 15.875, 10.25], "rotation": 270, "texture": "#0"},
				"east": {"uv": [15.5, 10, 15.875, 10.25], "rotation": 270, "texture": "#0"},
				"south": {"uv": [15.5, 10, 15.875, 10.25], "rotation": 270, "texture": "#0"},
				"west": {"uv": [15.5, 10, 15.875, 10.25], "rotation": 270, "texture": "#0"},
				"up": {"uv": [15.5, 10, 15.875, 10.25], "rotation": 90, "texture": "#0"},
				"down": {"uv": [15.5, 10, 15.875, 10.25], "rotation": 90, "texture": "#0"}
			}
		},
		{
			"from": [10.53823, -4.91268, 7.59733],
			"to": [11.03823, -4.16268, 8.39733],
			"rotation": {"angle": 45, "axis": "z", "origin": [8.00261, -5.68795, 7.99994]},
			"faces": {
				"north": {"uv": [15.5, 10, 15.875, 10.25], "rotation": 270, "texture": "#0"},
				"east": {"uv": [15.5, 10, 15.875, 10.25], "rotation": 270, "texture": "#0"},
				"south": {"uv": [15.5, 10, 15.875, 10.25], "rotation": 270, "texture": "#0"},
				"west": {"uv": [15.5, 10, 15.875, 10.25], "rotation": 270, "texture": "#0"},
				"up": {"uv": [15.5, 10, 15.875, 10.25], "rotation": 180, "texture": "#0"},
				"down": {"uv": [15.5, 10, 15.875, 10.25], "texture": "#0"}
			}
		},
		{
			"from": [7.599, 12.57348, 6.99822],
			"to": [8.401, 13.07548, 7.75022],
			"rotation": {"angle": 22.5, "axis": "x", "origin": [8, 12.82448, 7.37422]},
			"faces": {
				"north": {"uv": [15.5, 10, 15.875, 10.25], "texture": "#0"},
				"east": {"uv": [15.5, 10, 15.875, 10.25], "texture": "#0"},
				"south": {"uv": [15.5, 10, 15.875, 10.25], "texture": "#0"},
				"west": {"uv": [15.5, 10, 15.875, 10.25], "texture": "#0"},
				"up": {"uv": [15.5, 10, 15.875, 10.25], "texture": "#0"},
				"down": {"uv": [15.5, 10, 15.875, 10.25], "texture": "#0"}
			}
		},
		{
			"from": [7.624, 12.44901, 7.599],
			"to": [8.376, 12.95101, 8.401],
			"rotation": {"angle": 22.5, "axis": "z", "origin": [8, 14.33525, 8]},
			"faces": {
				"north": {"uv": [15.5, 10, 15.875, 10.25], "texture": "#0"},
				"east": {"uv": [15.5, 10, 15.875, 10.25], "texture": "#0"},
				"south": {"uv": [15.5, 10, 15.875, 10.25], "texture": "#0"},
				"west": {"uv": [15.5, 10, 15.875, 10.25], "texture": "#0"},
				"up": {"uv": [15.5, 10, 15.875, 10.25], "rotation": 90, "texture": "#0"},
				"down": {"uv": [15.5, 10, 15.875, 10.25], "rotation": 270, "texture": "#0"}
			}
		},
		{
			"from": [7.599, -2.80076, 7.00133],
			"to": [8.401, -2.29876, 7.75333],
			"rotation": {"angle": 22.5, "axis": "x", "origin": [8.00261, -5.68795, 7.99994]},
			"faces": {
				"north": {"uv": [15.5, 10, 15.875, 10.25], "rotation": 180, "texture": "#0"},
				"east": {"uv": [15.5, 10, 15.875, 10.25], "rotation": 180, "texture": "#0"},
				"south": {"uv": [15.5, 10, 15.875, 10.25], "rotation": 180, "texture": "#0"},
				"west": {"uv": [15.5, 10, 15.875, 10.25], "rotation": 180, "texture": "#0"},
				"up": {"uv": [15.5, 10, 15.875, 10.25], "texture": "#0"},
				"down": {"uv": [15.5, 10, 15.875, 10.25], "texture": "#0"}
			}
		},
		{
			"from": [8.24922, -2.80076, 7.59633],
			"to": [9.00122, -2.29876, 8.39833],
			"rotation": {"angle": 22.5, "axis": "z", "origin": [8.00261, -5.68795, 7.99994]},
			"faces": {
				"north": {"uv": [15.5, 10, 15.875, 10.25], "rotation": 180, "texture": "#0"},
				"east": {"uv": [15.5, 10, 15.875, 10.25], "rotation": 180, "texture": "#0"},
				"south": {"uv": [15.5, 10, 15.875, 10.25], "rotation": 180, "texture": "#0"},
				"west": {"uv": [15.5, 10, 15.875, 10.25], "rotation": 180, "texture": "#0"},
				"up": {"uv": [15.5, 10, 15.875, 10.25], "rotation": 90, "texture": "#0"},
				"down": {"uv": [15.5, 10, 15.875, 10.25], "rotation": 270, "texture": "#0"}
			}
		},
		{
			"from": [7.599, 15.34181, 7.78045],
			"to": [8.401, 15.84381, 8.53245],
			"rotation": {"angle": 22.5, "axis": "x", "origin": [8, 14.53966, 9.02762]},
			"faces": {
				"north": {"uv": [14, 8, 14.375, 8.25], "rotation": 180, "texture": "#0"},
				"east": {"uv": [14, 8, 14.375, 8.25], "rotation": 180, "texture": "#0"},
				"south": {"uv": [14, 8, 14.375, 8.25], "rotation": 180, "texture": "#0"},
				"west": {"uv": [14, 8, 14.375, 8.25], "rotation": 180, "texture": "#0"},
				"up": {"uv": [14, 8, 14.375, 8.25], "rotation": 180, "texture": "#0"},
				"down": {"uv": [14, 8, 14.375, 8.25], "rotation": 180, "texture": "#0"}
			}
		},
		{
			"from": [7.624, 15.7195, 7.599],
			"to": [8.376, 16.2215, 8.401],
			"rotation": {"angle": 22.5, "axis": "z", "origin": [8, 14.33525, 8]},
			"faces": {
				"north": {"uv": [14, 8, 14.375, 8.25], "rotation": 180, "texture": "#0"},
				"east": {"uv": [14, 8, 14.375, 8.25], "rotation": 180, "texture": "#0"},
				"south": {"uv": [14, 8, 14.375, 8.25], "rotation": 180, "texture": "#0"},
				"west": {"uv": [14, 8, 14.375, 8.25], "rotation": 180, "texture": "#0"},
				"up": {"uv": [14, 8, 14.375, 8.25], "rotation": 270, "texture": "#0"},
				"down": {"uv": [14, 8, 14.375, 8.25], "rotation": 90, "texture": "#0"}
			}
		},
		{
			"from": [7.599, 14.49339, 6.335],
			"to": [8.401, 15.24539, 6.837],
			"rotation": {"angle": 22.5, "axis": "x", "origin": [8, 15.15847, 6.76797]},
			"faces": {
				"north": {"uv": [14.5, 9.5, 14.875, 9.75], "rotation": 270, "texture": "#0"},
				"east": {"uv": [14.5, 9.5, 14.875, 9.75], "rotation": 270, "texture": "#0"},
				"south": {"uv": [14.5, 9.5, 14.875, 9.75], "rotation": 270, "texture": "#0"},
				"west": {"uv": [14.5, 9.5, 14.875, 9.75], "rotation": 270, "texture": "#0"},
				"up": {"uv": [14.5, 9.5, 14.875, 9.75], "rotation": 270, "texture": "#0"},
				"down": {"uv": [14.5, 9.5, 14.875, 9.75], "rotation": 270, "texture": "#0"}
			}
		},
		{
			"from": [9.38425, 13.95925, 7.599],
			"to": [9.88625, 14.71125, 8.401],
			"rotation": {"angle": 22.5, "axis": "z", "origin": [8, 14.33525, 8]},
			"faces": {
				"north": {"uv": [14.5, 9.5, 14.875, 9.75], "rotation": 270, "texture": "#0"},
				"east": {"uv": [14.5, 9.5, 14.875, 9.75], "rotation": 270, "texture": "#0"},
				"south": {"uv": [14.5, 9.5, 14.875, 9.75], "rotation": 270, "texture": "#0"},
				"west": {"uv": [14.5, 9.5, 14.875, 9.75], "rotation": 270, "texture": "#0"},
				"up": {"uv": [14.5, 9.5, 14.875, 9.75], "texture": "#0"},
				"down": {"uv": [14.5, 9.5, 14.875, 9.75], "rotation": 180, "texture": "#0"}
			}
		},
		{
			"from": [7.599, -4.56102, 8.76158],
			"to": [8.401, -3.80902, 9.26358],
			"rotation": {"angle": 22.5, "axis": "x", "origin": [8.00261, -5.68795, 7.99994]},
			"faces": {
				"north": {"uv": [14.5, 9.5, 14.875, 9.75], "rotation": 90, "texture": "#0"},
				"east": {"uv": [14.5, 9.5, 14.875, 9.75], "rotation": 90, "texture": "#0"},
				"south": {"uv": [14.5, 9.5, 14.875, 9.75], "rotation": 90, "texture": "#0"},
				"west": {"uv": [14.5, 9.5, 14.875, 9.75], "rotation": 90, "texture": "#0"},
				"up": {"uv": [14.5, 9.5, 14.875, 9.75], "rotation": 270, "texture": "#0"},
				"down": {"uv": [14.5, 9.5, 14.875, 9.75], "rotation": 270, "texture": "#0"}
			}
		},
		{
			"from": [6.73897, -4.56102, 7.59633],
			"to": [7.24097, -3.80902, 8.39833],
			"rotation": {"angle": 22.5, "axis": "z", "origin": [8.00261, -5.68795, 7.99994]},
			"faces": {
				"north": {"uv": [14.5, 9.5, 14.875, 9.75], "rotation": 90, "texture": "#0"},
				"east": {"uv": [14.5, 9.5, 14.875, 9.75], "rotation": 90, "texture": "#0"},
				"south": {"uv": [14.5, 9.5, 14.875, 9.75], "rotation": 90, "texture": "#0"},
				"west": {"uv": [14.5, 9.5, 14.875, 9.75], "rotation": 90, "texture": "#0"},
				"up": {"uv": [14.5, 9.5, 14.875, 9.75], "texture": "#0"},
				"down": {"uv": [14.5, 9.5, 14.875, 9.75], "rotation": 180, "texture": "#0"}
			}
		},
		{
			"from": [7.599, 13.58156, 9.5407],
			"to": [8.401, 14.33356, 10.0427],
			"rotation": {"angle": 22.5, "axis": "x", "origin": [8, 14.53966, 9.02762]},
			"faces": {
				"north": {"uv": [14.5, 10, 14.875, 10.25], "rotation": 90, "texture": "#0"},
				"east": {"uv": [14.5, 10, 14.875, 10.25], "rotation": 90, "texture": "#0"},
				"south": {"uv": [14.5, 10, 14.875, 10.25], "rotation": 90, "texture": "#0"},
				"west": {"uv": [14.5, 10, 14.875, 10.25], "rotation": 90, "texture": "#0"},
				"up": {"uv": [14.5, 10, 14.875, 10.25], "rotation": 90, "texture": "#0"},
				"down": {"uv": [14.5, 10, 14.875, 10.25], "rotation": 90, "texture": "#0"}
			}
		},
		{
			"from": [6.11375, 13.95925, 7.599],
			"to": [6.61575, 14.71125, 8.401],
			"rotation": {"angle": 22.5, "axis": "z", "origin": [8, 14.33525, 8]},
			"faces": {
				"north": {"uv": [14.5, 10, 14.875, 10.25], "rotation": 90, "texture": "#0"},
				"east": {"uv": [14.5, 10, 14.875, 10.25], "rotation": 90, "texture": "#0"},
				"south": {"uv": [14.5, 10, 14.875, 10.25], "rotation": 90, "texture": "#0"},
				"west": {"uv": [14.5, 10, 14.875, 10.25], "rotation": 90, "texture": "#0"},
				"up": {"uv": [14.5, 10, 14.875, 10.25], "rotation": 180, "texture": "#0"},
				"down": {"uv": [14.5, 10, 14.875, 10.25], "texture": "#0"}
			}
		},
		{
			"from": [7.599, -4.56102, 5.49108],
			"to": [8.401, -3.80902, 5.99308],
			"rotation": {"angle": 22.5, "axis": "x", "origin": [8.00261, -5.68795, 7.99994]},
			"faces": {
				"north": {"uv": [14.5, 10, 14.875, 10.25], "rotation": 270, "texture": "#0"},
				"east": {"uv": [14.5, 10, 14.875, 10.25], "rotation": 270, "texture": "#0"},
				"south": {"uv": [14.5, 10, 14.875, 10.25], "rotation": 270, "texture": "#0"},
				"west": {"uv": [14.5, 10, 14.875, 10.25], "rotation": 270, "texture": "#0"},
				"up": {"uv": [14.5, 10, 14.875, 10.25], "rotation": 90, "texture": "#0"},
				"down": {"uv": [14.5, 10, 14.875, 10.25], "rotation": 90, "texture": "#0"}
			}
		},
		{
			"from": [10.00947, -4.56102, 7.59633],
			"to": [10.51147, -3.80902, 8.39833],
			"rotation": {"angle": 22.5, "axis": "z", "origin": [8.00261, -5.68795, 7.99994]},
			"faces": {
				"north": {"uv": [14.5, 10, 14.875, 10.25], "rotation": 270, "texture": "#0"},
				"east": {"uv": [14.5, 10, 14.875, 10.25], "rotation": 270, "texture": "#0"},
				"south": {"uv": [14.5, 10, 14.875, 10.25], "rotation": 270, "texture": "#0"},
				"west": {"uv": [14.5, 10, 14.875, 10.25], "rotation": 270, "texture": "#0"},
				"up": {"uv": [14.5, 10, 14.875, 10.25], "rotation": 180, "texture": "#0"},
				"down": {"uv": [14.5, 10, 14.875, 10.25], "texture": "#0"}
			}
		},
		{
			"from": [7.599, 13.3811, 6.35322],
			"to": [8.401, 14.1331, 6.85522],
			"rotation": {"angle": -22.5, "axis": "x", "origin": [8, 13.44421, 6.66646]},
			"faces": {
				"north": {"uv": [14.5, 10, 14.875, 10.25], "rotation": 270, "texture": "#0"},
				"east": {"uv": [14.5, 10, 14.875, 10.25], "rotation": 270, "texture": "#0"},
				"south": {"uv": [14.5, 10, 14.875, 10.25], "rotation": 270, "texture": "#0"},
				"west": {"uv": [14.5, 10, 14.875, 10.25], "rotation": 270, "texture": "#0"},
				"up": {"uv": [14.5, 10, 14.875, 10.25], "rotation": 270, "texture": "#0"},
				"down": {"uv": [14.5, 10, 14.875, 10.25], "rotation": 270, "texture": "#0"}
			}
		},
		{
			"from": [9.38426, 13.95925, 7.599],
			"to": [9.88626, 14.71125, 8.401],
			"rotation": {"angle": -22.5, "axis": "z", "origin": [8, 14.33525, 8]},
			"faces": {
				"north": {"uv": [14.5, 10, 14.875, 10.25], "rotation": 270, "texture": "#0"},
				"east": {"uv": [14.5, 10, 14.875, 10.25], "rotation": 270, "texture": "#0"},
				"south": {"uv": [14.5, 10, 14.875, 10.25], "rotation": 270, "texture": "#0"},
				"west": {"uv": [14.5, 10, 14.875, 10.25], "rotation": 270, "texture": "#0"},
				"up": {"uv": [14.5, 10, 14.875, 10.25], "texture": "#0"},
				"down": {"uv": [14.5, 10, 14.875, 10.25], "rotation": 180, "texture": "#0"}
			}
		},
		{
			"from": [7.599, -4.56097, 10.00668],
			"to": [8.401, -3.80897, 10.50868],
			"rotation": {"angle": -22.5, "axis": "x", "origin": [8.00261, -5.68795, 7.99994]},
			"faces": {
				"north": {"uv": [14.5, 10, 14.875, 10.25], "rotation": 90, "texture": "#0"},
				"east": {"uv": [14.5, 10, 14.875, 10.25], "rotation": 90, "texture": "#0"},
				"south": {"uv": [14.5, 10, 14.875, 10.25], "rotation": 90, "texture": "#0"},
				"west": {"uv": [14.5, 10, 14.875, 10.25], "rotation": 90, "texture": "#0"},
				"up": {"uv": [14.5, 10, 14.875, 10.25], "rotation": 270, "texture": "#0"},
				"down": {"uv": [14.5, 10, 14.875, 10.25], "rotation": 270, "texture": "#0"}
			}
		},
		{
			"from": [5.49387, -4.56097, 7.59633],
			"to": [5.99587, -3.80897, 8.39833],
			"rotation": {"angle": -22.5, "axis": "z", "origin": [8.00261, -5.68795, 7.99994]},
			"faces": {
				"north": {"uv": [14.5, 10, 14.875, 10.25], "rotation": 90, "texture": "#0"},
				"east": {"uv": [14.5, 10, 14.875, 10.25], "rotation": 90, "texture": "#0"},
				"south": {"uv": [14.5, 10, 14.875, 10.25], "rotation": 90, "texture": "#0"},
				"west": {"uv": [14.5, 10, 14.875, 10.25], "rotation": 90, "texture": "#0"},
				"up": {"uv": [14.5, 10, 14.875, 10.25], "texture": "#0"},
				"down": {"uv": [14.5, 10, 14.875, 10.25], "rotation": 180, "texture": "#0"}
			}
		},
		{
			"from": [7.599, 14.36807, 9.38425],
			"to": [8.401, 15.12007, 9.88625],
			"rotation": {"angle": -22.5, "axis": "x", "origin": [8, 14.53966, 9.02762]},
			"faces": {
				"north": {"uv": [14.5, 9.5, 14.875, 9.75], "rotation": 90, "texture": "#0"},
				"east": {"uv": [14.5, 9.5, 14.875, 9.75], "rotation": 90, "texture": "#0"},
				"south": {"uv": [14.5, 9.5, 14.875, 9.75], "rotation": 90, "texture": "#0"},
				"west": {"uv": [14.5, 9.5, 14.875, 9.75], "rotation": 90, "texture": "#0"},
				"up": {"uv": [14.5, 9.5, 14.875, 9.75], "rotation": 90, "texture": "#0"},
				"down": {"uv": [14.5, 9.5, 14.875, 9.75], "rotation": 90, "texture": "#0"}
			}
		},
		{
			"from": [6.11375, 13.95926, 7.599],
			"to": [6.61575, 14.71126, 8.401],
			"rotation": {"angle": -22.5, "axis": "z", "origin": [8, 14.33525, 8]},
			"faces": {
				"north": {"uv": [14.5, 9.5, 14.875, 9.75], "rotation": 90, "texture": "#0"},
				"east": {"uv": [14.5, 9.5, 14.875, 9.75], "rotation": 90, "texture": "#0"},
				"south": {"uv": [14.5, 9.5, 14.875, 9.75], "rotation": 90, "texture": "#0"},
				"west": {"uv": [14.5, 9.5, 14.875, 9.75], "rotation": 90, "texture": "#0"},
				"up": {"uv": [14.5, 9.5, 14.875, 9.75], "rotation": 180, "texture": "#0"},
				"down": {"uv": [14.5, 9.5, 14.875, 9.75], "texture": "#0"}
			}
		},
		{
			"from": [7.599, -4.56097, 6.73617],
			"to": [8.401, -3.80897, 7.23817],
			"rotation": {"angle": -22.5, "axis": "x", "origin": [8.00261, -5.68795, 7.99994]},
			"faces": {
				"north": {"uv": [14.5, 9.5, 14.875, 9.75], "rotation": 270, "texture": "#0"},
				"east": {"uv": [14.5, 9.5, 14.875, 9.75], "rotation": 270, "texture": "#0"},
				"south": {"uv": [14.5, 9.5, 14.875, 9.75], "rotation": 270, "texture": "#0"},
				"west": {"uv": [14.5, 9.5, 14.875, 9.75], "rotation": 270, "texture": "#0"},
				"up": {"uv": [14.5, 9.5, 14.875, 9.75], "rotation": 90, "texture": "#0"},
				"down": {"uv": [14.5, 9.5, 14.875, 9.75], "rotation": 90, "texture": "#0"}
			}
		},
		{
			"from": [8.76438, -4.56097, 7.59633],
			"to": [9.26638, -3.80897, 8.39833],
			"rotation": {"angle": -22.5, "axis": "z", "origin": [8.00261, -5.68795, 7.99994]},
			"faces": {
				"north": {"uv": [14.5, 9.5, 14.875, 9.75], "rotation": 270, "texture": "#0"},
				"east": {"uv": [14.5, 9.5, 14.875, 9.75], "rotation": 270, "texture": "#0"},
				"south": {"uv": [14.5, 9.5, 14.875, 9.75], "rotation": 270, "texture": "#0"},
				"west": {"uv": [14.5, 9.5, 14.875, 9.75], "rotation": 270, "texture": "#0"},
				"up": {"uv": [14.5, 9.5, 14.875, 9.75], "rotation": 180, "texture": "#0"},
				"down": {"uv": [14.5, 9.5, 14.875, 9.75], "texture": "#0"}
			}
		},
		{
			"from": [7.599, 15.31069, 7.21519],
			"to": [8.401, 15.81269, 7.96719],
			"rotation": {"angle": -22.5, "axis": "x", "origin": [8, 15.15847, 6.76797]},
			"faces": {
				"north": {"uv": [14, 8, 14.375, 8.25], "rotation": 180, "texture": "#0"},
				"east": {"uv": [14, 8, 14.375, 8.25], "rotation": 180, "texture": "#0"},
				"south": {"uv": [14, 8, 14.375, 8.25], "rotation": 180, "texture": "#0"},
				"west": {"uv": [14, 8, 14.375, 8.25], "rotation": 180, "texture": "#0"},
				"up": {"uv": [14, 8, 14.375, 8.25], "rotation": 180, "texture": "#0"},
				"down": {"uv": [14, 8, 14.375, 8.25], "rotation": 180, "texture": "#0"}
			}
		},
		{
			"from": [7.62399, 15.7195, 7.599],
			"to": [8.37599, 16.2215, 8.401],
			"rotation": {"angle": -22.5, "axis": "z", "origin": [8, 14.33525, 8]},
			"faces": {
				"north": {"uv": [14, 8, 14.375, 8.25], "rotation": 180, "texture": "#0"},
				"east": {"uv": [14, 8, 14.375, 8.25], "rotation": 180, "texture": "#0"},
				"south": {"uv": [14, 8, 14.375, 8.25], "rotation": 180, "texture": "#0"},
				"west": {"uv": [14, 8, 14.375, 8.25], "rotation": 180, "texture": "#0"},
				"up": {"uv": [14, 8, 14.375, 8.25], "rotation": 270, "texture": "#0"},
				"down": {"uv": [14, 8, 14.375, 8.25], "rotation": 90, "texture": "#0"}
			}
		},
		{
			"from": [7.599, 12.85781, 7.624],
			"to": [8.401, 13.35981, 8.376],
			"rotation": {"angle": -22.5, "axis": "x", "origin": [8, 14.53966, 9.02762]},
			"faces": {
				"north": {"uv": [15.5, 10, 15.875, 10.25], "texture": "#0"},
				"east": {"uv": [15.5, 10, 15.875, 10.25], "texture": "#0"},
				"south": {"uv": [15.5, 10, 15.875, 10.25], "texture": "#0"},
				"west": {"uv": [15.5, 10, 15.875, 10.25], "texture": "#0"},
				"up": {"uv": [15.5, 10, 15.875, 10.25], "texture": "#0"},
				"down": {"uv": [15.5, 10, 15.875, 10.25], "texture": "#0"}
			}
		},
		{
			"from": [7.624, 12.449, 7.599],
			"to": [8.376, 12.951, 8.401],
			"rotation": {"angle": -22.5, "axis": "z", "origin": [8, 14.33525, 8]},
			"faces": {
				"north": {"uv": [15.5, 10, 15.875, 10.25], "texture": "#0"},
				"east": {"uv": [15.5, 10, 15.875, 10.25], "texture": "#0"},
				"south": {"uv": [15.5, 10, 15.875, 10.25], "texture": "#0"},
				"west": {"uv": [15.5, 10, 15.875, 10.25], "texture": "#0"},
				"up": {"uv": [15.5, 10, 15.875, 10.25], "rotation": 90, "texture": "#0"},
				"down": {"uv": [15.5, 10, 15.875, 10.25], "rotation": 270, "texture": "#0"}
			}
		},
		{
			"from": [7.599, -2.80072, 8.24642],
			"to": [8.401, -2.29872, 8.99842],
			"rotation": {"angle": -22.5, "axis": "x", "origin": [8.00261, -5.68795, 7.99994]},
			"faces": {
				"north": {"uv": [15.5, 10, 15.875, 10.25], "rotation": 180, "texture": "#0"},
				"east": {"uv": [15.5, 10, 15.875, 10.25], "rotation": 180, "texture": "#0"},
				"south": {"uv": [15.5, 10, 15.875, 10.25], "rotation": 180, "texture": "#0"},
				"west": {"uv": [15.5, 10, 15.875, 10.25], "rotation": 180, "texture": "#0"},
				"up": {"uv": [15.5, 10, 15.875, 10.25], "texture": "#0"},
				"down": {"uv": [15.5, 10, 15.875, 10.25], "texture": "#0"}
			}
		},
		{
			"from": [7.00413, -2.80072, 7.59633],
			"to": [7.75613, -2.29872, 8.39833],
			"rotation": {"angle": -22.5, "axis": "z", "origin": [8.00261, -5.68795, 7.99994]},
			"faces": {
				"north": {"uv": [15.5, 10, 15.875, 10.25], "rotation": 180, "texture": "#0"},
				"east": {"uv": [15.5, 10, 15.875, 10.25], "rotation": 180, "texture": "#0"},
				"south": {"uv": [15.5, 10, 15.875, 10.25], "rotation": 180, "texture": "#0"},
				"west": {"uv": [15.5, 10, 15.875, 10.25], "rotation": 180, "texture": "#0"},
				"up": {"uv": [15.5, 10, 15.875, 10.25], "rotation": 90, "texture": "#0"},
				"down": {"uv": [15.5, 10, 15.875, 10.25], "rotation": 270, "texture": "#0"}
			}
		}
	],
	"display": {
		"thirdperson_righthand": {
			"rotation": [0, 13, 0],
			"translation": [-0.5, -2.5, 1.25],
			"scale": [1.6, 1.6, 1.6]
		},
		"thirdperson_lefthand": {
			"rotation": [0, 13, 0],
			"translation": [-0.5, -2.5, 1.5],
			"scale": [1.6, 1.6, 1.6]
		},
		"firstperson_righthand": {
			"rotation": [-11, 5, 0],
			"translation": [1, 0, 2],
			"scale": [0.8, 0.8, 0.8]
		},
		"firstperson_lefthand": {
			"rotation": [-11, 5, 0],
			"translation": [1, 0, 2],
			"scale": [0.8, 0.8, 0.8]
		},
		"ground": {
			"translation": [0, 5, 0],
			"scale": [2, 2, 2]
		},
		"gui": {
			"rotation": [87, 44, -85],
			"translation": [-1.5, -1, 0],
			"scale": [0.7, 0.7, 0.7]
		},
		"fixed": {
			"scale": [2, 2, 2]
		}
	}
}