{
	"credit": "Made with Blockbench",
	"textures": {
		"1": "blocks/quartz_block_bottom",
		"2": "skins/gucci",
		"3": "blocks/anvil_base",
		"particle": "blocks/anvil_base"
	},
	"elements": [
		{
			"from": [8.04044, 3.24089, 6.95633],
			"to": [8.74044, 3.64089, 10.25633],
			"rotation": {"angle": -22.5, "axis": "z", "origin": [9.08508, 3.14647, 8.19556]},
			"faces": {
				"north": {"uv": [0, 0, 0.4, 0.7], "rotation": 270, "texture": "#2"},
				"east": {"uv": [0, 0, 0.4, 3], "rotation": 90, "texture": "#2"},
				"south": {"uv": [0, 0, 0.4, 0.7], "rotation": 90, "texture": "#2"},
				"west": {"uv": [0, 0, 0.4, 3], "rotation": 90, "texture": "#2"},
				"up": {"uv": [0, 0, 5, 15], "rotation": 180, "texture": "#2"},
				"down": {"uv": [0, 0, 3, 0.7], "rotation": 90, "texture": "#2"}
			}
		},
		{
			"from": [7.65895, 3.60198, 6.95759],
			"to": [8.35895, 4.00198, 10.25759],
			"rotation": {"angle": 0, "axis": "z", "origin": [7.96615, 3.80706, 8.19706]},
			"faces": {
				"north": {"uv": [0, 0, 0.4, 0.7], "rotation": 270, "texture": "#2"},
				"east": {"uv": [0, 0, 5, 15], "rotation": 270, "texture": "#2"},
				"south": {"uv": [0, 0, 0.4, 0.7], "rotation": 90, "texture": "#2"},
				"west": {"uv": [0, 0, 5, 15], "rotation": 90, "texture": "#2"},
				"up": {"uv": [0, 0, 5, 15], "rotation": 180, "texture": "#2"},
				"down": {"uv": [0, 0, 3, 0.7], "rotation": 90, "texture": "#2"}
			}
		},
		{
			"from": [6.62756, 2.72841, 6.95181],
			"to": [7.02756, 3.72841, 10.25181],
			"rotation": {"angle": -45, "axis": "z", "origin": [6.83749, 3.22964, 7.94483]},
			"faces": {
				"north": {"uv": [6, 0, 6.4, 1], "rotation": 180, "texture": "#2"},
				"east": {"uv": [6, 0, 9.2, 1], "rotation": 180, "texture": "#2"},
				"south": {"uv": [6, 0, 6.4, 1], "rotation": 180, "texture": "#2"},
				"west": {"uv": [11, 0, 16, 15], "rotation": 90, "texture": "#2"},
				"up": {"uv": [6, 0, 11, 15], "rotation": 180, "texture": "#2"},
				"down": {"uv": [6, 0, 11, 15], "rotation": 180, "texture": "#2"}
			}
		},
		{
			"from": [8.57963, 3.07044, 6.95327],
			"to": [9.57963, 3.47044, 10.25327],
			"rotation": {"angle": -45, "axis": "z", "origin": [9.08508, 3.14647, 8.19556]},
			"faces": {
				"north": {"uv": [0, 0, 0.4, 1], "rotation": 270, "texture": "#2"},
				"east": {"uv": [0, 0, 0.4, 3.1], "rotation": 90, "texture": "#2"},
				"south": {"uv": [0, 0, 0.4, 1], "rotation": 90, "texture": "#2"},
				"west": {"uv": [0, 0, 0.4, 3.1], "rotation": 90, "texture": "#2"},
				"up": {"uv": [6, 0, 11, 15], "rotation": 180, "texture": "#2"},
				"down": {"uv": [0, 0, 3.1, 1], "rotation": 90, "texture": "#2"}
			}
		},
		{
			"from": [7.08172, 3.54145, 6.95138],
			"to": [7.78172, 3.94145, 10.25138],
			"rotation": {"angle": 22.5, "axis": "z", "origin": [7.58759, 3.73406, 8.19308]},
			"faces": {
				"north": {"uv": [0, 0, 0.4, 0.7], "rotation": 270, "texture": "#2"},
				"east": {"uv": [0, 0, 3.1, 0.4], "rotation": 180, "texture": "#2"},
				"south": {"uv": [0, 0, 0.4, 0.7], "rotation": 90, "texture": "#2"},
				"west": {"uv": [0, 0, 0.4, 3.1], "rotation": 90, "texture": "#2"},
				"up": {"uv": [0, 0, 5, 15], "rotation": 180, "texture": "#2"},
				"down": {"uv": [0, 0, 3.1, 0.7], "rotation": 90, "texture": "#2"}
			}
		},
		{
			"from": [9.17519, 1.81385, 6.95284],
			"to": [9.57519, 2.81385, 10.25284],
			"rotation": {"angle": 22.5, "axis": "z", "origin": [9.08508, 3.14647, 8.19556]},
			"faces": {
				"north": {"uv": [0, 0, 0.4, 1], "rotation": 180, "texture": "#2"},
				"east": {"uv": [0, 0, 5, 15], "rotation": 270, "texture": "#2"},
				"south": {"uv": [0, 0, 0.4, 1], "rotation": 180, "texture": "#2"},
				"west": {"uv": [0, 0, 3.3, 1], "rotation": 180, "texture": "#2"},
				"up": {"uv": [0, 0, 0.4, 3.3], "rotation": 180, "texture": "#2"},
				"down": {"uv": [0, 0, 0.4, 3.3], "rotation": 180, "texture": "#2"}
			}
		},
		{
			"from": [9.64784, 1.39907, 7.45662],
			"to": [10.04784, 2.09907, 9.45662],
			"rotation": {"angle": 0, "axis": "x", "origin": [9.86049, 2.09858, 8.44714]},
			"faces": {
				"north": {"uv": [0, 0, 0.4, 0.7], "texture": "#1"},
				"east": {"uv": [0, 0, 2, 0.7], "texture": "#1"},
				"south": {"uv": [0, 0, 0.4, 0.7], "texture": "#1"},
				"west": {"uv": [0, 0, 2, 0.7], "texture": "#1"},
				"up": {"uv": [0, 0, 0.4, 2], "texture": "#1"},
				"down": {"uv": [0, 0, 0.4, 2], "texture": "#1"}
			}
		},
		{
			"from": [5.94674, 1.39971, 7.45708],
			"to": [6.34674, 2.09971, 9.45708],
			"rotation": {"angle": 0, "axis": "x", "origin": [6.15939, 2.09922, 8.4476]},
			"faces": {
				"north": {"uv": [0, 0, 0.4, 0.7], "texture": "#1"},
				"east": {"uv": [0, 0, 2, 0.7], "texture": "#1"},
				"south": {"uv": [0, 0, 0.4, 0.7], "texture": "#1"},
				"west": {"uv": [0, 0, 2, 0.7], "texture": "#1"},
				"up": {"uv": [0, 0, 0.4, 2], "texture": "#1"},
				"down": {"uv": [0, 0, 0.4, 2], "texture": "#1"}
			}
		},
		{
			"from": [6.31562, 1.94274, 6.95487],
			"to": [6.71562, 2.94274, 10.25487],
			"rotation": {"angle": -22.5, "axis": "z", "origin": [6.52524, 2.94047, 7.44752]},
			"faces": {
				"north": {"uv": [0, 0, 0.4, 1], "texture": "#2"},
				"east": {"uv": [0, 0, 0.4, 1], "texture": "#2"},
				"south": {"uv": [0, 0, 0.4, 1], "texture": "#2"},
				"west": {"uv": [5, 0, 10, 15], "rotation": 90, "texture": "#2"},
				"up": {"uv": [0, 0, 3.3, 0.4], "rotation": 90, "texture": "#2"},
				"down": {"uv": [0, 0, 0.4, 3.3], "texture": "#2"}
			}
		},
		{
			"from": [9.64981, 1.05776, 9.1893],
			"to": [10.04981, 1.75776, 10.5893],
			"rotation": {"angle": 22.5, "axis": "x", "origin": [8.01342, 1.25902, 10.17835]},
			"faces": {
				"north": {"uv": [0, 0, 0.4, 0.7], "texture": "#1"},
				"east": {"uv": [0, 0, 1.4, 0.7], "texture": "#1"},
				"south": {"uv": [0, 0, 0.4, 0.7], "texture": "#1"},
				"west": {"uv": [0, 0, 1.4, 0.7], "texture": "#1"},
				"up": {"uv": [0, 0, 0.4, 1.4], "texture": "#1"},
				"down": {"uv": [0, 0, 0.4, 1.4], "texture": "#1"}
			}
		},
		{
			"from": [9.65197, 0.525, 11.29143],
			"to": [10.05197, 1.225, 14.79143],
			"rotation": {"angle": 22.5, "axis": "x", "origin": [8.01558, 0.72627, 10.28048]},
			"faces": {
				"north": {"uv": [0, 0, 0.4, 0.7], "texture": "#1"},
				"east": {"uv": [0, 0, 3.5, 0.7], "texture": "#1"},
				"south": {"uv": [0, 0, 0.4, 0.7], "texture": "#1"},
				"west": {"uv": [0, 0, 3.5, 0.7], "texture": "#1"},
				"up": {"uv": [0, 0, 0.4, 3.5], "texture": "#1"},
				"down": {"uv": [0, 0, 0.4, 3.5], "texture": "#1"}
			}
		},
		{
			"from": [5.95197, 0.525, 11.29143],
			"to": [6.35197, 1.225, 14.79143],
			"rotation": {"angle": 22.5, "axis": "x", "origin": [8.01558, 0.72627, 10.28048]},
			"faces": {
				"north": {"uv": [0, 0, 0.4, 0.7], "texture": "#1"},
				"east": {"uv": [0, 0, 3.5, 0.7], "texture": "#1"},
				"south": {"uv": [0, 0, 0.4, 0.7], "texture": "#1"},
				"west": {"uv": [0, 0, 3.5, 0.7], "texture": "#1"},
				"up": {"uv": [0, 0, 0.4, 3.5], "texture": "#1"},
				"down": {"uv": [0, 0, 0.4, 3.5], "texture": "#1"}
			}
		},
		{
			"from": [5.94871, 1.05839, 9.18976],
			"to": [6.34871, 1.75839, 10.58976],
			"rotation": {"angle": 22.5, "axis": "x", "origin": [4.31232, 1.25966, 10.17881]},
			"faces": {
				"north": {"uv": [0, 0, 0.4, 0.7], "texture": "#1"},
				"east": {"uv": [0, 0, 1.4, 0.7], "texture": "#1"},
				"south": {"uv": [0, 0, 0.4, 0.7], "texture": "#1"},
				"west": {"uv": [0, 0, 1.4, 0.7], "texture": "#1"},
				"up": {"uv": [0, 0, 0.4, 1.4], "texture": "#1"},
				"down": {"uv": [0, 0, 0.4, 1.4], "texture": "#1"}
			}
		},
		{
			"from": [9.65086, 0.79408, 9.60267],
			"to": [10.05086, 1.54408, 11.60267],
			"rotation": {"angle": 45, "axis": "x", "origin": [6.16646, 1.0343, 10.59744]},
			"faces": {
				"north": {"uv": [0, 0, 0.4, 0.75], "texture": "#1"},
				"east": {"uv": [0, 0, 2, 0.75], "texture": "#1"},
				"south": {"uv": [0, 0, 0.4, 0.75], "texture": "#1"},
				"west": {"uv": [0, 0, 2, 0.75], "texture": "#1"},
				"up": {"uv": [0, 0, 0.4, 2], "texture": "#1"},
				"down": {"uv": [0, 0, 0.4, 2], "texture": "#1"}
			}
		},
		{
			"from": [5.94976, 0.79472, 9.60313],
			"to": [6.34976, 1.54472, 11.60313],
			"rotation": {"angle": 45, "axis": "x", "origin": [2.46536, 1.03494, 10.5979]},
			"faces": {
				"north": {"uv": [0, 0, 0.4, 0.75], "texture": "#1"},
				"east": {"uv": [0, 0, 2, 0.75], "texture": "#1"},
				"south": {"uv": [0, 0, 0.4, 0.75], "texture": "#1"},
				"west": {"uv": [0, 0, 2, 0.75], "texture": "#1"},
				"up": {"uv": [0, 0, 0.4, 2], "texture": "#1"},
				"down": {"uv": [0, 0, 0.4, 2], "texture": "#1"}
			}
		},
		{
			"from": [9.648, 1.29213, 6.71542],
			"to": [10.048, 1.99213, 7.51542],
			"rotation": {"angle": 22.5, "axis": "x", "origin": [8.01161, 1.4934, 7.75448]},
			"faces": {
				"north": {"uv": [0, 0, 0.4, 0.7], "texture": "#1"},
				"east": {"uv": [0, 0, 0.8, 0.7], "texture": "#1"},
				"south": {"uv": [0, 0, 0.4, 0.7], "texture": "#1"},
				"west": {"uv": [0, 0, 0.8, 0.7], "texture": "#1"},
				"up": {"uv": [0, 0, 0.4, 0.8], "texture": "#1"},
				"down": {"uv": [0, 0, 0.4, 0.8], "texture": "#1"}
			}
		},
		{
			"from": [5.9469, 1.29277, 6.71589],
			"to": [6.3469, 1.99277, 7.51589],
			"rotation": {"angle": 22.5, "axis": "x", "origin": [4.31051, 1.49404, 7.75494]},
			"faces": {
				"north": {"uv": [0, 0, 0.4, 0.7], "texture": "#1"},
				"east": {"uv": [0, 0, 0.8, 0.7], "texture": "#1"},
				"south": {"uv": [0, 0, 0.4, 0.7], "texture": "#1"},
				"west": {"uv": [0, 0, 0.8, 0.7], "texture": "#1"},
				"up": {"uv": [0, 0, 0.4, 0.8], "texture": "#1"},
				"down": {"uv": [0, 0, 0.4, 0.8], "texture": "#1"}
			}
		},
		{
			"from": [7.53902, -1.60381, 12.97455],
			"to": [9.62902, -0.66381, 14.91455],
			"rotation": {"angle": 22.5, "axis": "y", "origin": [8.65902, -1.39381, 13.94455]},
			"faces": {
				"north": {"uv": [0, 0, 2.15, 1], "texture": "#3"},
				"east": {"uv": [0, 0, 2, 1], "texture": "#3"},
				"south": {"uv": [0, 0, 2.15, 1], "texture": "#3"},
				"west": {"uv": [0, 0, 2, 1], "texture": "#3"},
				"up": {"uv": [0, 0, 2, 2.15], "rotation": 270, "texture": "#3"},
				"down": {"uv": [0, 0, 2, 2.15], "rotation": 90, "texture": "#3"}
			}
		},
		{
			"from": [6, 0, 4],
			"to": [10, 0.5, 15],
			"rotation": {"angle": 22.5, "axis": "x", "origin": [8.01609, 0.26942, 9.64305]},
			"faces": {
				"north": {"uv": [0, 0, 4, 0.5], "texture": "#3"},
				"east": {"uv": [0, 0, 11, 0.5], "texture": "#3"},
				"south": {"uv": [0, 0, 4, 0.5], "texture": "#3"},
				"west": {"uv": [0, 0, 11, 0.5], "texture": "#3"},
				"up": {"uv": [0, 0, 4, 11], "texture": "#3"},
				"down": {"uv": [0, 0, 4, 11], "texture": "#3"}
			}
		},
		{
			"from": [6.03, 0.43, 9.03],
			"to": [9.97, 1.37, 14.97],
			"rotation": {"angle": 22.5, "axis": "x", "origin": [8.01609, 0.26942, 9.64305]},
			"faces": {
				"north": {"uv": [0, 0, 4, 1], "texture": "#3"},
				"east": {"uv": [0, 0, 6, 1], "texture": "#3"},
				"south": {"uv": [0, 0, 4, 1], "texture": "#3"},
				"west": {"uv": [0, 0, 6, 1], "texture": "#3"},
				"up": {"uv": [0, 0, 4, 6], "texture": "#3"},
				"down": {"uv": [0, 0, 4, 6], "texture": "#3"}
			}
		},
		{
			"from": [6.05, -0.2, 9.05],
			"to": [9.95, 0.7, 9.45],
			"rotation": {"angle": 22.5, "axis": "x", "origin": [8.01609, 0.26942, 9.64305]},
			"faces": {
				"north": {"uv": [0, 0, 4, 1], "texture": "#3"},
				"east": {"uv": [0, 0, 0.5, 1], "texture": "#3"},
				"south": {"uv": [0, 0, 4, 1], "texture": "#3"},
				"west": {"uv": [0, 0, 0.5, 1], "texture": "#3"},
				"up": {"uv": [0, 0, 4, 0.5], "texture": "#3"},
				"down": {"uv": [0, 0, 4, 0.5], "texture": "#3"}
			}
		},
		{
			"from": [6.05, -0.2, 5.05],
			"to": [9.95, 0.3, 5.45],
			"rotation": {"angle": 22.5, "axis": "x", "origin": [8.01609, 0.26942, 9.64305]},
			"faces": {
				"north": {"uv": [0, 0, 4, 0.6], "texture": "#3"},
				"east": {"uv": [0, 0, 0.5, 0.6], "texture": "#3"},
				"south": {"uv": [0, 0, 4, 0.6], "texture": "#3"},
				"west": {"uv": [0, 0, 0.5, 0.6], "texture": "#3"},
				"up": {"uv": [0, 0, 4, 0.5], "texture": "#3"},
				"down": {"uv": [0, 0, 4, 0.5], "texture": "#3"}
			}
		},
		{
			"from": [6.05, -0.2, 13.05],
			"to": [9.95, 0.7, 13.45],
			"rotation": {"angle": 22.5, "axis": "x", "origin": [8.01609, 0.26942, 9.64305]},
			"faces": {
				"north": {"uv": [0, 0, 4, 1], "texture": "#3"},
				"east": {"uv": [0, 0, 0.5, 1], "texture": "#3"},
				"south": {"uv": [0, 0, 4, 1], "texture": "#3"},
				"west": {"uv": [0, 0, 0.5, 1], "texture": "#3"},
				"up": {"uv": [0, 0, 4, 0.5], "texture": "#3"},
				"down": {"uv": [0, 0, 4, 0.5], "texture": "#3"}
			}
		},
		{
			"from": [6.05, -0.2, 7.05],
			"to": [9.95, 0.7, 7.45],
			"rotation": {"angle": 22.5, "axis": "x", "origin": [8.01609, 0.26942, 9.64305]},
			"faces": {
				"north": {"uv": [0, 0, 4, 1], "texture": "#3"},
				"east": {"uv": [0, 0, 0.5, 1], "texture": "#3"},
				"south": {"uv": [0, 0, 4, 1], "texture": "#3"},
				"west": {"uv": [0, 0, 0.5, 1], "texture": "#3"},
				"up": {"uv": [0, 0, 4, 0.5], "texture": "#3"},
				"down": {"uv": [0, 0, 4, 0.5], "texture": "#3"}
			}
		},
		{
			"from": [6.05, -0.2, 12.05],
			"to": [9.95, 0.7, 12.45],
			"rotation": {"angle": 22.5, "axis": "x", "origin": [8.01609, 0.26942, 9.64305]},
			"faces": {
				"north": {"uv": [0, 0, 4, 1], "texture": "#3"},
				"east": {"uv": [0, 0, 0.5, 1], "texture": "#3"},
				"south": {"uv": [0, 0, 4, 1], "texture": "#3"},
				"west": {"uv": [0, 0, 0.5, 1], "texture": "#3"},
				"up": {"uv": [0, 0, 4, 0.5], "texture": "#3"},
				"down": {"uv": [0, 0, 4, 0.5], "texture": "#3"}
			}
		},
		{
			"from": [6.05, -0.2, 6.05],
			"to": [9.95, 0.3, 6.45],
			"rotation": {"angle": 22.5, "axis": "x", "origin": [8.01609, 0.26942, 9.64305]},
			"faces": {
				"north": {"uv": [0, 0, 4, 0.6], "texture": "#3"},
				"east": {"uv": [0, 0, 0.5, 0.6], "texture": "#3"},
				"south": {"uv": [0, 0, 4, 0.6], "texture": "#3"},
				"west": {"uv": [0, 0, 0.5, 0.6], "texture": "#3"},
				"up": {"uv": [0, 0, 4, 0.5], "texture": "#3"},
				"down": {"uv": [0, 0, 4, 0.5], "texture": "#3"}
			}
		},
		{
			"from": [6.05, -0.2, 14.05],
			"to": [9.95, 0.7, 14.45],
			"rotation": {"angle": 22.5, "axis": "x", "origin": [8.01609, 0.26942, 9.64305]},
			"faces": {
				"north": {"uv": [0, 0, 4, 1], "texture": "#3"},
				"east": {"uv": [0, 0, 0.5, 1], "texture": "#3"},
				"south": {"uv": [0, 0, 4, 1], "texture": "#3"},
				"west": {"uv": [0, 0, 0.5, 1], "texture": "#3"},
				"up": {"uv": [0, 0, 4, 0.5], "texture": "#3"},
				"down": {"uv": [0, 0, 4, 0.5], "texture": "#3"}
			}
		},
		{
			"from": [6.05, -0.2, 8.05],
			"to": [9.95, 0.7, 8.45],
			"rotation": {"angle": 22.5, "axis": "x", "origin": [8.01609, 0.26942, 9.64305]},
			"faces": {
				"north": {"uv": [0, 0, 4, 1], "texture": "#3"},
				"east": {"uv": [0, 0, 0.5, 1], "texture": "#3"},
				"south": {"uv": [0, 0, 4, 1], "texture": "#3"},
				"west": {"uv": [0, 0, 0.5, 1], "texture": "#3"},
				"up": {"uv": [0, 0, 4, 0.5], "texture": "#3"},
				"down": {"uv": [0, 0, 4, 0.5], "texture": "#3"}
			}
		},
		{
			"from": [6.05, -0.2, 9.55],
			"to": [9.95, 0.7, 9.95],
			"rotation": {"angle": 22.5, "axis": "x", "origin": [8.01609, 0.26942, 9.64305]},
			"faces": {
				"north": {"uv": [0, 0, 4, 1], "texture": "#3"},
				"east": {"uv": [0, 0, 0.5, 1], "texture": "#3"},
				"south": {"uv": [0, 0, 4, 1], "texture": "#3"},
				"west": {"uv": [0, 0, 0.5, 1], "texture": "#3"},
				"up": {"uv": [0, 0, 4, 0.5], "texture": "#3"},
				"down": {"uv": [0, 0, 4, 0.5], "texture": "#3"}
			}
		},
		{
			"from": [6.05, -0.2, 5.55],
			"to": [9.95, 0.3, 5.95],
			"rotation": {"angle": 22.5, "axis": "x", "origin": [8.01609, 0.26942, 9.64305]},
			"faces": {
				"north": {"uv": [0, 0, 4, 0.6], "texture": "#3"},
				"east": {"uv": [0, 0, 0.5, 0.6], "texture": "#3"},
				"south": {"uv": [0, 0, 4, 0.6], "texture": "#3"},
				"west": {"uv": [0, 0, 0.5, 0.6], "texture": "#3"},
				"up": {"uv": [0, 0, 4, 0.5], "texture": "#3"},
				"down": {"uv": [0, 0, 4, 0.5], "texture": "#3"}
			}
		},
		{
			"from": [6.05, -0.2, 13.55],
			"to": [9.95, 0.7, 13.95],
			"rotation": {"angle": 22.5, "axis": "x", "origin": [8.01609, 0.26942, 9.64305]},
			"faces": {
				"north": {"uv": [0, 0, 4, 1], "texture": "#3"},
				"east": {"uv": [0, 0, 0.5, 1], "texture": "#3"},
				"south": {"uv": [0, 0, 4, 1], "texture": "#3"},
				"west": {"uv": [0, 0, 0.5, 1], "texture": "#3"},
				"up": {"uv": [0, 0, 4, 0.5], "texture": "#3"},
				"down": {"uv": [0, 0, 4, 0.5], "texture": "#3"}
			}
		},
		{
			"from": [6.05, -0.2, 7.55],
			"to": [9.95, 0.7, 7.95],
			"rotation": {"angle": 22.5, "axis": "x", "origin": [8.01609, 0.26942, 9.64305]},
			"faces": {
				"north": {"uv": [0, 0, 4, 1], "texture": "#3"},
				"east": {"uv": [0, 0, 0.5, 1], "texture": "#3"},
				"south": {"uv": [0, 0, 4, 1], "texture": "#3"},
				"west": {"uv": [0, 0, 0.5, 1], "texture": "#3"},
				"up": {"uv": [0, 0, 4, 0.5], "texture": "#3"},
				"down": {"uv": [0, 0, 4, 0.5], "texture": "#3"}
			}
		},
		{
			"from": [6.05, -0.2, 12.55],
			"to": [9.95, 0.7, 12.95],
			"rotation": {"angle": 22.5, "axis": "x", "origin": [8.01609, 0.26942, 9.64305]},
			"faces": {
				"north": {"uv": [0, 0, 4, 1], "texture": "#3"},
				"east": {"uv": [0, 0, 0.5, 1], "texture": "#3"},
				"south": {"uv": [0, 0, 4, 1], "texture": "#3"},
				"west": {"uv": [0, 0, 0.5, 1], "texture": "#3"},
				"up": {"uv": [0, 0, 4, 0.5], "texture": "#3"},
				"down": {"uv": [0, 0, 4, 0.5], "texture": "#3"}
			}
		},
		{
			"from": [6.05, -0.2, 6.55],
			"to": [9.95, 0.3, 6.95],
			"rotation": {"angle": 22.5, "axis": "x", "origin": [8.01609, 0.26942, 9.64305]},
			"faces": {
				"north": {"uv": [0, 0, 4, 0.6], "texture": "#3"},
				"east": {"uv": [0, 0, 0.5, 0.6], "texture": "#3"},
				"south": {"uv": [0, 0, 4, 0.6], "texture": "#3"},
				"west": {"uv": [0, 0, 0.5, 0.6], "texture": "#3"},
				"up": {"uv": [0, 0, 4, 0.5], "texture": "#3"},
				"down": {"uv": [0, 0, 4, 0.5], "texture": "#3"}
			}
		},
		{
			"from": [6.05, -0.2, 14.55],
			"to": [9.95, 0.7, 14.95],
			"rotation": {"angle": 22.5, "axis": "x", "origin": [8.01609, 0.26942, 9.64305]},
			"faces": {
				"north": {"uv": [0, 0, 4, 1], "texture": "#3"},
				"east": {"uv": [0, 0, 0.5, 1], "texture": "#3"},
				"south": {"uv": [0, 0, 4, 1], "texture": "#3"},
				"west": {"uv": [0, 0, 0.5, 1], "texture": "#3"},
				"up": {"uv": [0, 0, 4, 0.5], "texture": "#3"},
				"down": {"uv": [0, 0, 4, 0.5], "texture": "#3"}
			}
		},
		{
			"from": [6.05, -0.2, 8.55],
			"to": [9.95, 0.7, 8.95],
			"rotation": {"angle": 22.5, "axis": "x", "origin": [8.01609, 0.26942, 9.64305]},
			"faces": {
				"north": {"uv": [0, 0, 4, 1], "texture": "#3"},
				"east": {"uv": [0, 0, 0.5, 1], "texture": "#3"},
				"south": {"uv": [0, 0, 4, 1], "texture": "#3"},
				"west": {"uv": [0, 0, 0.5, 1], "texture": "#3"},
				"up": {"uv": [0, 0, 4, 0.5], "texture": "#3"},
				"down": {"uv": [0, 0, 4, 0.5], "texture": "#3"}
			}
		},
		{
			"from": [6.03002, 0.83084, 7.55782],
			"to": [9.97002, 1.52084, 9.49782],
			"rotation": {"angle": 0, "axis": "x", "origin": [8.01609, 0.26942, 9.64305]},
			"faces": {
				"north": {"uv": [0, 0, 4, 0.75], "texture": "#3"},
				"east": {"uv": [0, 0, 2, 0.75], "texture": "#3"},
				"south": {"uv": [0, 0, 4, 0.75], "texture": "#3"},
				"west": {"uv": [0, 0, 2, 0.75], "texture": "#3"},
				"up": {"uv": [0, 0, 4, 2], "texture": "#3"},
				"down": {"uv": [0, 0, 4, 2], "texture": "#3"}
			}
		},
		{
			"from": [6.02424, 0.19565, 4.39539],
			"to": [9.96424, 0.63565, 10.33539],
			"rotation": {"angle": 22.5, "axis": "x", "origin": [8.01609, 0.26942, 9.64305]},
			"faces": {
				"north": {"uv": [0, 0, 4, 0.5], "texture": "#3"},
				"east": {"uv": [0, 0, 6, 0.5], "texture": "#3"},
				"south": {"uv": [0, 0, 4, 0.5], "texture": "#3"},
				"west": {"uv": [0, 0, 6, 0.5], "texture": "#3"},
				"up": {"uv": [0, 0, 4, 6], "texture": "#3"},
				"down": {"uv": [0, 0, 4, 6], "texture": "#3"}
			}
		},
		{
			"from": [6.30923, -2.02866, 13.94441],
			"to": [8.45923, -1.52866, 14.94441],
			"rotation": {"angle": -22.5, "axis": "y", "origin": [7.30923, -1.78366, 13.94441]},
			"faces": {
				"north": {"uv": [0, 0, 2.15, 0.5], "texture": "#3"},
				"east": {"uv": [0, 0, 1, 0.5], "texture": "#3"},
				"south": {"uv": [0, 0, 2.15, 0.5], "texture": "#3"},
				"west": {"uv": [0, 0, 1, 0.5], "texture": "#3"},
				"up": {"uv": [0, 0, 1, 2.15], "rotation": 270, "texture": "#3"},
				"down": {"uv": [0, 0, 1, 2.15], "rotation": 90, "texture": "#3"}
			}
		},
		{
			"from": [7.47064, 2.14112, 3.7857],
			"to": [9.62064, 2.64112, 4.7857],
			"rotation": {"angle": -22.5, "axis": "y", "origin": [7.96118, 2.70229, 5.04183]},
			"faces": {
				"north": {"uv": [0, 0, 2.15, 0.5], "texture": "#3"},
				"east": {"uv": [0, 0, 1, 0.5], "texture": "#3"},
				"south": {"uv": [0, 0, 2.15, 0.5], "texture": "#3"},
				"west": {"uv": [0, 0, 1, 0.5], "texture": "#3"},
				"up": {"uv": [0, 0, 1, 2.15], "rotation": 90, "texture": "#3"},
				"down": {"uv": [0, 0, 1, 2.15], "rotation": 270, "texture": "#3"}
			}
		},
		{
			"from": [6.36192, -1.60371, 12.97445],
			"to": [8.45192, -0.66371, 14.91445],
			"rotation": {"angle": -22.5, "axis": "y", "origin": [7.33192, -1.38871, 13.94445]},
			"faces": {
				"north": {"uv": [0, 0, 2.15, 1], "texture": "#3"},
				"east": {"uv": [0, 0, 2, 1], "texture": "#3"},
				"south": {"uv": [0, 0, 2.15, 1], "texture": "#3"},
				"west": {"uv": [0, 0, 2, 1], "texture": "#3"},
				"up": {"uv": [0, 0, 2, 2.15], "rotation": 270, "texture": "#3"},
				"down": {"uv": [0, 0, 2, 2.15], "rotation": 90, "texture": "#3"}
			}
		},
		{
			"from": [7.5188, -2.02871, 13.94445],
			"to": [9.6688, -1.52871, 14.94445],
			"rotation": {"angle": 22.5, "axis": "y", "origin": [8.6688, -1.78871, 13.94445]},
			"faces": {
				"north": {"uv": [0, 0, 2.15, 0.5], "texture": "#3"},
				"east": {"uv": [0, 0, 1, 0.5], "texture": "#3"},
				"south": {"uv": [0, 0, 2.15, 0.5], "texture": "#3"},
				"west": {"uv": [0, 0, 1, 0.5], "texture": "#3"},
				"up": {"uv": [0, 0, 1, 2.15], "rotation": 270, "texture": "#3"},
				"down": {"uv": [0, 0, 1, 2.15], "rotation": 90, "texture": "#3"}
			}
		},
		{
			"from": [6.35254, 2.14108, 3.80671],
			"to": [8.50254, 2.64108, 4.80671],
			"rotation": {"angle": 22.5, "axis": "y", "origin": [7.96118, 2.70229, 5.04183]},
			"faces": {
				"north": {"uv": [0, 0, 2.15, 0.5], "texture": "#3"},
				"east": {"uv": [0, 0, 1, 0.5], "texture": "#3"},
				"south": {"uv": [0, 0, 2.15, 0.5], "texture": "#3"},
				"west": {"uv": [0, 0, 1, 0.5], "texture": "#3"},
				"up": {"uv": [0, 0, 1, 2.15], "rotation": 90, "texture": "#3"},
				"down": {"uv": [0, 0, 1, 2.15], "rotation": 270, "texture": "#3"}
			}
		}
	],
	"display": {
		"thirdperson_righthand": {
			"rotation": [82, -18, 70],
			"translation": [-6.75, 7.5, 3.25]
		},
		"thirdperson_lefthand": {
			"rotation": [82, -18, 70],
			"translation": [-6.75, 7.5, 3.25]
		},
		"firstperson_righthand": {
			"rotation": [49, -16, 70],
			"translation": [-5.75, 7.5, 0.75]
		},
		"gui": {
			"rotation": [47, 57, -24],
			"translation": [0.5, 11, 0],
			"scale": [1.5, 1.5, 1.5]
		}
	},
	"groups": [
		{
			"name": "group",
			"origin": [6.16091, 1.24731, 8.29177],
			"children": [0, 1, 2, 3, 4, 5, 6, 7, 8, 9, 10, 11, 12, 13, 14, 15, 16]
		},
		{
			"name": "group",
			"origin": [7.96118, 2.70229, 5.04183],
			"children": [17, 18, 19, 20, 21, 22, 23, 24, 25, 26, 27, 28, 29, 30, 31, 32, 33, 34, 35, 36, 37, 38, 39, 40, 41, 42]
		}
	]
}