{
	"credit": "Made with Blockbench",
	"texture_size": [8, 8],
	"textures": {
		"2": "skins/strati_limb",
		"texture": "skins/air_tier_all_0"
	},
	"elements": [
		{
			"from": [7.48331, -0.36934, 7.2],
			"to": [8.48331, 3.03066, 8.2],
			"rotation": {"angle": 0, "axis": "y", "origin": [7.98331, 0.63066, 7.7]},
			"faces": {
				"north": {"uv": [2, 3, 6, 1], "rotation": 90, "texture": "#texture"},
				"east": {"uv": [0, 2, 4, 0], "rotation": 90, "texture": "#texture"},
				"south": {"uv": [3, 3, 7, 1], "rotation": 90, "texture": "#texture"},
				"west": {"uv": [5, 2, 9, 0], "rotation": 90, "texture": "#texture"},
				"up": {"uv": [4, 0, 0, 2], "rotation": 90, "texture": "#texture"},
				"down": {"uv": [4, 0, 0, 2], "rotation": 90, "texture": "#texture"}
			}
		},
		{
			"from": [7.2, 2.44828, 7.90322],
			"to": [8.8, 3.24828, 8.70322],
			"rotation": {"angle": -22.5, "axis": "x", "origin": [7.98877, 1.40622, 6.99378]},
			"faces": {
				"north": {"uv": [4, 6, 2, 8], "rotation": 270, "texture": "#texture"},
				"east": {"uv": [4, 6, 2, 8], "texture": "#texture"},
				"south": {"uv": [4, 6, 2, 8], "rotation": 90, "texture": "#texture"},
				"west": {"uv": [4, 6, 2, 8], "rotation": 90, "texture": "#texture"},
				"up": {"uv": [4, 6, 2, 8], "rotation": 270, "texture": "#texture"},
				"down": {"uv": [4, 6, 2, 8], "rotation": 90, "texture": "#texture"}
			}
		},
		{
			"from": [7.35, -1.50172, 7.65322],
			"to": [8.65, -0.20172, 8.95322],
			"rotation": {"angle": -22.5, "axis": "x", "origin": [7.98877, -2.29378, 6.99378]},
			"faces": {
				"north": {"uv": [0, 13, 2, 11], "rotation": 180, "texture": "#texture"},
				"east": {"uv": [2, 11, 0, 13], "rotation": 270, "texture": "#texture"},
				"south": {"uv": [0, 13, 2, 11], "texture": "#texture"},
				"west": {"uv": [2, 10, 0, 12], "rotation": 270, "texture": "#texture"},
				"up": {"uv": [2, 11, 0, 13], "rotation": 180, "texture": "#texture"},
				"down": {"uv": [0, 13, 2, 11], "rotation": 90, "texture": "#texture"}
			}
		},
		{
			"from": [7.3869, -1.29647, 6.3],
			"to": [8.5869, -0.09647, 7.5],
			"rotation": {"angle": 22.5, "axis": "x", "origin": [7.98877, -2.29378, 6.99378]},
			"faces": {
				"north": {"uv": [2, 10, 0, 12], "rotation": 180, "texture": "#texture"},
				"east": {"uv": [6, 10, 8, 12], "rotation": 180, "texture": "#texture"},
				"south": {"uv": [8, 10, 6, 12], "rotation": 180, "texture": "#texture"},
				"west": {"uv": [8, 10, 6, 12], "rotation": 180, "texture": "#texture"},
				"up": {"uv": [6, 12, 8, 10], "rotation": 180, "texture": "#texture"},
				"down": {"uv": [9, 11, 11, 9], "rotation": 180, "texture": "#texture"}
			}
		},
		{
			"from": [7.4869, 3.21317, 7.91079],
			"to": [8.4869, 4.21317, 9.91079],
			"rotation": {"angle": 45, "axis": "x", "origin": [7.9869, 5.51829, 8.1021]},
			"faces": {
				"north": {"uv": [1, 11, 3, 13], "rotation": 180, "texture": "#texture"},
				"east": {"uv": [1, 10, 4, 12], "texture": "#texture"},
				"south": {"uv": [0, 10, 4, 14], "rotation": 180, "texture": "#texture"},
				"west": {"uv": [4, 10, 1, 12], "texture": "#texture"},
				"up": {"uv": [8, 9, 5, 11], "rotation": 90, "texture": "#texture"},
				"down": {"uv": [3, 11, 0, 13], "texture": "#texture"}
			}
		},
		{
			"from": [7.4869, -1.83589, 7.10401],
			"to": [8.4869, -0.83589, 8.10401],
			"rotation": {"angle": -22.5, "axis": "x", "origin": [7.98877, -2.29378, 6.99378]},
			"faces": {
				"north": {"uv": [1, 13, 3, 11], "rotation": 180, "texture": "#texture"},
				"east": {"uv": [1, 12, 3, 10], "texture": "#texture"},
				"south": {"uv": [0, 14, 4, 10], "rotation": 180, "texture": "#texture"},
				"west": {"uv": [3, 12, 1, 10], "texture": "#texture"},
				"up": {"uv": [0, 11, 2, 13], "rotation": 180, "texture": "#texture"},
				"down": {"uv": [7, 11, 5, 9], "rotation": 270, "texture": "#texture"}
			}
		},
		{
			"from": [7.4869, 4.7481, 9.51158],
			"to": [8.4869, 5.9481, 10.51158],
			"rotation": {"angle": 45, "axis": "x", "origin": [7.9869, 5.51829, 8.1021]},
			"faces": {
				"north": {"uv": [9, 9, 11, 11], "rotation": 270, "texture": "#texture"},
				"east": {"uv": [7, 9, 8, 11], "rotation": 270, "texture": "#texture"},
				"south": {"uv": [4, 10, 6, 12], "texture": "#texture"},
				"west": {"uv": [6, 10, 8, 12], "rotation": 270, "texture": "#texture"},
				"up": {"uv": [6, 10, 8.2, 12], "rotation": 270, "texture": "#texture"},
				"down": {"uv": [6, 10, 8.2, 12], "rotation": 270, "texture": "#texture"}
			}
		},
		{
			"from": [7.3869, 2.94502, 6.21353],
			"to": [8.5869, 4.14502, 8.41353],
			"rotation": {"angle": -22.5, "axis": "x", "origin": [7.9869, 5.51829, 8.1021]},
			"faces": {
				"north": {"uv": [0, 11, 2, 13], "rotation": 90, "texture": "#texture"},
				"east": {"uv": [0, 12, 5, 9], "rotation": 180, "texture": "#texture"},
				"south": {"uv": [0, 9, 4, 13], "rotation": 270, "texture": "#texture"},
				"west": {"uv": [0, 9, 5, 12], "texture": "#texture"},
				"up": {"uv": [7, 9, 12, 11], "rotation": 90, "texture": "#texture"},
				"down": {"uv": [0, 11, 5, 13], "rotation": 270, "texture": "#texture"}
			}
		},
		{
			"from": [7.5369, 4.76291, 5.94924],
			"to": [8.4369, 5.66291, 6.84924],
			"rotation": {"angle": -22.5, "axis": "x", "origin": [7.9869, 5.51829, 8.1021]},
			"faces": {
				"north": {"uv": [3, 11, 1, 13], "texture": "#texture"},
				"east": {"uv": [4, 10, 2, 12], "rotation": 270, "texture": "#texture"},
				"south": {"uv": [7, 9, 5, 11], "texture": "#texture"},
				"west": {"uv": [5, 10, 3, 12], "rotation": 90, "texture": "#texture"},
				"up": {"uv": [5, 10, 3, 12], "rotation": 180, "texture": "#texture"},
				"down": {"uv": [5, 10, 3, 12], "texture": "#texture"}
			}
		},
		{
			"from": [7.5369, -2.48404, 5.73905],
			"to": [8.4369, -1.58404, 6.63905],
			"rotation": {"angle": 45, "axis": "x", "origin": [7.98877, -2.29378, 6.99378]},
			"faces": {
				"north": {"uv": [1, 11, 3, 13], "rotation": 180, "texture": "#texture"},
				"east": {"uv": [4, 12, 2, 10], "rotation": 90, "texture": "#texture"},
				"south": {"uv": [5, 9, 7, 11], "rotation": 180, "texture": "#texture"},
				"west": {"uv": [5, 12, 3, 10], "rotation": 270, "texture": "#texture"},
				"up": {"uv": [5, 12, 3, 10], "texture": "#texture"},
				"down": {"uv": [5, 12, 3, 10], "rotation": 180, "texture": "#texture"}
			}
		},
		{
			"from": [7.5369, 4.98242, 9.54879],
			"to": [8.4369, 5.88242, 10.44879],
			"rotation": {"angle": 22.5, "axis": "x", "origin": [7.9869, 5.51829, 8.1021]},
			"faces": {
				"north": {"uv": [8, 9, 10, 11], "rotation": 270, "texture": "#texture"},
				"east": {"uv": [7, 9, 9, 11], "rotation": 270, "texture": "#texture"},
				"south": {"uv": [9, 10, 11, 12], "texture": "#texture"},
				"west": {"uv": [8, 10, 10, 12], "rotation": 270, "texture": "#texture"},
				"up": {"uv": [7, 9, 9, 11], "rotation": 270, "texture": "#texture"},
				"down": {"uv": [7, 9, 9, 11], "rotation": 270, "texture": "#texture"}
			}
		},
		{
			"from": [7.6369, -4.9174, 6.13792],
			"to": [8.3369, -4.2174, 7.43792],
			"rotation": {"angle": 45, "axis": "x", "origin": [7.9869, -5.28788, 8.49399]},
			"faces": {
				"north": {"uv": [15, 9, 13, 11], "rotation": 180, "texture": "#texture"},
				"east": {"uv": [15, 9, 13, 11], "rotation": 180, "texture": "#texture"},
				"south": {"uv": [15, 9, 13, 11], "rotation": 180, "texture": "#texture"},
				"west": {"uv": [15, 9, 13, 11], "rotation": 180, "texture": "#texture"},
				"up": {"uv": [15, 9, 13, 11], "rotation": 180, "texture": "#texture"},
				"down": {"uv": [15, 9, 13, 11], "rotation": 180, "texture": "#texture"}
			}
		},
		{
			"from": [7.5869, 4.77804, 6.10777],
			"to": [8.3869, 5.57804, 6.90777],
			"rotation": {"angle": 0, "axis": "x", "origin": [7.9869, 5.51829, 8.1021]},
			"faces": {
				"north": {"uv": [7, 9, 9, 11], "rotation": 180, "texture": "#texture"},
				"east": {"uv": [7, 9, 9, 11], "rotation": 180, "texture": "#texture"},
				"south": {"uv": [8, 9, 10, 11], "rotation": 180, "texture": "#texture"},
				"west": {"uv": [7, 9, 9, 11], "rotation": 270, "texture": "#texture"},
				"up": {"uv": [7, 9, 9, 11], "rotation": 180, "texture": "#texture"},
				"down": {"uv": [7, 9, 9, 11], "rotation": 180, "texture": "#texture"}
			}
		},
		{
			"from": [7.5869, -2.73939, 5.81175],
			"to": [8.3869, -1.93939, 6.61175],
			"rotation": {"angle": 22.5, "axis": "x", "origin": [7.98877, -2.29378, 6.99378]},
			"faces": {
				"north": {"uv": [9, 9, 7, 11], "texture": "#texture"},
				"east": {"uv": [9, 9, 7, 11], "texture": "#texture"},
				"south": {"uv": [10, 9, 8, 11], "texture": "#texture"},
				"west": {"uv": [7, 11, 9, 9], "rotation": 90, "texture": "#texture"},
				"up": {"uv": [7, 11, 9, 9], "rotation": 180, "texture": "#texture"},
				"down": {"uv": [7, 11, 9, 9], "rotation": 180, "texture": "#texture"}
			}
		},
		{
			"from": [7.5869, 4.90666, 9.55951],
			"to": [8.3869, 5.70666, 10.35951],
			"rotation": {"angle": 0, "axis": "x", "origin": [7.9869, 5.51829, 8.1021]},
			"faces": {
				"north": {"uv": [9, 9, 10, 11], "rotation": 180, "texture": "#texture"},
				"east": {"uv": [12, 11, 14, 13], "rotation": 180, "texture": "#texture"},
				"south": {"uv": [12, 10, 14, 12], "texture": "#texture"},
				"west": {"uv": [12, 11, 14, 13], "rotation": 270, "texture": "#texture"},
				"up": {"uv": [11, 10, 13, 12], "rotation": 180, "texture": "#texture"},
				"down": {"uv": [12, 11, 14, 13], "rotation": 180, "texture": "#texture"}
			}
		},
		{
			"from": [7.5869, -4.26452, 8.04034],
			"to": [8.3869, -3.46452, 9.54034],
			"rotation": {"angle": -22.5, "axis": "x", "origin": [7.9869, -4.46452, 8.44034]},
			"faces": {
				"north": {"uv": [11, 12, 13, 10], "texture": "#texture"},
				"east": {"uv": [12, 13, 14, 11], "rotation": 90, "texture": "#texture"},
				"south": {"uv": [12, 13, 14, 11], "rotation": 180, "texture": "#texture"},
				"west": {"uv": [14, 11, 12, 13], "texture": "#texture"},
				"up": {"uv": [9, 11, 10, 9], "texture": "#texture"},
				"down": {"uv": [12, 12, 14, 10], "texture": "#texture"}
			}
		},
		{
			"from": [7.6369, 4.20033, 6.69965],
			"to": [8.3369, 4.90033, 7.39965],
			"rotation": {"angle": 45, "axis": "x", "origin": [7.9869, 5.51829, 8.1021]},
			"faces": {
				"north": {"uv": [8, 10, 9, 11], "rotation": 90, "texture": "#texture"},
				"east": {"uv": [8, 10, 9, 11], "rotation": 90, "texture": "#texture"},
				"south": {"uv": [8, 10, 9, 11], "rotation": 90, "texture": "#texture"},
				"west": {"uv": [8, 10, 9, 11], "rotation": 90, "texture": "#texture"},
				"up": {"uv": [8, 10, 9, 11], "rotation": 90, "texture": "#texture"},
				"down": {"uv": [8, 10, 9, 11], "rotation": 90, "texture": "#texture"}
			}
		},
		{
			"from": [7.6369, -2.52305, 5.89287],
			"to": [8.3369, -1.82305, 6.59287],
			"rotation": {"angle": -22.5, "axis": "x", "origin": [7.98877, -2.29378, 6.99378]},
			"faces": {
				"north": {"uv": [9, 10, 8, 11], "rotation": 90, "texture": "#texture"},
				"east": {"uv": [9, 10, 8, 11], "rotation": 90, "texture": "#texture"},
				"south": {"uv": [9, 10, 8, 11], "rotation": 90, "texture": "#texture"},
				"west": {"uv": [9, 10, 8, 11], "rotation": 90, "texture": "#texture"},
				"up": {"uv": [8, 11, 9, 10], "rotation": 270, "texture": "#texture"},
				"down": {"uv": [8, 11, 9, 10], "rotation": 270, "texture": "#texture"}
			}
		},
		{
			"from": [7.6369, 6.49772, 8.71513],
			"to": [8.3369, 7.19772, 9.51513],
			"rotation": {"angle": 45, "axis": "x", "origin": [7.9869, 5.51829, 8.1021]},
			"faces": {
				"north": {"uv": [12, 11, 14, 13], "rotation": 180, "texture": "#texture"},
				"east": {"uv": [12, 11, 14, 13], "rotation": 180, "texture": "#texture"},
				"south": {"uv": [12, 11, 14, 13], "rotation": 180, "texture": "#texture"},
				"west": {"uv": [14, 11, 12, 13], "rotation": 180, "texture": "#texture"},
				"up": {"uv": [12, 10, 14, 12], "rotation": 180, "texture": "#texture"},
				"down": {"uv": [9, 11, 11, 13], "rotation": 180, "texture": "#texture"}
			}
		},
		{
			"from": [7.6869, 5.92021, 6.95507],
			"to": [8.2869, 6.52021, 7.55507],
			"rotation": {"angle": -22.5, "axis": "x", "origin": [7.9869, 5.51829, 8.1021]},
			"faces": {
				"north": {"uv": [12, 9, 13, 10], "rotation": 270, "texture": "#texture"},
				"east": {"uv": [12, 9, 13, 10], "texture": "#texture"},
				"south": {"uv": [12, 9, 13, 10], "rotation": 90, "texture": "#texture"},
				"west": {"uv": [12, 9, 13, 10], "rotation": 180, "texture": "#texture"},
				"up": {"uv": [12, 9, 13, 10], "rotation": 270, "texture": "#texture"},
				"down": {"uv": [12, 9, 13, 10], "rotation": 90, "texture": "#texture"}
			}
		},
		{
			"from": [7.6869, -3.34133, 6.74488],
			"to": [8.2869, -2.74133, 7.34488],
			"rotation": {"angle": 45, "axis": "x", "origin": [7.98877, -2.29378, 6.99378]},
			"faces": {
				"north": {"uv": [12, 10, 13, 9], "rotation": 90, "texture": "#texture"},
				"east": {"uv": [13, 9, 12, 10], "rotation": 180, "texture": "#texture"},
				"south": {"uv": [12, 10, 13, 9], "rotation": 270, "texture": "#texture"},
				"west": {"uv": [13, 9, 12, 10], "texture": "#texture"},
				"up": {"uv": [13, 9, 12, 10], "rotation": 90, "texture": "#texture"},
				"down": {"uv": [13, 9, 12, 10], "rotation": 270, "texture": "#texture"}
			}
		},
		{
			"from": [7.6869, 5.27335, 9.27865],
			"to": [8.2869, 5.87335, 9.87865],
			"rotation": {"angle": -22.5, "axis": "x", "origin": [7.9869, 5.51829, 8.1021]},
			"faces": {
				"north": {"uv": [9, 10, 10, 11], "rotation": 180, "texture": "#texture"},
				"east": {"uv": [9, 10, 10, 11], "rotation": 270, "texture": "#texture"},
				"south": {"uv": [9, 10, 10, 11], "texture": "#texture"},
				"west": {"uv": [9, 10, 10, 11], "rotation": 90, "texture": "#texture"},
				"up": {"uv": [9, 10, 10, 11], "rotation": 180, "texture": "#texture"},
				"down": {"uv": [9, 10, 10, 11], "texture": "#texture"}
			}
		},
		{
			"from": [7.6869, -4.24112, 8.80532],
			"to": [8.2869, -3.64112, 9.40532],
			"rotation": {"angle": 0, "axis": "x", "origin": [7.9869, -4.98226, 9.78519]},
			"faces": {
				"north": {"uv": [10, 10, 9, 11], "texture": "#texture"},
				"east": {"uv": [9, 11, 10, 10], "rotation": 90, "texture": "#texture"},
				"south": {"uv": [10, 10, 9, 11], "rotation": 180, "texture": "#texture"},
				"west": {"uv": [9, 11, 10, 10], "rotation": 270, "texture": "#texture"},
				"up": {"uv": [10, 10, 9, 11], "rotation": 180, "texture": "#texture"},
				"down": {"uv": [10, 10, 9, 11], "texture": "#texture"}
			}
		},
		{
			"from": [7.6969, 5.6446, 7.22329],
			"to": [8.2769, 6.2246, 7.80329],
			"rotation": {"angle": 0, "axis": "x", "origin": [7.9869, 5.51829, 8.1021]},
			"faces": {
				"north": {"uv": [15, 10, 16, 11], "texture": "#texture"},
				"east": {"uv": [15, 10, 16, 11], "texture": "#texture"},
				"south": {"uv": [15, 10, 16, 11], "texture": "#texture"},
				"west": {"uv": [15, 10, 16, 11], "texture": "#texture"},
				"up": {"uv": [15, 10, 16, 11], "texture": "#texture"},
				"down": {"uv": [15, 10, 16, 11], "texture": "#texture"}
			}
		},
		{
			"from": [7.6969, -3.38595, 6.92727],
			"to": [8.2769, -2.80595, 7.80727],
			"rotation": {"angle": 22.5, "axis": "x", "origin": [7.98877, -2.29378, 6.99378]},
			"faces": {
				"north": {"uv": [16, 10, 15, 11], "rotation": 180, "texture": "#texture"},
				"east": {"uv": [16, 10, 15, 11], "rotation": 180, "texture": "#texture"},
				"south": {"uv": [16, 10, 15, 11], "rotation": 180, "texture": "#texture"},
				"west": {"uv": [16, 10, 15, 11], "rotation": 180, "texture": "#texture"},
				"up": {"uv": [15, 11, 16, 10], "texture": "#texture"},
				"down": {"uv": [15, 11, 16, 10], "texture": "#texture"}
			}
		},
		{
			"from": [7.6969, 6.30657, 9.06322],
			"to": [8.2769, 7.18657, 9.64322],
			"rotation": {"angle": 0, "axis": "x", "origin": [7.9869, 5.51829, 8.1021]},
			"faces": {
				"north": {"uv": [12, 10, 13.3, 11], "rotation": 90, "texture": "#texture"},
				"east": {"uv": [12, 10, 13.3, 11], "rotation": 90, "texture": "#texture"},
				"south": {"uv": [12, 10, 13.3, 11], "rotation": 90, "texture": "#texture"},
				"west": {"uv": [12, 10, 13.3, 11], "rotation": 90, "texture": "#texture"},
				"up": {"uv": [12, 10, 13.3, 11], "rotation": 90, "texture": "#texture"},
				"down": {"uv": [12, 10, 13.3, 11], "rotation": 90, "texture": "#texture"}
			}
		},
		{
			"from": [7.6969, -4.81255, 9.17354],
			"to": [8.2769, -3.93255, 9.75354],
			"rotation": {"angle": -22.5, "axis": "x", "origin": [7.9869, -4.98226, 9.78519]},
			"faces": {
				"north": {"uv": [12, 11, 13.3, 10], "rotation": 270, "texture": "#texture"},
				"east": {"uv": [12, 11, 13.3, 10], "rotation": 270, "texture": "#texture"},
				"south": {"uv": [12, 11, 13.3, 10], "rotation": 270, "texture": "#texture"},
				"west": {"uv": [12, 11, 13.3, 10], "rotation": 270, "texture": "#texture"},
				"up": {"uv": [12, 11, 13.3, 10], "rotation": 270, "texture": "#texture"},
				"down": {"uv": [12, 11, 13.3, 10], "rotation": 270, "texture": "#texture"}
			}
		},
		{
			"from": [7.7069, 5.48649, 7.56575],
			"to": [8.2669, 6.04649, 8.12575],
			"rotation": {"angle": 22.5, "axis": "x", "origin": [7.9869, 5.51829, 8.1021]},
			"faces": {
				"north": {"uv": [15, 10, 16, 11], "texture": "#texture"},
				"east": {"uv": [15, 10, 16, 11], "texture": "#texture"},
				"south": {"uv": [15, 10, 16, 11], "texture": "#texture"},
				"west": {"uv": [15, 10, 16, 11], "texture": "#texture"},
				"up": {"uv": [15, 10, 16, 11], "texture": "#texture"},
				"down": {"uv": [15, 10, 16, 11], "texture": "#texture"}
			}
		},
		{
			"from": [7.7069, 7.36022, 8.37644],
			"to": [8.2669, 8.42022, 8.93644],
			"rotation": {"angle": 22.5, "axis": "x", "origin": [7.9869, 5.51829, 8.1021]},
			"faces": {
				"north": {"uv": [13, 10, 15, 11], "rotation": 270, "texture": "#texture"},
				"east": {"uv": [13, 10, 15, 11], "rotation": 270, "texture": "#texture"},
				"south": {"uv": [13, 10, 15, 11], "rotation": 270, "texture": "#texture"},
				"west": {"uv": [13, 10, 15, 11], "rotation": 270, "texture": "#texture"},
				"up": {"uv": [13, 10, 15, 11], "rotation": 270, "texture": "#texture"},
				"down": {"uv": [13, 10, 15, 11], "rotation": 270, "texture": "#texture"}
			}
		},
		{
			"from": [7.7069, -5.58424, 9.30984],
			"to": [8.2669, -4.52424, 9.86984],
			"rotation": {"angle": -45, "axis": "x", "origin": [7.9869, -4.98226, 9.78519]},
			"faces": {
				"north": {"uv": [13, 11, 15, 10], "rotation": 90, "texture": "#texture"},
				"east": {"uv": [13, 11, 15, 10], "rotation": 90, "texture": "#texture"},
				"south": {"uv": [13, 11, 15, 10], "rotation": 90, "texture": "#texture"},
				"west": {"uv": [13, 11, 15, 10], "rotation": 90, "texture": "#texture"},
				"up": {"uv": [13, 11, 15, 10], "rotation": 90, "texture": "#texture"},
				"down": {"uv": [13, 11, 15, 10], "rotation": 90, "texture": "#texture"}
			}
		},
		{
			"from": [7.7069, 4.69425, 5.57541],
			"to": [8.2669, 5.25425, 6.13541],
			"rotation": {"angle": 0, "axis": "x", "origin": [7.9869, 5.51829, 8.1021]},
			"faces": {
				"north": {"uv": [4, 9, 5, 10], "rotation": 180, "texture": "#texture"},
				"east": {"uv": [4, 9, 5, 10], "rotation": 180, "texture": "#texture"},
				"south": {"uv": [4, 9, 5, 10], "rotation": 180, "texture": "#texture"},
				"west": {"uv": [4, 9, 5, 10], "rotation": 180, "texture": "#texture"},
				"up": {"uv": [4, 9, 5, 10], "rotation": 180, "texture": "#texture"},
				"down": {"uv": [4, 9, 5, 10], "rotation": 180, "texture": "#texture"}
			}
		},
		{
			"from": [7.7169, 5.23923, 7.87077],
			"to": [8.2569, 5.77923, 8.41077],
			"rotation": {"angle": -22.5, "axis": "x", "origin": [7.9869, 5.51829, 8.1021]},
			"faces": {
				"north": {"uv": [11, 10, 12, 11], "rotation": 180, "texture": "#texture"},
				"east": {"uv": [11, 10, 12, 11], "rotation": 270, "texture": "#texture"},
				"south": {"uv": [11, 10, 12, 11], "texture": "#texture"},
				"west": {"uv": [11, 10, 12, 11], "rotation": 90, "texture": "#texture"},
				"up": {"uv": [11, 10, 12, 11], "rotation": 180, "texture": "#texture"},
				"down": {"uv": [11, 10, 12, 11], "texture": "#texture"}
			}
		},
		{
			"from": [7.7169, -3.60035, 7.66059],
			"to": [8.2569, -2.06035, 8.20059],
			"rotation": {"angle": 45, "axis": "x", "origin": [7.98877, -2.29378, 6.99378]},
			"faces": {
				"north": {"uv": [12, 10, 11, 11], "texture": "#texture"},
				"east": {"uv": [11, 11, 12, 10], "rotation": 90, "texture": "#texture"},
				"south": {"uv": [12, 10, 11, 11], "rotation": 180, "texture": "#texture"},
				"west": {"uv": [11, 11, 12, 10], "rotation": 270, "texture": "#texture"},
				"up": {"uv": [11, 11, 12, 10], "texture": "#texture"},
				"down": {"uv": [11, 11, 12, 10], "rotation": 180, "texture": "#texture"}
			}
		},
		{
			"from": [7.7169, 8.31332, 7.24895],
			"to": [8.2569, 8.85332, 7.78895],
			"rotation": {"angle": 45, "axis": "x", "origin": [7.9869, 5.51829, 8.1021]},
			"faces": {
				"north": {"uv": [14, 10, 15.5, 11], "rotation": 270, "texture": "#texture"},
				"east": {"uv": [14, 10, 15.5, 11], "rotation": 270, "texture": "#texture"},
				"south": {"uv": [14, 10, 15.5, 11], "rotation": 270, "texture": "#texture"},
				"west": {"uv": [14, 10, 15.5, 11], "rotation": 270, "texture": "#texture"},
				"up": {"uv": [14, 10, 15.5, 11], "rotation": 270, "texture": "#texture"},
				"down": {"uv": [14, 10, 15.5, 11], "rotation": 270, "texture": "#texture"}
			}
		},
		{
			"from": [7.7169, -5.64788, 10.16845],
			"to": [8.2569, -5.10788, 10.70845],
			"rotation": {"angle": 22.5, "axis": "x", "origin": [7.9869, -4.98226, 9.78519]},
			"faces": {
				"north": {"uv": [14, 11, 15.5, 10], "rotation": 270, "texture": "#texture"},
				"east": {"uv": [14, 11, 15.5, 10], "rotation": 180, "texture": "#texture"},
				"south": {"uv": [14, 11, 15.5, 10], "rotation": 90, "texture": "#texture"},
				"west": {"uv": [14, 11, 15.5, 10], "texture": "#texture"},
				"up": {"uv": [14, 11, 15.5, 10], "rotation": 90, "texture": "#texture"},
				"down": {"uv": [14, 11, 15.5, 10], "rotation": 270, "texture": "#texture"}
			}
		},
		{
			"from": [7.7169, 2.90911, 6.5837],
			"to": [8.2569, 3.44911, 7.1237],
			"rotation": {"angle": 45, "axis": "x", "origin": [7.9869, 5.51829, 8.1021]},
			"faces": {
				"north": {"uv": [4, 10, 5, 11], "rotation": 270, "texture": "#texture"},
				"east": {"uv": [4, 10, 5, 11], "rotation": 270, "texture": "#texture"},
				"south": {"uv": [4, 10, 5, 11], "rotation": 270, "texture": "#texture"},
				"west": {"uv": [4, 10, 5, 11], "rotation": 270, "texture": "#texture"},
				"up": {"uv": [4, 10, 5, 11], "rotation": 270, "texture": "#texture"},
				"down": {"uv": [4, 10, 5, 11], "rotation": 270, "texture": "#texture"}
			}
		},
		{
			"from": [7.7269, -3.89873, 5.79084],
			"to": [8.2469, -3.37873, 6.31084],
			"rotation": {"angle": -22.5, "axis": "x", "origin": [7.98877, -2.29378, 6.99378]},
			"faces": {
				"north": {"uv": [9, 10, 8, 11], "rotation": 270, "texture": "#texture"},
				"east": {"uv": [8, 11, 9, 10], "texture": "#texture"},
				"south": {"uv": [9, 10, 8, 11], "rotation": 90, "texture": "#texture"},
				"west": {"uv": [8, 11, 9, 10], "rotation": 180, "texture": "#texture"},
				"up": {"uv": [8, 11, 9, 10], "rotation": 270, "texture": "#texture"},
				"down": {"uv": [8, 11, 9, 10], "rotation": 90, "texture": "#texture"}
			}
		},
		{
			"from": [7.7319, -4.33535, 7.54079],
			"to": [8.2419, -3.82535, 8.05079],
			"rotation": {"angle": 45, "axis": "x", "origin": [7.98877, -2.29378, 6.99378]},
			"faces": {
				"north": {"uv": [6, 11, 7, 10], "rotation": 90, "texture": "#texture"},
				"east": {"uv": [6, 11, 7, 10], "rotation": 90, "texture": "#texture"},
				"south": {"uv": [6, 11, 7, 10], "rotation": 90, "texture": "#texture"},
				"west": {"uv": [6, 11, 7, 10], "rotation": 90, "texture": "#texture"},
				"up": {"uv": [7, 10, 6, 11], "rotation": 90, "texture": "#texture"},
				"down": {"uv": [7, 10, 6, 11], "rotation": 90, "texture": "#texture"}
			}
		},
		{
			"from": [7.7469, 4.89138, 7.96263],
			"to": [8.2269, 5.37138, 8.44263],
			"rotation": {"angle": 0, "axis": "x", "origin": [7.9869, 5.51829, 8.1021]},
			"faces": {
				"north": {"uv": [11, 10, 12, 11], "rotation": 270, "texture": "#texture"},
				"east": {"uv": [11, 10, 12, 11], "rotation": 270, "texture": "#texture"},
				"south": {"uv": [11, 10, 12, 11], "rotation": 270, "texture": "#texture"},
				"west": {"uv": [11, 10, 12, 11], "rotation": 270, "texture": "#texture"},
				"up": {"uv": [11, 10, 12, 11], "rotation": 270, "texture": "#texture"},
				"down": {"uv": [11, 10, 12, 11], "rotation": 270, "texture": "#texture"}
			}
		},
		{
			"from": [7.7469, -2.53273, 7.66661],
			"to": [8.2269, -2.05273, 8.14661],
			"rotation": {"angle": 22.5, "axis": "x", "origin": [7.98877, -2.29378, 6.99378]},
			"faces": {
				"north": {"uv": [11, 11, 12, 10], "rotation": 90, "texture": "#texture"},
				"east": {"uv": [11, 11, 12, 10], "rotation": 90, "texture": "#texture"},
				"south": {"uv": [11, 11, 12, 10], "rotation": 90, "texture": "#texture"},
				"west": {"uv": [11, 11, 12, 10], "rotation": 90, "texture": "#texture"},
				"up": {"uv": [12, 10, 11, 11], "rotation": 270, "texture": "#texture"},
				"down": {"uv": [12, 10, 11, 11], "rotation": 270, "texture": "#texture"}
			}
		},
		{
			"from": [7.7469, 7.05131, 10.86401],
			"to": [8.2269, 7.53131, 11.34401],
			"rotation": {"angle": -22.5, "axis": "x", "origin": [7.9869, 5.51829, 8.1021]},
			"faces": {
				"north": {"uv": [14, 10, 15.5, 11], "texture": "#texture"},
				"east": {"uv": [14, 10, 15.5, 11], "texture": "#texture"},
				"south": {"uv": [14, 10, 15.5, 11], "texture": "#texture"},
				"west": {"uv": [14, 10, 15.5, 11], "texture": "#texture"},
				"up": {"uv": [14, 10, 15.5, 11], "texture": "#texture"},
				"down": {"uv": [14, 10, 15.5, 11], "texture": "#texture"}
			}
		},
		{
			"from": [7.7469, -5.89908, 10.39067],
			"to": [8.2269, -5.41908, 10.87067],
			"rotation": {"angle": 0, "axis": "x", "origin": [7.9869, -4.98226, 9.78519]},
			"faces": {
				"north": {"uv": [15.5, 10, 14, 11], "rotation": 180, "texture": "#texture"},
				"east": {"uv": [15.5, 10, 14, 11], "rotation": 180, "texture": "#texture"},
				"south": {"uv": [15.5, 10, 14, 11], "rotation": 180, "texture": "#texture"},
				"west": {"uv": [15.5, 10, 14, 11], "rotation": 180, "texture": "#texture"},
				"up": {"uv": [15.5, 10, 14, 11], "rotation": 180, "texture": "#texture"},
				"down": {"uv": [15.5, 10, 14, 11], "rotation": 180, "texture": "#texture"}
			}
		},
		{
			"from": [7.7469, 3.20157, 5.75224],
			"to": [8.2269, 3.68157, 6.23224],
			"rotation": {"angle": 22.5, "axis": "x", "origin": [7.9869, 5.51829, 8.1021]},
			"faces": {
				"north": {"uv": [4, 10, 5, 11], "rotation": 90, "texture": "#texture"},
				"east": {"uv": [4, 10, 5, 11], "rotation": 90, "texture": "#texture"},
				"south": {"uv": [4, 10, 5, 11], "rotation": 90, "texture": "#texture"},
				"west": {"uv": [4, 10, 5, 11], "rotation": 90, "texture": "#texture"},
				"up": {"uv": [4, 10, 5, 11], "rotation": 90, "texture": "#texture"},
				"down": {"uv": [4, 10, 5, 11], "rotation": 90, "texture": "#texture"}
			}
		},
		{
			"from": [7.8731, 11.39232, 12.16489],
			"to": [8.1531, 11.87232, 12.44489],
			"rotation": {"angle": 22.5, "axis": "x", "origin": [8.0131, 12.52624, 14.1315]},
			"faces": {
				"north": {"uv": [16, 7, 15, 6], "rotation": 90, "texture": "#texture"},
				"east": {"uv": [16, 7, 15, 6], "rotation": 90, "texture": "#texture"},
				"south": {"uv": [16, 7, 15, 6], "rotation": 90, "texture": "#texture"},
				"west": {"uv": [16, 7, 15, 6], "rotation": 90, "texture": "#texture"},
				"up": {"uv": [16, 7, 15, 6], "rotation": 270, "texture": "#texture"},
				"down": {"uv": [16, 7, 15, 6], "rotation": 270, "texture": "#texture"}
			}
		},
		{
			"from": [7.86, -8.87232, 12.16489],
			"to": [8.14, -8.39232, 12.44489],
			"rotation": {"angle": -22.5, "axis": "x", "origin": [8, -9.52624, 14.1315]},
			"faces": {
				"north": {"uv": [15, 7, 16, 6], "rotation": 90, "texture": "#texture"},
				"east": {"uv": [15, 7, 16, 6], "rotation": 90, "texture": "#texture"},
				"south": {"uv": [15, 7, 16, 6], "rotation": 90, "texture": "#texture"},
				"west": {"uv": [15, 7, 16, 6], "rotation": 90, "texture": "#texture"},
				"up": {"uv": [15, 7, 16, 6], "rotation": 270, "texture": "#texture"},
				"down": {"uv": [15, 7, 16, 6], "rotation": 270, "texture": "#texture"}
			}
		},
		{
			"from": [7.8431, 13.75731, 12.7311],
			"to": [8.1831, 14.09731, 13.2711],
			"rotation": {"angle": -45, "axis": "x", "origin": [8.0131, 12.52624, 14.1315]},
			"faces": {
				"north": {"uv": [11, 6, 10, 5], "texture": "#texture"},
				"east": {"uv": [11, 6, 10, 5], "texture": "#texture"},
				"south": {"uv": [11, 6, 10, 5], "texture": "#texture"},
				"west": {"uv": [11, 6, 10, 5], "texture": "#texture"},
				"up": {"uv": [11, 6, 10, 5], "texture": "#texture"},
				"down": {"uv": [11, 6, 10, 5], "texture": "#texture"}
			}
		},
		{
			"from": [7.83, -11.09731, 12.7311],
			"to": [8.17, -10.75731, 13.2711],
			"rotation": {"angle": 45, "axis": "x", "origin": [8, -9.52624, 14.1315]},
			"faces": {
				"north": {"uv": [11, 5, 10, 6], "texture": "#texture"},
				"east": {"uv": [11, 5, 10, 6], "texture": "#texture"},
				"south": {"uv": [11, 5, 10, 6], "texture": "#texture"},
				"west": {"uv": [11, 5, 10, 6], "texture": "#texture"},
				"up": {"uv": [11, 5, 10, 6], "texture": "#texture"},
				"down": {"uv": [11, 5, 10, 6], "texture": "#texture"}
			}
		},
		{
			"from": [7.8331, 12.69419, 12.38087],
			"to": [8.1931, 13.05419, 12.94087],
			"rotation": {"angle": 0, "axis": "x", "origin": [8.0131, 12.52624, 14.1315]},
			"faces": {
				"north": {"uv": [9, 6, 8, 5], "texture": "#texture"},
				"east": {"uv": [9, 6, 8, 5], "texture": "#texture"},
				"south": {"uv": [9, 6, 8, 5], "texture": "#texture"},
				"west": {"uv": [9, 6, 8, 5], "texture": "#texture"},
				"up": {"uv": [9, 6, 8, 5], "texture": "#texture"},
				"down": {"uv": [9, 6, 8, 5], "texture": "#texture"}
			}
		},
		{
			"from": [7.82, -10.05419, 12.38087],
			"to": [8.18, -9.69419, 12.94087],
			"rotation": {"angle": 0, "axis": "x", "origin": [8, -9.52624, 14.1315]},
			"faces": {
				"north": {"uv": [9, 5, 8, 6], "texture": "#texture"},
				"east": {"uv": [9, 5, 8, 6], "texture": "#texture"},
				"south": {"uv": [9, 5, 8, 6], "texture": "#texture"},
				"west": {"uv": [9, 5, 8, 6], "texture": "#texture"},
				"up": {"uv": [9, 5, 8, 6], "texture": "#texture"},
				"down": {"uv": [9, 5, 8, 6], "texture": "#texture"}
			}
		},
		{
			"from": [7.8231, 12.14554, 12.80423],
			"to": [8.2031, 12.52554, 13.38423],
			"rotation": {"angle": 22.5, "axis": "x", "origin": [8.0131, 12.52624, 14.1315]},
			"faces": {
				"north": {"uv": [5, 8, 6, 9], "rotation": 180, "texture": "#texture"},
				"east": {"uv": [5, 8, 6, 9], "rotation": 180, "texture": "#texture"},
				"south": {"uv": [5, 8, 6, 9], "rotation": 180, "texture": "#texture"},
				"west": {"uv": [5, 8, 6, 9], "rotation": 180, "texture": "#texture"},
				"up": {"uv": [5, 8, 6, 9], "rotation": 180, "texture": "#texture"},
				"down": {"uv": [5, 8, 6, 9], "rotation": 180, "texture": "#texture"}
			}
		},
		{
			"from": [7.81, -9.52554, 12.80423],
			"to": [8.19, -9.14554, 13.38423],
			"rotation": {"angle": -22.5, "axis": "x", "origin": [8, -9.52624, 14.1315]},
			"faces": {
				"north": {"uv": [5, 9, 6, 8], "rotation": 180, "texture": "#texture"},
				"east": {"uv": [5, 9, 6, 8], "rotation": 180, "texture": "#texture"},
				"south": {"uv": [5, 9, 6, 8], "rotation": 180, "texture": "#texture"},
				"west": {"uv": [5, 9, 6, 8], "rotation": 180, "texture": "#texture"},
				"up": {"uv": [5, 9, 6, 8], "rotation": 180, "texture": "#texture"},
				"down": {"uv": [5, 9, 6, 8], "rotation": 180, "texture": "#texture"}
			}
		},
		{
			"from": [7.7881, 12.63575, 13.39088],
			"to": [8.2381, 13.28575, 13.84088],
			"rotation": {"angle": -45, "axis": "x", "origin": [8.0131, 12.52624, 14.1315]},
			"faces": {
				"north": {"uv": [3, 6, 4, 7], "rotation": 90, "texture": "#texture"},
				"east": {"uv": [3, 6, 4, 7], "rotation": 90, "texture": "#texture"},
				"south": {"uv": [3, 6, 4, 7], "rotation": 90, "texture": "#texture"},
				"west": {"uv": [3, 6, 4, 7], "rotation": 90, "texture": "#texture"},
				"up": {"uv": [3, 6, 4, 7], "rotation": 90, "texture": "#texture"},
				"down": {"uv": [3, 6, 4, 7], "rotation": 90, "texture": "#texture"}
			}
		},
		{
			"from": [7.775, -10.28575, 13.39088],
			"to": [8.225, -9.63575, 13.84088],
			"rotation": {"angle": 45, "axis": "x", "origin": [8, -9.52624, 14.1315]},
			"faces": {
				"north": {"uv": [4, 6, 3, 7], "rotation": 90, "texture": "#texture"},
				"east": {"uv": [4, 6, 3, 7], "rotation": 90, "texture": "#texture"},
				"south": {"uv": [4, 6, 3, 7], "rotation": 90, "texture": "#texture"},
				"west": {"uv": [4, 6, 3, 7], "rotation": 90, "texture": "#texture"},
				"up": {"uv": [4, 6, 3, 7], "rotation": 90, "texture": "#texture"},
				"down": {"uv": [4, 6, 3, 7], "rotation": 90, "texture": "#texture"}
			}
		},
		{
			"from": [7.7631, 12.11594, 13.38711],
			"to": [8.2631, 12.81594, 13.88711],
			"rotation": {"angle": -45, "axis": "x", "origin": [8.0131, 12.52624, 14.1315]},
			"faces": {
				"north": {"uv": [3, 7, 2, 6], "rotation": 90, "texture": "#texture"},
				"east": {"uv": [3, 7, 2, 6], "rotation": 90, "texture": "#texture"},
				"south": {"uv": [3, 7, 2, 6], "rotation": 90, "texture": "#texture"},
				"west": {"uv": [3, 7, 2, 6], "rotation": 90, "texture": "#texture"},
				"up": {"uv": [3, 7, 2, 6], "rotation": 90, "texture": "#texture"},
				"down": {"uv": [3, 7, 2, 6], "rotation": 90, "texture": "#texture"}
			}
		},
		{
			"from": [7.75, -9.81594, 13.38711],
			"to": [8.25, -9.11594, 13.88711],
			"rotation": {"angle": 45, "axis": "x", "origin": [8, -9.52624, 14.1315]},
			"faces": {
				"north": {"uv": [2, 7, 3, 6], "rotation": 90, "texture": "#texture"},
				"east": {"uv": [2, 7, 3, 6], "rotation": 90, "texture": "#texture"},
				"south": {"uv": [2, 7, 3, 6], "rotation": 90, "texture": "#texture"},
				"west": {"uv": [2, 7, 3, 6], "rotation": 90, "texture": "#texture"},
				"up": {"uv": [2, 7, 3, 6], "rotation": 90, "texture": "#texture"},
				"down": {"uv": [2, 7, 3, 6], "rotation": 90, "texture": "#texture"}
			}
		},
		{
			"from": [7.7131, 11.62557, 14.14888],
			"to": [8.3131, 12.22557, 14.84888],
			"rotation": {"angle": 22.5, "axis": "x", "origin": [8.0131, 12.52624, 14.1315]},
			"faces": {
				"north": {"uv": [2, 8, 1, 7], "rotation": 180, "texture": "#texture"},
				"east": {"uv": [2, 8, 1, 7], "rotation": 180, "texture": "#texture"},
				"south": {"uv": [2, 8, 1, 7], "rotation": 180, "texture": "#texture"},
				"west": {"uv": [2, 8, 1, 7], "rotation": 180, "texture": "#texture"},
				"up": {"uv": [2, 8, 1, 7], "rotation": 180, "texture": "#texture"},
				"down": {"uv": [2, 8, 1, 7], "rotation": 180, "texture": "#texture"}
			}
		},
		{
			"from": [7.7, -9.22557, 14.14888],
			"to": [8.3, -8.62557, 14.84888],
			"rotation": {"angle": -22.5, "axis": "x", "origin": [8, -9.52624, 14.1315]},
			"faces": {
				"north": {"uv": [2, 7, 1, 8], "rotation": 180, "texture": "#texture"},
				"east": {"uv": [2, 7, 1, 8], "rotation": 180, "texture": "#texture"},
				"south": {"uv": [2, 7, 1, 8], "rotation": 180, "texture": "#texture"},
				"west": {"uv": [2, 7, 1, 8], "rotation": 180, "texture": "#texture"},
				"up": {"uv": [2, 7, 1, 8], "rotation": 180, "texture": "#texture"},
				"down": {"uv": [2, 7, 1, 8], "rotation": 180, "texture": "#texture"}
			}
		},
		{
			"from": [7.8131, 12.3814, 15.21476],
			"to": [8.2131, 12.9814, 15.61476],
			"rotation": {"angle": 22.5, "axis": "x", "origin": [8.0131, 12.52624, 14.1315]},
			"faces": {
				"north": {"uv": [3, 7, 2, 6], "rotation": 270, "texture": "#texture"},
				"east": {"uv": [3, 7, 2, 6], "rotation": 270, "texture": "#texture"},
				"south": {"uv": [3, 7, 2, 6], "rotation": 270, "texture": "#texture"},
				"west": {"uv": [3, 7, 2, 6], "rotation": 270, "texture": "#texture"},
				"up": {"uv": [3, 7, 2, 6], "rotation": 270, "texture": "#texture"},
				"down": {"uv": [3, 7, 2, 6], "rotation": 270, "texture": "#texture"}
			}
		},
		{
			"from": [7.8, -9.9814, 15.21476],
			"to": [8.2, -9.3814, 15.61476],
			"rotation": {"angle": -22.5, "axis": "x", "origin": [8, -9.52624, 14.1315]},
			"faces": {
				"north": {"uv": [2, 7, 3, 6], "rotation": 270, "texture": "#texture"},
				"east": {"uv": [2, 7, 3, 6], "rotation": 270, "texture": "#texture"},
				"south": {"uv": [2, 7, 3, 6], "rotation": 270, "texture": "#texture"},
				"west": {"uv": [2, 7, 3, 6], "rotation": 270, "texture": "#texture"},
				"up": {"uv": [2, 7, 3, 6], "rotation": 270, "texture": "#texture"},
				"down": {"uv": [2, 7, 3, 6], "rotation": 270, "texture": "#texture"}
			}
		},
		{
			"from": [7.7631, 11.1085, 13.9543],
			"to": [8.2631, 11.6085, 14.6543],
			"rotation": {"angle": -45, "axis": "x", "origin": [8.0131, 12.52624, 14.1315]},
			"faces": {
				"north": {"uv": [2, 8, 1, 7], "rotation": 180, "texture": "#texture"},
				"east": {"uv": [2, 8, 1, 7], "rotation": 180, "texture": "#texture"},
				"south": {"uv": [2, 8, 1, 7], "rotation": 180, "texture": "#texture"},
				"west": {"uv": [2, 8, 1, 7], "rotation": 180, "texture": "#texture"},
				"up": {"uv": [2, 8, 1, 7], "rotation": 180, "texture": "#texture"},
				"down": {"uv": [2, 8, 1, 7], "rotation": 180, "texture": "#texture"}
			}
		},
		{
			"from": [7.75, -8.6085, 13.9543],
			"to": [8.25, -8.1085, 14.6543],
			"rotation": {"angle": 45, "axis": "x", "origin": [8, -9.52624, 14.1315]},
			"faces": {
				"north": {"uv": [2, 7, 1, 8], "rotation": 180, "texture": "#texture"},
				"east": {"uv": [2, 7, 1, 8], "rotation": 180, "texture": "#texture"},
				"south": {"uv": [2, 7, 1, 8], "rotation": 180, "texture": "#texture"},
				"west": {"uv": [2, 7, 1, 8], "rotation": 180, "texture": "#texture"},
				"up": {"uv": [2, 7, 1, 8], "rotation": 180, "texture": "#texture"},
				"down": {"uv": [2, 7, 1, 8], "rotation": 180, "texture": "#texture"}
			}
		},
		{
			"from": [7.7381, 11.45273, 14.37512],
			"to": [8.2881, 12.00273, 15.02512],
			"rotation": {"angle": 0, "axis": "x", "origin": [8.0131, 12.52624, 14.1315]},
			"faces": {
				"north": {"uv": [1, 7, 0, 6], "rotation": 180, "texture": "#texture"},
				"east": {"uv": [1, 7, 0, 6], "rotation": 180, "texture": "#texture"},
				"south": {"uv": [1, 7, 0, 6], "rotation": 180, "texture": "#texture"},
				"west": {"uv": [1, 7, 0, 6], "rotation": 180, "texture": "#texture"},
				"up": {"uv": [1, 7, 0, 6], "rotation": 180, "texture": "#texture"},
				"down": {"uv": [1, 7, 0, 6], "rotation": 180, "texture": "#texture"}
			}
		},
		{
			"from": [7.725, -9.00273, 14.37512],
			"to": [8.275, -8.45273, 15.02512],
			"rotation": {"angle": 0, "axis": "x", "origin": [8, -9.52624, 14.1315]},
			"faces": {
				"north": {"uv": [1, 6, 0, 7], "rotation": 180, "texture": "#texture"},
				"east": {"uv": [1, 6, 0, 7], "rotation": 180, "texture": "#texture"},
				"south": {"uv": [1, 6, 0, 7], "rotation": 180, "texture": "#texture"},
				"west": {"uv": [1, 6, 0, 7], "rotation": 180, "texture": "#texture"},
				"up": {"uv": [1, 6, 0, 7], "rotation": 180, "texture": "#texture"},
				"down": {"uv": [1, 6, 0, 7], "rotation": 180, "texture": "#texture"}
			}
		},
		{
			"from": [7.8231, 12.34325, 15.31668],
			"to": [8.2031, 12.92325, 15.69668],
			"rotation": {"angle": 0, "axis": "x", "origin": [8.0131, 12.52624, 14.1315]},
			"faces": {
				"north": {"uv": [3, 6, 4, 7], "rotation": 270, "texture": "#texture"},
				"east": {"uv": [3, 6, 4, 7], "rotation": 270, "texture": "#texture"},
				"south": {"uv": [3, 6, 4, 7], "rotation": 270, "texture": "#texture"},
				"west": {"uv": [3, 6, 4, 7], "rotation": 270, "texture": "#texture"},
				"up": {"uv": [3, 6, 4, 7], "rotation": 270, "texture": "#texture"},
				"down": {"uv": [3, 6, 4, 7], "rotation": 270, "texture": "#texture"}
			}
		},
		{
			"from": [7.81, -9.92325, 15.31668],
			"to": [8.19, -9.34325, 15.69668],
			"rotation": {"angle": 0, "axis": "x", "origin": [8, -9.52624, 14.1315]},
			"faces": {
				"north": {"uv": [4, 6, 3, 7], "rotation": 270, "texture": "#texture"},
				"east": {"uv": [4, 6, 3, 7], "rotation": 270, "texture": "#texture"},
				"south": {"uv": [4, 6, 3, 7], "rotation": 270, "texture": "#texture"},
				"west": {"uv": [4, 6, 3, 7], "rotation": 270, "texture": "#texture"},
				"up": {"uv": [4, 6, 3, 7], "rotation": 270, "texture": "#texture"},
				"down": {"uv": [4, 6, 3, 7], "rotation": 270, "texture": "#texture"}
			}
		},
		{
			"from": [7.8331, 12.25819, 15.39013],
			"to": [8.1931, 12.81819, 15.75013],
			"rotation": {"angle": -22.5, "axis": "x", "origin": [8.0131, 12.52624, 14.1315]},
			"faces": {
				"north": {"uv": [5, 8, 6, 9], "rotation": 90, "texture": "#texture"},
				"east": {"uv": [5, 8, 6, 9], "rotation": 90, "texture": "#texture"},
				"south": {"uv": [5, 8, 6, 9], "rotation": 90, "texture": "#texture"},
				"west": {"uv": [5, 8, 6, 9], "rotation": 90, "texture": "#texture"},
				"up": {"uv": [5, 8, 6, 9], "rotation": 90, "texture": "#texture"},
				"down": {"uv": [5, 8, 6, 9], "rotation": 90, "texture": "#texture"}
			}
		},
		{
			"from": [7.82, -9.81819, 15.39013],
			"to": [8.18, -9.25819, 15.75013],
			"rotation": {"angle": 22.5, "axis": "x", "origin": [8, -9.52624, 14.1315]},
			"faces": {
				"north": {"uv": [6, 8, 5, 9], "rotation": 90, "texture": "#texture"},
				"east": {"uv": [6, 8, 5, 9], "rotation": 90, "texture": "#texture"},
				"south": {"uv": [6, 8, 5, 9], "rotation": 90, "texture": "#texture"},
				"west": {"uv": [6, 8, 5, 9], "rotation": 90, "texture": "#texture"},
				"up": {"uv": [6, 8, 5, 9], "rotation": 90, "texture": "#texture"},
				"down": {"uv": [6, 8, 5, 9], "rotation": 90, "texture": "#texture"}
			}
		},
		{
			"from": [7.8431, 13.4971, 14.53378],
			"to": [8.1831, 13.8371, 15.07378],
			"rotation": {"angle": 22.5, "axis": "x", "origin": [8.0131, 12.52624, 14.1315]},
			"faces": {
				"north": {"uv": [9, 6, 8, 5], "rotation": 180, "texture": "#texture"},
				"east": {"uv": [9, 6, 8, 5], "rotation": 180, "texture": "#texture"},
				"south": {"uv": [9, 6, 8, 5], "rotation": 180, "texture": "#texture"},
				"west": {"uv": [9, 6, 8, 5], "rotation": 180, "texture": "#texture"},
				"up": {"uv": [9, 6, 8, 5], "rotation": 180, "texture": "#texture"},
				"down": {"uv": [9, 6, 8, 5], "rotation": 180, "texture": "#texture"}
			}
		},
		{
			"from": [7.83, -10.8371, 14.53378],
			"to": [8.17, -10.4971, 15.07378],
			"rotation": {"angle": -22.5, "axis": "x", "origin": [8, -9.52624, 14.1315]},
			"faces": {
				"north": {"uv": [9, 5, 8, 6], "rotation": 180, "texture": "#texture"},
				"east": {"uv": [9, 5, 8, 6], "rotation": 180, "texture": "#texture"},
				"south": {"uv": [9, 5, 8, 6], "rotation": 180, "texture": "#texture"},
				"west": {"uv": [9, 5, 8, 6], "rotation": 180, "texture": "#texture"},
				"up": {"uv": [9, 5, 8, 6], "rotation": 180, "texture": "#texture"},
				"down": {"uv": [9, 5, 8, 6], "rotation": 180, "texture": "#texture"}
			}
		},
		{
			"from": [7.8731, 13.28259, 14.56346],
			"to": [8.1531, 13.56259, 15.04346],
			"rotation": {"angle": 0, "axis": "x", "origin": [8.0131, 12.52624, 14.1315]},
			"faces": {
				"north": {"uv": [11, 6, 10, 5], "rotation": 180, "texture": "#texture"},
				"east": {"uv": [11, 6, 10, 5], "rotation": 180, "texture": "#texture"},
				"south": {"uv": [11, 6, 10, 5], "rotation": 180, "texture": "#texture"},
				"west": {"uv": [11, 6, 10, 5], "rotation": 180, "texture": "#texture"},
				"up": {"uv": [11, 6, 10, 5], "rotation": 180, "texture": "#texture"},
				"down": {"uv": [11, 6, 10, 5], "rotation": 180, "texture": "#texture"}
			}
		},
		{
			"from": [7.86, -10.56259, 14.56346],
			"to": [8.14, -10.28259, 15.04346],
			"rotation": {"angle": 0, "axis": "x", "origin": [8, -9.52624, 14.1315]},
			"faces": {
				"north": {"uv": [11, 5, 10, 6], "rotation": 180, "texture": "#texture"},
				"east": {"uv": [11, 5, 10, 6], "rotation": 180, "texture": "#texture"},
				"south": {"uv": [11, 5, 10, 6], "rotation": 180, "texture": "#texture"},
				"west": {"uv": [11, 5, 10, 6], "rotation": 180, "texture": "#texture"},
				"up": {"uv": [11, 5, 10, 6], "rotation": 180, "texture": "#texture"},
				"down": {"uv": [11, 5, 10, 6], "rotation": 180, "texture": "#texture"}
			}
		},
		{
			"from": [7.95, 4.00146, 6.80188],
			"to": [8.05, 15.00146, 17.80188],
			"rotation": {"angle": 0, "axis": "x", "origin": [8, 9.50146, 12.30188]},
			"faces": {
				"east": {"uv": [0, 0, 16, 16], "rotation": 270, "texture": "#2"},
				"west": {"uv": [16, 0, 0, 16], "rotation": 90, "texture": "#2"}
			}
		},
		{
			"from": [7.95, -11.90146, 6.30188],
			"to": [8.05, -0.90146, 17.30188],
			"rotation": {"angle": 0, "axis": "x", "origin": [8, -6.40146, 11.80188]},
			"faces": {
				"east": {"uv": [0, 16, 16, 0], "rotation": 90, "texture": "#2"},
				"west": {"uv": [16, 16, 0, 0], "rotation": 270, "texture": "#2"}
			}
		},
		{
			"from": [7.9, -9.1, 14.75],
			"to": [8.1, 12.1, 14.95],
			"rotation": {"angle": 0, "axis": "x", "origin": [8, 1.5, 14.85]},
			"faces": {
				"north": {"uv": [0, 5, 16, 6], "rotation": 270, "texture": "#texture"},
				"east": {"uv": [0, 5, 16, 6], "rotation": 270, "texture": "#texture"},
				"south": {"uv": [0, 5, 16, 6], "rotation": 270, "texture": "#texture"},
				"west": {"uv": [0, 5, 16, 6], "rotation": 270, "texture": "#texture"},
				"up": {"uv": [0, 5, 16, 6], "rotation": 90, "texture": "#texture"},
				"down": {"uv": [0, 5, 16, 6], "rotation": 90, "texture": "#texture"}
			}
		},
		{
			"from": [7.9, -9.1, 15.3],
			"to": [8.1, 12.1, 15.5],
			"rotation": {"angle": 0, "axis": "y", "origin": [15.5, -1.5, 22.9]},
			"faces": {
				"north": {"uv": [0, 5, 16, 6], "rotation": 90, "texture": "#texture"},
				"east": {"uv": [0, 5, 16, 6], "rotation": 90, "texture": "#texture"},
				"south": {"uv": [0, 5, 16, 6], "rotation": 90, "texture": "#texture"},
				"west": {"uv": [0, 5, 16, 6], "rotation": 90, "texture": "#texture"},
				"up": {"uv": [0, 5, 16, 6], "rotation": 90, "texture": "#texture"},
				"down": {"uv": [0, 5, 16, 6], "rotation": 90, "texture": "#texture"}
			}
		},
		{
			"from": [7.9, -9.1, 14.2],
			"to": [8.1, 12.1, 14.4],
			"rotation": {"angle": 0, "axis": "y", "origin": [15.5, -1.5, 21.8]},
			"faces": {
				"north": {"uv": [0, 5, 16, 6], "rotation": 90, "texture": "#texture"},
				"east": {"uv": [0, 5, 16, 6], "rotation": 90, "texture": "#texture"},
				"south": {"uv": [0, 5, 16, 6], "rotation": 90, "texture": "#texture"},
				"west": {"uv": [0, 5, 16, 6], "rotation": 90, "texture": "#texture"},
				"up": {"uv": [0, 5, 16, 6], "rotation": 90, "texture": "#texture"},
				"down": {"uv": [0, 5, 16, 6], "rotation": 90, "texture": "#texture"}
			}
		}
	],
	"display": {
		"thirdperson_righthand": {
			"translation": [0, 7.5, 1.5],
			"scale": [1.4, 1.4, 1.4]
		},
		"thirdperson_lefthand": {
			"translation": [0, 7, 1.25],
			"scale": [1.4, 1.4, 1.4]
		},
		"firstperson_righthand": {
			"rotation": [-1, 0, 0],
			"translation": [0.5, 11.5, -0.5],
			"scale": [0.7, 0.7, 0.7]
		},
		"firstperson_lefthand": {
			"rotation": [-1, 0, 0],
			"translation": [0.5, 11.5, -0.5],
			"scale": [0.7, 0.7, 0.7]
		},
		"ground": {
			"translation": [0, 5, 0],
			"scale": [2, 2, 2]
		},
		"gui": {
			"rotation": [79, 50, -67],
			"translation": [0, 6.75, 0],
			"scale": [0.8, 0.8, 0.8]
		},
		"head": {
			"rotation": [-46, -22, -22],
			"translation": [0, 43, 0],
			"scale": [3, 3, 3]
		},
		"fixed": {
			"scale": [2, 2, 2]
		}
	},
	"groups": [0, 1, 2, 3, 4, 5, 6, 7, 8, 9, 10, 11, 12, 13, 14, 15, 16, 17, 18, 19, 20, 21, 22, 23, 24, 25, 26, 27, 28, 29, 30, 31, 32, 33, 34, 35, 36, 37, 38, 39, 40, 41, 42,
		{
			"name": "group",
			"origin": [8.0131, 7.42624, 1.8315],
			"children": [43, 44, 45, 46, 47, 48, 49, 50, 51, 52, 53, 54, 55, 56, 57, 58, 59, 60, 61, 62, 63, 64, 65, 66, 67, 68, 69, 70]
		}, 71, 72, 73, 74, 75]
}