{
	"credit": "Made with Blockbench",
	"textures": {
		"0": "skins/valkyrie1",
		"1": "skins/valkrune",
		"particle": "skins/valkyrie1"
	},
	"elements": [
		{
			"from": [7.25, -10.9, 7.25],
			"to": [8.75, -10.4, 8.75],
			"rotation": {"angle": 0, "axis": "y", "origin": [15, -3.15, 15]},
			"faces": {
				"north": {"uv": [10, 1.5, 12, 2.5], "rotation": 180, "texture": "#0"},
				"east": {"uv": [10, 1.5, 12, 2.5], "rotation": 180, "texture": "#0"},
				"south": {"uv": [10, 1.5, 12, 2.5], "rotation": 180, "texture": "#0"},
				"west": {"uv": [10, 1.5, 12, 2.5], "rotation": 180, "texture": "#0"},
				"up": {"uv": [10, 1.5, 12, 2.5], "rotation": 180, "texture": "#0"},
				"down": {"uv": [10, 1.5, 12, 2.5], "rotation": 180, "texture": "#0"}
			}
		},
		{
			"from": [7.25, -7.9, 7.25],
			"to": [8.75, -7.4, 8.75],
			"rotation": {"angle": 0, "axis": "y", "origin": [15, -0.15, 15]},
			"faces": {
				"north": {"uv": [10, 1.5, 12, 2.5], "rotation": 180, "texture": "#0"},
				"east": {"uv": [10, 1.5, 12, 2.5], "rotation": 180, "texture": "#0"},
				"south": {"uv": [10, 1.5, 12, 2.5], "rotation": 180, "texture": "#0"},
				"west": {"uv": [10, 1.5, 12, 2.5], "rotation": 180, "texture": "#0"},
				"up": {"uv": [10, 1.5, 12, 2.5], "rotation": 180, "texture": "#0"},
				"down": {"uv": [10, 1.5, 12, 2.5], "rotation": 180, "texture": "#0"}
			}
		},
		{
			"from": [7.5, -11.6, 7.5],
			"to": [8.5, -5.6, 8.5],
			"rotation": {"angle": 0, "axis": "y", "origin": [15.5, -3.6, 15.5]},
			"faces": {
				"north": {"uv": [1.5, 9, 4.5, 10], "rotation": 90, "texture": "#0"},
				"east": {"uv": [1.5, 9, 4.5, 10], "rotation": 90, "texture": "#0"},
				"south": {"uv": [1.5, 9, 4.5, 10], "rotation": 90, "texture": "#0"},
				"west": {"uv": [1.5, 9, 4.5, 10], "rotation": 90, "texture": "#0"},
				"up": {"uv": [1.5, 9, 4.5, 10], "rotation": 90, "texture": "#0"},
				"down": {"uv": [1.5, 9, 4.5, 10], "rotation": 90, "texture": "#0"}
			}
		},
		{
			"from": [7.3, -9.4, 7.3],
			"to": [8.7, -8.9, 8.7],
			"rotation": {"angle": 0, "axis": "y", "origin": [15, -1.7, 15]},
			"faces": {
				"north": {"uv": [6, 4.5, 6.4, 6], "rotation": 90, "texture": "#0"},
				"east": {"uv": [6, 4.5, 6.4, 6], "rotation": 90, "texture": "#0"},
				"south": {"uv": [6, 4.5, 6.4, 6], "rotation": 90, "texture": "#0"},
				"west": {"uv": [6, 4.5, 6.4, 6], "rotation": 90, "texture": "#0"},
				"up": {"uv": [6, 4.5, 6.4, 6], "rotation": 90, "texture": "#0"},
				"down": {"uv": [6, 4.5, 6.4, 6], "rotation": 90, "texture": "#0"}
			}
		},
		{
			"from": [7.3, -10.15, 7.3],
			"to": [8.7, -9.65, 8.7],
			"rotation": {"angle": 0, "axis": "y", "origin": [15, -2.45, 15]},
			"faces": {
				"north": {"uv": [6, 4.5, 6.4, 6], "rotation": 90, "texture": "#0"},
				"east": {"uv": [6, 4.5, 6.4, 6], "rotation": 90, "texture": "#0"},
				"south": {"uv": [6, 4.5, 6.4, 6], "rotation": 90, "texture": "#0"},
				"west": {"uv": [6, 4.5, 6.4, 6], "rotation": 90, "texture": "#0"},
				"up": {"uv": [6, 4.5, 6.4, 6], "rotation": 90, "texture": "#0"},
				"down": {"uv": [6, 4.5, 6.4, 6], "rotation": 90, "texture": "#0"}
			}
		},
		{
			"from": [7.22044, -7.02947, 7.495],
			"to": [9.23044, -5.01947, 8.505],
			"rotation": {"angle": 45, "axis": "z", "origin": [8.02548, -6.24996, 8.27447]},
			"faces": {
				"north": {"uv": [3, 8, 5, 10], "rotation": 270, "texture": "#0"},
				"east": {"uv": [3, 8, 5, 9], "rotation": 270, "texture": "#0"},
				"south": {"uv": [3, 8, 5, 10], "rotation": 270, "texture": "#0"},
				"west": {"uv": [3, 8, 5, 9], "rotation": 270, "texture": "#0"},
				"up": {"uv": [3, 8, 4, 10], "rotation": 270, "texture": "#0"},
				"down": {"uv": [3, 8, 4, 10], "rotation": 270, "texture": "#0"}
			}
		},
		{
			"from": [7.22044, -12.92947, 7.495],
			"to": [9.23044, -10.91947, 8.505],
			"rotation": {"angle": 45, "axis": "z", "origin": [8.02548, -12.14996, 8.27447]},
			"faces": {
				"north": {"uv": [13, 7.5, 15, 9.5], "rotation": 270, "texture": "#0"},
				"east": {"uv": [13, 7.5, 15, 8.5], "rotation": 270, "texture": "#0"},
				"south": {"uv": [13, 7.5, 15, 9.5], "rotation": 180, "texture": "#0"},
				"west": {"uv": [14, 9, 16, 10], "rotation": 270, "texture": "#0"},
				"up": {"uv": [15, 8.5, 16, 10.5], "rotation": 90, "texture": "#0"},
				"down": {"uv": [13, 8, 14, 10], "rotation": 90, "texture": "#0"}
			}
		},
		{
			"from": [5.37343, -2.36399, 7.6],
			"to": [6.67343, -1.56399, 8.4],
			"rotation": {"angle": -45, "axis": "z", "origin": [4.54761, -2.67531, 7.9877]},
			"faces": {
				"north": {"uv": [5, 0, 6.3, 0.8], "texture": "#0"},
				"east": {"uv": [5, 0, 6.3, 0.8], "rotation": 180, "texture": "#0"},
				"south": {"uv": [5, 0, 6.3, 0.8], "rotation": 180, "texture": "#0"},
				"west": {"uv": [5, 0, 6.3, 0.8], "rotation": 180, "texture": "#0"},
				"up": {"uv": [5.5, 4, 6.8, 4.8], "rotation": 180, "texture": "#0"},
				"down": {"uv": [5, 0, 6.3, 0.8], "rotation": 180, "texture": "#0"}
			}
		},
		{
			"from": [9.32657, -2.36399, 7.6],
			"to": [10.62657, -1.56399, 8.4],
			"rotation": {"angle": 45, "axis": "z", "origin": [11.45239, -2.67531, 7.9877]},
			"faces": {
				"north": {"uv": [6.3, 0, 5, 0.8], "texture": "#0"},
				"east": {"uv": [6.3, 0, 5, 0.8], "rotation": 180, "texture": "#0"},
				"south": {"uv": [6.3, 0, 5, 0.8], "rotation": 180, "texture": "#0"},
				"west": {"uv": [6.3, 0, 5, 0.8], "rotation": 180, "texture": "#0"},
				"up": {"uv": [6.8, 4, 5.5, 4.8], "rotation": 180, "texture": "#0"},
				"down": {"uv": [6.3, 0, 5, 0.8], "rotation": 180, "texture": "#0"}
			}
		},
		{
			"from": [5.20044, -3.36946, 7.65],
			"to": [5.90044, -2.16946, 8.35],
			"rotation": {"angle": 22.5, "axis": "z", "origin": [4.54761, -2.67531, 7.9877]},
			"faces": {
				"north": {"uv": [5, 1, 6.5, 0], "rotation": 90, "texture": "#0"},
				"east": {"uv": [5, 5.5, 6.5, 4.5], "rotation": 90, "texture": "#0"},
				"south": {"uv": [5, 1, 6.5, 0], "rotation": 90, "texture": "#0"},
				"west": {"uv": [5, 1, 6.5, 0], "rotation": 90, "texture": "#0"},
				"up": {"uv": [5, 1, 6.5, 0], "rotation": 90, "texture": "#0"},
				"down": {"uv": [5, 1, 6.5, 0], "rotation": 90, "texture": "#0"}
			}
		},
		{
			"from": [10.09956, -3.36946, 7.65],
			"to": [10.79956, -2.16946, 8.35],
			"rotation": {"angle": -22.5, "axis": "z", "origin": [11.45239, -2.67531, 7.9877]},
			"faces": {
				"north": {"uv": [5, 0, 6.5, 1], "rotation": 90, "texture": "#0"},
				"east": {"uv": [5, 0, 6.5, 1], "rotation": 90, "texture": "#0"},
				"south": {"uv": [5, 0, 6.5, 1], "rotation": 90, "texture": "#0"},
				"west": {"uv": [5, 4.5, 6.5, 5.5], "rotation": 90, "texture": "#0"},
				"up": {"uv": [5, 0, 6.5, 1], "rotation": 90, "texture": "#0"},
				"down": {"uv": [5, 0, 6.5, 1], "rotation": 90, "texture": "#0"}
			}
		},
		{
			"from": [0.02928, -1.6496, 7.71902],
			"to": [4.98928, -1.0896, 8.27902],
			"rotation": {"angle": -22.5, "axis": "z", "origin": [4.54761, -2.67531, 7.9877]},
			"faces": {
				"north": {"uv": [0, 0, 5, 0.5], "rotation": 180, "texture": "#0"},
				"east": {"uv": [0, 0, 5, 0.5], "rotation": 180, "texture": "#0"},
				"south": {"uv": [5, 0, 0, 0.5], "rotation": 180, "texture": "#0"},
				"west": {"uv": [0, 0, 0.56, 0.56], "rotation": 180, "texture": "#0"},
				"up": {"uv": [0, 0, 5, 0.5], "rotation": 180, "texture": "#0"},
				"down": {"uv": [0, 0, 5, 0.5], "rotation": 180, "texture": "#0"}
			}
		},
		{
			"from": [11.01072, -1.6496, 7.71902],
			"to": [15.97072, -1.0896, 8.27902],
			"rotation": {"angle": 22.5, "axis": "z", "origin": [11.45239, -2.67531, 7.9877]},
			"faces": {
				"north": {"uv": [5, 0, 0, 0.5], "rotation": 180, "texture": "#0"},
				"east": {"uv": [0.56, 0, 0, 0.56], "rotation": 180, "texture": "#0"},
				"south": {"uv": [0, 0, 5, 0.5], "rotation": 180, "texture": "#0"},
				"west": {"uv": [5, 0, 0, 0.5], "rotation": 180, "texture": "#0"},
				"up": {"uv": [5, 0, 0, 0.5], "rotation": 180, "texture": "#0"},
				"down": {"uv": [5, 0, 0, 0.5], "rotation": 180, "texture": "#0"}
			}
		},
		{
			"from": [0.48355, -2.48529, 7.79902],
			"to": [5.28355, -1.58529, 8.19902],
			"rotation": {"angle": -22.5, "axis": "z", "origin": [4.54761, -2.67531, 7.9877]},
			"faces": {
				"north": {"uv": [2, 4.5, 7, 5.5], "rotation": 180, "texture": "#0"},
				"east": {"uv": [0, 1, 5, 0], "rotation": 180, "texture": "#0"},
				"south": {"uv": [7, 4.5, 2, 5.5], "rotation": 180, "texture": "#0"},
				"west": {"uv": [0, 0.9, 0.4, 0], "rotation": 180, "texture": "#0"},
				"up": {"uv": [0, 1, 5, 0], "rotation": 180, "texture": "#0"},
				"down": {"uv": [0, 1, 5, 1.5], "rotation": 180, "texture": "#0"}
			}
		},
		{
			"from": [10.71645, -2.48529, 7.79902],
			"to": [15.51645, -1.58529, 8.19902],
			"rotation": {"angle": 22.5, "axis": "z", "origin": [11.45239, -2.67531, 7.9877]},
			"faces": {
				"north": {"uv": [7, 4.5, 2, 5.5], "rotation": 180, "texture": "#0"},
				"east": {"uv": [0.4, 0.9, 0, 0], "rotation": 180, "texture": "#0"},
				"south": {"uv": [2, 4.5, 7, 5.5], "rotation": 180, "texture": "#0"},
				"west": {"uv": [5, 1, 0, 0], "rotation": 180, "texture": "#0"},
				"up": {"uv": [5, 1, 0, 0], "rotation": 180, "texture": "#0"},
				"down": {"uv": [5, 1, 0, 1.5], "rotation": 180, "texture": "#0"}
			}
		},
		{
			"from": [1.29263, -2.42982, 7.82402],
			"to": [5.29263, -1.57982, 8.17402],
			"rotation": {"angle": 0, "axis": "z", "origin": [4.54761, -2.67531, 7.9877]},
			"faces": {
				"north": {"uv": [0, 0.5, 4, 1.5], "rotation": 180, "texture": "#0"},
				"east": {"uv": [0, 0.5, 4, 1.5], "rotation": 180, "texture": "#0"},
				"south": {"uv": [4, 0.5, 0, 1.5], "rotation": 180, "texture": "#0"},
				"west": {"uv": [0, 0.5, 0.35, 1.35], "rotation": 180, "texture": "#0"},
				"up": {"uv": [0, 0.5, 4, 0.85], "rotation": 180, "texture": "#0"},
				"down": {"uv": [0, 0.5, 4, 0.85], "rotation": 180, "texture": "#0"}
			}
		},
		{
			"from": [10.70737, -2.42982, 7.82402],
			"to": [14.70737, -1.57982, 8.17402],
			"rotation": {"angle": 0, "axis": "z", "origin": [11.45239, -2.67531, 7.9877]},
			"faces": {
				"north": {"uv": [4, 0.5, 0, 1.5], "rotation": 180, "texture": "#0"},
				"east": {"uv": [0.35, 0.5, 0, 1.35], "rotation": 180, "texture": "#0"},
				"south": {"uv": [0, 0.5, 4, 1.5], "rotation": 180, "texture": "#0"},
				"west": {"uv": [4, 0.5, 0, 1.5], "rotation": 180, "texture": "#0"},
				"up": {"uv": [4, 0.5, 0, 0.85], "rotation": 180, "texture": "#0"},
				"down": {"uv": [4, 0.5, 0, 0.85], "rotation": 180, "texture": "#0"}
			}
		},
		{
			"from": [2.20135, -3.43458, 7.87402],
			"to": [5.60135, -2.68458, 8.12402],
			"rotation": {"angle": 22.5, "axis": "z", "origin": [4.54761, -2.67531, 7.9877]},
			"faces": {
				"north": {"uv": [3, 4.5, 7, 5.5], "rotation": 180, "texture": "#0"},
				"east": {"uv": [3, 4.5, 7, 5.5], "rotation": 180, "texture": "#0"},
				"south": {"uv": [7, 4.5, 3, 5.5], "rotation": 180, "texture": "#0"},
				"west": {"uv": [3, 4.5, 3.25, 5.5], "rotation": 180, "texture": "#0"},
				"up": {"uv": [3, 4.5, 6.4, 4.75], "texture": "#0"},
				"down": {"uv": [3, 4.5, 6.4, 4.75], "texture": "#0"}
			}
		},
		{
			"from": [10.39865, -3.43458, 7.87402],
			"to": [13.79865, -2.68458, 8.12402],
			"rotation": {"angle": -22.5, "axis": "z", "origin": [11.45239, -2.67531, 7.9877]},
			"faces": {
				"north": {"uv": [7, 4.5, 3, 5.5], "rotation": 180, "texture": "#0"},
				"east": {"uv": [3.25, 4.5, 3, 5.5], "rotation": 180, "texture": "#0"},
				"south": {"uv": [3, 4.5, 7, 5.5], "rotation": 180, "texture": "#0"},
				"west": {"uv": [7, 4.5, 3, 5.5], "rotation": 180, "texture": "#0"},
				"up": {"uv": [6.4, 4.5, 3, 4.75], "texture": "#0"},
				"down": {"uv": [6.4, 4.5, 3, 4.75], "texture": "#0"}
			}
		},
		{
			"from": [1.82377, -3.14392, 7.84902],
			"to": [5.77377, -2.34392, 8.14902],
			"rotation": {"angle": 0, "axis": "z", "origin": [4.54761, -2.67531, 7.9877]},
			"faces": {
				"north": {"uv": [3, 4.5, 7, 5.5], "rotation": 180, "texture": "#0"},
				"east": {"uv": [3, 4.5, 7, 5.5], "rotation": 180, "texture": "#0"},
				"south": {"uv": [7, 4.5, 3, 5.5], "rotation": 180, "texture": "#0"},
				"west": {"uv": [3, 4.5, 3.3, 5.5], "rotation": 180, "texture": "#0"},
				"up": {"uv": [3, 4.5, 7, 5.5], "rotation": 180, "texture": "#0"},
				"down": {"uv": [3, 4.5, 6.95, 4.8], "texture": "#0"}
			}
		},
		{
			"from": [10.22623, -3.14392, 7.84902],
			"to": [14.17623, -2.34392, 8.14902],
			"rotation": {"angle": 0, "axis": "z", "origin": [11.45239, -2.67531, 7.9877]},
			"faces": {
				"north": {"uv": [7, 4.5, 3, 5.5], "rotation": 180, "texture": "#0"},
				"east": {"uv": [3.3, 4.5, 3, 5.5], "rotation": 180, "texture": "#0"},
				"south": {"uv": [3, 4.5, 7, 5.5], "rotation": 180, "texture": "#0"},
				"west": {"uv": [7, 4.5, 3, 5.5], "rotation": 180, "texture": "#0"},
				"up": {"uv": [7, 4.5, 3, 5.5], "rotation": 180, "texture": "#0"},
				"down": {"uv": [6.95, 4.5, 3, 4.8], "texture": "#0"}
			}
		},
		{
			"from": [4.9165, -4.99415, 7.89902],
			"to": [5.6165, -1.64415, 8.09902],
			"rotation": {"angle": -45, "axis": "z", "origin": [4.54761, -2.67531, 7.9877]},
			"faces": {
				"north": {"uv": [3.5, 3.5, 7.5, 4.5], "rotation": 270, "texture": "#0"},
				"east": {"uv": [3.5, 3.5, 7.5, 3.7], "rotation": 270, "texture": "#0"},
				"south": {"uv": [3.5, 3.5, 7.5, 4.5], "rotation": 270, "texture": "#0"},
				"west": {"uv": [3.5, 3.5, 7.5, 4.5], "rotation": 90, "texture": "#0"},
				"up": {"uv": [3.5, 3.5, 7.5, 4.5], "rotation": 90, "texture": "#0"},
				"down": {"uv": [3.5, 3.5, 3.7, 4.5], "rotation": 90, "texture": "#0"}
			}
		},
		{
			"from": [10.3835, -4.99415, 7.89902],
			"to": [11.0835, -1.64415, 8.09902],
			"rotation": {"angle": 45, "axis": "z", "origin": [11.45239, -2.67531, 7.9877]},
			"faces": {
				"north": {"uv": [3.5, 4.5, 7.5, 3.5], "rotation": 270, "texture": "#0"},
				"east": {"uv": [3.5, 4.5, 7.5, 3.5], "rotation": 90, "texture": "#0"},
				"south": {"uv": [3.5, 4.5, 7.5, 3.5], "rotation": 270, "texture": "#0"},
				"west": {"uv": [3.5, 3.7, 7.5, 3.5], "rotation": 270, "texture": "#0"},
				"up": {"uv": [3.5, 4.5, 7.5, 3.5], "rotation": 90, "texture": "#0"},
				"down": {"uv": [3.5, 4.5, 3.7, 3.5], "rotation": 90, "texture": "#0"}
			}
		},
		{
			"from": [5.1579, -5.22331, 7.92402],
			"to": [5.8079, -2.32331, 8.07402],
			"rotation": {"angle": -22.5, "axis": "z", "origin": [4.54761, -2.67531, 7.9877]},
			"faces": {
				"north": {"uv": [3.5, 1.5, 7.5, 2.5], "rotation": 270, "texture": "#0"},
				"east": {"uv": [3.5, 1.5, 7.5, 2], "rotation": 270, "texture": "#0"},
				"south": {"uv": [3.5, 1.5, 7.5, 2.5], "rotation": 270, "texture": "#0"},
				"west": {"uv": [3.5, 1.5, 7.5, 2], "rotation": 270, "texture": "#0"},
				"up": {"uv": [3.5, 1.5, 7.5, 2.5], "rotation": 270, "texture": "#0"},
				"down": {"uv": [3.5, 1.5, 3.65, 2.15], "rotation": 270, "texture": "#0"}
			}
		},
		{
			"from": [10.1921, -5.22331, 7.92402],
			"to": [10.8421, -2.32331, 8.07402],
			"rotation": {"angle": 22.5, "axis": "z", "origin": [11.45239, -2.67531, 7.9877]},
			"faces": {
				"north": {"uv": [3.5, 2.5, 7.5, 1.5], "rotation": 270, "texture": "#0"},
				"east": {"uv": [3.5, 2, 7.5, 1.5], "rotation": 270, "texture": "#0"},
				"south": {"uv": [3.5, 2.5, 7.5, 1.5], "rotation": 270, "texture": "#0"},
				"west": {"uv": [3.5, 2, 7.5, 1.5], "rotation": 270, "texture": "#0"},
				"up": {"uv": [3.5, 2.5, 7.5, 1.5], "rotation": 270, "texture": "#0"},
				"down": {"uv": [3.5, 2.15, 3.65, 1.5], "rotation": 270, "texture": "#0"}
			}
		},
		{
			"from": [5.38442, -5.66967, 7.94402],
			"to": [5.99442, -2.80967, 8.05402],
			"rotation": {"angle": 0, "axis": "z", "origin": [4.54761, -2.67531, 7.9877]},
			"faces": {
				"north": {"uv": [2, 4.5, 7, 5.5], "rotation": 270, "texture": "#0"},
				"east": {"uv": [4, 1.5, 7, 2], "rotation": 270, "texture": "#0"},
				"south": {"uv": [2.5, 4.5, 7.5, 5.5], "rotation": 270, "texture": "#0"},
				"west": {"uv": [4, 1.5, 7, 2], "rotation": 270, "texture": "#0"},
				"up": {"uv": [4, 1.5, 7, 2], "rotation": 270, "texture": "#0"},
				"down": {"uv": [4, 1.5, 4.15, 2.15], "rotation": 270, "texture": "#0"}
			}
		},
		{
			"from": [10.00558, -5.66967, 7.94402],
			"to": [10.61558, -2.80967, 8.05402],
			"rotation": {"angle": 0, "axis": "z", "origin": [11.45239, -2.67531, 7.9877]},
			"faces": {
				"north": {"uv": [2, 5.5, 7, 4.5], "rotation": 270, "texture": "#0"},
				"east": {"uv": [4, 2, 7, 1.5], "rotation": 270, "texture": "#0"},
				"south": {"uv": [2.5, 5.5, 7.5, 4.5], "rotation": 270, "texture": "#0"},
				"west": {"uv": [4, 2, 7, 1.5], "rotation": 270, "texture": "#0"},
				"up": {"uv": [4, 2, 7, 1.5], "rotation": 270, "texture": "#0"},
				"down": {"uv": [4, 2.15, 4.15, 1.5], "rotation": 270, "texture": "#0"}
			}
		},
		{
			"from": [5.02083, -1.96538, 7.70156],
			"to": [5.62083, -1.36538, 8.30156],
			"rotation": {"angle": 0, "axis": "z", "origin": [4.54761, -2.67531, 7.9877]},
			"faces": {
				"north": {"uv": [4, 1.5, 5, 2.5], "rotation": 270, "texture": "#0"},
				"east": {"uv": [4, 1.5, 5, 2.5], "rotation": 270, "texture": "#0"},
				"south": {"uv": [4, 1.5, 5, 2.5], "rotation": 270, "texture": "#0"},
				"west": {"uv": [4, 1.5, 5, 2.5], "rotation": 270, "texture": "#0"},
				"up": {"uv": [4, 1.5, 5, 2.5], "rotation": 270, "texture": "#0"},
				"down": {"uv": [4, 1.5, 5, 2.5], "rotation": 270, "texture": "#0"}
			}
		},
		{
			"from": [10.37917, -1.96538, 7.70156],
			"to": [10.97917, -1.36538, 8.30156],
			"rotation": {"angle": 0, "axis": "z", "origin": [11.45239, -2.67531, 7.9877]},
			"faces": {
				"north": {"uv": [4, 2.5, 5, 1.5], "rotation": 270, "texture": "#0"},
				"east": {"uv": [4, 2.5, 5, 1.5], "rotation": 270, "texture": "#0"},
				"south": {"uv": [4, 2.5, 5, 1.5], "rotation": 270, "texture": "#0"},
				"west": {"uv": [4, 2.5, 5, 1.5], "rotation": 270, "texture": "#0"},
				"up": {"uv": [4, 2.5, 5, 1.5], "rotation": 270, "texture": "#0"},
				"down": {"uv": [4, 2.5, 5, 1.5], "rotation": 270, "texture": "#0"}
			}
		},
		{
			"from": [7.4, -12.7, 7.4],
			"to": [8.9, -11.2, 8.6],
			"rotation": {"angle": 45, "axis": "z", "origin": [8.00846, -12.09999, 7.99152]},
			"faces": {
				"north": {"uv": [11, 0, 12.5, 1.5], "rotation": 270, "texture": "#0"},
				"east": {"uv": [11.5, 0, 12.5, 1.5], "texture": "#0"},
				"south": {"uv": [11, 0, 12.5, 1.5], "texture": "#0"},
				"west": {"uv": [11.5, 1, 12.5, 2.5], "texture": "#0"},
				"up": {"uv": [11.5, 0, 12.5, 1.5], "rotation": 90, "texture": "#0"},
				"down": {"uv": [11.5, 1, 12.5, 2.5], "rotation": 90, "texture": "#0"}
			}
		},
		{
			"from": [7, -5.4, 7],
			"to": [9.75, -2.65, 9],
			"rotation": {"angle": 45, "axis": "z", "origin": [8.00846, -4.39999, 7.99152]},
			"faces": {
				"north": {"uv": [11, 0, 12.5, 1.5], "rotation": 270, "texture": "#0"},
				"east": {"uv": [11.5, 0, 12.5, 1.5], "texture": "#0"},
				"south": {"uv": [11, 0, 12.5, 1.5], "texture": "#0"},
				"west": {"uv": [11.5, 1, 12.5, 2.5], "texture": "#0"},
				"up": {"uv": [11.5, 0, 12.5, 1.5], "rotation": 90, "texture": "#0"},
				"down": {"uv": [11.5, 1, 12.5, 2.5], "rotation": 90, "texture": "#0"}
			}
		},
		{
			"from": [6.24, -5.96, 7.49],
			"to": [10.26, -1.94, 8.51],
			"rotation": {"angle": 45, "axis": "z", "origin": [8.00846, -4.19999, 8.49152]},
			"faces": {
				"north": {"uv": [12.5, 7.5, 16, 11], "texture": "#0"},
				"east": {"uv": [12.5, 7.5, 16, 8.52], "rotation": 90, "texture": "#0"},
				"south": {"uv": [12.5, 7.5, 16, 11], "rotation": 90, "texture": "#0"},
				"west": {"uv": [12.5, 9.5, 16, 10.52], "rotation": 90, "texture": "#0"},
				"up": {"uv": [12.5, 7.5, 16, 8.52], "rotation": 180, "texture": "#0"},
				"down": {"uv": [12.5, 9, 16, 10.02], "rotation": 180, "texture": "#0"}
			}
		},
		{
			"from": [7.09, 11.29, 7.69],
			"to": [9.41, 13.61, 8.31],
			"rotation": {"angle": 45, "axis": "z", "origin": [8.00846, 12.20001, 8.49152]},
			"faces": {
				"north": {"uv": [0, 11, 2.5, 13.49], "texture": "#0"},
				"east": {"uv": [0, 11, 2.5, 13.49], "texture": "#0"},
				"south": {"uv": [0, 11, 2.5, 13.49], "texture": "#0"},
				"west": {"uv": [0, 11, 2.5, 13.49], "texture": "#0"},
				"up": {"uv": [0, 11, 2.5, 13.49], "texture": "#0"},
				"down": {"uv": [0, 11, 2.5, 13.49], "texture": "#0"}
			}
		},
		{
			"from": [6.73907, 12.03331, 7.71011],
			"to": [7.76707, 14.81131, 8.28811],
			"rotation": {"angle": -22.5, "axis": "z", "origin": [7.87246, 13.16669, 8.00706]},
			"faces": {
				"north": {"uv": [0, 11.5, 3, 12.5], "rotation": 90, "texture": "#0"},
				"east": {"uv": [0, 11.5, 3, 12.5], "rotation": 90, "texture": "#0"},
				"south": {"uv": [0, 11.5, 3, 12.5], "rotation": 90, "texture": "#0"},
				"west": {"uv": [0, 11.5, 3, 12.5], "rotation": 90, "texture": "#0"},
				"up": {"uv": [0, 11.5, 3, 12.5], "rotation": 90, "texture": "#0"},
				"down": {"uv": [0, 11.5, 3, 12.5], "rotation": 90, "texture": "#0"}
			}
		},
		{
			"from": [8.09131, 12.30142, 7.70911],
			"to": [9.12131, 15.08142, 8.28911],
			"rotation": {"angle": 22.5, "axis": "z", "origin": [8.72263, 13.68645, 8.01031]},
			"faces": {
				"north": {"uv": [0, 11.5, 3, 12.5], "rotation": 90, "texture": "#0"},
				"east": {"uv": [0, 11.5, 3, 12.5], "rotation": 90, "texture": "#0"},
				"south": {"uv": [0, 11.5, 3, 12.5], "rotation": 90, "texture": "#0"},
				"west": {"uv": [0, 11.5, 3, 12.5], "rotation": 90, "texture": "#0"},
				"up": {"uv": [0, 11.5, 3, 12.5], "rotation": 90, "texture": "#0"},
				"down": {"uv": [0, 11.5, 3, 12.5], "rotation": 90, "texture": "#0"}
			}
		},
		{
			"from": [7.61935, 14.74651, 7.7202],
			"to": [8.37935, 15.50651, 8.2802],
			"rotation": {"angle": -45, "axis": "z", "origin": [7.99482, 15.11519, 8.01254]},
			"faces": {
				"north": {"uv": [0, 11, 1, 12], "rotation": 270, "texture": "#0"},
				"east": {"uv": [0, 11, 1, 11.8], "rotation": 270, "texture": "#0"},
				"south": {"uv": [0, 11, 1, 12], "rotation": 270, "texture": "#0"},
				"west": {"uv": [0, 11, 1, 11.8], "rotation": 270, "texture": "#0"},
				"up": {"uv": [0, 11, 0.8, 12], "rotation": 270, "texture": "#0"},
				"down": {"uv": [0, 11, 0.8, 12], "rotation": 270, "texture": "#0"}
			}
		},
		{
			"from": [8.2, -4.35, 7.85],
			"to": [10.3, -2.75, 8.15],
			"rotation": {"angle": 45, "axis": "z", "origin": [8.00846, -3.54999, 8.64152]},
			"faces": {
				"north": {"uv": [13, 13.5, 15.5, 15.5], "texture": "#0"},
				"east": {"uv": [14, 14, 14.7, 16], "texture": "#0"},
				"south": {"uv": [13.5, 14, 16, 16], "texture": "#0"},
				"west": {"uv": [14, 14, 14.7, 16], "texture": "#0"},
				"up": {"uv": [13.5, 15.3, 16, 16], "texture": "#0"},
				"down": {"uv": [13.5, 15.3, 16, 16], "texture": "#0"}
			}
		},
		{
			"from": [5.7, -4.35, 7.85],
			"to": [7.8, -2.75, 8.15],
			"rotation": {"angle": -45, "axis": "z", "origin": [7.99154, -3.54999, 8.64152]},
			"faces": {
				"north": {"uv": [13.5, 14, 16, 16], "texture": "#0"},
				"east": {"uv": [14, 14, 14.7, 16], "texture": "#0"},
				"south": {"uv": [13.5, 14, 16, 16], "texture": "#0"},
				"west": {"uv": [14, 14, 14.7, 16], "texture": "#0"},
				"up": {"uv": [13.5, 15.3, 16, 16], "texture": "#0"},
				"down": {"uv": [13.5, 15.3, 16, 16], "texture": "#0"}
			}
		},
		{
			"from": [9.21002, -2.68855, 7.85197],
			"to": [9.81002, -1.08855, 8.15197],
			"rotation": {"angle": 22.5, "axis": "z", "origin": [9.51418, -1.6313, 7.99172]},
			"faces": {
				"north": {"uv": [14, 14, 16, 15], "rotation": 90, "texture": "#0"},
				"east": {"uv": [14, 15.3, 16, 16], "rotation": 90, "texture": "#0"},
				"south": {"uv": [14, 15, 16, 16], "rotation": 90, "texture": "#0"},
				"west": {"uv": [14, 15.3, 16, 16], "rotation": 90, "texture": "#0"},
				"up": {"uv": [14, 15, 14.7, 16], "rotation": 90, "texture": "#0"},
				"down": {"uv": [14, 15, 14.7, 16], "rotation": 90, "texture": "#0"}
			}
		},
		{
			"from": [6.18998, -2.68855, 7.85197],
			"to": [6.78998, -1.08855, 8.15197],
			"rotation": {"angle": -22.5, "axis": "z", "origin": [6.48582, -1.6313, 7.99172]},
			"faces": {
				"north": {"uv": [14, 15, 16, 16], "rotation": 90, "texture": "#0"},
				"east": {"uv": [14, 15.3, 16, 16], "rotation": 90, "texture": "#0"},
				"south": {"uv": [14, 15, 16, 16], "rotation": 90, "texture": "#0"},
				"west": {"uv": [14, 15.3, 16, 16], "rotation": 90, "texture": "#0"},
				"up": {"uv": [14, 15, 14.7, 16], "rotation": 90, "texture": "#0"},
				"down": {"uv": [14, 15, 14.7, 16], "rotation": 90, "texture": "#0"}
			}
		},
		{
			"from": [7.49587, 10.13952, 7.85327],
			"to": [10.09587, 12.73952, 8.15327],
			"rotation": {"angle": -22.5, "axis": "z", "origin": [9.80085, 11.43587, 8.0078]},
			"faces": {
				"north": {"uv": [3, 13.5, 0, 16], "rotation": 90, "texture": "#0"},
				"east": {"uv": [0, 14, 3, 14.5], "rotation": 270, "texture": "#0"},
				"south": {"uv": [0, 13.5, 3, 16], "rotation": 180, "texture": "#0"},
				"west": {"uv": [0, 13.5, 3, 16], "rotation": 270, "texture": "#0"},
				"up": {"uv": [0, 13.5, 3, 16], "rotation": 270, "texture": "#0"},
				"down": {"uv": [0, 13.5, 3, 16], "rotation": 270, "texture": "#0"}
			}
		},
		{
			"from": [5.90513, 10.14052, 7.85427],
			"to": [8.50313, 12.73852, 8.15227],
			"rotation": {"angle": 22.5, "axis": "z", "origin": [6.19915, 11.43587, 8.0078]},
			"faces": {
				"north": {"uv": [0, 13.5, 3, 16], "rotation": 180, "texture": "#0"},
				"east": {"uv": [0, 13.5, 3, 16], "rotation": 270, "texture": "#0"},
				"south": {"uv": [0, 13.5, 3, 16], "rotation": 270, "texture": "#0"},
				"west": {"uv": [0, 14, 3, 14.5], "rotation": 270, "texture": "#0"},
				"up": {"uv": [0, 13.5, 3, 16], "rotation": 270, "texture": "#0"},
				"down": {"uv": [0, 13.5, 3, 16], "rotation": 270, "texture": "#0"}
			}
		},
		{
			"from": [8.49516, 12.31199, 7.85806],
			"to": [10.09316, 16.90999, 8.15606],
			"rotation": {"angle": 22.5, "axis": "z", "origin": [9.78741, 13.61159, 8.00994]},
			"faces": {
				"north": {"uv": [0, 14, 5, 16], "rotation": 270, "texture": "#0"},
				"east": {"uv": [0, 14, 5, 14.5], "rotation": 270, "texture": "#0"},
				"south": {"uv": [0, 16, 5, 14], "rotation": 270, "texture": "#0"},
				"west": {"uv": [0, 13.5, 3, 16], "rotation": 270, "texture": "#0"},
				"up": {"uv": [0, 13.5, 3, 16], "rotation": 270, "texture": "#0"},
				"down": {"uv": [0, 13.5, 3, 16], "rotation": 270, "texture": "#0"}
			}
		},
		{
			"from": [5.90584, 12.31099, 7.85706],
			"to": [7.50584, 16.91099, 8.15706],
			"rotation": {"angle": -22.5, "axis": "z", "origin": [6.21259, 13.61159, 8.00994]},
			"faces": {
				"north": {"uv": [0, 16, 5, 14], "rotation": 270, "texture": "#0"},
				"east": {"uv": [0, 14, 5, 16], "rotation": 270, "texture": "#0"},
				"south": {"uv": [0, 14, 5, 16], "rotation": 270, "texture": "#0"},
				"west": {"uv": [0, 14, 5, 14.5], "rotation": 270, "texture": "#0"},
				"up": {"uv": [0, 14, 5, 16], "rotation": 270, "texture": "#0"},
				"down": {"uv": [0, 14, 5, 16], "rotation": 270, "texture": "#0"}
			}
		},
		{
			"from": [7.21698, 16.29039, 7.85904],
			"to": [8.35798, 17.43639, 8.15504],
			"rotation": {"angle": 45, "axis": "z", "origin": [8.00158, 17.07992, 8.02536]},
			"faces": {
				"north": {"uv": [6, 14.5, 7.55, 16], "rotation": 270, "texture": "#0"},
				"east": {"uv": [6, 14.5, 7.55, 15], "rotation": 270, "texture": "#0"},
				"south": {"uv": [6, 14.5, 7.55, 16], "rotation": 270, "texture": "#0"},
				"west": {"uv": [6, 14.5, 7.55, 16], "rotation": 270, "texture": "#0"},
				"up": {"uv": [5.5, 14, 7.05, 14.5], "rotation": 180, "texture": "#0"},
				"down": {"uv": [6, 14.5, 7.55, 16], "rotation": 270, "texture": "#0"}
			}
		},
		{
			"from": [6.37901, -1.24476, 7.85694],
			"to": [9.62501, 10.35124, 8.15294],
			"rotation": {"angle": 0, "axis": "z", "origin": [6.67034, -0.44647, 7.99607]},
			"faces": {
				"north": {"uv": [4, 14, 16, 16], "rotation": 90, "texture": "#0"},
				"east": {"uv": [4, 14.5, 16, 15], "rotation": 90, "texture": "#0"},
				"south": {"uv": [4, 14, 16, 16], "rotation": 90, "texture": "#0"},
				"west": {"uv": [4, 14.5, 16, 15], "rotation": 90, "texture": "#0"},
				"up": {"uv": [4, 14, 16, 16], "rotation": 90, "texture": "#0"},
				"down": {"uv": [4, 14, 16, 16], "rotation": 90, "texture": "#0"}
			}
		},
		{
			"from": [6.953, -2.74376, 7.70794],
			"to": [9.047, 12.85024, 8.30194],
			"rotation": {"angle": 0, "axis": "z", "origin": [6.67034, -0.94647, 7.99607]},
			"faces": {
				"north": {"uv": [0, 11, 16, 13.5], "rotation": 90, "texture": "#0"},
				"east": {"uv": [0, 11, 16, 13.5], "rotation": 90, "texture": "#0"},
				"south": {"uv": [0, 11, 16, 13.5], "rotation": 90, "texture": "#0"},
				"west": {"uv": [0, 11, 16, 13.5], "rotation": 90, "texture": "#0"},
				"up": {"uv": [0, 11, 16, 13.5], "rotation": 90, "texture": "#0"},
				"down": {"uv": [0, 11, 16, 13.5], "rotation": 90, "texture": "#0"}
			}
		},
		{
			"from": [7.16, -1.28676, 7.66494],
			"to": [8.84, 12.39324, 8.34494],
			"rotation": {"angle": 0, "axis": "z", "origin": [6.92034, -0.54647, 7.99607]},
			"faces": {
				"north": {"uv": [6.667, 0, 9.167, 16], "texture": "#1"},
				"east": {"uv": [0, 11, 16, 13.5], "rotation": 90, "texture": "#1"},
				"south": {"uv": [6.667, 0, 9.167, 16], "texture": "#1"},
				"west": {"uv": [0, 11, 16, 13.5], "rotation": 90, "texture": "#1"},
				"up": {"uv": [0, 11, 16, 13.5], "rotation": 90, "texture": "#1"},
				"down": {"uv": [0, 11, 16, 13.5], "rotation": 90, "texture": "#1"}
			}
		},
		{
			"from": [7.3, -8.65, 7.3],
			"to": [8.7, -8.15, 8.7],
			"rotation": {"angle": 0, "axis": "y", "origin": [15, -0.95, 15]},
			"faces": {
				"north": {"uv": [6, 4.5, 6.4, 6], "rotation": 90, "texture": "#0"},
				"east": {"uv": [6, 4.5, 6.4, 6], "rotation": 90, "texture": "#0"},
				"south": {"uv": [6, 4.5, 6.4, 6], "rotation": 90, "texture": "#0"},
				"west": {"uv": [6, 4.5, 6.4, 6], "rotation": 90, "texture": "#0"},
				"up": {"uv": [6, 4.5, 6.4, 6], "rotation": 90, "texture": "#0"},
				"down": {"uv": [6, 4.5, 6.4, 6], "rotation": 90, "texture": "#0"}
			}
		}
	],
	"display": {
		"thirdperson_righthand": {
			"rotation": [0, 96, 0],
			"translation": [-0.5, 15, 1.5]
		},
		"thirdperson_lefthand": {
			"rotation": [0, 96, 0],
			"translation": [-0.5, 15, 1.5]
		},
		"firstperson_righthand": {
			"rotation": [-15, 92, 0],
			"translation": [0.5, 11, 0],
			"scale": [0.6, 0.6, 0.6]
		},
		"firstperson_lefthand": {
			"rotation": [-15, 92, 0],
			"translation": [0.5, 11, 0],
			"scale": [0.6, 0.6, 0.6]
		},
		"ground": {
			"rotation": [-52, 40, -24],
			"translation": [0, 1.5, -5.25]
		},
		"gui": {
			"rotation": [0, 5, -44],
			"translation": [3, 3.5, 0],
			"scale": [0.8, 0.8, 0.8]
		},
		"fixed": {
			"scale": [2, 2, 2]
		}
	},
	"groups": [
		{
			"name": "valkyrie",
			"origin": [8, 8, 8],
			"children": [0, 1, 2, 3, 4, 5, 6, 7, 8, 9, 10, 11, 12, 13, 14, 15, 16, 17, 18, 19, 20, 21, 22, 23, 24, 25, 26, 27, 28, 29, 30, 31, 32, 33, 34, 35, 36, 37, 38, 39, 40, 41, 42, 43, 44, 45, 46, 47, 48]
		}
	]
}