{
	"credit": "Made with Blockbench",
	"texture_size": [8, 8],
	"textures": {
		"2": "skins/air_vertical",
		"texture": "skins/air_tier_all_0",
		"particle": "skins/air_vertical"
	},
	"elements": [
		{
			"from": [7.48331, 0.13066, 7.2],
			"to": [8.48331, 3.03066, 8.2],
			"rotation": {"angle": 0, "axis": "y", "origin": [7.98331, 0.63066, 7.7]},
			"faces": {
				"north": {"uv": [2, 3, 6, 1], "rotation": 90, "texture": "#texture"},
				"east": {"uv": [0, 2, 4, 0], "rotation": 90, "texture": "#texture"},
				"south": {"uv": [3, 3, 7, 1], "rotation": 90, "texture": "#texture"},
				"west": {"uv": [5, 2, 9, 0], "rotation": 90, "texture": "#texture"},
				"up": {"uv": [4, 0, 0, 2], "rotation": 90, "texture": "#texture"},
				"down": {"uv": [4, 0, 0, 2], "rotation": 90, "texture": "#texture"}
			}
		},
		{
			"from": [7.2, -0.44818, 7.3],
			"to": [8.8, 0.35182, 8.1],
			"rotation": {"angle": 45, "axis": "x", "origin": [7.5, -0.04818, 7.7]},
			"faces": {
				"north": {"uv": [4, 6, 2, 8], "rotation": 90, "texture": "#texture"},
				"east": {"uv": [4, 6, 2, 8], "rotation": 90, "texture": "#texture"},
				"south": {"uv": [4, 6, 2, 8], "rotation": 90, "texture": "#texture"},
				"west": {"uv": [4, 6, 2, 8], "texture": "#texture"},
				"up": {"uv": [4, 6, 2, 8], "rotation": 90, "texture": "#texture"},
				"down": {"uv": [4, 6, 2, 8], "rotation": 90, "texture": "#texture"}
			}
		},
		{
			"from": [7.35, -0.69818, 7.05],
			"to": [8.65, 0.60182, 8.35],
			"rotation": {"angle": 45, "axis": "x", "origin": [8, -0.04818, 7.7]},
			"faces": {
				"north": {"uv": [2, 11, 0, 13], "texture": "#texture"},
				"east": {"uv": [2, 11, 0, 13], "texture": "#texture"},
				"south": {"uv": [0, 13, 2, 11], "rotation": 90, "texture": "#texture"},
				"west": {"uv": [2, 10, 0, 12], "rotation": 180, "texture": "#texture"},
				"up": {"uv": [0, 13, 2, 11], "texture": "#texture"},
				"down": {"uv": [0, 13, 2, 11], "texture": "#texture"}
			}
		},
		{
			"from": [7.3869, -0.99647, 7.1],
			"to": [8.5869, 0.20353, 8.3],
			"rotation": {"angle": 0, "axis": "z", "origin": [8.0369, -0.69647, 7.7]},
			"faces": {
				"north": {"uv": [2, 10, 0, 12], "rotation": 180, "texture": "#texture"},
				"east": {"uv": [6, 10, 8, 12], "rotation": 180, "texture": "#texture"},
				"south": {"uv": [8, 10, 6, 12], "rotation": 180, "texture": "#texture"},
				"west": {"uv": [8, 10, 6, 12], "rotation": 180, "texture": "#texture"},
				"up": {"uv": [6, 12, 8, 10], "rotation": 180, "texture": "#texture"},
				"down": {"uv": [9, 11, 11, 9], "rotation": 180, "texture": "#texture"}
			}
		},
		{
			"from": [7.4869, 3.64131, 6.77704],
			"to": [8.4869, 4.64131, 8.77704],
			"rotation": {"angle": 22.5, "axis": "x", "origin": [7.9869, 5.24479, 6.51176]},
			"faces": {
				"north": {"uv": [1, 11, 3, 13], "rotation": 180, "texture": "#texture"},
				"east": {"uv": [1, 10, 4, 12], "texture": "#texture"},
				"south": {"uv": [0, 10, 4, 14], "rotation": 180, "texture": "#texture"},
				"west": {"uv": [4, 10, 1, 12], "texture": "#texture"},
				"up": {"uv": [8, 9, 5, 11], "rotation": 90, "texture": "#texture"},
				"down": {"uv": [3, 11, 0, 13], "texture": "#texture"}
			}
		},
		{
			"from": [7.4869, -1.95736, 6.26541],
			"to": [8.4869, -0.95736, 7.26541],
			"rotation": {"angle": 45, "axis": "x", "origin": [7.9869, -2.11576, 7.84763]},
			"faces": {
				"north": {"uv": [0, 11, 2, 13], "texture": "#texture"},
				"east": {"uv": [1, 12, 3, 10], "rotation": 90, "texture": "#texture"},
				"south": {"uv": [7, 11, 5, 9], "rotation": 270, "texture": "#texture"},
				"west": {"uv": [3, 12, 1, 10], "rotation": 270, "texture": "#texture"},
				"up": {"uv": [0, 14, 4, 10], "rotation": 180, "texture": "#texture"},
				"down": {"uv": [1, 13, 3, 11], "texture": "#texture"}
			}
		},
		{
			"from": [7.4869, 4.52585, 9.07985],
			"to": [8.4869, 5.72585, 10.07985],
			"rotation": {"angle": 22.5, "axis": "x", "origin": [7.9869, 6.68424, 8.49763]},
			"faces": {
				"north": {"uv": [9, 9, 11, 11], "rotation": 270, "texture": "#texture"},
				"east": {"uv": [7, 9, 8, 11], "rotation": 270, "texture": "#texture"},
				"south": {"uv": [4, 10, 6, 12], "texture": "#texture"},
				"west": {"uv": [6, 10, 8, 12], "rotation": 270, "texture": "#texture"},
				"up": {"uv": [6, 10, 8.2, 12], "rotation": 270, "texture": "#texture"},
				"down": {"uv": [6, 10, 8.2, 12], "rotation": 270, "texture": "#texture"}
			}
		},
		{
			"from": [7.3869, 3.34111, 6.80844],
			"to": [8.5869, 5.54111, 8.00844],
			"rotation": {"angle": 45, "axis": "x", "origin": [7.9869, 3.34111, 6.90844]},
			"faces": {
				"north": {"uv": [7, 9, 12, 11], "rotation": 270, "texture": "#texture"},
				"east": {"uv": [0, 12, 5, 9], "rotation": 270, "texture": "#texture"},
				"south": {"uv": [0, 11, 5, 13], "rotation": 270, "texture": "#texture"},
				"west": {"uv": [0, 9, 5, 12], "rotation": 270, "texture": "#texture"},
				"up": {"uv": [0, 9, 4, 13], "rotation": 270, "texture": "#texture"},
				"down": {"uv": [0, 11, 2, 13], "rotation": 270, "texture": "#texture"}
			}
		},
		{
			"from": [7.5369, 3.91489, 6.52047],
			"to": [8.4369, 4.81489, 7.42047],
			"rotation": {"angle": 45, "axis": "x", "origin": [7.9869, 5.24479, 6.51176]},
			"faces": {
				"north": {"uv": [5, 10, 3, 12], "texture": "#texture"},
				"east": {"uv": [4, 10, 2, 12], "texture": "#texture"},
				"south": {"uv": [5, 10, 3, 12], "texture": "#texture"},
				"west": {"uv": [5, 10, 3, 12], "texture": "#texture"},
				"up": {"uv": [7, 9, 5, 11], "texture": "#texture"},
				"down": {"uv": [3, 11, 1, 13], "rotation": 180, "texture": "#texture"}
			}
		},
		{
			"from": [7.5369, -2.21393, 6.49647],
			"to": [8.4369, -1.31393, 7.39647],
			"rotation": {"angle": 22.5, "axis": "x", "origin": [7.9869, -2.11576, 7.84763]},
			"faces": {
				"north": {"uv": [1, 11, 3, 13], "rotation": 180, "texture": "#texture"},
				"east": {"uv": [4, 12, 2, 10], "rotation": 90, "texture": "#texture"},
				"south": {"uv": [5, 9, 7, 11], "rotation": 180, "texture": "#texture"},
				"west": {"uv": [5, 12, 3, 10], "rotation": 270, "texture": "#texture"},
				"up": {"uv": [5, 12, 3, 10], "texture": "#texture"},
				"down": {"uv": [5, 12, 3, 10], "rotation": 180, "texture": "#texture"}
			}
		},
		{
			"from": [7.5369, 5.18242, 8.64879],
			"to": [8.4369, 6.08242, 9.54879],
			"rotation": {"angle": 0, "axis": "x", "origin": [7.9869, 5.98424, 8.19763]},
			"faces": {
				"north": {"uv": [8, 9, 10, 11], "rotation": 270, "texture": "#texture"},
				"east": {"uv": [7, 9, 9, 11], "rotation": 270, "texture": "#texture"},
				"south": {"uv": [9, 10, 11, 12], "texture": "#texture"},
				"west": {"uv": [8, 10, 10, 12], "rotation": 270, "texture": "#texture"},
				"up": {"uv": [7, 9, 9, 11], "rotation": 270, "texture": "#texture"},
				"down": {"uv": [7, 9, 9, 11], "rotation": 270, "texture": "#texture"}
			}
		},
		{
			"from": [7.5869, 4.67781, 5.33642],
			"to": [8.3869, 5.47781, 6.13642],
			"rotation": {"angle": -22.5, "axis": "x", "origin": [7.9869, 5.24479, 6.51176]},
			"faces": {
				"north": {"uv": [7, 9, 9, 11], "rotation": 180, "texture": "#texture"},
				"east": {"uv": [7, 9, 9, 11], "rotation": 180, "texture": "#texture"},
				"south": {"uv": [8, 9, 10, 11], "rotation": 180, "texture": "#texture"},
				"west": {"uv": [7, 9, 9, 11], "rotation": 270, "texture": "#texture"},
				"up": {"uv": [7, 9, 9, 11], "rotation": 180, "texture": "#texture"},
				"down": {"uv": [7, 9, 9, 11], "rotation": 180, "texture": "#texture"}
			}
		},
		{
			"from": [7.5869, -2.43939, 6.61175],
			"to": [8.3869, -1.63939, 7.41175],
			"rotation": {"angle": 0, "axis": "x", "origin": [7.9869, -2.11576, 7.84763]},
			"faces": {
				"north": {"uv": [9, 9, 7, 11], "texture": "#texture"},
				"east": {"uv": [9, 9, 7, 11], "texture": "#texture"},
				"south": {"uv": [10, 9, 8, 11], "texture": "#texture"},
				"west": {"uv": [7, 11, 9, 9], "rotation": 90, "texture": "#texture"},
				"up": {"uv": [7, 11, 9, 9], "rotation": 180, "texture": "#texture"},
				"down": {"uv": [7, 11, 9, 9], "rotation": 180, "texture": "#texture"}
			}
		},
		{
			"from": [7.5869, 5.50788, 8.63351],
			"to": [8.3869, 6.30788, 9.43351],
			"rotation": {"angle": -22.5, "axis": "x", "origin": [7.9869, 5.98424, 8.19763]},
			"faces": {
				"north": {"uv": [9, 9, 10, 11], "rotation": 180, "texture": "#texture"},
				"east": {"uv": [12, 11, 14, 13], "rotation": 180, "texture": "#texture"},
				"south": {"uv": [12, 10, 14, 12], "texture": "#texture"},
				"west": {"uv": [12, 11, 14, 13], "rotation": 270, "texture": "#texture"},
				"up": {"uv": [11, 10, 13, 12], "rotation": 180, "texture": "#texture"},
				"down": {"uv": [12, 11, 14, 13], "rotation": 180, "texture": "#texture"}
			}
		},
		{
			"from": [7.6369, 4.62847, 5.5659],
			"to": [8.3369, 5.32847, 6.2659],
			"rotation": {"angle": 22.5, "axis": "x", "origin": [7.9869, 5.24479, 6.51176]},
			"faces": {
				"north": {"uv": [8, 10, 9, 11], "rotation": 90, "texture": "#texture"},
				"east": {"uv": [8, 10, 9, 11], "rotation": 90, "texture": "#texture"},
				"south": {"uv": [8, 10, 9, 11], "rotation": 90, "texture": "#texture"},
				"west": {"uv": [8, 10, 9, 11], "rotation": 90, "texture": "#texture"},
				"up": {"uv": [8, 10, 9, 11], "rotation": 90, "texture": "#texture"},
				"down": {"uv": [8, 10, 9, 11], "rotation": 90, "texture": "#texture"}
			}
		},
		{
			"from": [7.6369, -3.1685, 7.25257],
			"to": [8.3369, -2.4685, 7.95257],
			"rotation": {"angle": 45, "axis": "x", "origin": [7.9869, -2.11576, 7.84763]},
			"faces": {
				"north": {"uv": [8, 11, 9, 10], "rotation": 90, "texture": "#texture"},
				"east": {"uv": [9, 10, 8, 11], "rotation": 180, "texture": "#texture"},
				"south": {"uv": [8, 11, 9, 10], "rotation": 270, "texture": "#texture"},
				"west": {"uv": [9, 10, 8, 11], "texture": "#texture"},
				"up": {"uv": [9, 10, 8, 11], "rotation": 90, "texture": "#texture"},
				"down": {"uv": [9, 10, 8, 11], "rotation": 270, "texture": "#texture"}
			}
		},
		{
			"from": [7.6369, 6.33699, 7.99269],
			"to": [8.3369, 7.03699, 8.79269],
			"rotation": {"angle": 22.5, "axis": "x", "origin": [7.9869, 5.98424, 8.19763]},
			"faces": {
				"north": {"uv": [12, 11, 14, 13], "rotation": 180, "texture": "#texture"},
				"east": {"uv": [12, 11, 14, 13], "rotation": 180, "texture": "#texture"},
				"south": {"uv": [12, 11, 14, 13], "rotation": 180, "texture": "#texture"},
				"west": {"uv": [14, 11, 12, 13], "rotation": 180, "texture": "#texture"},
				"up": {"uv": [12, 10, 14, 12], "rotation": 180, "texture": "#texture"},
				"down": {"uv": [9, 11, 11, 13], "rotation": 180, "texture": "#texture"}
			}
		},
		{
			"from": [7.6869, 4.92072, 5.66317],
			"to": [8.2869, 5.52072, 6.26317],
			"rotation": {"angle": 45, "axis": "x", "origin": [7.9869, 5.24479, 6.51176]},
			"faces": {
				"north": {"uv": [12, 9, 13, 10], "rotation": 90, "texture": "#texture"},
				"east": {"uv": [12, 9, 13, 10], "rotation": 90, "texture": "#texture"},
				"south": {"uv": [12, 9, 13, 10], "rotation": 90, "texture": "#texture"},
				"west": {"uv": [12, 9, 13, 10], "rotation": 90, "texture": "#texture"},
				"up": {"uv": [12, 9, 13, 10], "rotation": 90, "texture": "#texture"},
				"down": {"uv": [12, 9, 13, 10], "rotation": 90, "texture": "#texture"}
			}
		},
		{
			"from": [7.6869, -3.07122, 7.5023],
			"to": [8.2869, -2.47122, 8.1023],
			"rotation": {"angle": 22.5, "axis": "x", "origin": [7.9869, -2.11576, 7.84763]},
			"faces": {
				"north": {"uv": [12, 10, 13, 9], "rotation": 90, "texture": "#texture"},
				"east": {"uv": [13, 9, 12, 10], "rotation": 180, "texture": "#texture"},
				"south": {"uv": [12, 10, 13, 9], "rotation": 270, "texture": "#texture"},
				"west": {"uv": [13, 9, 12, 10], "texture": "#texture"},
				"up": {"uv": [13, 9, 12, 10], "rotation": 90, "texture": "#texture"},
				"down": {"uv": [13, 9, 12, 10], "rotation": 270, "texture": "#texture"}
			}
		},
		{
			"from": [7.6869, 6.79134, 8.39951],
			"to": [8.2869, 7.39134, 8.99951],
			"rotation": {"angle": 45, "axis": "x", "origin": [7.9869, 7.54053, 8.10327]},
			"faces": {
				"north": {"uv": [9, 10, 10, 11], "texture": "#texture"},
				"east": {"uv": [9, 10, 10, 11], "texture": "#texture"},
				"south": {"uv": [9, 10, 10, 11], "texture": "#texture"},
				"west": {"uv": [9, 10, 10, 11], "texture": "#texture"},
				"up": {"uv": [9, 10, 10, 11], "texture": "#texture"},
				"down": {"uv": [9, 10, 10, 11], "texture": "#texture"}
			}
		},
		{
			"from": [7.6969, 5.54437, 6.45194],
			"to": [8.2769, 6.12437, 7.03194],
			"rotation": {"angle": -22.5, "axis": "x", "origin": [7.9869, 5.24479, 6.51176]},
			"faces": {
				"north": {"uv": [15, 10, 16, 11], "texture": "#texture"},
				"east": {"uv": [15, 10, 16, 11], "texture": "#texture"},
				"south": {"uv": [15, 10, 16, 11], "texture": "#texture"},
				"west": {"uv": [15, 10, 16, 11], "texture": "#texture"},
				"up": {"uv": [15, 10, 16, 11], "texture": "#texture"},
				"down": {"uv": [15, 10, 16, 11], "texture": "#texture"}
			}
		},
		{
			"from": [7.6969, -3.08595, 7.72727],
			"to": [8.2769, -2.50595, 8.30727],
			"rotation": {"angle": 0, "axis": "x", "origin": [7.9869, -2.11576, 7.84763]},
			"faces": {
				"north": {"uv": [16, 10, 15, 11], "rotation": 180, "texture": "#texture"},
				"east": {"uv": [16, 10, 15, 11], "rotation": 180, "texture": "#texture"},
				"south": {"uv": [16, 10, 15, 11], "rotation": 180, "texture": "#texture"},
				"west": {"uv": [16, 10, 15, 11], "rotation": 180, "texture": "#texture"},
				"up": {"uv": [15, 11, 16, 10], "texture": "#texture"},
				"down": {"uv": [15, 11, 16, 10], "texture": "#texture"}
			}
		},
		{
			"from": [7.6969, 6.99014, 7.53448],
			"to": [8.2769, 7.87014, 8.11448],
			"rotation": {"angle": -22.5, "axis": "x", "origin": [7.9869, 7.54053, 8.10327]},
			"faces": {
				"north": {"uv": [12, 10, 13.3, 11], "rotation": 90, "texture": "#texture"},
				"east": {"uv": [12, 10, 13.3, 11], "rotation": 90, "texture": "#texture"},
				"south": {"uv": [12, 10, 13.3, 11], "rotation": 90, "texture": "#texture"},
				"west": {"uv": [12, 10, 13.3, 11], "rotation": 90, "texture": "#texture"},
				"up": {"uv": [12, 10, 13.3, 11], "rotation": 90, "texture": "#texture"},
				"down": {"uv": [12, 10, 13.3, 11], "rotation": 90, "texture": "#texture"}
			}
		},
		{
			"from": [7.7069, 5.68649, 6.66575],
			"to": [8.2669, 6.24649, 7.22575],
			"rotation": {"angle": 0, "axis": "x", "origin": [7.9869, 5.24479, 6.51176]},
			"faces": {
				"north": {"uv": [15, 10, 16, 11], "texture": "#texture"},
				"east": {"uv": [15, 10, 16, 11], "texture": "#texture"},
				"south": {"uv": [15, 10, 16, 11], "texture": "#texture"},
				"west": {"uv": [15, 10, 16, 11], "texture": "#texture"},
				"up": {"uv": [15, 10, 16, 11], "texture": "#texture"},
				"down": {"uv": [15, 10, 16, 11], "texture": "#texture"}
			}
		},
		{
			"from": [7.7069, -3.178, 7.911],
			"to": [8.2669, -2.618, 8.471],
			"rotation": {"angle": -22.5, "axis": "x", "origin": [7.9869, -2.11576, 7.84763]},
			"faces": {
				"north": {"uv": [16, 10, 15, 11], "rotation": 180, "texture": "#texture"},
				"east": {"uv": [16, 10, 15, 11], "rotation": 180, "texture": "#texture"},
				"south": {"uv": [16, 10, 15, 11], "rotation": 180, "texture": "#texture"},
				"west": {"uv": [16, 10, 15, 11], "rotation": 180, "texture": "#texture"},
				"up": {"uv": [15, 11, 16, 10], "texture": "#texture"},
				"down": {"uv": [15, 11, 16, 10], "texture": "#texture"}
			}
		},
		{
			"from": [7.7069, 7.56022, 7.47644],
			"to": [8.2669, 8.62022, 8.03644],
			"rotation": {"angle": 0, "axis": "x", "origin": [7.9869, 7.74053, 8.00327]},
			"faces": {
				"north": {"uv": [13, 10, 15, 11], "rotation": 270, "texture": "#texture"},
				"east": {"uv": [13, 10, 15, 11], "rotation": 270, "texture": "#texture"},
				"south": {"uv": [13, 10, 15, 11], "rotation": 270, "texture": "#texture"},
				"west": {"uv": [13, 10, 15, 11], "rotation": 270, "texture": "#texture"},
				"up": {"uv": [13, 10, 15, 11], "rotation": 270, "texture": "#texture"},
				"down": {"uv": [13, 10, 15, 11], "rotation": 270, "texture": "#texture"}
			}
		},
		{
			"from": [7.7069, 4.29691, 5.29777],
			"to": [8.2669, 4.85691, 5.85777],
			"rotation": {"angle": -22.5, "axis": "x", "origin": [7.9869, 3.85521, 6.01176]},
			"faces": {
				"north": {"uv": [4, 9, 5, 10], "rotation": 180, "texture": "#texture"},
				"east": {"uv": [4, 9, 5, 10], "rotation": 180, "texture": "#texture"},
				"south": {"uv": [4, 9, 5, 10], "rotation": 180, "texture": "#texture"},
				"west": {"uv": [4, 9, 5, 10], "rotation": 180, "texture": "#texture"},
				"up": {"uv": [4, 9, 5, 10], "rotation": 180, "texture": "#texture"},
				"down": {"uv": [4, 9, 5, 10], "rotation": 180, "texture": "#texture"}
			}
		},
		{
			"from": [7.7169, 5.83642, 6.40415],
			"to": [8.2569, 6.37642, 6.94415],
			"rotation": {"angle": 45, "axis": "x", "origin": [7.9869, 5.24479, 6.51176]},
			"faces": {
				"north": {"uv": [11, 10, 12, 11], "texture": "#texture"},
				"east": {"uv": [11, 10, 12, 11], "texture": "#texture"},
				"south": {"uv": [11, 10, 12, 11], "texture": "#texture"},
				"west": {"uv": [11, 10, 12, 11], "texture": "#texture"},
				"up": {"uv": [11, 10, 12, 11], "texture": "#texture"},
				"down": {"uv": [11, 10, 12, 11], "texture": "#texture"}
			}
		},
		{
			"from": [7.7169, -3.33024, 8.41801],
			"to": [8.2569, -1.79024, 8.95801],
			"rotation": {"angle": 22.5, "axis": "x", "origin": [7.9869, -2.11576, 7.84763]},
			"faces": {
				"north": {"uv": [12, 10, 11, 11], "texture": "#texture"},
				"east": {"uv": [11, 11, 12, 10], "rotation": 90, "texture": "#texture"},
				"south": {"uv": [12, 10, 11, 11], "rotation": 180, "texture": "#texture"},
				"west": {"uv": [11, 11, 12, 10], "rotation": 270, "texture": "#texture"},
				"up": {"uv": [11, 11, 12, 10], "texture": "#texture"},
				"down": {"uv": [11, 11, 12, 10], "rotation": 180, "texture": "#texture"}
			}
		},
		{
			"from": [7.7169, 8.47049, 7.63673],
			"to": [8.2569, 9.01049, 8.17673],
			"rotation": {"angle": 22.5, "axis": "x", "origin": [7.9869, 8.93392, 7.95366]},
			"faces": {
				"north": {"uv": [14, 10, 15.5, 11], "rotation": 270, "texture": "#texture"},
				"east": {"uv": [14, 10, 15.5, 11], "rotation": 270, "texture": "#texture"},
				"south": {"uv": [14, 10, 15.5, 11], "rotation": 270, "texture": "#texture"},
				"west": {"uv": [14, 10, 15.5, 11], "rotation": 270, "texture": "#texture"},
				"up": {"uv": [14, 10, 15.5, 11], "rotation": 270, "texture": "#texture"},
				"down": {"uv": [14, 10, 15.5, 11], "rotation": 270, "texture": "#texture"}
			}
		},
		{
			"from": [7.7169, 3.42282, 4.88012],
			"to": [8.2569, 3.96282, 5.42012],
			"rotation": {"angle": 22.5, "axis": "x", "origin": [7.9869, 3.85521, 6.01176]},
			"faces": {
				"north": {"uv": [4, 10, 5, 11], "rotation": 270, "texture": "#texture"},
				"east": {"uv": [4, 10, 5, 11], "rotation": 270, "texture": "#texture"},
				"south": {"uv": [4, 10, 5, 11], "rotation": 270, "texture": "#texture"},
				"west": {"uv": [4, 10, 5, 11], "rotation": 270, "texture": "#texture"},
				"up": {"uv": [4, 10, 5, 11], "rotation": 270, "texture": "#texture"},
				"down": {"uv": [4, 10, 5, 11], "rotation": 270, "texture": "#texture"}
			}
		},
		{
			"from": [7.7269, -3.87156, 7.81804],
			"to": [8.2469, -3.35156, 8.33804],
			"rotation": {"angle": 45, "axis": "x", "origin": [7.9869, -3.61156, 8.07804]},
			"faces": {
				"north": {"uv": [8, 11, 9, 10], "rotation": 90, "texture": "#texture"},
				"east": {"uv": [8, 11, 9, 10], "rotation": 90, "texture": "#texture"},
				"south": {"uv": [8, 11, 9, 10], "rotation": 90, "texture": "#texture"},
				"west": {"uv": [8, 11, 9, 10], "rotation": 90, "texture": "#texture"},
				"up": {"uv": [9, 10, 8, 11], "rotation": 90, "texture": "#texture"},
				"down": {"uv": [9, 10, 8, 11], "rotation": 90, "texture": "#texture"}
			}
		},
		{
			"from": [7.7319, -4.20627, 7.59605],
			"to": [8.2419, -3.69627, 8.10605],
			"rotation": {"angle": 22.5, "axis": "x", "origin": [7.9869, -3.95127, 7.85105]},
			"faces": {
				"north": {"uv": [6, 11, 7, 10], "rotation": 90, "texture": "#texture"},
				"east": {"uv": [6, 11, 7, 10], "rotation": 90, "texture": "#texture"},
				"south": {"uv": [6, 11, 7, 10], "rotation": 90, "texture": "#texture"},
				"west": {"uv": [6, 11, 7, 10], "rotation": 90, "texture": "#texture"},
				"up": {"uv": [7, 10, 6, 11], "rotation": 90, "texture": "#texture"},
				"down": {"uv": [7, 10, 6, 11], "rotation": 90, "texture": "#texture"}
			}
		},
		{
			"from": [7.7869, -5.05198, 7.57134],
			"to": [8.1869, -4.65198, 7.97134],
			"rotation": {"angle": 0, "axis": "x", "origin": [7.9869, -4.95198, 7.77134]},
			"faces": {
				"north": {"uv": [5, 12, 6, 11], "rotation": 90, "texture": "#texture"},
				"east": {"uv": [5, 12, 6, 11], "rotation": 90, "texture": "#texture"},
				"south": {"uv": [5, 12, 6, 11], "rotation": 90, "texture": "#texture"},
				"west": {"uv": [5, 12, 6, 11], "rotation": 90, "texture": "#texture"},
				"up": {"uv": [6, 11, 5, 12], "rotation": 90, "texture": "#texture"},
				"down": {"uv": [6, 11, 5, 12], "rotation": 90, "texture": "#texture"}
			}
		},
		{
			"from": [7.7469, 4.79115, 7.19128],
			"to": [8.2269, 5.27115, 7.67128],
			"rotation": {"angle": -22.5, "axis": "x", "origin": [7.9869, 5.24479, 6.51176]},
			"faces": {
				"north": {"uv": [11, 10, 12, 11], "rotation": 270, "texture": "#texture"},
				"east": {"uv": [11, 10, 12, 11], "rotation": 270, "texture": "#texture"},
				"south": {"uv": [11, 10, 12, 11], "rotation": 270, "texture": "#texture"},
				"west": {"uv": [11, 10, 12, 11], "rotation": 270, "texture": "#texture"},
				"up": {"uv": [11, 10, 12, 11], "rotation": 270, "texture": "#texture"},
				"down": {"uv": [11, 10, 12, 11], "rotation": 270, "texture": "#texture"}
			}
		},
		{
			"from": [7.7469, -2.23273, 8.46661],
			"to": [8.2269, -1.75273, 8.94661],
			"rotation": {"angle": 0, "axis": "x", "origin": [7.9869, -2.11576, 7.84763]},
			"faces": {
				"north": {"uv": [11, 11, 12, 10], "rotation": 90, "texture": "#texture"},
				"east": {"uv": [11, 11, 12, 10], "rotation": 90, "texture": "#texture"},
				"south": {"uv": [11, 11, 12, 10], "rotation": 90, "texture": "#texture"},
				"west": {"uv": [11, 11, 12, 10], "rotation": 90, "texture": "#texture"},
				"up": {"uv": [12, 10, 11, 11], "rotation": 270, "texture": "#texture"},
				"down": {"uv": [12, 10, 11, 11], "rotation": 270, "texture": "#texture"}
			}
		},
		{
			"from": [7.7469, 8.72458, 7.91034],
			"to": [8.2269, 9.20458, 8.39034],
			"rotation": {"angle": -45, "axis": "x", "origin": [7.9869, 8.93392, 7.95366]},
			"faces": {
				"north": {"uv": [14, 10, 15.5, 11], "texture": "#texture"},
				"east": {"uv": [14, 10, 15.5, 11], "texture": "#texture"},
				"south": {"uv": [14, 10, 15.5, 11], "texture": "#texture"},
				"west": {"uv": [14, 10, 15.5, 11], "texture": "#texture"},
				"up": {"uv": [14, 10, 15.5, 11], "texture": "#texture"},
				"down": {"uv": [14, 10, 15.5, 11], "texture": "#texture"}
			}
		},
		{
			"from": [7.7469, 3.40157, 4.85224],
			"to": [8.2269, 3.88157, 5.33224],
			"rotation": {"angle": 0, "axis": "x", "origin": [7.9869, 3.85521, 6.01176]},
			"faces": {
				"north": {"uv": [4, 10, 5, 11], "rotation": 90, "texture": "#texture"},
				"east": {"uv": [4, 10, 5, 11], "rotation": 90, "texture": "#texture"},
				"south": {"uv": [4, 10, 5, 11], "rotation": 90, "texture": "#texture"},
				"west": {"uv": [4, 10, 5, 11], "rotation": 90, "texture": "#texture"},
				"up": {"uv": [4, 10, 5, 11], "rotation": 90, "texture": "#texture"},
				"down": {"uv": [4, 10, 5, 11], "rotation": 90, "texture": "#texture"}
			}
		},
		{
			"from": [7.9, 3.9, 7.1],
			"to": [8.1, 9.85, 8.3],
			"rotation": {"angle": 0, "axis": "y", "origin": [15.75, 11.75, 0.45]},
			"faces": {
				"north": {"uv": [0, 6, 12.5, 5], "rotation": 270, "texture": "#texture"},
				"east": {"uv": [0, 9, 12.5, 6], "rotation": 270, "texture": "#texture"},
				"south": {"uv": [0, 6, 12.5, 5], "rotation": 270, "texture": "#texture"},
				"west": {"uv": [0, 9, 12.5, 6], "rotation": 270, "texture": "#texture"},
				"up": {"uv": [3, 5, 0, 6], "rotation": 90, "texture": "#texture"},
				"down": {"uv": [3, 5, 0, 6], "rotation": 90, "texture": "#texture"}
			}
		},
		{
			"from": [7.9, 11.8, 7.1],
			"to": [8.1, 13, 8.3],
			"rotation": {"angle": 0, "axis": "y", "origin": [15.75, 11.75, 0.45]},
			"faces": {
				"north": {"uv": [11, 7, 14, 6], "rotation": 90, "texture": "#texture"},
				"east": {"uv": [11, 9, 14, 6], "rotation": 90, "texture": "#texture"},
				"south": {"uv": [11, 7, 14, 6], "rotation": 90, "texture": "#texture"},
				"west": {"uv": [11, 9, 14, 6], "rotation": 90, "texture": "#texture"},
				"up": {"uv": [14, 6, 11, 7], "rotation": 90, "texture": "#texture"},
				"down": {"uv": [14, 6, 11, 7], "rotation": 90, "texture": "#texture"}
			}
		},
		{
			"from": [7.902, 9.63977, 7.19792],
			"to": [8.098, 10.10577, 8.29392],
			"rotation": {"angle": -22.5, "axis": "x", "origin": [8, 9.73777, 7.79592]},
			"faces": {
				"north": {"uv": [13, 5, 11, 6], "texture": "#texture"},
				"east": {"uv": [13, 5, 11, 6], "texture": "#texture"},
				"south": {"uv": [13, 5, 11, 6], "texture": "#texture"},
				"west": {"uv": [13, 5, 11, 6], "texture": "#texture"},
				"up": {"uv": [11, 6, 13, 5], "texture": "#texture"},
				"down": {"uv": [11, 6, 13, 5], "texture": "#texture"}
			}
		},
		{
			"from": [7.902, 12.76036, 7.15006],
			"to": [8.098, 13.22636, 8.24606],
			"rotation": {"angle": 22.5, "axis": "x", "origin": [8, 12.99336, 7.69806]},
			"faces": {
				"north": {"uv": [13, 5, 11, 6], "texture": "#texture"},
				"east": {"uv": [13, 5, 11, 6], "texture": "#texture"},
				"south": {"uv": [13, 5, 11, 6], "texture": "#texture"},
				"west": {"uv": [13, 5, 11, 6], "texture": "#texture"},
				"up": {"uv": [11, 6, 13, 5], "texture": "#texture"},
				"down": {"uv": [11, 6, 13, 5], "texture": "#texture"}
			}
		},
		{
			"from": [7.902, 14.59318, 7.17271],
			"to": [8.098, 15.45918, 8.26871],
			"rotation": {"angle": 22.5, "axis": "x", "origin": [8, 14.71746, 7.78254]},
			"faces": {
				"north": {"uv": [11, 5, 13, 6], "rotation": 180, "texture": "#texture"},
				"east": {"uv": [11, 5, 13, 6], "rotation": 180, "texture": "#texture"},
				"south": {"uv": [11, 5, 13, 6], "rotation": 180, "texture": "#texture"},
				"west": {"uv": [11, 5, 13, 6], "rotation": 180, "texture": "#texture"},
				"up": {"uv": [13, 6, 11, 5], "texture": "#texture"},
				"down": {"uv": [13, 6, 11, 5], "texture": "#texture"}
			}
		},
		{
			"from": [7.903, 14.83701, 7.17257],
			"to": [8.097, 16.33101, 7.73657],
			"rotation": {"angle": 0, "axis": "x", "origin": [8, 15.38401, 7.45457]},
			"faces": {
				"north": {"uv": [13, 6, 11, 5], "rotation": 180, "texture": "#texture"},
				"east": {"uv": [11, 5, 13, 6], "rotation": 90, "texture": "#texture"},
				"south": {"uv": [13, 6, 11, 5], "texture": "#texture"},
				"west": {"uv": [11, 5, 13, 6], "rotation": 270, "texture": "#texture"},
				"up": {"uv": [11, 5, 13, 6], "texture": "#texture"},
				"down": {"uv": [11, 5, 13, 6], "rotation": 180, "texture": "#texture"}
			}
		},
		{
			"from": [7.903, 16.18145, 7.36043],
			"to": [8.097, 18.17545, 7.82443],
			"rotation": {"angle": 22.5, "axis": "x", "origin": [8, 16.72845, 7.64243]},
			"faces": {
				"north": {"uv": [13, 6, 11, 5], "rotation": 180, "texture": "#texture"},
				"east": {"uv": [11, 5, 13, 6], "rotation": 90, "texture": "#texture"},
				"south": {"uv": [13, 6, 11, 5], "texture": "#texture"},
				"west": {"uv": [11, 5, 13, 6], "rotation": 270, "texture": "#texture"},
				"up": {"uv": [11, 5, 13, 6], "texture": "#texture"},
				"down": {"uv": [11, 5, 13, 6], "rotation": 180, "texture": "#texture"}
			}
		},
		{
			"from": [7.904, 15.7055, 8.04301],
			"to": [8.096, 18.8975, 8.35501],
			"rotation": {"angle": 22.5, "axis": "x", "origin": [8, 17.3515, 8.17401]},
			"faces": {
				"north": {"uv": [13, 6, 11, 5], "rotation": 180, "texture": "#texture"},
				"east": {"uv": [11, 5, 13, 6], "rotation": 90, "texture": "#texture"},
				"south": {"uv": [13, 6, 11, 5], "texture": "#texture"},
				"west": {"uv": [11, 5, 13, 6], "rotation": 270, "texture": "#texture"},
				"up": {"uv": [11, 5, 13, 6], "texture": "#texture"},
				"down": {"uv": [11, 5, 13, 6], "rotation": 180, "texture": "#texture"}
			}
		},
		{
			"from": [7.905, 15.21967, 7.95255],
			"to": [8.095, 17.80967, 8.51255],
			"rotation": {"angle": 0, "axis": "x", "origin": [8, 16.76467, 8.33255]},
			"faces": {
				"north": {"uv": [13, 6, 11, 5], "rotation": 180, "texture": "#texture"},
				"east": {"uv": [11, 5, 13, 6], "rotation": 90, "texture": "#texture"},
				"south": {"uv": [13, 6, 11, 5], "texture": "#texture"},
				"west": {"uv": [11, 5, 13, 6], "rotation": 270, "texture": "#texture"},
				"up": {"uv": [11, 5, 13, 6], "texture": "#texture"},
				"down": {"uv": [11, 5, 13, 6], "rotation": 180, "texture": "#texture"}
			}
		},
		{
			"from": [7.903, 17.81361, 8.23983],
			"to": [8.097, 18.80761, 8.60383],
			"rotation": {"angle": 45, "axis": "x", "origin": [8, 18.36061, 8.52183]},
			"faces": {
				"north": {"uv": [13, 6, 11, 5], "rotation": 180, "texture": "#texture"},
				"east": {"uv": [11, 5, 13, 6], "rotation": 90, "texture": "#texture"},
				"south": {"uv": [13, 6, 11, 5], "texture": "#texture"},
				"west": {"uv": [11, 5, 13, 6], "rotation": 270, "texture": "#texture"},
				"up": {"uv": [11, 5, 13, 6], "texture": "#texture"},
				"down": {"uv": [11, 5, 13, 6], "rotation": 180, "texture": "#texture"}
			}
		},
		{
			"from": [7.899, 9.77323, 7.7181],
			"to": [8.099, 10.87323, 8.2181],
			"rotation": {"angle": 22.5, "axis": "x", "origin": [7.999, 10.52323, 7.9681]},
			"faces": {
				"north": {"uv": [11, 6, 13, 5], "rotation": 270, "texture": "#texture"},
				"east": {"uv": [11, 6, 13, 5], "rotation": 270, "texture": "#texture"},
				"south": {"uv": [11, 6, 13, 5], "rotation": 270, "texture": "#texture"},
				"west": {"uv": [11, 6, 13, 5], "rotation": 270, "texture": "#texture"},
				"up": {"uv": [13, 5, 11, 6], "rotation": 270, "texture": "#texture"},
				"down": {"uv": [13, 5, 11, 6], "rotation": 270, "texture": "#texture"}
			}
		},
		{
			"from": [7.9, 10.44837, 8.00117],
			"to": [8.098, 11.14637, 8.49917],
			"rotation": {"angle": -45, "axis": "x", "origin": [7.999, 10.39737, 8.05017]},
			"faces": {
				"north": {"uv": [11, 6, 13, 5], "rotation": 270, "texture": "#texture"},
				"east": {"uv": [11, 6, 13, 5], "rotation": 270, "texture": "#texture"},
				"south": {"uv": [11, 6, 13, 5], "rotation": 270, "texture": "#texture"},
				"west": {"uv": [11, 6, 13, 5], "rotation": 270, "texture": "#texture"},
				"up": {"uv": [13, 5, 11, 6], "rotation": 270, "texture": "#texture"},
				"down": {"uv": [13, 5, 11, 6], "rotation": 270, "texture": "#texture"}
			}
		},
		{
			"from": [7.8989, 10.7009, 7.8009],
			"to": [8.0991, 11.8011, 8.3011],
			"rotation": {"angle": 0, "axis": "x", "origin": [7.999, 11.451, 8.051]},
			"faces": {
				"north": {"uv": [11, 6, 13, 5], "rotation": 270, "texture": "#texture"},
				"east": {"uv": [11, 6, 13, 5], "rotation": 270, "texture": "#texture"},
				"south": {"uv": [11, 6, 13, 5], "rotation": 270, "texture": "#texture"},
				"west": {"uv": [11, 6, 13, 5], "rotation": 270, "texture": "#texture"},
				"up": {"uv": [13, 5, 11, 6], "rotation": 270, "texture": "#texture"},
				"down": {"uv": [13, 5, 11, 6], "rotation": 270, "texture": "#texture"}
			}
		},
		{
			"from": [7.901, 11.07687, 7.31155],
			"to": [8.097, 12.07287, 8.10755],
			"rotation": {"angle": -22.5, "axis": "x", "origin": [7.999, 11.42487, 7.85955]},
			"faces": {
				"north": {"uv": [11, 6, 13, 5], "rotation": 270, "texture": "#texture"},
				"east": {"uv": [11, 6, 13, 5], "rotation": 270, "texture": "#texture"},
				"south": {"uv": [11, 6, 13, 5], "rotation": 270, "texture": "#texture"},
				"west": {"uv": [11, 6, 13, 5], "rotation": 270, "texture": "#texture"},
				"up": {"uv": [13, 5, 11, 6], "rotation": 270, "texture": "#texture"},
				"down": {"uv": [13, 5, 11, 6], "rotation": 270, "texture": "#texture"}
			}
		},
		{
			"from": [7.901, 10.26892, 6.8756],
			"to": [8.097, 10.66492, 7.1716],
			"rotation": {"angle": -45, "axis": "x", "origin": [7.999, 10.54825, 7.07193]},
			"faces": {
				"north": {"uv": [11, 6, 13, 5], "rotation": 90, "texture": "#texture"},
				"east": {"uv": [11, 6, 13, 5], "rotation": 90, "texture": "#texture"},
				"south": {"uv": [11, 6, 13, 5], "rotation": 90, "texture": "#texture"},
				"west": {"uv": [11, 6, 13, 5], "rotation": 90, "texture": "#texture"},
				"up": {"uv": [13, 5, 11, 6], "rotation": 270, "texture": "#texture"},
				"down": {"uv": [13, 5, 11, 6], "rotation": 270, "texture": "#texture"}
			}
		},
		{
			"from": [7.904, 10.49492, 6.8536],
			"to": [8.094, 10.78492, 7.2436],
			"rotation": {"angle": 0, "axis": "x", "origin": [7.999, 10.54825, 7.07193]},
			"faces": {
				"north": {"uv": [11, 6, 13, 5], "rotation": 270, "texture": "#texture"},
				"east": {"uv": [13, 5, 11, 6], "texture": "#texture"},
				"south": {"uv": [11, 6, 13, 5], "rotation": 90, "texture": "#texture"},
				"west": {"uv": [13, 5, 11, 6], "rotation": 180, "texture": "#texture"},
				"up": {"uv": [13, 5, 11, 6], "rotation": 270, "texture": "#texture"},
				"down": {"uv": [13, 5, 11, 6], "rotation": 90, "texture": "#texture"}
			}
		},
		{
			"from": [7.904, 13.44492, 7.9036],
			"to": [8.094, 13.83492, 8.1936],
			"rotation": {"angle": 45, "axis": "x", "origin": [7.999, 13.63992, 8.0486]},
			"faces": {
				"north": {"uv": [11, 6, 13, 5], "rotation": 270, "texture": "#texture"},
				"east": {"uv": [11, 6, 13, 5], "rotation": 270, "texture": "#texture"},
				"south": {"uv": [11, 6, 13, 5], "rotation": 270, "texture": "#texture"},
				"west": {"uv": [11, 6, 13, 5], "rotation": 270, "texture": "#texture"},
				"up": {"uv": [13, 5, 11, 6], "rotation": 270, "texture": "#texture"},
				"down": {"uv": [13, 5, 11, 6], "rotation": 270, "texture": "#texture"}
			}
		},
		{
			"from": [7.903, 12.78598, 7.3786],
			"to": [8.097, 13.57998, 7.6726],
			"rotation": {"angle": -45, "axis": "x", "origin": [8, 13.38298, 7.5256]},
			"faces": {
				"north": {"uv": [11, 6, 13, 5], "rotation": 270, "texture": "#texture"},
				"east": {"uv": [11, 6, 13, 5], "rotation": 270, "texture": "#texture"},
				"south": {"uv": [11, 6, 13, 5], "rotation": 270, "texture": "#texture"},
				"west": {"uv": [11, 6, 13, 5], "rotation": 270, "texture": "#texture"},
				"up": {"uv": [13, 5, 11, 6], "rotation": 270, "texture": "#texture"},
				"down": {"uv": [13, 5, 11, 6], "rotation": 270, "texture": "#texture"}
			}
		},
		{
			"from": [7.903, 14.22174, 7.55877],
			"to": [8.097, 15.01574, 7.85277],
			"rotation": {"angle": -45, "axis": "x", "origin": [8, 14.71746, 7.78254]},
			"faces": {
				"north": {"uv": [11, 5, 13, 6], "rotation": 90, "texture": "#texture"},
				"east": {"uv": [11, 5, 13, 6], "rotation": 90, "texture": "#texture"},
				"south": {"uv": [11, 5, 13, 6], "rotation": 90, "texture": "#texture"},
				"west": {"uv": [11, 5, 13, 6], "rotation": 90, "texture": "#texture"},
				"up": {"uv": [13, 6, 11, 5], "rotation": 270, "texture": "#texture"},
				"down": {"uv": [13, 6, 11, 5], "rotation": 270, "texture": "#texture"}
			}
		},
		{
			"from": [7.901, 13.35657, 7.86524],
			"to": [8.097, 13.65257, 8.16124],
			"rotation": {"angle": 22.5, "axis": "x", "origin": [7.999, 13.50457, 8.01324]},
			"faces": {
				"north": {"uv": [11, 6, 13, 5], "rotation": 270, "texture": "#texture"},
				"east": {"uv": [11, 6, 13, 5], "rotation": 270, "texture": "#texture"},
				"south": {"uv": [11, 6, 13, 5], "rotation": 270, "texture": "#texture"},
				"west": {"uv": [11, 6, 13, 5], "rotation": 270, "texture": "#texture"},
				"up": {"uv": [13, 5, 11, 6], "rotation": 270, "texture": "#texture"},
				"down": {"uv": [13, 5, 11, 6], "rotation": 270, "texture": "#texture"}
			}
		},
		{
			"from": [7.9, 10.79092, 6.6496],
			"to": [8.098, 10.98892, 6.8476],
			"rotation": {"angle": -45, "axis": "x", "origin": [7.999, 11.08992, 6.9486]},
			"faces": {
				"north": {"uv": [11, 6, 13, 5], "rotation": 270, "texture": "#texture"},
				"east": {"uv": [13, 5, 11, 6], "texture": "#texture"},
				"south": {"uv": [11, 6, 13, 5], "rotation": 90, "texture": "#texture"},
				"west": {"uv": [13, 5, 11, 6], "rotation": 180, "texture": "#texture"},
				"up": {"uv": [13, 5, 11, 6], "rotation": 270, "texture": "#texture"},
				"down": {"uv": [13, 5, 11, 6], "rotation": 90, "texture": "#texture"}
			}
		},
		{
			"from": [7.9, 10.00808, 6.8496],
			"to": [8.098, 10.20608, 7.0476],
			"rotation": {"angle": 22.5, "axis": "x", "origin": [7.999, 10.10708, 6.9486]},
			"faces": {
				"north": {"uv": [11, 6, 13, 5], "rotation": 270, "texture": "#texture"},
				"east": {"uv": [11, 6, 13, 5], "rotation": 270, "texture": "#texture"},
				"south": {"uv": [11, 6, 13, 5], "rotation": 270, "texture": "#texture"},
				"west": {"uv": [11, 6, 13, 5], "rotation": 270, "texture": "#texture"},
				"up": {"uv": [13, 5, 11, 6], "rotation": 270, "texture": "#texture"},
				"down": {"uv": [13, 5, 11, 6], "rotation": 270, "texture": "#texture"}
			}
		},
		{
			"from": [7.9, 10.30808, 8.4496],
			"to": [8.098, 10.70608, 8.6476],
			"rotation": {"angle": 22.5, "axis": "x", "origin": [7.999, 10.40708, 8.5486]},
			"faces": {
				"north": {"uv": [11, 6, 13, 5], "rotation": 270, "texture": "#texture"},
				"east": {"uv": [11, 6, 13, 5], "rotation": 270, "texture": "#texture"},
				"south": {"uv": [11, 6, 13, 5], "rotation": 270, "texture": "#texture"},
				"west": {"uv": [11, 6, 13, 5], "rotation": 270, "texture": "#texture"},
				"up": {"uv": [13, 5, 11, 6], "rotation": 270, "texture": "#texture"},
				"down": {"uv": [13, 5, 11, 6], "rotation": 270, "texture": "#texture"}
			}
		},
		{
			"from": [7.904, 18.71586, 8.66163],
			"to": [8.096, 18.95786, 8.90363],
			"rotation": {"angle": -22.5, "axis": "x", "origin": [8, 18.86186, 8.85763]},
			"faces": {
				"north": {"uv": [13, 5, 11, 6], "rotation": 90, "texture": "#texture"},
				"east": {"uv": [11, 6, 13, 5], "rotation": 180, "texture": "#texture"},
				"south": {"uv": [13, 5, 11, 6], "rotation": 270, "texture": "#texture"},
				"west": {"uv": [11, 6, 13, 5], "texture": "#texture"},
				"up": {"uv": [11, 6, 13, 5], "rotation": 90, "texture": "#texture"},
				"down": {"uv": [11, 6, 13, 5], "rotation": 270, "texture": "#texture"}
			}
		},
		{
			"from": [7.901, 13.95646, 7.13782],
			"to": [8.097, 14.35246, 7.53382],
			"rotation": {"angle": 22.5, "axis": "x", "origin": [7.999, 14.14309, 7.44297]},
			"faces": {
				"north": {"uv": [11, 6, 13, 5], "rotation": 270, "texture": "#texture"},
				"east": {"uv": [13, 5, 11, 6], "texture": "#texture"},
				"south": {"uv": [11, 6, 13, 5], "rotation": 90, "texture": "#texture"},
				"west": {"uv": [13, 5, 11, 6], "rotation": 180, "texture": "#texture"},
				"up": {"uv": [13, 5, 11, 6], "rotation": 270, "texture": "#texture"},
				"down": {"uv": [13, 5, 11, 6], "rotation": 90, "texture": "#texture"}
			}
		},
		{
			"from": [7.9, 13.94074, 7.27447],
			"to": [8.098, 14.13874, 7.67247],
			"rotation": {"angle": -45, "axis": "x", "origin": [7.999, 14.14309, 7.44297]},
			"faces": {
				"north": {"uv": [11, 6, 13, 5], "rotation": 270, "texture": "#texture"},
				"east": {"uv": [13, 5, 11, 6], "texture": "#texture"},
				"south": {"uv": [11, 6, 13, 5], "rotation": 90, "texture": "#texture"},
				"west": {"uv": [13, 5, 11, 6], "rotation": 180, "texture": "#texture"},
				"up": {"uv": [13, 5, 11, 6], "rotation": 270, "texture": "#texture"},
				"down": {"uv": [13, 5, 11, 6], "rotation": 90, "texture": "#texture"}
			}
		},
		{
			"from": [7.902, 13.79458, 7.24062],
			"to": [8.096, 14.18858, 7.43462],
			"rotation": {"angle": -22.5, "axis": "x", "origin": [7.999, 13.99158, 7.33762]},
			"faces": {
				"north": {"uv": [11, 6, 13, 5], "rotation": 270, "texture": "#texture"},
				"east": {"uv": [11, 6, 13, 5], "rotation": 270, "texture": "#texture"},
				"south": {"uv": [11, 6, 13, 5], "rotation": 270, "texture": "#texture"},
				"west": {"uv": [11, 6, 13, 5], "rotation": 270, "texture": "#texture"},
				"up": {"uv": [13, 5, 11, 6], "rotation": 270, "texture": "#texture"},
				"down": {"uv": [13, 5, 11, 6], "rotation": 270, "texture": "#texture"}
			}
		},
		{
			"from": [7.85, 9, 4.15],
			"to": [8.15, 19, 14.15],
			"rotation": {"angle": 0, "axis": "x", "origin": [7.855, 17, 12.15]},
			"faces": {
				"north": {"uv": [0, 0, 0.02, 16], "rotation": 180, "texture": "#2"},
				"east": {"uv": [0, 0, 16, 16], "rotation": 90, "texture": "#2"},
				"south": {"uv": [0, 0, 0.02, 16], "texture": "#2"},
				"west": {"uv": [16, 0, 0, 16], "rotation": 270, "texture": "#2"},
				"up": {"uv": [0, 0, 0.02, 16], "texture": "#2"},
				"down": {"uv": [0, 0, 0.02, 16], "rotation": 180, "texture": "#2"}
			}
		},
		{
			"from": [7.85, 4.3, 5.25],
			"to": [8.15, 10.3, 11.25],
			"rotation": {"angle": 0, "axis": "x", "origin": [7.855, 12.3, 13.25]},
			"faces": {
				"north": {"uv": [0, 0, 0.02, 16], "rotation": 180, "texture": "#2"},
				"east": {"uv": [13.5, 11.5, 3.25, 1.75], "rotation": 270, "texture": "#2"},
				"south": {"uv": [0, 0, 0.02, 16], "texture": "#2"},
				"west": {"uv": [13.5, 1.75, 3.25, 11.5], "rotation": 270, "texture": "#2"},
				"up": {"uv": [0, 0, 0.02, 16], "texture": "#2"},
				"down": {"uv": [0, 0, 0.02, 16], "rotation": 180, "texture": "#2"}
			}
		}
	],
	"display": {
		"thirdperson_righthand": {
			"translation": [0, 6.5, 1.5],
			"scale": [1.4, 1.4, 1.4]
		},
		"thirdperson_lefthand": {
			"translation": [0, 7, 1.25],
			"scale": [1.4, 1.4, 1.4]
		},
		"firstperson_righthand": {
			"rotation": [-15, 0, 0],
			"translation": [0.5, 6, 1.75],
			"scale": [0.8, 0.8, 0.8]
		},
		"firstperson_lefthand": {
			"rotation": [-11, 0, 0],
			"translation": [0.25, 5.75, 1.75],
			"scale": [0.8, 0.8, 0.8]
		},
		"ground": {
			"rotation": [45, -45, 0],
			"translation": [0, 7, 0],
			"scale": [0.8, 0.8, 0.8]
		},
		"gui": {
			"rotation": [63, 38, -61],
			"translation": [0.5, 1.5, 0],
			"scale": [0.93, 0.93, 0.93]
		},
		"head": {
			"rotation": [-46, -22, -22],
			"translation": [0, 43, 0],
			"scale": [3, 3, 3]
		},
		"fixed": {
			"rotation": [0, 0, -90],
			"translation": [0.75, -4.25, -0.75],
			"scale": [1.1, 1.1, 1.1]
		}
	}
}