{"blank":{"category":"master","sounds":[{"name":"blank","stream":true}]},"block.tripwire.click_on":{"replace":true,"sounds":["blank"]},"block.tripwire.click_off":{"replace":true,"sounds":["blank"]},"music.creative":{"replace":true,"sounds":["blank"]},"music.credits":{"replace":true,"sounds":["blank"]},"music.end":{"replace":true,"sounds":["blank"]},"music.nether":{"replace":true,"sounds":["blank"]},"music.game":{"replace":true,"sounds":["blank"]},"music.menu":{"replace":true,"sounds":["blank"]},"music.under_water":{"replace":true,"sounds":["blank"]},"block.note_block.basedrum":{"category":"music","replace":true,"sounds":["note/bd"]},"block.note_block.bass":{"category":"music","replace":true,"sounds":["note/bassattack"]},"block.note_block.bell":{"category":"music","replace":true,"sounds":["note/bell"]},"block.note_block.chime":{"category":"music","replace":true,"sounds":["note/icechime"]},"block.note_block.flute":{"category":"music","replace":true,"sounds":["note/flute"]},"block.note_block.guitar":{"category":"music","replace":true,"sounds":["note/guitar"]},"block.note_block.harp":{"category":"music","replace":true,"sounds":["note/harp"]},"block.note_block.hat":{"category":"music","replace":true,"sounds":["note/hat"]},"block.note_block.pling":{"category":"music","replace":true,"sounds":["note/pling"]},"block.note_block.snare":{"category":"music","replace":true,"sounds":["note/snare"]},"block.note_block.xylophone":{"category":"music","replace":true,"sounds":["note/xylobone"]},"block.note.basedrum":{"category":"music","replace":true,"sounds":["note/bd"]},"block.note.bass":{"category":"music","replace":true,"sounds":["note/bassattack"]},"block.note.bell":{"category":"music","replace":true,"sounds":["note/bell"]},"block.note.chime":{"category":"music","replace":true,"sounds":["note/icechime"]},"block.note.flute":{"category":"music","replace":true,"sounds":["note/flute"]},"block.note.guitar":{"category":"music","replace":true,"sounds":["note/guitar"]},"block.note.harp":{"category":"music","replace":true,"sounds":["note/harp"]},"block.note.hat":{"category":"music","replace":true,"sounds":["note/hat"]},"block.note.pling":{"category":"music","replace":true,"sounds":["note/pling"]},"block.note.snare":{"category":"music","replace":true,"sounds":["note/snare"]},"block.note.xylophone":{"category":"music","replace":true,"sounds":["note/xylobone"]},"note.bassattack":{"category":"music","replace":true,"sounds":["note/bassattack"]},"note.bd":{"category":"music","replace":true,"sounds":["note/bd"]},"note.harp":{"category":"music","replace":true,"sounds":["note/harp"]},"note.hat":{"category":"music","replace":true,"sounds":["note/hat"]},"note.snare":{"category":"music","replace":true,"sounds":["note/snare"]},"wynn.instrument.bass":{"category":"music","sounds":["note/bassattack"]},"wynn.instrument.drum":{"category":"music","sounds":["note/bd"]},"wynn.instrument.harp":{"category":"music","sounds":["note/harp"]},"wynn.instrument.hat":{"category":"music","sounds":["note/hat"]},"wynn.instrument.snare":{"category":"music","sounds":["note/snare"]}}