{"parent":"block/block","textures":{"side":"block_variants/enchanting_table_side","top":"block_variants/enchanting_table_top","particle":"block_variants/enchanting_table_bottom","bottom":"block_variants/enchanting_table_bottom"},"elements":[{"from":[0,8,0],"to":[16,12,16],"faces":{"north":{"uv":[0,4,16,8],"texture":"#side","cullface":"north"},"east":{"uv":[0,4,16,8],"texture":"#side","cullface":"east"},"south":{"uv":[0,4,16,8],"texture":"#side","cullface":"south"},"west":{"uv":[0,4,16,8],"texture":"#side","cullface":"west"},"up":{"uv":[0,0,16,16],"texture":"#top"},"down":{"uv":[0,0,16,16],"texture":"#bottom"}}},{"from":[3.5,4,3],"to":[13,8,13],"faces":{"north":{"uv":[3,11,13,15],"texture":"#side"},"east":{"uv":[3,11,13,15],"texture":"#side"},"south":{"uv":[3,11,13,15],"texture":"#side"},"west":{"uv":[3,11,13,15],"texture":"#side"}}},{"from":[0,0,0],"to":[16,4,16],"faces":{"north":{"uv":[0,12,16,16],"texture":"#side","cullface":"north"},"east":{"uv":[0,12,16,16],"texture":"#side","cullface":"east"},"south":{"uv":[0,12,16,16],"texture":"#side","cullface":"south"},"west":{"uv":[0,12,16,16],"texture":"#side","cullface":"west"},"up":{"uv":[0,0,16,16],"texture":"#bottom"},"down":{"uv":[0,0,16,16],"texture":"#bottom"}}},{"from":[-0.05,5,5],"to":[16.05,12,11],"faces":{"east":{"uv":[5,4,11,11],"texture":"#side","cullface":"east"},"west":{"uv":[5,4,11,11],"texture":"#side","cullface":"west"}}},{"from":[5,5,-0.05],"to":[11,12,16.05],"faces":{"north":{"uv":[5,4,11,11],"texture":"#side","cullface":"north"},"south":{"uv":[5,4,11,11],"texture":"#side","cullface":"south"}}}]}