{"ambientocclusion":false,"textures":{"top":"block_variants/candle_pillar_top","bottom":"block_variants/candle_pillar_bottom","candle":"block_variants/candle","particle":"block_variants/candle_base"},"elements":[{"from":[-2,18,5],"to":[4,19,11],"rotation":{"angle":0,"axis":"y","origin":[1,6,8]},"faces":{"north":{"uv":[5,8,11,9],"texture":"#top"},"east":{"uv":[5,8,11,9],"texture":"#top"},"south":{"uv":[5,8,11,9],"texture":"#top"},"west":{"uv":[5,8,11,9],"texture":"#top"},"up":{"uv":[5,5,11,11],"texture":"#particle"},"down":{"uv":[5,5,11,11],"texture":"#particle"}}},{"from":[0.5,26,7.5],"to":[1.5,27,8.5],"rotation":{"angle":0,"axis":"y","origin":[1,6,8]},"faces":{"north":{"uv":[8,9,9,10],"texture":"#candle"},"east":{"uv":[8,9,9,10],"texture":"#candle"},"south":{"uv":[8,9,9,10],"texture":"#candle"},"west":{"uv":[8,9,9,10],"texture":"#candle"},"up":{"uv":[8,9,9,10],"texture":"#candle"}}},{"from":[-1,20,6],"to":[3,26,10],"rotation":{"angle":0,"axis":"y","origin":[1,6,8]},"faces":{"north":{"uv":[6,10,10,16],"texture":"#candle"},"east":{"uv":[6,10,10,16],"texture":"#candle"},"south":{"uv":[6,10,10,16],"texture":"#candle"},"west":{"uv":[6,10,10,16],"texture":"#candle"},"up":{"uv":[0,12,4,16],"texture":"#candle"}}},{"from":[-1,19,6],"to":[3,20,10],"rotation":{"angle":0,"axis":"y","origin":[1,6,8]},"faces":{"north":{"uv":[6,7,10,8],"texture":"#top"},"east":{"uv":[6,7,10,8],"texture":"#top"},"south":{"uv":[6,7,10,8],"texture":"#top"},"west":{"uv":[6,7,10,8],"texture":"#top"}}},{"from":[5,18,12],"to":[11,19,18],"rotation":{"angle":0,"axis":"y","origin":[8,6,15]},"faces":{"north":{"uv":[5,8,11,9],"texture":"#top"},"east":{"uv":[5,8,11,9],"texture":"#top"},"south":{"uv":[5,8,11,9],"texture":"#top"},"west":{"uv":[5,8,11,9],"texture":"#top"},"up":{"uv":[5,5,11,11],"texture":"#particle"},"down":{"uv":[5,5,11,11],"texture":"#particle"}}},{"from":[7.5,26,14.5],"to":[8.5,27,15.5],"rotation":{"angle":0,"axis":"y","origin":[8,6,15]},"faces":{"north":{"uv":[8,9,9,10],"texture":"#candle"},"east":{"uv":[8,9,9,10],"texture":"#candle"},"south":{"uv":[8,9,9,10],"texture":"#candle"},"west":{"uv":[8,9,9,10],"texture":"#candle"},"up":{"uv":[8,9,9,10],"texture":"#candle"}}},{"from":[6,20,13],"to":[10,26,17],"rotation":{"angle":0,"axis":"y","origin":[8,6,15]},"faces":{"north":{"uv":[6,10,10,16],"texture":"#candle"},"east":{"uv":[6,10,10,16],"texture":"#candle"},"south":{"uv":[6,10,10,16],"texture":"#candle"},"west":{"uv":[6,10,10,16],"texture":"#candle"},"up":{"uv":[0,12,4,16],"texture":"#candle"}}},{"from":[6,19,13],"to":[10,20,17],"rotation":{"angle":0,"axis":"y","origin":[8,6,15]},"faces":{"north":{"uv":[6,7,10,8],"texture":"#top"},"east":{"uv":[6,7,10,8],"texture":"#top"},"south":{"uv":[6,7,10,8],"texture":"#top"},"west":{"uv":[6,7,10,8],"texture":"#top"}}},{"from":[12,18,5],"to":[18,19,11],"rotation":{"angle":0,"axis":"y","origin":[15,6,8]},"faces":{"north":{"uv":[5,8,11,9],"texture":"#top"},"east":{"uv":[5,8,11,9],"texture":"#top"},"south":{"uv":[5,8,11,9],"texture":"#top"},"west":{"uv":[5,8,11,9],"texture":"#top"},"up":{"uv":[5,5,11,11],"texture":"#particle"},"down":{"uv":[5,5,11,11],"texture":"#particle"}}},{"from":[14.5,26,7.5],"to":[15.5,27,8.5],"rotation":{"angle":0,"axis":"y","origin":[15,6,8]},"faces":{"north":{"uv":[8,9,9,10],"texture":"#candle"},"east":{"uv":[8,9,9,10],"texture":"#candle"},"south":{"uv":[8,9,9,10],"texture":"#candle"},"west":{"uv":[8,9,9,10],"texture":"#candle"},"up":{"uv":[8,9,9,10],"texture":"#candle"}}},{"from":[13,20,6],"to":[17,26,10],"rotation":{"angle":0,"axis":"y","origin":[15,6,8]},"faces":{"north":{"uv":[6,10,10,16],"texture":"#candle"},"east":{"uv":[6,10,10,16],"texture":"#candle"},"south":{"uv":[6,10,10,16],"texture":"#candle"},"west":{"uv":[6,10,10,16],"texture":"#candle"},"up":{"uv":[0,12,4,16],"texture":"#candle"}}},{"from":[13,19,6],"to":[17,20,10],"rotation":{"angle":0,"axis":"y","origin":[15,6,8]},"faces":{"north":{"uv":[6,7,10,8],"texture":"#top"},"east":{"uv":[6,7,10,8],"texture":"#top"},"south":{"uv":[6,7,10,8],"texture":"#top"},"west":{"uv":[6,7,10,8],"texture":"#top"}}},{"from":[5,18,-2],"to":[11,19,4],"rotation":{"angle":0,"axis":"y","origin":[8,6,1]},"faces":{"north":{"uv":[5,8,11,9],"texture":"#top"},"east":{"uv":[5,8,11,9],"texture":"#top"},"south":{"uv":[5,8,11,9],"texture":"#top"},"west":{"uv":[5,8,11,9],"texture":"#top"},"up":{"uv":[5,5,11,11],"texture":"#particle"},"down":{"uv":[5,5,11,11],"texture":"#particle"}}},{"from":[7.5,26,0.5],"to":[8.5,27,1.5],"rotation":{"angle":0,"axis":"y","origin":[8,6,1]},"faces":{"north":{"uv":[8,9,9,10],"texture":"#candle"},"east":{"uv":[8,9,9,10],"texture":"#candle"},"south":{"uv":[8,9,9,10],"texture":"#candle"},"west":{"uv":[8,9,9,10],"texture":"#candle"},"up":{"uv":[8,9,9,10],"texture":"#candle"}}},{"from":[6,20,-1],"to":[10,26,3],"rotation":{"angle":0,"axis":"y","origin":[8,6,1]},"faces":{"north":{"uv":[6,10,10,16],"texture":"#candle"},"east":{"uv":[6,10,10,16],"texture":"#candle"},"south":{"uv":[6,10,10,16],"texture":"#candle"},"west":{"uv":[6,10,10,16],"texture":"#candle"},"up":{"uv":[0,12,4,16],"texture":"#candle"}}},{"from":[6,19,-1],"to":[10,20,3],"rotation":{"angle":0,"axis":"y","origin":[8,6,1]},"faces":{"north":{"uv":[6,7,10,8],"texture":"#top"},"east":{"uv":[6,7,10,8],"texture":"#top"},"south":{"uv":[6,7,10,8],"texture":"#top"},"west":{"uv":[6,7,10,8],"texture":"#top"}}},{"from":[6,16,6],"to":[10,17,10],"rotation":{"angle":0,"axis":"y","origin":[8,16,8]},"faces":{"north":{"uv":[6,7,10,8],"texture":"#bottom"},"east":{"uv":[6,7,10,8],"texture":"#bottom"},"south":{"uv":[6,7,10,8],"texture":"#bottom"},"west":{"uv":[6,7,10,8],"texture":"#bottom"},"up":{"uv":[6,6,10,10],"texture":"#particle"},"down":{"uv":[6,6,10,10],"texture":"#particle"}}},{"from":[6,10,6],"to":[10,11,10],"rotation":{"angle":0,"axis":"y","origin":[8,10,8]},"faces":{"north":{"uv":[6,7,10,8],"texture":"#bottom"},"east":{"uv":[6,7,10,8],"texture":"#bottom"},"south":{"uv":[6,7,10,8],"texture":"#bottom"},"west":{"uv":[6,7,10,8],"texture":"#bottom"},"up":{"uv":[6,6,10,10],"texture":"#particle"},"down":{"uv":[6,6,10,10],"texture":"#particle"}}},{"from":[0,12,7],"to":[16,18,9],"rotation":{"angle":0,"axis":"y","origin":[8,20,8]},"faces":{"north":{"uv":[0,10,16,16],"texture":"#top"},"south":{"uv":[0,10,16,16],"texture":"#top"}}},{"from":[7,12,0],"to":[9,18,16],"rotation":{"angle":0,"axis":"y","origin":[8,20,8]},"faces":{"east":{"uv":[0,10,16,16],"texture":"#top"},"west":{"uv":[0,10,16,16],"texture":"#top"}}},{"from":[7,2,0],"to":[9,12,16],"rotation":{"angle":0,"axis":"y","origin":[8,10,8]},"faces":{"east":{"uv":[0,6,16,16],"texture":"#bottom"},"west":{"uv":[0,6,16,16],"texture":"#bottom"}}},{"from":[0,2,7],"to":[16,12,9],"rotation":{"angle":0,"axis":"y","origin":[8,10,8]},"faces":{"north":{"uv":[0,6,16,16],"texture":"#bottom"},"south":{"uv":[0,6,16,16],"texture":"#bottom"}}},{"from":[0,0,0],"to":[16,2,16],"faces":{"north":{"uv":[0,14,16,16],"texture":"#particle"},"east":{"uv":[0,14,16,16],"texture":"#particle"},"south":{"uv":[0,14,16,16],"texture":"#particle"},"west":{"uv":[0,14,16,16],"texture":"#particle"},"up":{"uv":[0,0,16,16],"texture":"#particle"}}}]}