{"ambientocclusion":false,"textures":{"0":"block_variants/comparator_spike_base","particle":"block_variants/comparator_spike_base"},"elements":[{"from":[0,0,0],"to":[16,2,16],"faces":{"north":{"uv":[0,7,16,9],"texture":"#0","cullface":"north"},"east":{"uv":[0,7,16,9],"texture":"#0","cullface":"east"},"south":{"uv":[0,7,16,9],"texture":"#0","cullface":"south"},"west":{"uv":[0,7,16,9],"texture":"#0","cullface":"west"},"up":{"uv":[0,0,16,16],"texture":"#0"},"down":{"uv":[0,0,16,16],"texture":"#0","cullface":"down"}}}]}