{"ambientocclusion":false,"textures":{"particle":"#wall"},"elements":[{"from":[4,0,4],"to":[12,16,12],"faces":{"north":{"uv":[4,0,12,16],"texture":"#wall"},"east":{"uv":[4,0,12,16],"texture":"#wall"},"south":{"uv":[4,0,12,16],"texture":"#wall"},"west":{"uv":[4,0,12,16],"texture":"#wall"},"up":{"uv":[4,4,12,12],"texture":"#end"},"down":{"uv":[4,4,12,12],"texture":"#end","cullface":"down"}}},{"from":[5,0,0],"to":[11,13,16],"faces":{"north":{"uv":[5,3,11,16],"texture":"#wall","cullface":"north"},"east":{"uv":[0,3,16,16],"texture":"#wall"},"south":{"uv":[5,3,11,16],"texture":"#wall","cullface":"south"},"west":{"uv":[0,3,16,16],"texture":"#wall"},"up":{"uv":[5,0,11,16],"texture":"#wall"},"down":{"uv":[5,0,11,16],"texture":"#wall","cullface":"down"}}}],"display":{"thirdperson_righthand":{"rotation":[75,45,0],"translation":[0,2.5,0],"scale":[0.375,0.375,0.375]},"thirdperson_lefthand":{"rotation":[75,45,0],"translation":[0,2.5,0],"scale":[0.375,0.375,0.375]},"firstperson_righthand":{"rotation":[0,45,0],"scale":[0.4,0.4,0.4]},"firstperson_lefthand":{"rotation":[0,225,0],"scale":[0.4,0.4,0.4]},"ground":{"translation":[0,3,0],"scale":[0.25,0.25,0.25]},"gui":{"rotation":[30,135,0],"scale":[0.625,0.625,0.625]},"fixed":{"scale":[0.5,0.5,0.5]}}}