{"ambientocclusion":false,"textures":{"0":"skins/soul_heart","2":"skins/drum_gradient","4":"skins/rainbow_gradient","5":"skins/multi_wool","particle":"skins/soul_heart","wings":"wynn/wings"},"elements":[{"from":[-5.07082,-6,6.94975],"to":[-4.97082,10,22.94975],"rotation":{"angle":-45,"axis":"y","origin":[-5.02082,2,14.94975]},"faces":{"east":{"uv":[0,0,16,16],"texture":"#wings"},"west":{"uv":[16,0,0,16],"texture":"#wings"}}},{"from":[13.95,-6,14],"to":[14.05,10,30],"rotation":{"angle":45,"axis":"y","origin":[9,0,10]},"faces":{"east":{"uv":[0,0,16,16],"texture":"#wings"},"west":{"uv":[16,0,0,16],"texture":"#wings"}}},{"from":[0.21119,3.65222,11.81433],"to":[9.69119,4.23222,12.39433],"rotation":{"angle":-45,"axis":"y","origin":[4.55119,3.94222,12.10433]},"faces":{"north":{"uv":[6.5,0.5,13.5,1],"texture":"#2"},"east":{"uv":[6.5,0.5,13.5,1],"rotation":180,"texture":"#2"},"south":{"uv":[6.5,0.5,13.5,1],"rotation":180,"texture":"#2"},"west":{"uv":[6.5,0.5,13.5,1],"rotation":180,"texture":"#2"},"up":{"uv":[6.5,0.5,13.5,1],"rotation":180,"texture":"#2"},"down":{"uv":[6.5,0.5,13.5,1],"rotation":180,"texture":"#2"}}},{"from":[6.29881,3.64222,11.80433],"to":[15.79881,4.24222,12.40433],"rotation":{"angle":45,"axis":"y","origin":[11.44881,3.94222,12.10433]},"faces":{"north":{"uv":[14,0.5,7,1],"texture":"#2"},"east":{"uv":[14,0.5,7,1],"rotation":180,"texture":"#2"},"south":{"uv":[14,0.5,7,1],"rotation":180,"texture":"#2"},"west":{"uv":[7.58,0.5,7.68,0.6],"rotation":180,"texture":"#2"},"up":{"uv":[14,0.5,7,1],"rotation":180,"texture":"#2"},"down":{"uv":[14,0.5,7,1],"rotation":180,"texture":"#2"}}},{"from":[4.9681,2.63222,5.52673],"to":[7.4881,4.25222,7.14673],"rotation":{"angle":-45,"axis":"y","origin":[10.94111,3.53333,5.38837]},"faces":{"north":{"uv":[16,10,13.5,10.5],"texture":"#0"},"east":{"uv":[15,10.5,16,9.5],"rotation":90,"texture":"#0"},"south":{"uv":[16,9,13.5,9.5],"rotation":180,"texture":"#0"},"west":{"uv":[12.5,10.5,13,9],"rotation":270,"texture":"#0"},"up":{"uv":[16,9,13.5,10.5],"rotation":180,"texture":"#0"},"down":{"uv":[16,10.5,13.5,9],"rotation":180,"texture":"#0"}}},{"from":[8.5219,2.64222,5.53673],"to":[11.0219,4.24222,7.13673],"rotation":{"angle":45,"axis":"y","origin":[5.05889,3.53333,5.38837]},"faces":{"north":{"uv":[13.5,10,16,10.5],"texture":"#0"},"east":{"uv":[12.5,9,13,10.5],"rotation":270,"texture":"#0"},"south":{"uv":[13.5,9,16,9.5],"rotation":180,"texture":"#0"},"west":{"uv":[15,9.5,16,10.5],"rotation":90,"texture":"#0"},"up":{"uv":[13.5,9,16,10.5],"rotation":180,"texture":"#0"},"down":{"uv":[13.5,10.5,16,9],"rotation":180,"texture":"#0"}}},{"from":[2.08395,2.79222,3.12082],"to":[6.58395,4.09222,4.97082],"rotation":{"angle":22.5,"axis":"y","origin":[4.33395,3.44222,4.04582]},"faces":{"north":{"uv":[9.5,11,4.5,12.5],"texture":"#0"},"east":{"uv":[9.5,11,4.5,13.5],"rotation":180,"texture":"#0"},"south":{"uv":[9.5,11,4.5,12.5],"rotation":180,"texture":"#0"},"west":{"uv":[9.5,11,4.5,13.5],"rotation":180,"texture":"#0"},"up":{"uv":[9.5,11,4.5,13.5],"rotation":180,"texture":"#0"},"down":{"uv":[9.5,11,4.5,13.5],"rotation":180,"texture":"#0"}}},{"from":[2.08395,2.54222,3.47082],"to":[6.58395,4.34222,4.62082],"rotation":{"angle":22.5,"axis":"y","origin":[4.33395,3.44222,4.04582]},"faces":{"north":{"uv":[9.5,14,4.5,15.5],"texture":"#0"},"east":{"uv":[8.65,13.5,7.5,15.3],"rotation":180,"texture":"#0"},"south":{"uv":[8.5,14.5,3.5,16],"rotation":180,"texture":"#0"},"west":{"uv":[5,14,0,15.5],"rotation":180,"texture":"#0"},"up":{"uv":[10,14,5,15.5],"rotation":180,"texture":"#0"},"down":{"uv":[8,14,3,15.5],"rotation":180,"texture":"#0"}}},{"from":[0.12245,2.82222,3.97754],"to":[1.74245,4.04222,9.39754],"rotation":{"angle":-22.5,"axis":"y","origin":[0.82399,3.43222,8.48619]},"faces":{"north":{"uv":[6,11,0,13.5],"rotation":180,"texture":"#0"},"east":{"uv":[6,12,0,13.5],"rotation":180,"texture":"#0"},"south":{"uv":[1.62,11,0,12.22],"rotation":180,"texture":"#0"},"west":{"uv":[6,11,0,12.5],"texture":"#0"},"up":{"uv":[6,11,0,13.5],"rotation":90,"texture":"#0"},"down":{"uv":[6,11,0,13.5],"rotation":270,"texture":"#0"}}},{"from":[0.42245,2.57222,4.17754],"to":[1.49245,4.29222,9.39754],"rotation":{"angle":-22.5,"axis":"y","origin":[0.82399,3.43222,8.48619]},"faces":{"north":{"uv":[6,14,0,15.5],"rotation":180,"texture":"#0"},"east":{"uv":[6,14,0,15.5],"rotation":180,"texture":"#0"},"south":{"uv":[1.07,14,0,15.72],"rotation":180,"texture":"#0"},"west":{"uv":[6,14,0,15.5],"texture":"#0"},"up":{"uv":[6,14,0,15.5],"rotation":90,"texture":"#0"},"down":{"uv":[6,14,0,15.5],"rotation":270,"texture":"#0"}}},{"from":[-1.80656,2.83222,8.23643],"to":[0.39344,4.03222,9.63643],"rotation":{"angle":45,"axis":"y","origin":[0.82399,3.43222,8.48619]},"faces":{"north":{"uv":[2,11,0,12.5],"texture":"#0"},"east":{"uv":[2,11,0,12.5],"rotation":180,"texture":"#0"},"south":{"uv":[2,11,0,12.5],"rotation":180,"texture":"#0"},"west":{"uv":[1.2,11,0,12],"rotation":180,"texture":"#0"},"up":{"uv":[2,11,0,12.5],"rotation":180,"texture":"#0"},"down":{"uv":[2,11,0,12.5],"rotation":180,"texture":"#0"}}},{"from":[-1.90656,2.68222,8.43643],"to":[0.29344,4.18222,9.43643],"rotation":{"angle":45,"axis":"y","origin":[0.82399,3.43222,8.48619]},"faces":{"north":{"uv":[2,14,0,15.5],"texture":"#0"},"east":{"uv":[2,14,0,15.5],"rotation":180,"texture":"#0"},"south":{"uv":[2,14,0,15.5],"rotation":180,"texture":"#0"},"west":{"uv":[0,15.5,2,14],"rotation":270,"texture":"#0"},"up":{"uv":[2,14,0,15.5],"rotation":180,"texture":"#0"},"down":{"uv":[2,14,0,15.5],"rotation":180,"texture":"#0"}}},{"from":[9.41605,2.54222,3.47082],"to":[13.91605,4.34222,4.62082],"rotation":{"angle":-22.5,"axis":"y","origin":[11.66605,3.44222,4.04582]},"faces":{"north":{"uv":[4.5,14,9.5,15.5],"texture":"#0"},"east":{"uv":[0,14,5,15.5],"rotation":180,"texture":"#0"},"south":{"uv":[3.5,14.5,8.5,16],"rotation":180,"texture":"#0"},"west":{"uv":[7.5,13.5,8.65,15.3],"rotation":180,"texture":"#0"},"up":{"uv":[5,14,10,15.5],"rotation":180,"texture":"#0"},"down":{"uv":[3,14,8,15.5],"rotation":180,"texture":"#0"}}},{"from":[9.41605,2.79222,3.12082],"to":[13.91605,4.09222,4.97082],"rotation":{"angle":-22.5,"axis":"y","origin":[11.66605,3.44222,4.04582]},"faces":{"north":{"uv":[4.5,11,9.5,12.5],"texture":"#0"},"east":{"uv":[4.5,11,9.5,13.5],"rotation":180,"texture":"#0"},"south":{"uv":[4.5,11,9.5,12.5],"rotation":180,"texture":"#0"},"west":{"uv":[4.5,11,9.5,13.5],"rotation":180,"texture":"#0"},"up":{"uv":[4.5,11,9.5,13.5],"rotation":180,"texture":"#0"},"down":{"uv":[4.5,11,9.5,13.5],"rotation":180,"texture":"#0"}}},{"from":[14.50755,2.57222,4.17754],"to":[15.57755,4.29222,9.39754],"rotation":{"angle":22.5,"axis":"y","origin":[15.17601,3.43222,8.48619]},"faces":{"north":{"uv":[0,14,6,15.5],"rotation":180,"texture":"#0"},"east":{"uv":[0,14,6,15.5],"texture":"#0"},"south":{"uv":[0,14,1.07,15.72],"rotation":180,"texture":"#0"},"west":{"uv":[0,14,6,15.5],"rotation":180,"texture":"#0"},"up":{"uv":[6,15.5,0,14],"rotation":90,"texture":"#0"},"down":{"uv":[6,15.5,0,14],"rotation":270,"texture":"#0"}}},{"from":[14.25755,2.82222,3.97754],"to":[15.87755,4.04222,9.39754],"rotation":{"angle":22.5,"axis":"y","origin":[15.17601,3.43222,8.48619]},"faces":{"north":{"uv":[0,11,6,13.5],"rotation":180,"texture":"#0"},"east":{"uv":[0,11,6,12.5],"texture":"#0"},"south":{"uv":[0,11,1.62,12.22],"rotation":180,"texture":"#0"},"west":{"uv":[0,12,6,13.5],"rotation":180,"texture":"#0"},"up":{"uv":[6,13.5,0,11],"rotation":90,"texture":"#0"},"down":{"uv":[6,13.5,0,11],"rotation":270,"texture":"#0"}}},{"from":[15.70656,2.68222,8.43643],"to":[17.90656,4.18222,9.43643],"rotation":{"angle":-45,"axis":"y","origin":[15.17601,3.43222,8.48619]},"faces":{"north":{"uv":[0,14,2,15.5],"texture":"#0"},"east":{"uv":[0,14,2,15.5],"rotation":270,"texture":"#0"},"south":{"uv":[0,14,2,15.5],"rotation":180,"texture":"#0"},"west":{"uv":[0,14,2,15.5],"rotation":180,"texture":"#0"},"up":{"uv":[0,14,2,15.5],"rotation":180,"texture":"#0"},"down":{"uv":[0,14,2,15.5],"rotation":180,"texture":"#0"}}},{"from":[15.60656,2.83222,8.23643],"to":[17.80656,4.03222,9.63643],"rotation":{"angle":-45,"axis":"y","origin":[15.17601,3.43222,8.48619]},"faces":{"north":{"uv":[0,11,2,12.5],"texture":"#0"},"east":{"uv":[0,11,1.2,12],"rotation":180,"texture":"#0"},"south":{"uv":[0,11,2,12.5],"rotation":180,"texture":"#0"},"west":{"uv":[0,11,2,12.5],"rotation":180,"texture":"#0"},"up":{"uv":[0,11,2,12.5],"rotation":180,"texture":"#0"},"down":{"uv":[0,11,2,12.5],"rotation":180,"texture":"#0"}}},{"from":[0.00981,2.53222,8.31841],"to":[1.90981,4.33222,9.11841],"rotation":{"angle":-22.5,"axis":"y","origin":[0.82399,3.43222,8.48619]},"faces":{"north":{"uv":[9,16,10.8,14.1],"rotation":90,"texture":"#2"},"east":{"uv":[9,15.3,10.8,14.5],"rotation":90,"texture":"#2"},"south":{"uv":[9,16,10.8,14.1],"rotation":90,"texture":"#2"},"west":{"uv":[9,15.3,10.8,14.5],"rotation":270,"texture":"#2"},"up":{"uv":[9,15.3,10.9,14.5],"texture":"#2"},"down":{"uv":[9,15.3,10.9,14.5],"rotation":180,"texture":"#2"}}},{"from":[14.09019,2.53222,8.31841],"to":[15.99019,4.33222,9.11841],"rotation":{"angle":22.5,"axis":"y","origin":[15.17601,3.43222,8.48619]},"faces":{"north":{"uv":[9,14.1,10.8,16],"rotation":90,"texture":"#2"},"east":{"uv":[9,14.5,10.8,15.3],"rotation":270,"texture":"#2"},"south":{"uv":[9,14.1,10.8,16],"rotation":90,"texture":"#2"},"west":{"uv":[9,14.5,10.8,15.3],"rotation":90,"texture":"#2"},"up":{"uv":[10.9,15.3,9,14.5],"texture":"#2"},"down":{"uv":[10.9,15.3,9,14.5],"rotation":180,"texture":"#2"}}},{"from":[7.56712,2.68222,1.65092],"to":[9.08712,4.20222,3.67092],"rotation":{"angle":22.5,"axis":"y","origin":[10.94111,3.53333,5.38837]},"faces":{"north":{"uv":[13.5,10.5,16,9],"rotation":270,"texture":"#0"},"east":{"uv":[14,10.5,16,9],"rotation":90,"texture":"#0"},"south":{"uv":[16,9,14.5,10.5],"texture":"#0"},"west":{"uv":[16,9,14,10.5],"rotation":180,"texture":"#0"},"up":{"uv":[14,10.5,16,9],"rotation":90,"texture":"#0"},"down":{"uv":[13.5,10.5,16,9],"rotation":270,"texture":"#0"}}},{"from":[6.92288,2.69222,1.66092],"to":[8.42288,4.19222,3.66092],"rotation":{"angle":-22.5,"axis":"y","origin":[5.05889,3.53333,5.38837]},"faces":{"north":{"uv":[13.5,9,16,10.5],"rotation":270,"texture":"#0"},"east":{"uv":[14,9,16,10.5],"rotation":180,"texture":"#0"},"south":{"uv":[14.5,9,16,10.5],"texture":"#0"},"west":{"uv":[14,9,16,10.5],"rotation":90,"texture":"#0"},"up":{"uv":[14,9,16,10.5],"rotation":90,"texture":"#0"},"down":{"uv":[13.5,9,16,10.5],"rotation":270,"texture":"#0"}}},{"from":[7.05926,3.64,0.23055],"to":[7.57926,4.36,1.75055],"rotation":{"angle":-22.5,"axis":"y","origin":[7.81926,4.25,1.49055]},"faces":{"north":{"uv":[13,2,13,3],"rotation":90,"texture":"#5"},"east":{"uv":[13,2,13,4],"rotation":90,"texture":"#5"},"south":{"uv":[13,2,13,3],"rotation":90,"texture":"#5"},"west":{"uv":[13,2,13,4],"rotation":90,"texture":"#5"},"up":{"uv":[13,2,14,3],"rotation":90,"texture":"#5"},"down":{"uv":[13,2,14,3],"rotation":90,"texture":"#5"}}},{"from":[7.81554,3.645,-0.01938],"to":[8.37554,4.355,0.54062],"rotation":{"angle":-45,"axis":"y","origin":[8.32054,4,0.03562]},"faces":{"north":{"uv":[14,3,15,3],"rotation":180,"texture":"#5"},"east":{"uv":[14,3,15,3],"rotation":180,"texture":"#5"},"south":{"uv":[14,3,15,3],"rotation":180,"texture":"#5"},"west":{"uv":[14,3,15,3],"rotation":180,"texture":"#5"},"up":{"uv":[14,3,15,3],"rotation":180,"texture":"#5"},"down":{"uv":[14,3,15,3],"rotation":180,"texture":"#5"}}},{"from":[8.43074,3.65,0.24055],"to":[8.93074,4.35,1.74055],"rotation":{"angle":22.5,"axis":"y","origin":[8.18074,4.25,1.49055]},"faces":{"north":{"uv":[14,4,16,5],"rotation":270,"texture":"#5"},"east":{"uv":[14,4,16,5],"rotation":270,"texture":"#5"},"south":{"uv":[14,4,16,5],"rotation":270,"texture":"#5"},"west":{"uv":[14,4,16,5],"rotation":270,"texture":"#5"},"up":{"uv":[14,4,16,5],"rotation":270,"texture":"#5"},"down":{"uv":[14,4,16,5],"rotation":270,"texture":"#5"}}},{"from":[7.7,3.7,0.2],"to":[8.3,4.3,15.3],"rotation":{"angle":0,"axis":"y","origin":[8,4,0.5]},"faces":{"north":{"uv":[4,0,5,14],"rotation":180,"texture":"#4"},"east":{"uv":[4,0,5,14],"rotation":270,"texture":"#4"},"south":{"uv":[4,0,5,14],"rotation":180,"texture":"#4"},"west":{"uv":[4,14,5,0],"rotation":270,"texture":"#4"},"up":{"uv":[4,0,5,14],"rotation":180,"texture":"#4"},"down":{"uv":[4,14,5,0],"rotation":180,"texture":"#4"}}}],"gui_light":"front","display":{"ground":{"rotation":[-5,-33,3],"translation":[-1.75,7.5,1.25],"scale":[0.81,0.81,0.81]},"gui":{"rotation":[30,150,-2],"translation":[-2.5,2.25,0],"scale":[0.78,0.78,0.78]},"head":{"rotation":[-22.5,0,0],"translation":[0,14,-2],"scale":[1.55,1.55,1.55]},"fixed":{"rotation":[90,45,-180],"translation":[2.75,-2.75,-7],"scale":[0.91,0.91,0.91]}}}