{"ambientocclusion":false,"textures":{"bottom":"block_variants/candle_on_wall","candle":"block_variants/candle","particle":"block_variants/candle_base"},"elements":[{"from":[7.5,8,7.5],"to":[8.5,9,8.5],"faces":{"north":{"uv":[8,9,9,10],"texture":"#candle"},"east":{"uv":[8,9,9,10],"texture":"#candle"},"south":{"uv":[8,9,9,10],"texture":"#candle"},"west":{"uv":[8,9,9,10],"texture":"#candle"},"up":{"uv":[8,9,9,10],"texture":"#candle"}}},{"from":[6,2,6],"to":[10,8,10],"faces":{"north":{"uv":[6,10,10,16],"texture":"#candle"},"east":{"uv":[6,10,10,16],"texture":"#candle"},"south":{"uv":[6,10,10,16],"texture":"#candle"},"west":{"uv":[6,10,10,16],"texture":"#candle"},"up":{"uv":[0,12,4,16],"texture":"#candle"}}},{"from":[6,1,6],"to":[10,2,10],"faces":{"north":{"uv":[6,13,10,14],"texture":"#bottom"},"east":{"uv":[6,13,10,14],"texture":"#bottom"},"south":{"uv":[6,13,10,14],"texture":"#bottom"},"west":{"uv":[6,13,10,14],"texture":"#bottom"},"down":{"uv":[0,12,4,16],"texture":"#bottom"}}},{"from":[5,0,5],"to":[11,1,11],"faces":{"north":{"uv":[5,14,11,15],"texture":"#bottom"},"east":{"uv":[4,14,10,15],"texture":"#bottom"},"south":{"uv":[5,14,11,15],"texture":"#bottom"},"west":{"uv":[5,14,11,15],"texture":"#bottom"},"up":{"uv":[10,0,16,6],"texture":"#bottom"},"down":{"uv":[10,0,16,6],"texture":"#bottom"}}}],"display":{"thirdperson_righthand":{"rotation":[75,45,0],"translation":[0,2.5,0],"scale":[0.375,0.375,0.375]},"thirdperson_lefthand":{"rotation":[75,45,0],"translation":[0,2.5,0],"scale":[0.375,0.375,0.375]},"firstperson_righthand":{"rotation":[0,45,0],"scale":[0.4,0.4,0.4]},"firstperson_lefthand":{"rotation":[0,225,0],"scale":[0.4,0.4,0.4]},"ground":{"translation":[0,3,0],"scale":[0.25,0.25,0.25]},"gui":{"rotation":[30,225,0],"scale":[0.625,0.625,0.625]},"fixed":{"scale":[0.5,0.5,0.5]}}}