{"ambientocclusion":false,"textures":{"3":"block_variants/candle_flame","top":"block_variants/candle_pillar_top","candle":"block_variants/candle_on","particle":"block_variants/candle_base"},"elements":[{"from":[7.5,17,7.5],"to":[8.5,18,8.5],"rotation":{"angle":0,"axis":"y","origin":[8,-3,8]},"faces":{"north":{"uv":[8,9,9,10],"texture":"#candle"},"east":{"uv":[8,9,9,10],"texture":"#candle"},"south":{"uv":[8,9,9,10],"texture":"#candle"},"west":{"uv":[8,9,9,10],"texture":"#candle"},"up":{"uv":[8,9,9,10],"texture":"#candle"}}},{"from":[6,11,6],"to":[10,17,10],"rotation":{"angle":0,"axis":"y","origin":[8,-3,8]},"faces":{"north":{"uv":[6,10,10,16],"texture":"#candle"},"east":{"uv":[6,10,10,16],"texture":"#candle"},"south":{"uv":[6,10,10,16],"texture":"#candle"},"west":{"uv":[6,10,10,16],"texture":"#candle"},"up":{"uv":[0,12,4,16],"texture":"#candle"}}},{"from":[6,10,6],"to":[10,11,10],"rotation":{"angle":0,"axis":"y","origin":[8,-3,8]},"faces":{"north":{"uv":[6,7,10,8],"texture":"#top"},"east":{"uv":[6,7,10,8],"texture":"#top"},"south":{"uv":[6,7,10,8],"texture":"#top"},"west":{"uv":[6,7,10,8],"texture":"#top"}}},{"from":[5,9,5],"to":[11,10,11],"rotation":{"angle":0,"axis":"y","origin":[8,-3,8]},"faces":{"north":{"uv":[5,8,11,9],"texture":"#top"},"east":{"uv":[5,8,11,9],"texture":"#top"},"south":{"uv":[5,8,11,9],"texture":"#top"},"west":{"uv":[5,8,11,9],"texture":"#top"},"up":{"uv":[5,5,11,11],"texture":"#particle"},"down":{"uv":[5,5,11,11],"texture":"#particle"}}},{"from":[6,8,6],"to":[10,9,10],"rotation":{"angle":0,"axis":"y","origin":[8,-3,8]},"faces":{"north":{"uv":[6,9,10,10],"texture":"#top"},"east":{"uv":[6,9,10,10],"texture":"#top"},"south":{"uv":[6,9,10,10],"texture":"#top"},"west":{"uv":[6,9,10,10],"texture":"#top"},"down":{"uv":[6,6,10,10],"texture":"#particle"}}},{"from":[7,2,0],"to":[9,18,16],"rotation":{"angle":0,"axis":"y","origin":[8,10,8]},"faces":{"east":{"uv":[0,0,16,16],"texture":"#top"},"west":{"uv":[0,0,16,16],"texture":"#top"}}},{"from":[0,2,7],"to":[16,18,9],"rotation":{"angle":0,"axis":"y","origin":[8,10,8]},"faces":{"north":{"uv":[0,0,16,16],"texture":"#top"},"south":{"uv":[0,0,16,16],"texture":"#top"}}},{"from":[0,0,0],"to":[16,2,16],"faces":{"north":{"uv":[0,14,16,16],"texture":"#particle"},"east":{"uv":[0,14,16,16],"texture":"#particle"},"south":{"uv":[0,14,16,16],"texture":"#particle"},"west":{"uv":[0,14,16,16],"texture":"#particle"},"up":{"uv":[0,0,16,16],"texture":"#particle"}}},{"from":[5,16,8],"to":[11,22,8.1],"shade":false,"rotation":{"angle":-45,"axis":"y","origin":[8,19,8]},"faces":{"north":{"uv":[0,0,16,16],"texture":"#3"},"south":{"uv":[16,0,0,16],"texture":"#3"}}},{"from":[8,16,5],"to":[8.1,22,11],"shade":false,"rotation":{"angle":-45,"axis":"y","origin":[8,19,8]},"faces":{"east":{"uv":[0,0,16,16],"texture":"#3"},"west":{"uv":[16,0,0,16],"texture":"#3"}}}]}