{"textures":{"0":"wynn/mob_totem"},"elements":[{"from":[6.5,24.5,6.5],"to":[9.5,25,9.5],"faces":{"north":{"uv":[7.25,3.5,8.75,3.75],"texture":"#0"},"east":{"uv":[7.25,3.5,8.75,3.75],"texture":"#0"},"south":{"uv":[7.25,3.5,8.75,3.75],"texture":"#0"},"west":{"uv":[7.25,3.5,8.75,3.75],"texture":"#0"},"up":{"uv":[7.25,3.75,8.75,5.25],"texture":"#0"}}},{"from":[6,21,6.5],"to":[10,24.5,9.5],"faces":{"north":{"uv":[7,3.75,9,5.5],"texture":"#0"},"east":{"uv":[7.25,3.75,8.75,5.5],"texture":"#0"},"south":{"uv":[7,3.75,9,5.5],"texture":"#0"},"west":{"uv":[7.25,3.75,8.75,5.5],"texture":"#0"},"up":{"uv":[7,4,9,5.5],"texture":"#0"}}},{"from":[6.5,21,6],"to":[9.5,24.5,10],"faces":{"north":{"uv":[7.25,3.75,8.75,5.5],"texture":"#0"},"east":{"uv":[7,3.75,9,5.5],"texture":"#0"},"south":{"uv":[7.25,3.75,8.75,5.5],"texture":"#0"},"west":{"uv":[7,3.75,9,5.5],"texture":"#0"},"up":{"uv":[7.25,3.75,8.75,5.5],"texture":"#0"}}},{"from":[19,24.5,7],"to":[21.5,27,9],"faces":{"north":{"uv":[1.25,2.5,2.5,3.75],"texture":"#0"},"east":{"uv":[13.5,2.5,14.5,3.75],"texture":"#0"},"south":{"uv":[13.5,2.5,14.75,3.75],"texture":"#0"},"up":{"uv":[2.25,2.5,3.5,3.5],"texture":"#0"},"down":{"uv":[3.75,11,5,12],"texture":"#0"}}},{"from":[14.5,22,7],"to":[19,27,9],"faces":{"north":{"uv":[2.5,2.5,4.75,5],"texture":"#0"},"east":{"uv":[3.25,2.5,4.25,5],"texture":"#0"},"south":{"uv":[11.25,2.5,13.5,5],"texture":"#0"},"west":{"uv":[7.25,3.5,8.25,6],"texture":"#0"},"up":{"uv":[12,2.5,14.25,3.5],"texture":"#0"},"down":{"uv":[7,4.25,9.25,5.25],"texture":"#0"}}},{"from":[14,24.5,7],"to":[14.5,25.5,9],"faces":{"north":{"uv":[4.75,3.25,5,3.75],"texture":"#0"},"south":{"uv":[11,3.25,11.25,3.75],"texture":"#0"},"west":{"uv":[4,3.25,5,3.75],"texture":"#0"},"up":{"uv":[4.75,3.25,5,4.25],"texture":"#0"}}},{"from":[13.5,24,7],"to":[14.5,24.5,9],"faces":{"north":{"uv":[4.75,3.75,5.25,4],"texture":"#0"},"south":{"uv":[10.75,3.75,11.25,4],"texture":"#0"},"west":{"uv":[4.75,4,5.75,4.25],"texture":"#0"},"up":{"uv":[4.75,3.75,5.25,4.75],"texture":"#0"}}},{"from":[12.5,23.5,7],"to":[14.5,24,9],"faces":{"north":{"uv":[4.5,4,5.75,4.25],"texture":"#0"},"south":{"uv":[10.25,4,11.25,4.25],"texture":"#0"},"west":{"uv":[6,4.25,7,4.5],"texture":"#0"},"up":{"uv":[7.25,3.75,8.25,4.75],"texture":"#0"}}},{"from":[10,22,7],"to":[14.5,23.5,9],"faces":{"north":{"uv":[4.75,4.25,7,5],"texture":"#0"},"south":{"uv":[9,4.25,11.25,5],"texture":"#0"},"up":{"uv":[7,4.25,9.25,5.25],"texture":"#0"},"down":{"uv":[6.75,4.25,9,5.25],"texture":"#0"}}},{"from":[-5.5,24.5,7],"to":[-3,27,9],"faces":{"north":{"uv":[13.5,2.5,14.75,3.75],"texture":"#0"},"south":{"uv":[1.25,2.5,2.5,3.75],"texture":"#0"},"west":{"uv":[1.75,2.5,2.75,3.75],"texture":"#0"},"up":{"uv":[13.5,2.5,14.75,3.5],"texture":"#0"},"down":{"uv":[3.75,15,5,16],"texture":"#0"}}},{"from":[-3,22,7],"to":[1.5,27,9],"faces":{"north":{"uv":[11.25,2.5,13.5,5],"texture":"#0"},"east":{"uv":[3,2.5,4,4.75],"texture":"#0"},"south":{"uv":[2.5,2.5,4.75,5],"texture":"#0"},"west":{"uv":[3.25,2.5,4.25,4.75],"texture":"#0"},"up":{"uv":[12.5,2.5,14.75,3.5],"texture":"#0"},"down":{"uv":[1.75,2.5,4,3.5],"texture":"#0"}}},{"from":[1.5,24.5,7],"to":[2,25.5,9],"faces":{"north":{"uv":[11,3.25,11.25,3.75],"texture":"#0"},"east":{"uv":[11.25,2.5,12.25,3],"texture":"#0"},"south":{"uv":[4.75,3.25,5,3.75],"texture":"#0"},"up":{"uv":[11.25,2.5,11.5,3.5],"texture":"#0"}}},{"from":[1.5,24,7],"to":[2.5,24.5,9],"faces":{"north":{"uv":[10.75,3.75,11.25,4],"texture":"#0"},"east":{"uv":[11.25,3,12.25,3.25],"texture":"#0"},"south":{"uv":[4.75,3.75,5.25,4],"texture":"#0"},"up":{"uv":[11,3.25,11.5,4.25],"texture":"#0"}}},{"from":[1.5,23.5,7],"to":[3.5,24,9],"faces":{"north":{"uv":[10.25,4,11.25,4.25],"texture":"#0"},"east":{"uv":[9,4.25,10,4.5],"texture":"#0"},"south":{"uv":[4.75,4,5.75,4.25],"texture":"#0"},"up":{"uv":[7.75,4,8.75,5],"texture":"#0"}}},{"from":[1.5,22,7],"to":[6,23.5,9],"faces":{"north":{"uv":[9,4.25,11.25,5],"texture":"#0"},"south":{"uv":[4.75,4.25,7,5],"texture":"#0"},"up":{"uv":[6.75,4.25,9,5.25],"texture":"#0"},"down":{"uv":[6.75,4.25,9,5.25],"texture":"#0"}}},{"from":[-1,20,7.5],"to":[0.5,21,7.75],"faces":{"north":{"uv":[3.5,5.5,4.25,6],"texture":"#0"},"south":{"uv":[3.5,5.5,4.25,6],"texture":"#0"}}},{"from":[16.5,20.5,8.5],"to":[18,22,8.75],"faces":{"north":{"uv":[12.25,5,13,5.75],"texture":"#0"},"south":{"uv":[12.25,5,13,5.75],"texture":"#0"}}},{"from":[15,17.5,8.5],"to":[16,19,8.75],"faces":{"north":{"uv":[11.5,6.5,12,7.25],"texture":"#0"},"south":{"uv":[11.5,6.5,12,7.25],"texture":"#0"}}},{"from":[14.5,19,8.5],"to":[15.5,20,8.75],"faces":{"north":{"uv":[11.25,6,11.75,6.5],"texture":"#0"},"south":{"uv":[11.25,6,11.75,6.5],"texture":"#0"}}},{"from":[14.5,20,8.5],"to":[16,22,8.75],"faces":{"north":{"uv":[11.25,5,12,6],"texture":"#0"},"south":{"uv":[11.25,5,12,6],"texture":"#0"}}},{"from":[-2,21,7.5],"to":[0.5,22,7.75],"faces":{"north":{"uv":[3,5,4.25,5.5],"texture":"#0"},"south":{"uv":[3,5,4.25,5.5],"texture":"#0"}}},{"from":[1,20,7.5],"to":[2,21,7.75],"faces":{"north":{"uv":[4.5,5.5,5,6],"texture":"#0"},"south":{"uv":[4.5,5.5,5,6],"texture":"#0"}}},{"from":[1,21,7.5],"to":[2.5,22,7.75],"faces":{"north":{"uv":[4.5,5,5.25,5.5],"texture":"#0"},"south":{"uv":[4.5,5,5.25,5.5],"texture":"#0"}}},{"from":[-1.5,17,7.5],"to":[2,18,7.75],"faces":{"north":{"uv":[3.25,7,5,7.5],"texture":"#0"},"south":{"uv":[3.25,7,5,7.5],"texture":"#0"}}},{"from":[-0.5,14,7.5],"to":[0.5,15,7.75],"faces":{"north":{"uv":[3.75,8.5,4.25,9],"texture":"#0"},"south":{"uv":[3.75,8.5,4.25,9],"texture":"#0"}}},{"from":[0,15,7.5],"to":[1,17,7.75],"faces":{"north":{"uv":[4,7.5,4.5,8.5],"texture":"#0"},"south":{"uv":[4,7.5,4.5,8.5],"texture":"#0"}}},{"from":[1,18,7.5],"to":[2,19.5,7.75],"faces":{"north":{"uv":[4.5,6.25,5,7],"texture":"#0"},"south":{"uv":[4.5,6.25,5,7],"texture":"#0"}}},{"from":[-1.5,18,7.5],"to":[-0.5,19,7.75],"faces":{"north":{"uv":[3.25,6.5,3.75,7],"texture":"#0"},"south":{"uv":[3.25,6.5,3.75,7],"texture":"#0"}}},{"from":[-1.5,19,7.5],"to":[0.5,20,7.75],"faces":{"north":{"uv":[3.25,6,4.25,6.5],"texture":"#0"},"south":{"uv":[3.25,6,4.25,6.5],"texture":"#0"}}},{"from":[5.5,20,6],"to":[10.5,21,10],"faces":{"north":{"uv":[6.75,5.5,9.25,6],"texture":"#0"},"east":{"uv":[7,5.5,9,6],"texture":"#0"},"south":{"uv":[6.75,5.5,9.25,6],"texture":"#0"},"west":{"uv":[7,5.5,9,6],"texture":"#0"},"up":{"uv":[0.25,13.5,2.75,15.5],"texture":"#0"}}},{"from":[5,18,4.5],"to":[11,19,11.5],"faces":{"north":{"uv":[6.5,6.5,9.5,7],"texture":"#0"},"east":{"uv":[6.25,6.5,9.75,7],"texture":"#0"},"south":{"uv":[6.25,6.5,9.75,7],"texture":"#0"},"west":{"uv":[6.25,6.5,9.75,7],"texture":"#0"},"up":{"uv":[0.5,12.25,3.5,15.75],"texture":"#0"}}},{"from":[4.5,18,5],"to":[11.5,19,11],"faces":{"north":{"uv":[6.25,6.5,9.75,7],"texture":"#0"},"east":{"uv":[6.5,6.5,9.5,7],"texture":"#0"},"south":{"uv":[6.25,6.5,9.75,7],"texture":"#0"},"west":{"uv":[6.5,6.5,9.5,7],"texture":"#0"},"up":{"uv":[0.25,12.5,3.75,15.5],"texture":"#0"}}},{"from":[4.5,17,4],"to":[11.5,18,12],"faces":{"north":{"uv":[6.25,7,9.75,7.5],"texture":"#0"},"east":{"uv":[6,7,10,7.5],"texture":"#0"},"south":{"uv":[6.25,7,9.75,7.5],"texture":"#0"},"west":{"uv":[6,7,10,7.5],"texture":"#0"},"up":{"uv":[0.5,11.75,4,15.75],"texture":"#0"}}},{"from":[4,17,4.5],"to":[12,18,11.5],"faces":{"north":{"uv":[6,7,10,7.5],"texture":"#0"},"east":{"uv":[6.25,7,9.75,7.5],"texture":"#0"},"south":{"uv":[6,7,10,7.5],"texture":"#0"},"west":{"uv":[6.25,7,9.75,7.5],"texture":"#0"},"up":{"uv":[0.25,12,4.25,15.5],"texture":"#0"}}},{"from":[5,19,5.5],"to":[11,20,10.5],"faces":{"north":{"uv":[6.5,6,9.5,6.5],"texture":"#0"},"east":{"uv":[6.75,6,9.25,6.5],"texture":"#0"},"south":{"uv":[6.5,6,9.5,6.5],"texture":"#0"},"west":{"uv":[6.75,6,9.25,6.5],"texture":"#0"},"up":{"uv":[0.25,13,3.25,15.5],"texture":"#0"}}},{"from":[5.5,19,5],"to":[10.5,20,11],"faces":{"north":{"uv":[6.75,6,9.25,6.5],"texture":"#0"},"east":{"uv":[6.5,6,9.5,6.5],"texture":"#0"},"south":{"uv":[6.75,6,9.25,6.5],"texture":"#0"},"west":{"uv":[6.5,6,9.5,6.5],"texture":"#0"},"up":{"uv":[0.5,12.75,3,15.75],"texture":"#0"}}},{"from":[6,20,5.5],"to":[10,21,10.5],"faces":{"north":{"uv":[7,5.5,9,6],"texture":"#0"},"east":{"uv":[6.75,5.5,9.25,6],"texture":"#0"},"south":{"uv":[7,5.5,9,6],"texture":"#0"},"west":{"uv":[6.75,5.5,9.25,6],"texture":"#0"},"up":{"uv":[0.5,13.25,2.5,15.75],"texture":"#0"}}},{"from":[4,14.5,3.5],"to":[12,17,12.5],"faces":{"north":{"uv":[6,7.5,10,8.75],"texture":"#0"},"east":{"uv":[5.75,7.5,10.25,8.75],"texture":"#0"},"south":{"uv":[6,7.5,10,8.75],"texture":"#0"},"west":{"uv":[5.75,7.5,10.25,8.75],"texture":"#0"},"up":{"uv":[0.5,11.25,4.5,15.75],"texture":"#0"},"down":{"uv":[0.5,11.25,4.5,15.75],"texture":"#0"}}},{"from":[3.5,14.5,4],"to":[12.5,17,12],"faces":{"north":{"uv":[5.75,7.5,10.25,8.75],"texture":"#0"},"east":{"uv":[6,7.5,10,8.75],"texture":"#0"},"south":{"uv":[5.75,7.5,10.25,8.75],"texture":"#0"},"west":{"uv":[6,7.5,10,8.75],"texture":"#0"},"up":{"uv":[0.25,11.5,4.75,15.5],"texture":"#0"},"down":{"uv":[0.25,11.5,4.75,15.5],"texture":"#0"}}},{"from":[5.5,13,5],"to":[10.5,14.5,11],"faces":{"north":{"uv":[6.75,8.75,9.25,9.5],"texture":"#0"},"east":{"uv":[6.5,8.75,9.5,9.5],"texture":"#0"},"south":{"uv":[6.75,8.75,9.25,9.5],"texture":"#0"},"west":{"uv":[6.5,8.75,9.5,9.5],"texture":"#0"},"down":{"uv":[0.5,12.75,3,15.75],"texture":"#0"}}},{"from":[5,13,5.5],"to":[11,14.5,10.5],"faces":{"north":{"uv":[6.5,8.75,9.5,9.5],"texture":"#0"},"east":{"uv":[6.75,8.75,9.25,9.5],"texture":"#0"},"south":{"uv":[6.5,8.75,9.5,9.5],"texture":"#0"},"west":{"uv":[6.75,8.75,9.25,9.5],"texture":"#0"},"down":{"uv":[0.25,13,3.25,15.5],"texture":"#0"}}},{"from":[6,11,10],"to":[10,12,10.5],"faces":{"east":{"uv":[6.5,10,7,10.5],"texture":"#0"},"south":{"uv":[7,10,9,10.5],"texture":"#0"},"west":{"uv":[6.5,10,7,10.5],"texture":"#0"},"up":{"uv":[1.5,15,3.5,15.25],"texture":"#0"}}},{"from":[6,11,5.5],"to":[10,12,6],"faces":{"north":{"uv":[7,10,9,10.5],"texture":"#0"},"east":{"uv":[6.5,10,7,10.5],"texture":"#0"},"west":{"uv":[6.5,10,7,10.5],"texture":"#0"},"up":{"uv":[1.5,12.75,3.5,13],"texture":"#0"}}},{"from":[5.5,11,9],"to":[10.5,12,10],"faces":{"east":{"uv":[7,10,7.5,10.5],"texture":"#0"},"south":{"uv":[6.75,10,9.25,10.5],"texture":"#0"},"west":{"uv":[7.25,10,7.75,10.5],"texture":"#0"},"up":{"uv":[1.25,14.5,3.75,15],"texture":"#0"}}},{"from":[5.5,11,6],"to":[10.5,12,7],"faces":{"north":{"uv":[6.75,10,9.25,10.5],"texture":"#0"},"east":{"uv":[6.75,10,7.25,10.5],"texture":"#0"},"west":{"uv":[8.75,10,9.25,10.5],"texture":"#0"},"up":{"uv":[1.25,13,3.75,13.5],"texture":"#0"}}},{"from":[5,11,7],"to":[11,12,9],"faces":{"north":{"uv":[6.5,10,9.5,10.5],"texture":"#0"},"east":{"uv":[7.5,10,8.5,10.5],"texture":"#0"},"south":{"uv":[6.5,10,9.5,10.5],"texture":"#0"},"west":{"uv":[7.5,10,8.5,10.5],"texture":"#0"},"up":{"uv":[1,13.5,4,14.5],"texture":"#0"}}},{"from":[7,11,5],"to":[9,12,11],"faces":{"north":{"uv":[7.5,10,8.5,10.5],"texture":"#0"},"east":{"uv":[6.5,10,9.5,10.5],"texture":"#0"},"south":{"uv":[7.5,10,8.5,10.5],"texture":"#0"},"west":{"uv":[6.5,10,9.5,10.5],"texture":"#0"},"up":{"uv":[2,12.5,3,15.5],"texture":"#0"}}},{"from":[6,12,6.5],"to":[10,13,9.5],"faces":{"north":{"uv":[7,9.5,9,10],"texture":"#0"},"east":{"uv":[7.25,9.5,8.75,10],"texture":"#0"},"south":{"uv":[7,9.5,9,10],"texture":"#0"},"west":{"uv":[7.25,9.5,8.75,10],"texture":"#0"}}},{"from":[6.5,12,6],"to":[9.5,13,10],"faces":{"north":{"uv":[7.25,9.5,8.75,10],"texture":"#0"},"east":{"uv":[7,9.5,9,10],"texture":"#0"},"south":{"uv":[7.25,9.5,8.75,10],"texture":"#0"},"west":{"uv":[7,9.5,9,10],"texture":"#0"}}},{"from":[4.5,4,4.5],"to":[11.5,11,11.5],"faces":{"north":{"uv":[6.25,0,9.75,3.5],"texture":"#0"},"east":{"uv":[6.25,10.5,9.75,14],"texture":"#0"},"south":{"uv":[12.25,9,15.75,12.5],"texture":"#0"},"west":{"uv":[12.25,12.5,15.75,16],"texture":"#0"},"up":{"uv":[0.75,12.25,4.25,15.75],"texture":"#0"},"down":{"uv":[0.75,12.25,4.25,15.75],"texture":"#0"}}},{"from":[4,4,5],"to":[12,11,11],"faces":{"north":{"uv":[6,0,10,3.5],"texture":"#0"},"east":{"uv":[6.5,10.5,9.5,14],"texture":"#0"},"south":{"uv":[12,9,16,12.5],"texture":"#0"},"west":{"uv":[12.5,12.5,15.5,16],"texture":"#0"},"up":{"uv":[0.5,12.5,4.5,15.5],"texture":"#0"},"down":{"uv":[0.5,12.5,4.5,15.5],"texture":"#0"}}},{"from":[5,4,4],"to":[11,11,12],"faces":{"north":{"uv":[6.5,0,9.5,3.5],"texture":"#0"},"east":{"uv":[6,10.5,10,14],"texture":"#0"},"south":{"uv":[12.5,9,15.5,12.5],"texture":"#0"},"west":{"uv":[12,12.5,16,16],"texture":"#0"},"up":{"uv":[1,12,4,16],"texture":"#0"},"down":{"uv":[1,12,4,16],"texture":"#0"}}},{"from":[5,3,5],"to":[11,4,11],"faces":{"north":{"uv":[6.5,14,9.5,14.5],"texture":"#0"},"east":{"uv":[6.5,14,9.5,14.5],"texture":"#0"},"south":{"uv":[6.5,14,9.5,14.5],"texture":"#0"},"west":{"uv":[6.5,14,9.5,14.5],"texture":"#0"}}},{"from":[4.5,-4,4.5],"to":[11.5,3,11.5],"faces":{"north":{"uv":[6.25,10.5,9.75,14],"texture":"#0"},"east":{"uv":[12.25,12.5,15.75,16],"texture":"#0"},"south":{"uv":[6.25,0,9.75,3.5],"texture":"#0"},"west":{"uv":[12.25,9,15.75,12.5],"texture":"#0"},"up":{"uv":[0.75,12.25,4.25,15.75],"texture":"#0"},"down":{"uv":[0.75,12.25,4.25,15.75],"texture":"#0"}}},{"from":[4,-4,5],"to":[12,3,11],"faces":{"north":{"uv":[6,10.5,10,14],"texture":"#0"},"east":{"uv":[12.5,12.5,15.5,16],"texture":"#0"},"south":{"uv":[6,0,10,3.5],"texture":"#0"},"west":{"uv":[12.5,9,15.5,12.5],"texture":"#0"},"up":{"uv":[0.5,12.5,4.5,15.5],"texture":"#0"},"down":{"uv":[0.5,12.5,4.5,15.5],"texture":"#0"}}},{"from":[5,-4,4],"to":[11,3,12],"faces":{"north":{"uv":[6.5,10.5,9.5,14],"texture":"#0"},"east":{"uv":[12,12.5,16,16],"texture":"#0"},"south":{"uv":[6.5,0,9.5,3.5],"texture":"#0"},"west":{"uv":[12,9,16,12.5],"texture":"#0"},"up":{"uv":[1,12,4,16],"texture":"#0"},"down":{"uv":[1,12,4,16],"texture":"#0"}}},{"from":[5,-5,5],"to":[11,-4,11],"faces":{"north":{"uv":[6.5,14,9.5,14.5],"texture":"#0"},"east":{"uv":[6.5,14,9.5,14.5],"texture":"#0"},"south":{"uv":[6.5,14,9.5,14.5],"texture":"#0"},"west":{"uv":[6.5,14,9.5,14.5],"texture":"#0"}}},{"from":[3,-9,3],"to":[13,-6,13],"faces":{"north":{"uv":[5.5,14.5,10.5,16],"texture":"#0"},"east":{"uv":[5.5,14.5,10.5,16],"texture":"#0"},"south":{"uv":[5.5,14.5,10.5,16],"texture":"#0"},"west":{"uv":[5.5,14.5,10.5,16],"texture":"#0"},"up":{"uv":[0,11,5,16],"texture":"#0"},"down":{"uv":[0,11,5,16],"texture":"#0"}}},{"from":[5,-6,5],"to":[11,-5,11],"faces":{"north":{"uv":[6.5,15.5,9.5,16],"texture":"#0"},"east":{"uv":[6.5,15.5,9.5,16],"texture":"#0"},"south":{"uv":[6.5,15.5,9.5,16],"texture":"#0"},"west":{"uv":[6.5,15.5,9.5,16],"texture":"#0"}}}],"display":{"thirdperson_righthand":{"rotation":[22.5,135,0],"scale":[0.625,0.625,0.625]},"thirdperson_lefthand":{"rotation":[22.5,135,0],"scale":[0.625,0.625,0.625]},"firstperson_righthand":{"rotation":[0,-22.5,0],"translation":[0,8,0],"scale":[0.75,0.75,0.75]},"firstperson_lefthand":{"rotation":[0,-22.5,0],"translation":[0,8,0],"scale":[0.75,0.75,0.75]},"ground":{"translation":[0,11.5,0]},"gui":{"rotation":[30,-45,0],"translation":[0,11,0]},"head":{"translation":[0,16.5,0],"scale":[3.5,3.5,3.5]},"fixed":{"translation":[0,7,-2.5],"scale":[2,2,2]}}}